BMT123745675,,
BMT123745808,,
BMT123745857,,
BMT123745899,,
BMT123745934,,
BMT123745976,,
BMT123746179,,
BMT123746256,,
BMT123746270,,
BMT123746529,,
BMT123746956,,
BMT123747005,,
BMT123747075,,
BMT123747201,,
BMT123747208,,
BMT123747236,,
BMT123747453,,
BMT123747509,,
BMT123748678,,
BMT123748895,,
BMT123749329,,
BMT123749385,,
BMT123749406,,
BMT123749448,,
BMT123749609,,
BMT123749616,,
BMT123749637,,
BMT123749700,,
BMT123750078,,
BMT123750351,,
BMT124296B,,
BMT124744B,,
BMT124919B,,
BMT125052B,,
BMT125213B,,
BMT125297B,,
BMT125339B,,
BMT125395B,,
BMT125423B,,
BMT125836B,,
BMT125899B,,
BMT126020276,,
BMT126020353,,
BMT126020465,,
BMT126021025,,
BMT126021130,,
BMT126021137,,
BMT126021697,,
BMT126021802,,
BMT126021886,,
BMT126022180,,
BMT126022600,,
BMT126022971,,
BMT126022999,,
BMT126023013,,
BMT126235B,,
BMT126613B,,
BMT126634B,,
BMT126655B,,
BMT126662B,,
BMT126669B,,
BMT126795B,,
BMT126823B,,
BMT126851B,,
BMT126858B,,
BMT127110B,,
BMT127138B,,
BMT127194B,,
BMT127418B,,
BMT127607B,,
BMT127614B,,
BMT130812952,,
BMT132695189,,
BMT132695196,,
BMT134903878,,
BMT134903941,,
BMT134903983,,
BMT134904116,,
BMT138688B,,
BMT138695B,,
BMT139080547,,
BMT139080554,,
BMT139082024,,
BMT139082374,,
BMT143093381,,
BMT143117692,,
BMT144116123,,
BMT150346669,,
BMT150346670,,
BMT150378299,,
BMT150378304,,
BMT151737245,,
BMT151843819,,
BMT152023117,,
BMT152023131,,
BMT152023136,,
BMT152023137,,
BMT152496401,,
BMT152975211,,
BMT152975480,,
BMT153484871,,
BMT153484876,,
BMT153484884,,
BMT153484889,,
BMT153484893,,
BMT154947827,,
BMT155055448,,
BMT155068497,,
BMT155068506,,
BMT155864873,,
BMT156308786,,
BMT156308787,,
BMT157080786,,
BMT157092142,,
BMT157092748,,
BMT157092751,,
BMT157092757,,
BMT157092764,,
BMT157103293,,
BMT157784278,,
BMT157784326,,
BMT157917956,,
BMT158027774,,
BMT159141370,,
BMT159141376,,
BMT159377746,,
BMT159660321,,
BMT160027411,,
BMT160255552,,
BMT161012365,,
BMT161234496,,
BMT161732022,,
BMT161970005,,
BMT162578558,,
BMT162578561,,
BMT164177141,,
BMT164181137,,
BMT164181142,,
BMT164181617,,
BMT164181620,,
BMT164181624,,
BMT164379326,,
BMT164379334,,
BMT164379338,,
BMT164379343,,
BMT165672837,,
BMT165672839,,
BMT165672842,,
BMT165672843,,
BMT165718612,,
BMT165718613,,
BMT165863449,,
BMT166561054,,
BMT167758043,,
BMT167758045,,
BMT168389477,,
BMT168598503,,
BMT168613485,,
BMT168921666,,
BMT170520698,,
BMT170520712,,
BMT170520713,,
BMT170753182,,
BMT172546874,,
BMT172546912,,
BMT172546918,,
BMT172547138,,
BMT175200189,,
BMT175925914,,
BMT175926278,,
BMT175944609,,
BMT175944610,,
BMT175944614,,
BMT175944859,,
BMT176432803,,
BMT176434189,,
BMT176550957,,
BMT176550972,,
BMT176550979,,
BMT176551085,,
BMT176754169,,
BMT176756346,,
BMT176756445,,
BMT176756449,,
BMT177049985,,
BMT177764537,,
BMT177764543,,
BMT178747313,,
BMT178747317,,
BMT178862078,,
BMT179054997,,
BMT179101108,,
BMT179273568,,
BMT179273573,,
BMT179274904,,
BMT179349467,,
BMT179639714,,
BMT179639723,,
BMT179639726,,
BMT179709722,,
BMT179732874,,
BMT179862225,,
BMT123745388,,
BMT123745437,,
BMT123745598,,
BMT123745647,,
BMT123745654,,
BMT123745815,,
BMT123745829,,
BMT123745920,,
BMT123745962,,
BMT123746032,,
BMT123746088,,
BMT123746158,,
BMT123746172,,
BMT123746193,,
BMT123746263,,
BMT123746291,,
BMT123746445,,
BMT123746711,,
BMT123746851,,
BMT123746963,,
BMT123746977,,
BMT123746998,,
BMT123747348,,
BMT123747432,,
BMT123747488,,
BMT123747579,,
BMT123747768,,
BMT123747824,,
BMT123747964,,
BMT123748020,,
BMT123748608,,
BMT123748657,,
BMT123748699,,
BMT123749217,,
BMT123749308,,
BMT123749343,,
BMT123749371,,
BMT123749546,,
BMT123749567,,
BMT123749630,,
BMT123750274,,
BMT123750288,,
BMT123750316,,
BMT123750330,,
BMT124268B,,
BMT124310B,,
BMT124702B,,
BMT124870B,,
BMT125017B,,
BMT125304B,,
BMT125388B,,
BMT125549B,,
BMT125619B,,
BMT125696B,,
BMT125801B,,
BMT125976B,,
BMT126020094,,
BMT126020206,,
BMT126020248,,
BMT126020283,,
BMT126020290,,
BMT126020367,,
BMT126020423,,
BMT126020738,,
BMT126020801,,
BMT126021032,,
BMT126021053,,
BMT126021151,,
BMT126021487,,
BMT126021648,,
BMT126021676,,
BMT126021704,,
BMT126021928,,
BMT126021963,,
BMT126022138,,
BMT126022208,,
BMT126022215,,
BMT126022222,,
BMT126022229,,
BMT126022250,,
BMT126022355,,
BMT126022642,,
BMT126022929,,
BMT126368B,,
BMT126522B,,
BMT126529B,,
BMT126564B,,
BMT126606B,,
BMT126781B,,
BMT127026B,,
BMT127033B,,
BMT127551B,,
BMT127593B,,
BMT127810B,,
BMT132695175,,
BMT134903843,,
BMT134903962,,
BMT134904109,,
BMT137904568,,
BMT137904582,,
BMT143117664,,
BMT150577028,,
BMT150577029,,
BMT150577031,,
BMT150577032,,
BMT151114736,,
BMT151654656,,
BMT151654657,,
BMT151842134,,
BMT151843821,,
BMT151921360,,
BMT152023121,,
BMT152023126,,
BMT152023128,,
BMT152023135,,
BMT152496394,,
BMT152496395,,
BMT152496396,,
BMT152975468,,
BMT152975469,,
BMT152975470,,
BMT154591738,,
BMT154947825,,
BMT155068493,,
BMT155068498,,
BMT155068511,,
BMT156308783,,
BMT157080791,,
BMT157091531,,
BMT157092129,,
BMT157092131,,
BMT157092137,,
BMT157092138,,
BMT157092766,,
BMT157784325,,
BMT157911571,,
BMT157911572,,
BMT157912519,,
BMT157912521,,
BMT157917950,,
BMT158027775,,
BMT158246B,,
BMT158750048,,
BMT159052508,,
BMT160027519,,
BMT160029409,,
BMT160051700,,
BMT160051707,,
BMT160051708,,
BMT160899907,,
BMT160899911,,
BMT160899912,,
BMT160899914,,
BMT160899915,,
BMT161012367,,
BMT161012368,,
BMT161732023,,
BMT161970009,,
BMT162679784,,
BMT163733851,,
BMT163830172,,
BMT164173034,,
BMT164176952,,
BMT164177138,,
BMT164181603,,
BMT164181604,,
BMT164181605,,
BMT164181622,,
BMT164379324,,
BMT164379336,,
BMT164379340,,
BMT165650851,,
BMT165672834,,
BMT165672841,,
BMT165796380,,
BMT166532674,,
BMT166532675,,
BMT166532676,,
BMT166532687,,
BMT166561058,,
BMT166561059,,
BMT167758039,,
BMT168389478,,
BMT168598508,,
BMT168598509,,
BMT168613436,,
BMT168613440,,
BMT170143120,,
BMT170520707,,
BMT172546916,,
BMT172885834,,
BMT175079766,,
BMT175200184,,
BMT175200193,,
BMT175200194,,
BMT175200201,,
BMT175944606,,
BMT175944619,,
BMT175944620,,
BMT175944623,,
BMT176432792,,
BMT123745269,,
BMT123745353,,
BMT123745381,,
BMT123745507,,
BMT123745584,,
BMT123745591,,
BMT123745668,,
BMT123745710,,
BMT123745843,,
BMT123745913,,
BMT123745927,,
BMT123746081,,
BMT123746137,,
BMT123746844,,
BMT123747222,,
BMT123747229,,
BMT123747341,,
BMT123747446,,
BMT123747467,,
BMT123747789,,
BMT123747922,,
BMT123748643,,
BMT123748671,,
BMT123749301,,
BMT123749350,,
BMT123749392,,
BMT123749469,,
BMT123749651,,
BMT123749714,,
BMT123750064,,
BMT123750344,,
BMT124191B,,
BMT124912B,,
BMT124975B,,
BMT125332B,,
BMT125822B,,
BMT126019786,,
BMT126019940,,
BMT126020045,,
BMT126020262,,
BMT126020458,,
BMT126020836,,
BMT126021018,,
BMT126021144,,
BMT126021711,,
BMT126021795,,
BMT126022131,,
BMT126022152,,
BMT126022292,,
BMT126022341,,
BMT126022943,,
BMT126023034,,
BMT126023076,,
BMT126023244,,
BMT126081B,,
BMT126354B,,
BMT127054B,,
BMT127180B,,
BMT127425B,,
BMT127824B,,
BMT132695203,,
BMT132695210,,
BMT134861311,,
BMT134861318,,
BMT134875766,,
BMT134903836,,
BMT134903850,,
BMT134903990,,
BMT134904067,,
BMT134904074,,
BMT134904165,,
BMT137904575,,
BMT137904603,,
BMT137904610,,
BMT139082038,,
BMT143086486,,
BMT143093395,,
BMT143093402,,
BMT144116130,,
BMT150577026,,
BMT151843818,,
BMT151847420,,
BMT151921379,,
BMT152020654,,
BMT152023105,,
BMT152023106,,
BMT152023120,,
BMT152023129,,
BMT152023132,,
BMT152611977,,
BMT152710065,,
BMT152975210,,
BMT152975466,,
BMT152975477,,
BMT153484873,,
BMT153484878,,
BMT153484880,,
BMT153484891,,
BMT153484896,,
BMT155055446,,
BMT155055447,,
BMT155068501,,
BMT155068503,,
BMT155068508,,
BMT155068510,,
BMT157092134,,
BMT157092758,,
BMT157092760,,
BMT157092762,,
BMT157092763,,
BMT157092765,,
BMT157103294,,
BMT159141369,,
BMT159141371,,
BMT160027518,,
BMT160027520,,
BMT160027521,,
BMT160027525,,
BMT160027526,,
BMT160029410,,
BMT160029411,,
BMT160051701,,
BMT160899909,,
BMT161012364,,
BMT162578555,,
BMT162578556,,
BMT162578562,,
BMT163733848,,
BMT163830175,,
BMT164176955,,
BMT164177137,,
BMT164177139,,
BMT164177140,,
BMT164181138,,
BMT164181140,,
BMT164181607,,
BMT164181614,,
BMT164181616,,
BMT164181618,,
BMT164379332,,
BMT164379333,,
BMT165650849,,
BMT165672840,,
BMT165718614,,
BMT165796386,,
BMT165796387,,
BMT165863451,,
BMT165863456,,
BMT165863457,,
BMT165863461,,
BMT166532679,,
BMT166532688,,
BMT166561764,,
BMT168523461,,
BMT168598510,,
BMT168598511,,
BMT168613000,,
BMT168613001,,
BMT168613002,,
BMT170520717,,
BMT170753163,,
BMT172546914,,
BMT172546917,,
BMT175926275,,
BMT175926276,,
BMT175926277,,
BMT175926279,,
BMT175942748,,
BMT175943415,,
BMT175943416,,
BMT175943417,,
BMT175953975,,
BMT176389664,,
BMT176432510,,
BMT176432800,,
BMT176434192,,
BMT176550963,,
BMT176550978,,
BMT176550980,,
BMT176550981,,
BMT176551084,,
BMT176756347,,
BMT176756349,,
BMT176756350,,
BMT176756444,,
BMT177764541,,
BMT178734883,,
BMT178734885,,
BMT178747320,,
BMT178862079,,
BMT178997716,,
BMT179055000,,
BMT179101111,,
BMT179349468,,
BMT179631079,,
BMT179631084,,
BMT179639717,,
BMT179709724,,
BMT179862213,,
BMT179862220,,
BMT123745325,,
BMT123745871,,
BMT123745892,,
BMT123746144,,
BMT123746186,,
BMT123746816,,
BMT123747166,,
BMT123747187,,
BMT123747215,,
BMT123747439,,
BMT123747481,,
BMT123747502,,
BMT123747971,,
BMT123748027,,
BMT123748118,,
BMT123748482,,
BMT123748601,,
BMT123748692,,
BMT123748790,,
BMT123749063,,
BMT123749077,,
BMT123749238,,
BMT123749252,,
BMT123749322,,
BMT123749434,,
BMT123749462,,
BMT123749623,,
BMT123749658,,
BMT123749693,,
BMT123750050,,
BMT123750099,,
BMT123750323,,
BMT124282B,,
BMT125234B,,
BMT125255B,,
BMT125556B,,
BMT125710B,,
BMT125906B,,
BMT125913B,,
BMT125948B,,
BMT126019730,,
BMT126020003,,
BMT126020269,,
BMT126020304,,
BMT126020311,,
BMT126020451,,
BMT126020990,,
BMT126021011,,
BMT126021200,,
BMT126021473,,
BMT126022061,,
BMT126022096,,
BMT126022110,,
BMT126022187,,
BMT126022285,,
BMT126023020,,
BMT126023251,,
BMT126025B,,
BMT126179B,,
BMT126270B,,
BMT126487B,,
BMT126536B,,
BMT126872B,,
BMT126984B,,
BMT127096B,,
BMT127124B,,
BMT127159B,,
BMT127369B,,
BMT127502B,,
BMT127635B,,
BMT127719B,,
BMT127740B,,
BMT134861304,,
BMT134903864,,
BMT134903955,,
BMT134903969,,
BMT134903997,,
BMT134904004,,
BMT134904053,,
BMT137904617,,
BMT138681B,,
BMT139082031,,
BMT145317B,,
BMT150346671,,
BMT150378301,,
BMT150378302,,
BMT150577030,,
BMT151654658,,
BMT151737251,,
BMT151847195,,
BMT152023103,,
BMT152023130,,
BMT152496399,,
BMT152584022,,
BMT152975473,,
BMT152975474,,
BMT156308789,,
BMT157092127,,
BMT157092128,,
BMT157092132,,
BMT157092136,,
BMT157092150,,
BMT157092769,,
BMT157911570,,
BMT157912520,,
BMT157917952,,
BMT157917955,,
BMT158260B,,
BMT159141368,,
BMT159141372,,
BMT159141374,,
BMT159141375,,
BMT159141381,,
BMT159148186,,
BMT159377744,,
BMT159377745,,
BMT160027523,,
BMT160027527,,
BMT160027528,,
BMT160051703,,
BMT160051705,,
BMT160899910,,
BMT161136694,,
BMT161234492,,
BMT161234495,,
BMT161970007,,
BMT162013655,,
BMT162578559,,
BMT162679791,,
BMT163733850,,
BMT163830169,,
BMT164173037,,
BMT164173039,,
BMT164173042,,
BMT164176954,,
BMT164181609,,
BMT164379328,,
BMT164379339,,
BMT165650846,,
BMT165650853,,
BMT165650854,,
BMT165672846,,
BMT165796381,,
BMT165796383,,
BMT165796388,,
BMT165863450,,
BMT165863453,,
BMT165863454,,
BMT165863460,,
BMT166532671,,
BMT166532672,,
BMT166532680,,
BMT166532683,,
BMT166532686,,
BMT166561765,,
BMT167758038,,
BMT168389476,,
BMT168523463,,
BMT168598505,,
BMT168598506,,
BMT168612999,,
BMT168613351,,
BMT168921667,,
BMT170143117,,
BMT170143118,,
BMT170143119,,
BMT170520691,,
BMT170520697,,
BMT170520699,,
BMT170520700,,
BMT170520705,,
BMT170520710,,
BMT170520715,,
BMT170753180,,
BMT172546905,,
BMT172546907,,
BMT172546908,,
BMT172547135,,
BMT172886425,,
BMT175079767,,
BMT175200192,,
BMT175200203,,
BMT175778754,,
BMT175944621,,
BMT175944861,,
BMT175944862,,
BMT175954058,,
BMT176434194,,
BMT176550958,,
BMT176550965,,
BMT176550967,,
BMT176550971,,
BMT176550976,,
BMT176754282,,
BMT176754287,,
BMT176754724,,
BMT176754725,,
BMT176756345,,
BMT177049981,,
BMT177049986,,
BMT177049988,,
BMT123745605,,
BMT123745612,,
BMT123745626,,
BMT123745689,,
BMT123745773,,
BMT123745864,,
BMT123745906,,
BMT123746123,,
BMT123746361,,
BMT123746718,,
BMT123746725,,
BMT123746991,,
BMT123747173,,
BMT123747334,,
BMT123747838,,
BMT123747908,,
BMT123748055,,
BMT123748664,,
BMT123748685,,
BMT123748734,,
BMT123748741,,
BMT123749364,,
BMT123749399,,
BMT123749476,,
BMT123749560,,
BMT123750071,,
BMT123750204,,
BMT123750267,,
BMT123750295,,
BMT124226B,,
BMT124695B,,
BMT125626B,,
BMT125689B,,
BMT125717B,,
BMT125773B,,
BMT125808B,,
BMT125829B,,
BMT126019772,,
BMT126019779,,
BMT126019954,,
BMT126020073,,
BMT126020241,,
BMT126020318,,
BMT126020388,,
BMT126020472,,
BMT126020563,,
BMT126020843,,
BMT126021466,,
BMT126021662,,
BMT126022054,,
BMT126022194,,
BMT126022201,,
BMT126022425,,
BMT126022474,,
BMT126022936,,
BMT126022964,,
BMT126022978,,
BMT126023027,,
BMT126109B,,
BMT126144B,,
BMT126256B,,
BMT126480B,,
BMT126578B,,
BMT126970B,,
BMT127516B,,
BMT127649B,,
BMT127684B,,
BMT127817B,,
BMT132695161,,
BMT132695168,,
BMT133259424,,
BMT134903857,,
BMT134903885,,
BMT134903976,,
BMT134904011,,
BMT134904018,,
BMT134904039,,
BMT134904081,,
BMT134904102,,
BMT134904137,,
BMT134904144,,
BMT138723B,,
BMT143086479,,
BMT143117643,,
BMT143117678,,
BMT149354778,,
BMT150378303,,
BMT151654659,,
BMT151654660,,
BMT151847419,,
BMT151921362,,
BMT151921378,,
BMT152023104,,
BMT152975471,,
BMT152975472,,
BMT152975475,,
BMT153484877,,
BMT153484895,,
BMT154660140,,
BMT154947829,,
BMT155068496,,
BMT155068507,,
BMT155864826,,
BMT155864870,,
BMT156308790,,
BMT156308791,,
BMT157092133,,
BMT157092141,,
BMT157092756,,
BMT157103295,,
BMT157917951,,
BMT157917954,,
BMT159377747,,
BMT159377748,,
BMT160018318,,
BMT160023610,,
BMT160023876,,
BMT160027522,,
BMT160027524,,
BMT160051693,,
BMT160051696,,
BMT160051697,,
BMT160051698,,
BMT160887776,,
BMT161012366,,
BMT161234493,,
BMT161234498,,
BMT161970006,,
BMT162679790,,
BMT163733847,,
BMT163830173,,
BMT163830174,,
BMT164181141,,
BMT164181143,,
BMT164181610,,
BMT164181611,,
BMT164181613,,
BMT164181615,,
BMT164379327,,
BMT164379330,,
BMT164379342,,
BMT165796382,,
BMT165796385,,
BMT165863447,,
BMT166532677,,
BMT166532684,,
BMT166561056,,
BMT166561057,,
BMT167758042,,
BMT167827021,,
BMT167831227,,
BMT167906921,,
BMT168613438,,
BMT168613439,,
BMT168613486,,
BMT168921663,,
BMT168921668,,
BMT168921669,,
BMT170143116,,
BMT170520696,,
BMT170753179,,
BMT172546909,,
BMT175200186,,
BMT175200196,,
BMT175778753,,
BMT175926274,,
BMT175944617,,
BMT175944622,,
BMT175953978,,
BMT176432509,,
BMT176432511,,
BMT176434195,,
BMT176550959,,
BMT176550960,,
BMT176550968,,
BMT176550969,,
BMT176551080,,
BMT176551083,,
BMT176551086,,
BMT176754281,,
BMT177049990,,
BMT177764138,,
BMT177764538,,
BMT177764542,,
BMT177764544,,
BMT177764545,,
BMT178555399,,
BMT178555402,,
BMT178747309,,
BMT178747316,,
BMT178997116,,
BMT179272494,,
BMT179272495,,
BMT179273571,,
BMT179273572,,
BMT179274902,,
BMT179631077,,
BMT179631078,,
BMT179631085,,
BMT179639718,,
BMT179732876,,
BMT123745416,,
BMT123745472,,
BMT123745836,,
BMT123745878,,
BMT123745941,,
BMT123746200,,
BMT123746228,,
BMT123746249,,
BMT123746704,,
BMT123746886,,
BMT123746984,,
BMT123747110,,
BMT123747138,,
BMT123747194,,
BMT123747460,,
BMT123747474,,
BMT123748321,,
BMT123748615,,
BMT123748629,,
BMT123748650,,
BMT123749315,,
BMT123749336,,
BMT123749441,,
BMT123749581,,
BMT123749672,,
BMT123750092,,
BMT123750106,,
BMT123750260,,
BMT123750337,,
BMT125087B,,
BMT125108B,,
BMT125724B,,
BMT125850B,,
BMT125997B,,
BMT126011B,,
BMT126019709,,
BMT126019793,,
BMT126019926,,
BMT126019975,,
BMT126020437,,
BMT126020444,,
BMT126020955,,
BMT126021669,,
BMT126022047,,
BMT126022173,,
BMT126022236,,
BMT126022243,,
BMT126022621,,
BMT126022635,,
BMT126022950,,
BMT126022957,,
BMT126022992,,
BMT126023237,,
BMT126151B,,
BMT126200B,,
BMT126508B,,
BMT126676B,,
BMT127005B,,
BMT127019B,,
BMT127131B,,
BMT127271B,,
BMT127544B,,
BMT127628B,,
BMT127831B,,
BMT132695182,,
BMT132695217,,
BMT132695224,,
BMT134861290,,
BMT134861297,,
BMT134903829,,
BMT134903871,,
BMT134904123,,
BMT134904151,,
BMT138702B,,
BMT139080540,,
BMT143093388,,
BMT143117699,,
BMT144116137,,
BMT150346668,,
BMT150378300,,
BMT150378305,,
BMT150577027,,
BMT152021057,,
BMT152023138,,
BMT152496402,,
BMT152975467,,
BMT152975476,,
BMT152975478,,
BMT153484869,,
BMT153484870,,
BMT153484882,,
BMT153484883,,
BMT153484888,,
BMT153484894,,
BMT154947822,,
BMT154947828,,
BMT155055445,,
BMT155068500,,
BMT156247277,,
BMT156308792,,
BMT157080788,,
BMT157092139,,
BMT157092140,,
BMT157092767,,
BMT157911573,,
BMT157917949,,
BMT159141382,,
BMT159377749,,
BMT160051695,,
BMT160051704,,
BMT160255551,,
BMT161136693,,
BMT161136696,,
BMT161234494,,
BMT161732019,,
BMT161732020,,
BMT162578557,,
BMT164173038,,
BMT164173041,,
BMT164176943,,
BMT164176953,,
BMT164181602,,
BMT164181621,,
BMT164181623,,
BMT164379331,,
BMT164379335,,
BMT164379337,,
BMT165650850,,
BMT165718611,,
BMT165796384,,
BMT165796389,,
BMT165863448,,
BMT166561060,,
BMT167827022,,
BMT167827024,,
BMT168598504,,
BMT168613435,,
BMT168613437,,
BMT170143115,,
BMT170520704,,
BMT170520709,,
BMT170520714,,
BMT172546910,,
BMT172546911,,
BMT172547137,,
BMT172547139,,
BMT175200191,,
BMT175200198,,
BMT175944607,,
BMT175944608,,
BMT175944612,,
BMT175944613,,
BMT175953977,,
BMT175954059,,
BMT176432802,,
BMT176432804,,
BMT176434193,,
BMT176551079,,
BMT176754285,,
BMT176756446,,
BMT176756448,,
BMT177049984,,
BMT177049991,,
BMT177049993,,
BMT177408800,,
BMT177763401,,
BMT177764533,,
BMT177764536,,
BMT177764539,,
BMT178734887,,
BMT178747310,,
BMT178747311,,
BMT178747314,,
BMT178997119,,
BMT179054998,,
BMT179272497,,
BMT179273567,,
BMT179273569,,
BMT179274905,,
BMT179631080,,
BMT179631087,,
BMT179639715,,
BMT179709720,,
BMT179732875,,
BMT179862215,,
BMT179862218,,
BMT179862224,,
BMT179961152,,
BMT179961156,,
BMT179961157,,
BMT179985185,,
BMT179985188,,
BMT179990516,,
BMT179990518,,
BMT2216421B,,
BMT2216624B,,
BMT2216729B,,
BMT2217296B,,
BMT2217303B,,
BMT2217338B,,
BMT2217562B,,
BMT123745241,,
BMT123745290,,
BMT123745409,,
BMT123745619,,
BMT123745640,,
BMT123745661,,
BMT123745682,,
BMT123745801,,
BMT123745850,,
BMT123745997,,
BMT123746018,,
BMT123746067,,
BMT123746235,,
BMT123746347,,
BMT123746452,,
BMT123746501,,
BMT123746823,,
BMT123746830,,
BMT123746893,,
BMT123747040,,
BMT123747495,,
BMT123747586,,
BMT123747796,,
BMT123747929,,
BMT123749056,,
BMT123749161,,
BMT123749357,,
BMT123749539,,
BMT123749553,,
BMT123749574,,
BMT123749644,,
BMT123749721,,
BMT123750057,,
BMT123750225,,
BMT123750253,,
BMT123750281,,
BMT123750302,,
BMT123750309,,
BMT124331B,,
BMT124338B,,
BMT124933B,,
BMT124947B,,
BMT125115B,,
BMT125381B,,
BMT125738B,,
BMT125787B,,
BMT125794B,,
BMT125969B,,
BMT126020066,,
BMT126020213,,
BMT126020234,,
BMT126020255,,
BMT126020297,,
BMT126020325,,
BMT126020521,,
BMT126021004,,
BMT126021214,,
BMT126021347,,
BMT126021480,,
BMT126021529,,
BMT126021655,,
BMT126021690,,
BMT126022103,,
BMT126022124,,
BMT126022257,,
BMT126022712,,
BMT126022985,,
BMT126023006,,
BMT126023202,,
BMT126023216,,
BMT126046B,,
BMT126221B,,
BMT126445B,,
BMT126585B,,
BMT126648B,,
BMT126816B,,
BMT126837B,,
BMT126865B,,
BMT127488B,,
BMT127523B,,
BMT127677B,,
BMT134903815,,
BMT134903899,,
BMT134903948,,
BMT134904025,,
BMT134904046,,
BMT134904060,,
BMT134904095,,
BMT134909660,,
BMT137904596,,
BMT138646B,,
BMT138667B,,
BMT139082045,,
BMT143117671,,
BMT150577033,,
BMT151842133,,
BMT151843820,,
BMT151921363,,
BMT151921364,,
BMT151921365,,
BMT152023122,,
BMT152023127,,
BMT152023133,,
BMT152023134,,
BMT152496397,,
BMT152496398,,
BMT152496400,,
BMT152975479,,
BMT153484872,,
BMT153484875,,
BMT153484885,,
BMT153740987,,
BMT154592274,,
BMT154947823,,
BMT155068494,,
BMT155068499,,
BMT155068505,,
BMT156308788,,
BMT156933511,,
BMT157080789,,
BMT157092130,,
BMT157092759,,
BMT157092761,,
BMT157784277,,
BMT157917953,,
BMT158750049,,
BMT159141373,,
BMT159141377,,
BMT159141378,,
BMT159660323,,
BMT160018314,,
BMT160028838,,
BMT160029408,,
BMT160051706,,
BMT160899906,,
BMT160899913,,
BMT161136695,,
BMT161416166,,
BMT161732021,,
BMT161970008,,
BMT162013656,,
BMT163830170,,
BMT163830171,,
BMT164173035,,
BMT164181139,,
BMT164181144,,
BMT164181619,,
BMT164379323,,
BMT164379325,,
BMT164379344,,
BMT165650847,,
BMT165672847,,
BMT165796838,,
BMT166532673,,
BMT166532681,,
BMT166532682,,
BMT166561055,,
BMT166561760,,
BMT166561766,,
BMT167619957,,
BMT167619958,,
BMT167758040,,
BMT167758044,,
BMT167827020,,
BMT167827023,,
BMT168389479,,
BMT168598507,,
BMT168613003,,
BMT168613349,,
BMT168613350,,
BMT170520701,,
BMT170520702,,
BMT170520706,,
BMT170520711,,
BMT170520716,,
BMT170753181,,
BMT172546906,,
BMT172547136,,
BMT172886426,,
BMT175200188,,
BMT175200190,,
BMT175778752,,
BMT175926280,,
BMT175944615,,
BMT175953976,,
BMT175953979,,
BMT176432798,,
BMT176432801,,
BMT176432805,,
BMT176550970,,
BMT176550973,,
BMT176550974,,
BMT176551082,,
BMT176754277,,
BMT176754278,,
BMT176756261,,
BMT177021317,,
BMT177021318,,
BMT177051530,,
BMT177051533,,
BMT177408799,,
BMT123745633,,
BMT123745822,,
BMT123745885,,
BMT123746165,,
BMT123746207,,
BMT123746298,,
BMT123746305,,
BMT123746354,,
BMT123746459,,
BMT123746774,,
BMT123746809,,
BMT123746837,,
BMT123746858,,
BMT123746970,,
BMT123747180,,
BMT123747418,,
BMT123747425,,
BMT123747572,,
BMT123747831,,
BMT123747936,,
BMT123748048,,
BMT123748622,,
BMT123748636,,
BMT123748706,,
BMT123749070,,
BMT123749378,,
BMT123749413,,
BMT123749420,,
BMT123749427,,
BMT123749455,,
BMT123749532,,
BMT123749665,,
BMT123749679,,
BMT123749686,,
BMT123749707,,
BMT123749903,,
BMT123749924,,
BMT123750085,,
BMT124478B,,
BMT124520B,,
BMT124926B,,
BMT125605B,,
BMT125612B,,
BMT125990B,,
BMT126019758,,
BMT126019877,,
BMT126019898,,
BMT126020171,,
BMT126020430,,
BMT126020997,,
BMT126021389,,
BMT126021683,,
BMT126022089,,
BMT126022117,,
BMT126022145,,
BMT126022404,,
BMT126023209,,
BMT126023223,,
BMT126023230,,
BMT126193B,,
BMT126214B,,
BMT126326B,,
BMT126494B,,
BMT126641B,,
BMT127495B,,
BMT134903808,,
BMT134903822,,
BMT134903892,,
BMT134904032,,
BMT134904088,,
BMT134904130,,
BMT134904158,,
BMT134909646,,
BMT134909653,,
BMT137904561,,
BMT137904589,,
BMT138660B,,
BMT138716B,,
BMT139080533,,
BMT139082017,,
BMT140380489,,
BMT143086493,,
BMT143117657,,
BMT143117685,,
BMT144116116,,
BMT151921359,,
BMT151921361,,
BMT151921380,,
BMT152023115,,
BMT152023116,,
BMT152710064,,
BMT153484874,,
BMT153484879,,
BMT153484881,,
BMT153484886,,
BMT153484887,,
BMT153484890,,
BMT153484892,,
BMT153752587,,
BMT154833753,,
BMT154947824,,
BMT154947826,,
BMT155068495,,
BMT155068502,,
BMT155068504,,
BMT155068509,,
BMT156247184,,
BMT156308784,,
BMT156308785,,
BMT156651333,,
BMT157080787,,
BMT157080790,,
BMT157092148,,
BMT157092753,,
BMT157092755,,
BMT157092768,,
BMT157784327,,
BMT158027753,,
BMT158027776,,
BMT158027777,,
BMT158936409,,
BMT159052509,,
BMT159141379,,
BMT159141380,,
BMT159660322,,
BMT160018319,,
BMT160051694,,
BMT160051699,,
BMT160051702,,
BMT160899908,,
BMT161234497,,
BMT161732024,,
BMT162578554,,
BMT162578560,,
BMT163733846,,
BMT163733849,,
BMT164173036,,
BMT164173040,,
BMT164177142,,
BMT164181136,,
BMT164181606,,
BMT164181608,,
BMT164181612,,
BMT164379329,,
BMT164379341,,
BMT165650848,,
BMT165650852,,
BMT165863452,,
BMT166532678,,
BMT166532685,,
BMT166532689,,
BMT166532690,,
BMT166532691,,
BMT167619959,,
BMT167758041,,
BMT167827017,,
BMT168523462,,
BMT168921762,,
BMT170142778,,
BMT170520703,,
BMT170520708,,
BMT172546913,,
BMT172546915,,
BMT172885830,,
BMT173960589,,
BMT175200185,,
BMT175200187,,
BMT175200195,,
BMT175200197,,
BMT175200199,,
BMT175200200,,
BMT175200202,,
BMT175944611,,
BMT175944616,,
BMT175944618,,
BMT175944860,,
BMT176434190,,
BMT176434191,,
BMT176550982,,
BMT176551078,,
BMT176754284,,
BMT176756348,,
BMT176756447,,
BMT177021315,,
BMT177049982,,
BMT177049983,,
BMT177049987,,
BMT177049989,,
BMT177764546,,
BMT178734884,,
BMT178747312,,
BMT178767523,,
BMT178997117,,
BMT179055002,,
BMT179272492,,
BMT179272493,,
BMT179272496,,
BMT179272498,,
BMT179274903,,
BMT179349469,,
BMT176432799,,
BMT176550961,,
BMT176550962,,
BMT176550966,,
BMT176550975,,
BMT176550977,,
BMT176550983,,
BMT176551081,,
BMT176551087,,
BMT176551088,,
BMT176753985,,
BMT176754279,,
BMT176754280,,
BMT176754283,,
BMT176754286,,
BMT176754964,,
BMT177021316,,
BMT177021319,,
BMT177049992,,
BMT177051531,,
BMT177408801,,
BMT177408804,,
BMT177764534,,
BMT177764540,,
BMT178555400,,
BMT178734886,,
BMT178734889,,
BMT178747319,,
BMT178747321,,
BMT179101112,,
BMT179349470,,
BMT179672309,,
BMT179672311,,
BMT179672312,,
BMT179862212,,
BMT179990521,,
BMT2216477B,,
BMT2217072B,,
BMT2217408B,,
BMT2217513B,,
BMT2217590B,,
BMT2217660B,,
BMT2217814B,,
BMT2217961B,,
BMT2218003B,,
BMT2218297B,,
BMT2239073B,,
BMT2239710B,,
BMT2240060B,,
BMT2240158B,,
BMT2240165B,,
BMT2273086B,,
BMT2796224B,,
BMT2796252B,,
BMT2854359B,,
BMT2900307B,,
BMT2952443B,,
BMT2966331B,,
BMT2966345B,,
BMT2966352B,,
BMT3114549B,,
BMT3187328B,,
BMT3187363B,,
BMT3268395B,,
BMT3353116B,,
BMT3423228B,,
BMT3425076B,,
BMT3425118B,,
BMT3425132B,,
BMT3425139B,,
BMT3425181B,,
BMT3425216B,,
BMT3425251B,,
BMT3425286B,,
BMT3431362B,,
BMT3431369B,,
BMT3455680B,,
BMT3519072B,,
BMT3519079B,,
BMT3594476B,,
BMT3600405B,,
BMT3600419B,,
BMT3680156B,,
BMT3683124B,,
BMT3794207B,,
BMT3883639B,,
BMT3915076B,,
BMT4007203B,,
BMT4040656B,,
BMT4047446B,,
BMT4047453B,,
BMT4291480B,,
BMT4291669B,,
BMT4293664B,,
BMT4297871B,,
BMT4297892B,,
BMT4297899B,,
BMT4346416B,,
BMT4470078B,,
BMT4470988B,,
BMT4471289B,,
BMT4471296B,,
BMT4471324B,,
BMT4471520B,,
BMT4471527B,,
BMT4472395B,,
BMT4472514B,,
BMT4472563B,,
BMT4473620B,,
BMT4473830B,,
BMT4474880B,,
BMT4475601B,,
BMT4475657B,,
BMT4475825B,,
BMT4475853B,,
BMT4476987B,,
BMT4477281B,,
BMT4477288B,,
BMT4477421B,,
BMT4478065B,,
BMT4478093B,,
BMT4478100B,,
BMT4478212B,,
BMT4478219B,,
BMT4478233B,,
BMT4479108B,,
BMT4479178B,,
BMT4479864B,,
BMT4479927B,,
BMT4479962B,,
BMT4479969B,,
BMT4480039B,,
BMT4480256B,,
BMT4481320B,,
BMT4481509B,,
BMT4481523B,,
BMT4482314B,,
BMT4482398B,,
BMT4483651B,,
BMT4483854B,,
BMT4484302B,,
BMT4484316B,,
BMT4485401B,,
BMT4485443B,,
BMT4486780B,,
BMT4486787B,,
BMT4486815B,,
BMT4486843B,,
BMT4487116B,,
BMT4487158B,,
BMT4487522B,,
BMT4488082B,,
BMT4488152B,,
BMT4488390B,,
BMT4489202B,,
BMT4489265B,,
BMT4489874B,,
BMT4489916B,,
BMT4489937B,,
BMT4489958B,,
BMT4489993B,,
BMT4490357B,,
BMT4490371B,,
BMT4490665B,,
BMT4491309B,,
BMT4491876B,,
BMT4491904B,,
BMT4491967B,,
BMT4491995B,,
BMT4492009B,,
BMT4492058B,,
BMT4492065B,,
BMT4492359B,,
BMT4492401B,,
BMT4492415B,,
BMT4492436B,,
BMT4493024B,,
BMT4493031B,,
BMT4493038B,,
BMT4493094B,,
BMT4493199B,,
BMT4493304B,,
BMT4494088B,,
BMT4494095B,,
BMT4494109B,,
BMT4494137B,,
BMT4494144B,,
BMT4494480B,,
BMT4494585B,,
BMT4495824B,,
BMT4496006B,,
BMT4496587B,,
BMT4497252B,,
BMT4497259B,,
BMT4499030B,,
BMT4499107B,,
BMT4499149B,,
BMT4588091B,,
BMT4588119B,,
BMT4601818B,,
BMT4622139B,,
BMT4622153B,,
BMT4826371B,,
BMT5074682B,,
BMT5074689B,,
BMT5145529B,,
BMT7103200B,,
BMT7103970B,,
BMT7104383B,,
BMT7105251B,,
BMT7105832B,,
BMT7106070B,,
BMT7106287B,,
BMT7107211B,,
BMT7107316B,,
BMT7107526B,,
BMT7107554B,,
BMT179862228,,
BMT179985184,,
BMT179990517,,
BMT179990522,,
BMT2216463B,,
BMT2216827B,,
BMT2216841B,,
BMT2217177B,,
BMT2217184B,,
BMT2217345B,,
BMT2217688B,,
BMT2217996B,,
BMT2218059B,,
BMT2218241B,,
BMT2218311B,,
BMT2239206B,,
BMT2239290B,,
BMT2239689B,,
BMT2239892B,,
BMT2240270B,,
BMT2273016B,,
BMT2273051B,,
BMT2273331B,,
BMT2835193B,,
BMT2850236B,,
BMT2900279B,,
BMT2930834B,,
BMT2957973B,,
BMT2957980B,,
BMT2966373B,,
BMT2966394B,,
BMT2999112B,,
BMT3099198B,,
BMT3114507B,,
BMT3114570B,,
BMT3114612B,,
BMT3114640B,,
BMT3187314B,,
BMT3187356B,,
BMT3187384B,,
BMT3187412B,,
BMT3187419B,,
BMT3269550B,,
BMT3326516B,,
BMT3353130B,,
BMT3353669B,,
BMT3353949B,,
BMT3359192B,,
BMT3423347B,,
BMT3425034B,,
BMT3425083B,,
BMT3425174B,,
BMT3425202B,,
BMT3431355B,,
BMT3431376B,,
BMT3431404B,,
BMT3455771B,,
BMT3676887B,,
BMT3738641B,,
BMT3738648B,,
BMT3883646B,,
BMT3914964B,,
BMT3914971B,,
BMT3914999B,,
BMT3915062B,,
BMT3915069B,,
BMT3947857B,,
BMT4047474B,,
BMT4047481B,,
BMT4047516B,,
BMT4116361B,,
BMT4291543B,,
BMT4293657B,,
BMT4293685B,,
BMT4297885B,,
BMT4346346B,,
BMT4346367B,,
BMT4346374B,,
BMT4470085B,,
BMT4470449B,,
BMT4470967B,,
BMT4471562B,,
BMT4472318B,,
BMT4474950B,,
BMT4475538B,,
BMT4475650B,,
BMT4475783B,,
BMT4475895B,,
BMT4476686B,,
BMT4476973B,,
BMT4477099B,,
BMT4477197B,,
BMT4477246B,,
BMT4477253B,,
BMT4477400B,,
BMT4478044B,,
BMT4478072B,,
BMT4478121B,,
BMT4478149B,,
BMT4478240B,,
BMT4478744B,,
BMT4478926B,,
BMT4479101B,,
BMT4479143B,,
BMT4479997B,,
BMT4480067B,,
BMT4480144B,,
BMT4481488B,,
BMT4482405B,,
BMT4483630B,,
BMT4483665B,,
BMT4483749B,,
BMT4483756B,,
BMT4483826B,,
BMT4483847B,,
BMT4483938B,,
BMT4484246B,,
BMT4484260B,,
BMT4484365B,,
BMT4484561B,,
BMT4484568B,,
BMT4484582B,,
BMT4485436B,,
BMT4485457B,,
BMT4485471B,,
BMT4485520B,,
BMT4486752B,,
BMT4486766B,,
BMT4486808B,,
BMT4486829B,,
BMT4486850B,,
BMT4487046B,,
BMT4487536B,,
BMT4487557B,,
BMT4487900B,,
BMT4488145B,,
BMT4488348B,,
BMT4489160B,,
BMT4489237B,,
BMT4490007B,,
BMT4490399B,,
BMT4491890B,,
BMT4492387B,,
BMT4492394B,,
BMT4493003B,,
BMT4493052B,,
BMT4493066B,,
BMT4493073B,,
BMT4493234B,,
BMT4493241B,,
BMT4493353B,,
BMT4493360B,,
BMT4493388B,,
BMT4493395B,,
BMT4495026B,,
BMT4495124B,,
BMT4495138B,,
BMT4495425B,,
BMT4495432B,,
BMT4495726B,,
BMT4495803B,,
BMT4495810B,,
BMT4495859B,,
BMT4495908B,,
BMT4497224B,,
BMT4497231B,,
BMT4497308B,,
BMT4497336B,,
BMT4497350B,,
BMT4499051B,,
BMT4499128B,,
BMT4499163B,,
BMT5074703B,,
BMT5074710B,,
BMT5074724B,,
BMT7051771B,,
BMT7051778B,,
BMT7103368B,,
BMT7103459B,,
BMT7104271B,,
BMT7104362B,,
BMT7104453B,,
BMT7104502B,,
BMT7104691B,,
BMT7105727B,,
BMT7130892B,,
BMT7139467B,,
BMT7139502B,,
BMT7139530B,,
BMT7139943B,,
BMT7139950B,,
BMT7139999B,,
BMT7140454B,,
BMT7140524B,,
BMT7141336B,,
BMT7141686B,,
BMT7141840B,,
BMT7141847B,,
BMT7157562B,,
BMT7158409B,,
BMT7158423B,,
BMT7158913B,,
BMT7158976B,,
BMT7159774B,,
BMT7167894B,,
BMT7168657B,,
BMT7168937B,,
BMT7177904B,,
BMT7288364B,,
BMT7800484B,,
BMT7801597B,,
BMT7801765B,,
BMT7801905B,,
BMT7801947B,,
BMT7803606B,,
BMT8162517B,,
BMT8169307B,,
BMT8333702B,,
BMT8458834B,,
BMT8540790B,,
BMT179862226,,
BMT179862230,,
BMT179985180,,
BMT179985186,,
BMT2216659B,,
BMT2216855B,,
BMT2216939B,,
BMT2217135B,,
BMT2217401B,,
BMT2217450B,,
BMT2217541B,,
BMT2217548B,,
BMT2217632B,,
BMT2218094B,,
BMT2218248B,,
BMT2218367B,,
BMT2239311B,,
BMT2239388B,,
BMT2273163B,,
BMT2836250B,,
BMT2851272B,,
BMT2854324B,,
BMT2854366B,,
BMT2952450B,,
BMT2960185B,,
BMT2966359B,,
BMT2966401B,,
BMT3086801B,,
BMT3114514B,,
BMT3114591B,,
BMT3114689B,,
BMT3115487B,,
BMT3187335B,,
BMT3187398B,,
BMT3187454B,,
BMT3206725B,,
BMT323859B,,
BMT323873B,,
BMT3352570B,,
BMT3353942B,,
BMT3423193B,,
BMT3423319B,,
BMT3423662B,,
BMT3424432B,,
BMT3425013B,,
BMT3425090B,,
BMT3425195B,,
BMT3425258B,,
BMT3431341B,,
BMT3431348B,,
BMT3431390B,,
BMT3476687B,,
BMT3519065B,,
BMT3519086B,,
BMT3600531B,,
BMT3636455B,,
BMT3676908B,,
BMT3914985B,,
BMT3915013B,,
BMT3915083B,,
BMT3915510B,,
BMT4007210B,,
BMT4040670B,,
BMT4047509B,,
BMT4291529B,,
BMT4291536B,,
BMT4291578B,,
BMT4291655B,,
BMT4346423B,,
BMT4469728B,,
BMT4470057B,,
BMT4470071B,,
BMT4470491B,,
BMT4470498B,,
BMT4470974B,,
BMT4471331B,,
BMT4471380B,,
BMT4471450B,,
BMT4471513B,,
BMT4471534B,,
BMT4472297B,,
BMT4472339B,,
BMT4473564B,,
BMT4475559B,,
BMT4475706B,,
BMT4475888B,,
BMT4476630B,,
BMT4476980B,,
BMT4476994B,,
BMT4477190B,,
BMT4477211B,,
BMT4477218B,,
BMT4477449B,,
BMT4478009B,,
BMT4478023B,,
BMT4478079B,,
BMT4478191B,,
BMT4479213B,,
BMT4479696B,,
BMT4480011B,,
BMT4480025B,,
BMT4480081B,,
BMT4481180B,,
BMT4481187B,,
BMT4481327B,,
BMT4481362B,,
BMT4482300B,,
BMT4482384B,,
BMT4482412B,,
BMT4483623B,,
BMT4483819B,,
BMT4483910B,,
BMT4484274B,,
BMT4484351B,,
BMT4484358B,,
BMT4484372B,,
BMT4485415B,,
BMT4485464B,,
BMT4485513B,,
BMT4486619B,,
BMT4486626B,,
BMT4486773B,,
BMT4486836B,,
BMT4487088B,,
BMT4487095B,,
BMT4487165B,,
BMT4487193B,,
BMT4487529B,,
BMT4487585B,,
BMT4488334B,,
BMT4489223B,,
BMT4489881B,,
BMT4490273B,,
BMT4490378B,,
BMT4490385B,,
BMT4491883B,,
BMT4491981B,,
BMT4491988B,,
BMT4492016B,,
BMT4492079B,,
BMT4492093B,,
BMT4492317B,,
BMT4492380B,,
BMT4493017B,,
BMT4493045B,,
BMT4493150B,,
BMT4493192B,,
BMT4493346B,,
BMT4494102B,,
BMT4494123B,,
BMT4494592B,,
BMT4495061B,,
BMT4495089B,,
BMT4495117B,,
BMT4495131B,,
BMT4495236B,,
BMT4495355B,,
BMT4495362B,,
BMT4495733B,,
BMT4495740B,,
BMT4495831B,,
BMT4495971B,,
BMT4495978B,,
BMT4495985B,,
BMT4497238B,,
BMT4499121B,,
BMT4499142B,,
BMT4588098B,,
BMT4588112B,,
BMT5074696B,,
BMT7103648B,,
BMT7103718B,,
BMT7105216B,,
BMT7106763B,,
BMT7107582B,,
BMT7107589B,,
BMT7139320B,,
BMT7139474B,,
BMT7139670B,,
BMT7141854B,,
BMT7141882B,,
BMT7154524B,,
BMT7154860B,,
BMT7157471B,,
BMT7158997B,,
BMT7159627B,,
BMT7167579B,,
BMT7168608B,,
BMT7177841B,,
BMT7195124B,,
BMT7195194B,,
BMT7284423B,,
BMT7711234B,,
BMT7711311B,,
BMT7800407B,,
BMT7800463B,,
BMT7800498B,,
BMT7801737B,,
BMT7801870B,,
BMT7803620B,,
BMT8169391B,,
BMT8389765B,,
BMT8749060B,,
BMT8819392B,,
BMT8819395B,,
BMT8819399B,,
BMT8819402B,,
BMT8819409B,,
BMT8819412B,,
BMT8851231B,,
BMT8873794B,,
BMT8873798B,,
BMT8895238B,,
BMT8923605B,,
BMT9056628B,,
BMT9056629B,,
BMT9113877B,,
BMT9236429B,,
BMT9251513B,,
BMT9275728B,,
BMT177051532,,
BMT177408803,,
BMT178555240,,
BMT178555401,,
BMT178734888,,
BMT178747315,,
BMT178767522,,
BMT179101109,,
BMT179631076,,
BMT179631083,,
BMT179639716,,
BMT179639720,,
BMT179639724,,
BMT179639725,,
BMT179672310,,
BMT179709721,,
BMT179709723,,
BMT179862031,,
BMT179862214,,
BMT179862217,,
BMT179862221,,
BMT179862231,,
BMT179985187,,
BMT179990519,,
BMT2216400B,,
BMT2216596B,,
BMT2217107B,,
BMT2217268B,,
BMT2217282B,,
BMT2217331B,,
BMT2217527B,,
BMT2217597B,,
BMT2217744B,,
BMT2217884B,,
BMT2218227B,,
BMT2218374B,,
BMT2239031B,,
BMT2239045B,,
BMT2239297B,,
BMT2239801B,,
BMT2239829B,,
BMT2239927B,,
BMT2240123B,,
BMT2240284B,,
BMT2273093B,,
BMT2854282B,,
BMT2966317B,,
BMT2966338B,,
BMT2966380B,,
BMT2966408B,,
BMT3114528B,,
BMT3114577B,,
BMT3114815B,,
BMT3121353B,,
BMT3187307B,,
BMT3187370B,,
BMT3187440B,,
BMT3268402B,,
BMT3352605B,,
BMT3352612B,,
BMT3352647B,,
BMT3353095B,,
BMT3353816B,,
BMT3353865B,,
BMT3353984B,,
BMT3359206B,,
BMT3390853B,,
BMT3423200B,,
BMT3425125B,,
BMT3425293B,,
BMT3431397B,,
BMT3455694B,,
BMT3476673B,,
BMT3476708B,,
BMT3519303B,,
BMT3594490B,,
BMT3738627B,,
BMT3915048B,,
BMT3976823B,,
BMT3976830B,,
BMT4047439B,,
BMT4047495B,,
BMT4346458B,,
BMT4346493B,,
BMT4370265B,,
BMT4470470B,,
BMT4470484B,,
BMT4471310B,,
BMT4471387B,,
BMT4471401B,,
BMT4471485B,,
BMT4472367B,,
BMT4472423B,,
BMT4472444B,,
BMT4472465B,,
BMT4474873B,,
BMT4474922B,,
BMT4475552B,,
BMT4475664B,,
BMT4475741B,,
BMT4475748B,,
BMT4476511B,,
BMT4476672B,,
BMT4476679B,,
BMT4476966B,,
BMT4477267B,,
BMT4477393B,,
BMT4477414B,,
BMT4477435B,,
BMT4477442B,,
BMT4477463B,,
BMT4477470B,,
BMT4478002B,,
BMT4478156B,,
BMT4478758B,,
BMT4478786B,,
BMT4479059B,,
BMT4479164B,,
BMT4479171B,,
BMT4479871B,,
BMT4480018B,,
BMT4480207B,,
BMT4480221B,,
BMT4481306B,,
BMT4481313B,,
BMT4481502B,,
BMT4481530B,,
BMT4482419B,,
BMT4483840B,,
BMT4483924B,,
BMT4484533B,,
BMT4484554B,,
BMT4484575B,,
BMT4485226B,,
BMT4485534B,,
BMT4486640B,,
BMT4487564B,,
BMT4488383B,,
BMT4488404B,,
BMT4489251B,,
BMT4489888B,,
BMT4489972B,,
BMT4490252B,,
BMT4490259B,,
BMT4490322B,,
BMT4490343B,,
BMT4490350B,,
BMT4491897B,,
BMT4491911B,,
BMT4491918B,,
BMT4491925B,,
BMT4491932B,,
BMT4491939B,,
BMT4492072B,,
BMT4492373B,,
BMT4493010B,,
BMT4493339B,,
BMT4493402B,,
BMT4495222B,,
BMT4495257B,,
BMT4495327B,,
BMT4495348B,,
BMT4495775B,,
BMT4495782B,,
BMT4495817B,,
BMT4495950B,,
BMT4495964B,,
BMT4497273B,,
BMT4497931B,,
BMT4497938B,,
BMT4499135B,,
BMT4499156B,,
BMT4622125B,,
BMT4622132B,,
BMT4826385B,,
BMT4826392B,,
BMT4890610B,,
BMT5074717B,,
BMT5145522B,,
BMT7051757B,,
BMT7104145B,,
BMT7104187B,,
BMT7105202B,,
BMT7105461B,,
BMT7105692B,,
BMT7106609B,,
BMT7107407B,,
BMT7139432B,,
BMT7140552B,,
BMT7140601B,,
BMT7140608B,,
BMT7140874B,,
BMT7141168B,,
BMT7141252B,,
BMT7153775B,,
BMT7153782B,,
BMT7153929B,,
BMT7154664B,,
BMT7154692B,,
BMT7157639B,,
BMT7157702B,,
BMT7157723B,,
BMT7157744B,,
BMT7158178B,,
BMT7158220B,,
BMT7158276B,,
BMT7158745B,,
BMT7158948B,,
BMT7168468B,,
BMT7195215B,,
BMT7195292B,,
BMT7711241B,,
BMT7800372B,,
BMT7800603B,,
BMT7800638B,,
BMT7800869B,,
BMT7801604B,,
BMT7801653B,,
BMT179732877,,
BMT179862222,,
BMT179862229,,
BMT179862232,,
BMT179961154,,
BMT179961155,,
BMT2216498B,,
BMT2216533B,,
BMT2216645B,,
BMT2216778B,,
BMT2216799B,,
BMT2216946B,,
BMT2217646B,,
BMT2217695B,,
BMT2217716B,,
BMT2217758B,,
BMT2218052B,,
BMT2218276B,,
BMT2218318B,,
BMT2239213B,,
BMT2239374B,,
BMT2239500B,,
BMT2239696B,,
BMT2239731B,,
BMT2239787B,,
BMT2240235B,,
BMT2273296B,,
BMT2851265B,,
BMT2854331B,,
BMT2854345B,,
BMT2900293B,,
BMT3086794B,,
BMT3114633B,,
BMT3187321B,,
BMT3187342B,,
BMT3187496B,,
BMT3206697B,,
BMT3213984B,,
BMT3269543B,,
BMT3352577B,,
BMT3352640B,,
BMT3353809B,,
BMT3353928B,,
BMT3353998B,,
BMT3359178B,,
BMT3359199B,,
BMT3373318B,,
BMT3373332B,,
BMT3373339B,,
BMT3423186B,,
BMT3423221B,,
BMT3423249B,,
BMT3423305B,,
BMT3423711B,,
BMT3425006B,,
BMT3425104B,,
BMT3425160B,,
BMT3455722B,,
BMT3476715B,,
BMT3519296B,,
BMT3594483B,,
BMT3600447B,,
BMT3640151B,,
BMT3652786B,,
BMT3658127B,,
BMT3677223B,,
BMT3738634B,,
BMT3915020B,,
BMT3976767B,,
BMT3976816B,,
BMT4047425B,,
BMT4116396B,,
BMT4185059B,,
BMT4291515B,,
BMT4291564B,,
BMT4291571B,,
BMT4291676B,,
BMT4293713B,,
BMT4297864B,,
BMT4346437B,,
BMT4470092B,,
BMT4470463B,,
BMT4471422B,,
BMT4471464B,,
BMT4471506B,,
BMT4472402B,,
BMT4472416B,,
BMT4472430B,,
BMT4472472B,,
BMT4473571B,,
BMT4473592B,,
BMT4474957B,,
BMT4474964B,,
BMT4475671B,,
BMT4475685B,,
BMT4475734B,,
BMT4475804B,,
BMT4475902B,,
BMT4475909B,,
BMT4476609B,,
BMT4477204B,,
BMT4477330B,,
BMT4477372B,,
BMT4478177B,,
BMT4478205B,,
BMT4478947B,,
BMT4479066B,,
BMT4479129B,,
BMT4479206B,,
BMT4480004B,,
BMT4480046B,,
BMT4480060B,,
BMT4481376B,,
BMT4482363B,,
BMT4483742B,,
BMT4483833B,,
BMT4484519B,,
BMT4485310B,,
BMT4485450B,,
BMT4485499B,,
BMT4486801B,,
BMT4487032B,,
BMT4487102B,,
BMT4487186B,,
BMT4487599B,,
BMT4487613B,,
BMT4488124B,,
BMT4488131B,,
BMT4488320B,,
BMT4488369B,,
BMT4489111B,,
BMT4489153B,,
BMT4489909B,,
BMT4489923B,,
BMT4489965B,,
BMT4490266B,,
BMT4490392B,,
BMT4490966B,,
BMT4491281B,,
BMT4492135B,,
BMT4492366B,,
BMT4493059B,,
BMT4493157B,,
BMT4493248B,,
BMT4493269B,,
BMT4493297B,,
BMT4493318B,,
BMT4494067B,,
BMT4495033B,,
BMT4495936B,,
BMT4495992B,,
BMT4495999B,,
BMT4496566B,,
BMT4497343B,,
BMT4588105B,,
BMT4622160B,,
BMT4646569B,,
BMT4646576B,,
BMT4826413B,,
BMT4993692B,,
BMT7051729B,,
BMT7051792B,,
BMT7103172B,,
BMT7103319B,,
BMT7103795B,,
BMT7104299B,,
BMT7105020B,,
BMT7105531B,,
BMT7106630B,,
BMT7107169B,,
BMT7107246B,,
BMT7107281B,,
BMT7107498B,,
BMT7107512B,,
BMT7107547B,,
BMT7107603B,,
BMT7139152B,,
BMT7139229B,,
BMT7139446B,,
BMT7139509B,,
BMT7139656B,,
BMT7139684B,,
BMT7139705B,,
BMT7140657B,,
BMT7141196B,,
BMT7141350B,,
BMT7141665B,,
BMT7153796B,,
BMT7157709B,,
BMT7158402B,,
BMT7158710B,,
BMT7158857B,,
BMT7159151B,,
BMT7159382B,,
BMT7160446B,,
BMT7167782B,,
BMT7169161B,,
BMT7169175B,,
BMT7186395B,,
BMT7195187B,,
BMT7195271B,,
BMT7800386B,,
BMT7800477B,,
BMT7800617B,,
BMT7800841B,,
BMT7801639B,,
BMT7801646B,,
BMT7801744B,,
BMT7801786B,,
BMT7803655B,,
BMT8169342B,,
BMT8169370B,,
BMT8169412B,,
BMT8245124B,,
BMT8333695B,,
BMT8819403B,,
BMT8835987B,,
BMT8835993B,,
BMT8873840B,,
BMT8895240B,,
BMT7107561B,,
BMT7107568B,,
BMT7107596B,,
BMT7107610B,,
BMT7138907B,,
BMT7139138B,,
BMT7139236B,,
BMT7139327B,,
BMT7139516B,,
BMT7139831B,,
BMT7140482B,,
BMT7141014B,,
BMT7141210B,,
BMT7141693B,,
BMT7141861B,,
BMT7157646B,,
BMT7157716B,,
BMT7157737B,,
BMT7158437B,,
BMT7158451B,,
BMT7158955B,,
BMT7161020B,,
BMT7168377B,,
BMT7169147B,,
BMT7169154B,,
BMT7177918B,,
BMT7195159B,,
BMT7195229B,,
BMT7195299B,,
BMT7204924B,,
BMT7711297B,,
BMT7800393B,,
BMT7801751B,,
BMT7801919B,,
BMT7803550B,,
BMT8168593B,,
BMT8169377B,,
BMT8605064B,,
BMT8749061B,,
BMT8749062B,,
BMT8835990B,,
BMT8835995B,,
BMT8835996B,,
BMT8836704B,,
BMT8851059B,,
BMT8864795B,,
BMT8873786B,,
BMT8873937B,,
BMT8895243B,,
BMT8895251B,,
BMT8895252B,,
BMT8895256B,,
BMT8895258B,,
BMT8895263B,,
BMT8896990B,,
BMT8897007B,,
BMT9003620B,,
BMT9031957B,,
BMT9056749B,,
BMT9113042B,,
BMT9146774B,,
BMT9164764B,,
BMT9512318B,,
BMT177408802,,
BMT177764535,,
BMT177764547,,
BMT178734890,,
BMT178747318,,
BMT178767521,,
BMT178997118,,
BMT179054999,,
BMT179055001,,
BMT179101110,,
BMT179272499,,
BMT179273570,,
BMT179631081,,
BMT179631082,,
BMT179639722,,
BMT179862227,,
BMT179961150,,
BMT179961151,,
BMT179961153,,
BMT179961158,,
BMT179985179,,
BMT179985181,,
BMT179990515,,
BMT2216806B,,
BMT2216813B,,
BMT2216876B,,
BMT2217023B,,
BMT2217051B,,
BMT2217093B,,
BMT2217247B,,
BMT2217653B,,
BMT2217926B,,
BMT2218283B,,
BMT2218339B,,
BMT2238968B,,
BMT2239220B,,
BMT2239255B,,
BMT2239360B,,
BMT2239423B,,
BMT2239437B,,
BMT2239682B,,
BMT2239976B,,
BMT2240025B,,
BMT2240067B,,
BMT2240130B,,
BMT2240137B,,
BMT2240151B,,
BMT2273058B,,
BMT2796210B,,
BMT2854338B,,
BMT2930855B,,
BMT2957966B,,
BMT2966387B,,
BMT2992049B,,
BMT3114598B,,
BMT3187377B,,
BMT3187405B,,
BMT3187433B,,
BMT3187447B,,
BMT3206711B,,
BMT3206718B,,
BMT3268416B,,
BMT3268423B,,
BMT3353074B,,
BMT3353921B,,
BMT3353935B,,
BMT3423214B,,
BMT3423242B,,
BMT3423256B,,
BMT3423284B,,
BMT3423291B,,
BMT3425237B,,
BMT3455673B,,
BMT3455687B,,
BMT3496154B,,
BMT3496161B,,
BMT3676880B,,
BMT3676901B,,
BMT3676915B,,
BMT3808277B,,
BMT3809383B,,
BMT3914992B,,
BMT3915006B,,
BMT3915027B,,
BMT3915034B,,
BMT3915111B,,
BMT3915118B,,
BMT4007196B,,
BMT4047488B,,
BMT4047502B,,
BMT4185045B,,
BMT4291466B,,
BMT4291501B,,
BMT4291508B,,
BMT4291522B,,
BMT4291711B,,
BMT4346381B,,
BMT4390747B,,
BMT4469721B,,
BMT4470442B,,
BMT4471044B,,
BMT4471373B,,
BMT4471541B,,
BMT4471555B,,
BMT4472409B,,
BMT4472437B,,
BMT4472570B,,
BMT4473550B,,
BMT4473557B,,
BMT4473585B,,
BMT4475524B,,
BMT4475531B,,
BMT4475580B,,
BMT4475713B,,
BMT4475776B,,
BMT4475846B,,
BMT4476616B,,
BMT4476882B,,
BMT4476896B,,
BMT4476959B,,
BMT4477358B,,
BMT4477386B,,
BMT4478128B,,
BMT4478170B,,
BMT4478226B,,
BMT4478730B,,
BMT4478765B,,
BMT4478800B,,
BMT4478961B,,
BMT4478968B,,
BMT4478982B,,
BMT4479955B,,
BMT4480235B,,
BMT4480242B,,
BMT4481341B,,
BMT4481348B,,
BMT4481516B,,
BMT4482335B,,
BMT4482370B,,
BMT4483658B,,
BMT4483735B,,
BMT4483798B,,
BMT4484281B,,
BMT4485429B,,
BMT4485478B,,
BMT4485485B,,
BMT4487039B,,
BMT4488068B,,
BMT4488376B,,
BMT4489930B,,
BMT4490014B,,
BMT4490091B,,
BMT4490301B,,
BMT4490315B,,
BMT4490364B,,
BMT4490651B,,
BMT4491316B,,
BMT4491330B,,
BMT4491946B,,
BMT4492100B,,
BMT4492107B,,
BMT4492345B,,
BMT4492443B,,
BMT4493080B,,
BMT4493101B,,
BMT4493255B,,
BMT4493290B,,
BMT4493311B,,
BMT4493367B,,
BMT4494081B,,
BMT4495194B,,
BMT4495215B,,
BMT4495271B,,
BMT4495397B,,
BMT4495404B,,
BMT4495411B,,
BMT4497315B,,
BMT4497329B,,
BMT4497763B,,
BMT4498596B,,
BMT4499170B,,
BMT4601825B,,
BMT4622104B,,
BMT4622167B,,
BMT4646562B,,
BMT7051694B,,
BMT7051785B,,
BMT7103242B,,
BMT7103613B,,
BMT7103669B,,
BMT7103746B,,
BMT7105384B,,
BMT7105909B,,
BMT7107344B,,
BMT7107421B,,
BMT7107442B,,
BMT7107449B,,
BMT7128995B,,
BMT7141105B,,
BMT7153908B,,
BMT7154475B,,
BMT7154545B,,
BMT7154552B,,
BMT7157499B,,
BMT7157856B,,
BMT7158206B,,
BMT7158934B,,
BMT7167551B,,
BMT7167803B,,
BMT7168811B,,
BMT7195173B,,
BMT7195278B,,
BMT7216187B,,
BMT7800589B,,
BMT7800883B,,
BMT7801051B,,
BMT7801562B,,
BMT7801709B,,
BMT2218010B,,
BMT2218087B,,
BMT2218269B,,
BMT2218304B,,
BMT2239115B,,
BMT2240011B,,
BMT2240193B,,
BMT2273226B,,
BMT2796217B,,
BMT2796231B,,
BMT2850229B,,
BMT2854618B,,
BMT2900286B,,
BMT2900300B,,
BMT2930848B,,
BMT2937043B,,
BMT2966415B,,
BMT3099205B,,
BMT3114626B,,
BMT3114752B,,
BMT3187461B,,
BMT3187468B,,
BMT3187482B,,
BMT3206704B,,
BMT3268409B,,
BMT3353879B,,
BMT3353886B,,
BMT3353914B,,
BMT3359171B,,
BMT3359185B,,
BMT3425069B,,
BMT3425097B,,
BMT3425167B,,
BMT3427099B,,
BMT3476666B,,
BMT3476701B,,
BMT3476722B,,
BMT3658120B,,
BMT3738662B,,
BMT3756708B,,
BMT3793871B,,
BMT3809453B,,
BMT4047418B,,
BMT4047460B,,
BMT4190365B,,
BMT4291557B,,
BMT4291662B,,
BMT4293671B,,
BMT4297878B,,
BMT4346402B,,
BMT4346444B,,
BMT4346451B,,
BMT4470099B,,
BMT4470421B,,
BMT4470477B,,
BMT4472276B,,
BMT4472332B,,
BMT4472388B,,
BMT4472451B,,
BMT4472458B,,
BMT4472479B,,
BMT4473578B,,
BMT4473599B,,
BMT4474845B,,
BMT4474894B,,
BMT4475517B,,
BMT4475678B,,
BMT4475692B,,
BMT4475699B,,
BMT4475727B,,
BMT4475811B,,
BMT4475818B,,
BMT4476532B,,
BMT4476546B,,
BMT4476665B,,
BMT4477064B,,
BMT4477407B,,
BMT4477456B,,
BMT4478996B,,
BMT4479073B,,
BMT4479192B,,
BMT4481299B,,
BMT4481355B,,
BMT4481390B,,
BMT4482356B,,
BMT4483644B,,
BMT4483770B,,
BMT4483777B,,
BMT4483784B,,
BMT4483896B,,
BMT4483903B,,
BMT4483917B,,
BMT4484337B,,
BMT4484512B,,
BMT4485492B,,
BMT4485506B,,
BMT4485527B,,
BMT4487074B,,
BMT4487109B,,
BMT4487172B,,
BMT4487508B,,
BMT4487515B,,
BMT4487543B,,
BMT4488103B,,
BMT4488397B,,
BMT4488621B,,
BMT4488649B,,
BMT4489125B,,
BMT4489853B,,
BMT4489951B,,
BMT4489979B,,
BMT4489986B,,
BMT4490084B,,
BMT4490420B,,
BMT4490427B,,
BMT4490672B,,
BMT4490931B,,
BMT4490938B,,
BMT4490945B,,
BMT4490959B,,
BMT4491288B,,
BMT4492002B,,
BMT4492086B,,
BMT4492121B,,
BMT4492338B,,
BMT4492450B,,
BMT4493164B,,
BMT4493185B,,
BMT4493283B,,
BMT4493332B,,
BMT4493409B,,
BMT4494074B,,
BMT4494116B,,
BMT4495068B,,
BMT4495334B,,
BMT4495341B,,
BMT4495376B,,
BMT4495705B,,
BMT4495894B,,
BMT4497266B,,
BMT4497665B,,
BMT4497756B,,
BMT4601832B,,
BMT4622118B,,
BMT4646583B,,
BMT4826378B,,
BMT4993678B,,
BMT5074731B,,
BMT7051750B,,
BMT7103130B,,
BMT7104012B,,
BMT7104775B,,
BMT7105090B,,
BMT7105174B,,
BMT7105237B,,
BMT7105335B,,
BMT7105587B,,
BMT7106133B,,
BMT7106161B,,
BMT7106644B,,
BMT7106728B,,
BMT7107183B,,
BMT7107386B,,
BMT7107400B,,
BMT7107435B,,
BMT7139222B,,
BMT7139425B,,
BMT7139964B,,
BMT7140650B,,
BMT7140839B,,
BMT7140888B,,
BMT7141651B,,
BMT7158024B,,
BMT7158262B,,
BMT7158360B,,
BMT7158472B,,
BMT7159025B,,
BMT7160901B,,
BMT7167488B,,
BMT7167887B,,
BMT7195131B,,
BMT7195145B,,
BMT7195152B,,
BMT7195236B,,
BMT7195257B,,
BMT7195285B,,
BMT7800351B,,
BMT7800512B,,
BMT7800519B,,
BMT7801016B,,
BMT7801128B,,
BMT7801618B,,
BMT7801674B,,
BMT7801793B,,
BMT7801898B,,
BMT7801968B,,
BMT8169356B,,
BMT8311008B,,
BMT8389751B,,
BMT8389758B,,
BMT8514687B,,
BMT8749056B,,
BMT8811920B,,
BMT8819406B,,
BMT8835986B,,
BMT8835997B,,
BMT8864798B,,
BMT8873789B,,
BMT8873792B,,
BMT8873793B,,
BMT8873796B,,
BMT8873801B,,
BMT8895237B,,
BMT8895249B,,
BMT8895259B,,
BMT8895269B,,
BMT8897003B,,
BMT8897013B,,
BMT8940489B,,
BMT9031950B,,
BMT9056748B,,
BMT179387053,,
BMT179631086,,
BMT179639721,,
BMT179862216,,
BMT179862219,,
BMT179862223,,
BMT179862233,,
BMT179985178,,
BMT179985182,,
BMT179985183,,
BMT179990520,,
BMT2216428B,,
BMT2216603B,,
BMT2216834B,,
BMT2216974B,,
BMT2217261B,,
BMT2217415B,,
BMT2217422B,,
BMT2217464B,,
BMT2218017B,,
BMT2218136B,,
BMT2218234B,,
BMT2239332B,,
BMT2239339B,,
BMT2239451B,,
BMT2239458B,,
BMT2239465B,,
BMT2239766B,,
BMT2239794B,,
BMT2239815B,,
BMT2239843B,,
BMT2239906B,,
BMT2240018B,,
BMT2240039B,,
BMT2273030B,,
BMT2273079B,,
BMT2835165B,,
BMT2930862B,,
BMT2952429B,,
BMT2952436B,,
BMT3059403B,,
BMT3114542B,,
BMT3114703B,,
BMT3187349B,,
BMT3187391B,,
BMT3187475B,,
BMT3213991B,,
BMT3323212B,,
BMT3353123B,,
BMT3353613B,,
BMT3359157B,,
BMT3423207B,,
BMT3423235B,,
BMT3423277B,,
BMT3424999B,,
BMT3425020B,,
BMT3425062B,,
BMT3425223B,,
BMT3425230B,,
BMT3431383B,,
BMT3455764B,,
BMT3640137B,,
BMT3652772B,,
BMT3652779B,,
BMT3658113B,,
BMT3658134B,,
BMT3679484B,,
BMT3680478B,,
BMT3738655B,,
BMT3794221B,,
BMT3824237B,,
BMT3915041B,,
BMT3915097B,,
BMT3915104B,,
BMT4040663B,,
BMT4047411B,,
BMT4057365B,,
BMT4057379B,,
BMT4116375B,,
BMT4116403B,,
BMT4291550B,,
BMT4291648B,,
BMT4346507B,,
BMT4470064B,,
BMT4470393B,,
BMT4471303B,,
BMT4471317B,,
BMT4471478B,,
BMT4471499B,,
BMT4471548B,,
BMT4472381B,,
BMT4472486B,,
BMT4472493B,,
BMT4472507B,,
BMT4474859B,,
BMT4474971B,,
BMT4474978B,,
BMT4475615B,,
BMT4475720B,,
BMT4475797B,,
BMT4477050B,,
BMT4477071B,,
BMT4477260B,,
BMT4477351B,,
BMT4477428B,,
BMT4478030B,,
BMT4478163B,,
BMT4478184B,,
BMT4478779B,,
BMT4479052B,,
BMT4479185B,,
BMT4479948B,,
BMT4480172B,,
BMT4480200B,,
BMT4480214B,,
BMT4481334B,,
BMT4482342B,,
BMT4482349B,,
BMT4483637B,,
BMT4483763B,,
BMT4483791B,,
BMT4484239B,,
BMT4484288B,,
BMT4484323B,,
BMT4484330B,,
BMT4484540B,,
BMT4485282B,,
BMT4486633B,,
BMT4487179B,,
BMT4487578B,,
BMT4488061B,,
BMT4488327B,,
BMT4489181B,,
BMT4489867B,,
BMT4489944B,,
BMT4490000B,,
BMT4490210B,,
BMT4490245B,,
BMT4490406B,,
BMT4490434B,,
BMT4490700B,,
BMT4491862B,,
BMT4491869B,,
BMT4491953B,,
BMT4492023B,,
BMT4492331B,,
BMT4493087B,,
BMT4493171B,,
BMT4493325B,,
BMT4494130B,,
BMT4494487B,,
BMT4494529B,,
BMT4495047B,,
BMT4495180B,,
BMT4495187B,,
BMT4495306B,,
BMT4495383B,,
BMT4495390B,,
BMT4495796B,,
BMT4496580B,,
BMT4497322B,,
BMT4497679B,,
BMT4499037B,,
BMT4499114B,,
BMT4590989B,,
BMT4622090B,,
BMT4622097B,,
BMT4622111B,,
BMT5265502,,
BMT7051764B,,
BMT7103578B,,
BMT7104096B,,
BMT7104474B,,
BMT7104733B,,
BMT7105321B,,
BMT7105370B,,
BMT7105440B,,
BMT7107162B,,
BMT7107323B,,
BMT7107477B,,
BMT7139117B,,
BMT7139439B,,
BMT7139453B,,
BMT7140020B,,
BMT7140468B,,
BMT7140622B,,
BMT7140629B,,
BMT7140748B,,
BMT7140937B,,
BMT7154335B,,
BMT7154384B,,
BMT7158073B,,
BMT7158269B,,
BMT7158689B,,
BMT7158773B,,
BMT7158808B,,
BMT7158920B,,
BMT7159011B,,
BMT7160061B,,
BMT7160796B,,
BMT7160936B,,
BMT7161041B,,
BMT7167908B,,
BMT7711220B,,
BMT7800540B,,
BMT7800953B,,
BMT7800981B,,
BMT7801093B,,
BMT7801114B,,
BMT7801541B,,
BMT7801695B,,
BMT7801863B,,
BMT7801877B,,
BMT7801933B,,
BMT7803557B,,
BMT7803613B,,
BMT7803627B,,
BMT7803634B,,
BMT7804306B,,
BMT7808870B,,
BMT8749063B,,
BMT8819389B,,
BMT8819397B,,
BMT8819404B,,
BMT8819407B,,
BMT8835969B,,
BMT8873803B,,
BMT8895244B,,
BMT8895247B,,
BMT8895264B,,
BMT8895267B,,
BMT8940488B,,
BMT9031459B,,
BMT9031474B,,
BMT9054773B,,
BMT9054780B,,
BMT9056630B,,
BMT9056639B,,
BMT9146786B,,
BMT9188705B,,
BMT9227349B,,
BMT9236416B,,
BMT9236433B,,
BMT9254665B,,
BMT9275727B,,
BMT9474866B,,
BMT9474872B,,
BMT9500607B,,
BMT9590371B,,
BMT9623099B,,
BMT9474870B,,
BMT9488841B,,
BMT9590369B,,
BMT7803543B,,
BMT7803641B,,
BMT8168607B,,
BMT8169335B,,
BMT8169405B,,
BMT8389772B,,
BMT8749055B,,
BMT8749058B,,
BMT8793510B,,
BMT8808196B,,
BMT8819393B,,
BMT8819400B,,
BMT8819413B,,
BMT8895239B,,
BMT8895270B,,
BMT8896992B,,
BMT8897198B,,
BMT8979231B,,
BMT9003621B,,
BMT9042427B,,
BMT9054779B,,
BMT9054781B,,
BMT9056577B,,
BMT9056627B,,
BMT9056641B,,
BMT9056813B,,
BMT9146773B,,
BMT9146784B,,
BMT9162829B,,
BMT9188734B,,
BMT9251517B,,
BMT9251520B,,
BMT9256772B,,
BMT9257349B,,
BMT9397924B,,
BMT9474869B,,
BMT9488845B,,
BMT9512311B,,
BMT8895260B,,
BMT8940490B,,
BMT8979236B,,
BMT9056640B,,
BMT9056802B,,
BMT9073851B,,
BMT9236410B,,
BMT9251512B,,
BMT9251519B,,
BMT9474871B,,
BMT9488833B,,
BMT9512312B,,
BMT9512315B,,
BMT9072445B,,
BMT9135396B,,
BMT9146783B,,
BMT9321261B,,
BMT9416046B,,
BMT9474868B,,
BMT9474873B,,
BMT9500598B,,
BMT9511341B,,
BMT9512289B,,
BMT9531655B,,
BMT9568263B,,
BMT9590370B,,
BMT8311106B,,
BMT8741015B,,
BMT8749059B,,
BMT8808818B,,
BMT8811912B,,
BMT8819388B,,
BMT8851651B,,
BMT8873795B,,
BMT8895241B,,
BMT8895242B,,
BMT8895246B,,
BMT8895248B,,
BMT8895254B,,
BMT8895257B,,
BMT8895261B,,
BMT8895262B,,
BMT8895266B,,
BMT8895268B,,
BMT8896973B,,
BMT8897010B,,
BMT8940487B,,
BMT9054776B,,
BMT9056807B,,
BMT9113867B,,
BMT9251515B,,
BMT9251521B,,
BMT9487150B,,
BMT7803564B,,
BMT7803571B,,
BMT7803578B,,
BMT7803599B,,
BMT8162510B,,
BMT8162524B,,
BMT8458820B,,
BMT8749067B,,
BMT8790061B,,
BMT8811911B,,
BMT8811919B,,
BMT8819401B,,
BMT8819408B,,
BMT8819411B,,
BMT8835994B,,
BMT8873791B,,
BMT8873797B,,
BMT8895245B,,
BMT8895255B,,
BMT8895265B,,
BMT9003617B,,
BMT9021385B,,
BMT9031476B,,
BMT9054782B,,
BMT9056755B,,
BMT9073849B,,
BMT9146778B,,
BMT9236425B,,
BMT9251511B,,
BMT9256771B,,
BMT9386324B,,
BMT9609995B,,
