BMT122938358,,
BMT164785818,,
BMT1731463C,,
BMT4064941B,,
BMT169945610,,
BMT169945611,,
BMT167219641,,
BMT167219642,,
BMT167220990,,
BMT167220991,,
BMT167221816,,
BMT167221817,,
BMT167222111,,
BMT167222112,,
BMT169945616,,
BMT169945617,,
BMT167222449,,
BMT167222450,,
BMT2910900B,,
BMT2910907B,,
BMT2910907B,,
BMT2910935B,,
BMT2910935B,,
BMT2910942B,,
BMT2910935B,,
BMT2910963B,,
BMT2910963B,,
BMT2910977B,,
BMT2910977B,,
BMT2910984B,,
BMT2910984B,,
BMT2910991B,,
BMT2910991B,,
BMT2910998B,,
BMT2910998B,,
BMT2911005B,,
BMT2911005B,,
BMT2911012B,,
BMT2911012B,,
BMT162051990,,
BMT2911040B,,
BMT2911047B,,
BMT2911047B,,
BMT2911061B,,
BMT2911061B,,
BMT2911082B,,
BMT2911082B,,
BMT2911096B,,
BMT2911096B,,
BMT2911103B,,
BMT2911103B,,
BMT2911117B,,
BMT2911117B,,
BMT2911124B,,
BMT2911124B,,
BMT162051991,,
BMT2911670B,,
BMT2911691B,,
BMT2911691B,,
BMT164785815,,
BMT164785815,,
BMT2911789B,,
BMT2911782B,,
BMT2911796B,,
BMT2911789B,,
BMT2911782B,,
BMT2911796B,,
BMT2911810B,,
BMT2911803B,,
BMT2911831B,,
BMT2911810B,,
BMT2911803B,,
BMT2911831B,,
BMT2911838B,,
BMT2911838B,,
BMT164785816,,
BMT164785816,,
BMT2911859B,,
BMT2911859B,,
BMT2911908B,,
BMT2911908B,,
BMT2911922B,,
BMT2911922B,,
BMT2911964B,,
BMT2911964B,,
BMT2911985B,,
BMT122938358,,
BMT164785817,,
BMT122938393,,
BMT122938400,,
BMT2911985B,,
BMT122938358,,
BMT164785817,,
BMT4297985B,,
BMT2912181B,,
BMT2912195B,,
BMT2912195B,,
BMT2912251B,,
BMT2912251B,,
BMT2912265B,,
BMT2912265B,,
BMT122937476,,
BMT122937476,,
BMT2912307B,,
BMT2912307B,,
BMT2912363B,,
BMT2912349B,,
BMT2912384B,,
BMT2912363B,,
BMT2912349B,,
BMT157420288,,
BMT2812921B,,
BMT2812921B,,
BMT2812928B,,
BMT2812928B,,
BMT2916689B,,
BMT2916689B,,
BMT2916710B,,
BMT2916710B,,
BMT157420290,,
BMT158675843,,
BMT4052684B,,
BMT2811346B,,
BMT2811353B,,
BMT2811353B,,
BMT162659047,,
BMT162659047,,
BMT2811367B,,
BMT2811367B,,
BMT2811395B,,
BMT2811395B,,
BMT2811402B,,
BMT2811402B,,
BMT2811409B,,
BMT2811409B,,
BMT2811416B,,
BMT2811416B,,
BMT122938946,,
BMT122938953,,
BMT122938960,,
BMT122938960,,
BMT2811444B,,
BMT122938960,,
BMT2912930B,,
BMT2811444B,,
BMT122938967,,
BMT122938967,,
BMT2811549B,,
BMT122938967,,
BMT2811584B,,
BMT2811549B,,
BMT122938981,,
BMT122938981,,
BMT2811563B,,
BMT122938981,,
BMT122939002,,
BMT2811563B,,
BMT2811570B,,
BMT2811570B,,
BMT2811997B,,
BMT2811584B,,
BMT122938988,,
BMT2811997B,,
BMT2812004B,,
BMT2812004B,,
BMT2812046B,,
BMT2812046B,,
BMT2812053B,,
BMT2812053B,,
BMT2812060B,,
BMT2812060B,,
BMT2812067B,,
BMT2812067B,,
BMT2812074B,,
BMT2812067B,,
BMT2812081B,,
BMT2812081B,,
BMT2812088B,,
BMT2812088B,,
BMT122938995,,
BMT169769942,,
BMT2812690B,,
BMT169769942,,
BMT169769944,,
BMT2812690B,,
BMT2812725B,,
BMT2812725B,,
BMT2812739B,,
BMT2812739B,,
BMT2915961B,,
BMT2812746B,,
BMT169769942,,
BMT2812753B,,
BMT2812746B,,
BMT157420287,,
BMT2812823B,,
BMT122937210,,
BMT2916297B,,
BMT2812823B,,
BMT2812844B,,
BMT2812844B,,
BMT2812851B,,
BMT2812851B,,
BMT2812858B,,
BMT2812858B,,
BMT2812865B,,
BMT2812865B,,
BMT157420288,,
BMT157420288,,
BMT2812963B,,
BMT2812963B,,
BMT157420289,,
BMT122937308,,
BMT122937315,,
BMT122937273,,
BMT122937280,,
BMT122937364,,
BMT2908555B,,
BMT122937168,,
BMT4052600B,,
BMT2908555B,,
BMT2908562B,,
BMT2908562B,,
BMT2908660B,,
BMT2908660B,,
BMT122937371,,
BMT122937371,,
BMT2908674B,,
BMT2908674B,,
BMT122937378,,
BMT122937378,,
BMT2908688B,,
BMT164785814,,
BMT2911670B,,
BMT2908688B,,
BMT2908695B,,
BMT2908695B,,
BMT2908702B,,
BMT2908702B,,
BMT2908709B,,
BMT2908709B,,
BMT2908716B,,
BMT2908716B,,
BMT2908723B,,
BMT2908723B,,
BMT2908737B,,
BMT2908737B,,
BMT2908772B,,
BMT2908772B,,
BMT2908793B,,
BMT2908793B,,
BMT2908807B,,
BMT2908807B,,
BMT2908835B,,
BMT2908835B,,
BMT2908842B,,
BMT2908835B,,
BMT2908856B,,
BMT2908856B,,
BMT2908884B,,
BMT2908884B,,
BMT2908891B,,
BMT2908891B,,
BMT2908898B,,
BMT2908898B,,
BMT2908905B,,
BMT2908905B,,
BMT2908912B,,
BMT2908912B,,
BMT2908919B,,
BMT2908919B,,
BMT2908926B,,
BMT2908926B,,
BMT2908933B,,
BMT2908933B,,
BMT2908954B,,
BMT2908954B,,
BMT122937385,,
BMT122937385,,
BMT122937392,,
BMT122937392,,
BMT122937399,,
BMT122937392,,
BMT2908982B,,
BMT122937469,,
BMT2912181B,,
BMT2908982B,,
BMT2909003B,,
BMT2909003B,,
BMT2909101B,,
BMT2909101B,,
BMT2909108B,,
BMT2909108B,,
BMT2909115B,,
BMT2909115B,,
BMT122937406,,
BMT122937406,,
BMT2909129B,,
BMT122938323,,
BMT122938330,,
BMT2909129B,,
BMT2909136B,,
BMT2909136B,,
BMT2909143B,,
BMT2909143B,,
BMT2909150B,,
BMT2909150B,,
BMT122937413,,
BMT122937413,,
BMT2909164B,,
BMT122938253,,
BMT2912594B,,
BMT2909164B,,
BMT2909171B,,
BMT2909171B,,
BMT2909178B,,
BMT2909178B,,
BMT2909185B,,
BMT2909185B,,
BMT2909192B,,
BMT2909192B,,
BMT2909199B,,
BMT2909199B,,
BMT2909220B,,
BMT2909220B,,
BMT2909227B,,
BMT2909227B,,
BMT2909241B,,
BMT2909241B,,
BMT2909283B,,
BMT2912384B,,
BMT2912496B,,
BMT2912475B,,
BMT2912482B,,
BMT2912482B,,
BMT2912531B,,
BMT2912496B,,
BMT2912475B,,
BMT2912594B,,
BMT2912601B,,
BMT2912601B,,
BMT122938260,,
BMT2912615B,,
BMT2912629B,,
BMT122938260,,
BMT2912615B,,
BMT122938309,,
BMT122938316,,
BMT2912629B,,
BMT2912650B,,
BMT2912636B,,
BMT2912664B,,
BMT2912650B,,
BMT2912636B,,
BMT2912664B,,
BMT2912685B,,
BMT2912685B,,
BMT2912699B,,
BMT2912692B,,
BMT122938267,,
BMT2912699B,,
BMT2912692B,,
BMT122938295,,
BMT122938302,,
BMT122938267,,
BMT122938274,,
BMT2912734B,,
BMT2912727B,,
BMT122938204,,
BMT2912846B,,
BMT2912846B,,
BMT122938211,,
BMT2912874B,,
BMT122938974,,
BMT2912916B,,
BMT2912874B,,
BMT2912923B,,
BMT2912916B,,
BMT2912930B,,
BMT2912944B,,
BMT2912944B,,
BMT2912923B,,
BMT122938211,,
BMT2912979B,,
BMT122938239,,
BMT122938246,,
BMT2912979B,,
BMT2912986B,,
BMT2912986B,,
BMT2913000B,,
BMT2912993B,,
BMT2913042B,,
BMT2913000B,,
BMT2912993B,,
BMT2913028B,,
BMT2913056B,,
BMT2913042B,,
BMT2913028B,,
BMT122938218,,
BMT2913070B,,
BMT122938225,,
BMT122938232,,
BMT2913056B,,
BMT122938218,,
BMT2913070B,,
BMT2913084B,,
BMT2913084B,,
BMT2913091B,,
BMT2913091B,,
BMT2913098B,,
BMT2913133B,,
BMT2913140B,,
BMT2913140B,,
BMT2913147B,,
BMT2913147B,,
BMT122937868,,
BMT2913259B,,
BMT2913266B,,
BMT2913266B,,
BMT2913273B,,
BMT164420053,,
BMT2913371B,,
BMT2913371B,,
BMT2913427B,,
BMT2913427B,,
BMT122937917,,
BMT122938176,,
BMT122938183,,
BMT122937917,,
BMT164420054,,
BMT150858207,,
BMT122938057,,
BMT122937931,,
BMT2913483B,,
BMT122938057,,
BMT2913672B,,
BMT122938162,,
BMT122938169,,
BMT2913483B,,
BMT2913518B,,
BMT2909283B,,
BMT122937420,,
BMT122937420,,
BMT2909304B,,
BMT122937420,,
BMT122937434,,
BMT2909304B,,
BMT2909318B,,
BMT2909318B,,
BMT2909360B,,
BMT2909360B,,
BMT2909374B,,
BMT2909374B,,
BMT122937427,,
BMT122937427,,
BMT122937441,,
BMT122937441,,
BMT2909409B,,
BMT122938190,,
BMT122938197,,
BMT2909409B,,
BMT2909430B,,
BMT2909430B,,
BMT2909479B,,
BMT2909479B,,
BMT2909486B,,
BMT2909486B,,
BMT2909493B,,
BMT2909493B,,
BMT2909500B,,
BMT2909500B,,
BMT2909507B,,
BMT2909507B,,
BMT2909514B,,
BMT2909514B,,
BMT2909521B,,
BMT2909521B,,
BMT2909528B,,
BMT2909528B,,
BMT2909535B,,
BMT2909535B,,
BMT2909556B,,
BMT2909556B,,
BMT2909563B,,
BMT2909563B,,
BMT2909570B,,
BMT2909570B,,
BMT2909577B,,
BMT2909577B,,
BMT122937448,,
BMT2909584B,,
BMT2909598B,,
BMT122937448,,
BMT2909584B,,
BMT122937448,,
BMT122937462,,
BMT2909598B,,
BMT122937455,,
BMT164420052,,
BMT164420053,,
BMT122937455,,
BMT2909619B,,
BMT162051982,,
BMT2909626B,,
BMT2909626B,,
BMT2909640B,,
BMT2909640B,,
BMT2909647B,,
BMT2909647B,,
BMT2909654B,,
BMT2909654B,,
BMT2909661B,,
BMT2909661B,,
BMT2909675B,,
BMT2909675B,,
BMT2909682B,,
BMT2909682B,,
BMT2909689B,,
BMT2909689B,,
BMT2909696B,,
BMT2909696B,,
BMT2909710B,,
BMT2909710B,,
BMT2909717B,,
BMT2909717B,,
BMT2909724B,,
BMT2909724B,,
BMT2909731B,,
BMT2909731B,,
BMT2909738B,,
BMT2909738B,,
BMT2909745B,,
BMT2909745B,,
BMT2909752B,,
BMT2909745B,,
BMT2909759B,,
BMT2909759B,,
BMT162051983,,
BMT162051983,,
BMT162051984,,
BMT162051984,,
BMT2909787B,,
BMT2909787B,,
BMT2909794B,,
BMT2909794B,,
BMT122937497,,
BMT122937497,,
BMT2909808B,,
BMT122937889,,
BMT122937896,,
BMT2913518B,,
BMT2913525B,,
BMT2913525B,,
BMT2913532B,,
BMT2913532B,,
BMT2913539B,,
BMT2913539B,,
BMT2913546B,,
BMT2913546B,,
BMT122937938,,
BMT122937938,,
BMT164420055,,
BMT122938036,,
BMT122938043,,
BMT164420055,,
BMT2913567B,,
BMT164420055,,
BMT164420056,,
BMT2913567B,,
BMT122937952,,
BMT122937952,,
BMT2913581B,,
BMT122938022,,
BMT122938029,,
BMT2913581B,,
BMT2913588B,,
BMT2913588B,,
BMT2913595B,,
BMT2913595B,,
BMT2913602B,,
BMT2913602B,,
BMT2913609B,,
BMT2913609B,,
BMT164420057,,
BMT164420057,,
BMT4353544B,,
BMT2913672B,,
BMT2913679B,,
BMT2913679B,,
BMT2913686B,,
BMT2913686B,,
BMT2913693B,,
BMT2913693B,,
BMT2913700B,,
BMT2913700B,,
BMT2913707B,,
BMT2913707B,,
BMT150858208,,
BMT150858208,,
BMT2913721B,,
BMT2913721B,,
BMT2913728B,,
BMT2913728B,,
BMT2913735B,,
BMT2913735B,,
BMT2913756B,,
BMT2913756B,,
BMT2913777B,,
BMT2913777B,,
BMT2913833B,,
BMT2913833B,,
BMT2913847B,,
BMT2913847B,,
BMT2913868B,,
BMT2913868B,,
BMT2913875B,,
BMT2913875B,,
BMT2913882B,,
BMT2913875B,,
BMT2913889B,,
BMT2913889B,,
BMT2913924B,,
BMT2913924B,,
BMT2913931B,,
BMT2913931B,,
BMT122938064,,
BMT122938064,,
BMT2913945B,,
BMT122938148,,
BMT122938155,,
BMT2913945B,,
BMT2913952B,,
BMT2913952B,,
BMT2913959B,,
BMT2913959B,,
BMT150858209,,
BMT2913966B,,
BMT150858210,,
BMT150858210,,
BMT122938085,,
BMT122938085,,
BMT2913987B,,
BMT122938134,,
BMT122938141,,
BMT122938085,,
BMT150858211,,
BMT2913987B,,
BMT2914015B,,
BMT122938106,,
BMT122938113,,
BMT2914015B,,
BMT2914022B,,
BMT2914022B,,
BMT2914029B,,
BMT2914029B,,
BMT2914036B,,
BMT2914036B,,
BMT2914043B,,
BMT2914050B,,
BMT2914057B,,
BMT2914057B,,
BMT2914064B,,
BMT2914064B,,
BMT2914071B,,
BMT2914071B,,
BMT2914085B,,
BMT2914085B,,
BMT2914092B,,
BMT2914099B,,
BMT2914106B,,
BMT2914106B,,
BMT5298306B,,
BMT2914113B,,
BMT2914120B,,
BMT2914120B,,
BMT5298334B,,
BMT153103904,,
BMT5298341B,,
BMT2914134B,,
BMT2914141B,,
BMT2914141B,,
BMT2914148B,,
BMT2914148B,,
BMT2914155B,,
BMT2914155B,,
BMT2914162B,,
BMT2914162B,,
BMT2914176B,,
BMT2914169B,,
BMT2914183B,,
BMT2914176B,,
BMT2914169B,,
BMT2914183B,,
BMT5298355B,,
BMT2914190B,,
BMT122937595,,
BMT122937602,,
BMT122937609,,
BMT122937770,,
BMT122937777,,
BMT122937609,,
BMT2914281B,,
BMT150858369,,
BMT2914288B,,
BMT2914281B,,
BMT2914309B,,
BMT2914288B,,
BMT2914505B,,
BMT2914309B,,
BMT2914323B,,
BMT2914323B,,
BMT2914351B,,
BMT2914351B,,
BMT2914358B,,
BMT2914358B,,
BMT2914365B,,
BMT2914365B,,
BMT122937616,,
BMT153103905,,
BMT2914379B,,
BMT2914379B,,
BMT153103906,,
BMT153103906,,
BMT2914400B,,
BMT153103907,,
BMT153103908,,
BMT2914400B,,
BMT2914414B,,
BMT153103908,,
BMT2914421B,,
BMT2914414B,,
BMT153103907,,
BMT2914421B,,
BMT2914442B,,
BMT2914442B,,
BMT2914449B,,
BMT2914449B,,
BMT2914456B,,
BMT2914456B,,
BMT2914463B,,
BMT2914463B,,
BMT153103909,,
BMT153103909,,
BMT2914477B,,
BMT2914477B,,
BMT2914484B,,
BMT2914484B,,
BMT2914757B,,
BMT2914505B,,
BMT2914512B,,
BMT2914512B,,
BMT2914519B,,
BMT2914519B,,
BMT2914526B,,
BMT2914526B,,
BMT2914533B,,
BMT2914533B,,
BMT2914540B,,
BMT2914540B,,
BMT2914547B,,
BMT2914547B,,
BMT2914554B,,
BMT2914554B,,
BMT2914561B,,
BMT2914561B,,
BMT2914596B,,
BMT2914596B,,
BMT2914603B,,
BMT2914603B,,
BMT2914610B,,
BMT2914610B,,
BMT2914617B,,
BMT2914617B,,
BMT2914624B,,
BMT2914624B,,
BMT2914631B,,
BMT2914631B,,
BMT2914638B,,
BMT2914638B,,
BMT2914645B,,
BMT2914645B,,
BMT2914652B,,
BMT2914652B,,
BMT150858370,,
BMT150858370,,
BMT2914666B,,
BMT2914666B,,
BMT150858371,,
BMT150858371,,
BMT2914680B,,
BMT2914680B,,
BMT2914687B,,
BMT2914687B,,
BMT2914694B,,
BMT2914694B,,
BMT2914701B,,
BMT2914757B,,
BMT2914764B,,
BMT2914764B,,
BMT153103910,,
BMT122937658,,
BMT2914778B,,
BMT122937728,,
BMT122937735,,
BMT2914778B,,
BMT2914785B,,
BMT2914785B,,
BMT2914792B,,
BMT2914792B,,
BMT2914820B,,
BMT2914820B,,
BMT2914827B,,
BMT2914827B,,
BMT2914834B,,
BMT2914834B,,
BMT2914841B,,
BMT2914841B,,
BMT2914848B,,
BMT2914848B,,
BMT2914855B,,
BMT2914855B,,
BMT122937665,,
BMT2914862B,,
BMT153103911,,
BMT153103911,,
BMT2914876B,,
BMT2914876B,,
BMT2914883B,,
BMT2914883B,,
BMT2914904B,,
BMT2914904B,,
BMT2914918B,,
BMT2914918B,,
BMT2914925B,,
BMT2914925B,,
BMT122937679,,
BMT122937679,,
BMT2914939B,,
BMT122937700,,
BMT122937707,,
BMT2914939B,,
BMT153103912,,
BMT2914960B,,
BMT2914974B,,
BMT2914967B,,
BMT153103913,,
BMT2914974B,,
BMT2914967B,,
BMT2915009B,,
BMT2915016B,,
BMT2915016B,,
BMT2915030B,,
BMT2915030B,,
BMT2915037B,,
BMT2915037B,,
BMT2915051B,,
BMT2915051B,,
BMT2915058B,,
BMT2915058B,,
BMT2915072B,,
BMT2915072B,,
BMT2915079B,,
BMT2915079B,,
BMT2915093B,,
BMT2915093B,,
BMT2915100B,,
BMT2915100B,,
BMT2915107B,,
BMT2915107B,,
BMT2915114B,,
BMT2915114B,,
BMT2915121B,,
BMT2915121B,,
BMT2915128B,,
BMT2915128B,,
BMT2915135B,,
BMT2915135B,,
BMT2915142B,,
BMT2915142B,,
BMT2915149B,,
BMT161535982,,
BMT150844213,,
BMT150844267,,
BMT150844268,,
BMT4071626B,,
BMT153236964,,
BMT4071619B,,
BMT153236964,,
BMT150858247,,
BMT150858248,,
BMT150858403,,
BMT150858404,,
BMT166079257,,
BMT8787177B,,
BMT8787177B,,
BMT166079259,,
BMT2915275B,,
BMT160805251,,
BMT2915282B,,
BMT160805251,,
BMT160805251,,
BMT160805252,,
BMT2915282B,,
BMT151897953,,
BMT2915289B,,
BMT151897953,,
BMT160805413,,
BMT160805414,,
BMT122938806,,
BMT153236965,,
BMT4071493B,,
BMT153236965,,
BMT160397393,,
BMT160397394,,
BMT164501701,,
BMT4051802B,,
BMT162277074,,
BMT1731827B,,
BMT166079267,,
BMT1732100B,,
BMT122938477,,
BMT4078318B,,
BMT164501699,,
BMT4051760B,,
BMT4051739B,,
BMT164501698,,
BMT164501698,,
BMT164501699,,
BMT164501698,,
BMT164501700,,
BMT122939086,,
BMT122939093,,
BMT122939079,,
BMT4067839B,,
BMT162659043,,
BMT122938904,,
BMT169769946,,
BMT4069120B,,
BMT3278603B,,
BMT169769946,,
BMT122937147,,
BMT122937154,,
BMT122937105,,
BMT4064780B,,
BMT4051354B,,
BMT4051361B,,
BMT4051361B,,
BMT4051368B,,
BMT4051368B,,
BMT158675841,,
BMT4051375B,,
BMT4051382B,,
BMT4051382B,,
BMT4051389B,,
BMT4051389B,,
BMT4051396B,,
BMT4051396B,,
BMT4051403B,,
BMT4051403B,,
BMT4051410B,,
BMT4051410B,,
BMT4051417B,,
BMT4051417B,,
BMT4051424B,,
BMT4051424B,,
BMT122936818,,
BMT4051431B,,
BMT4051438B,,
BMT4051438B,,
BMT4051445B,,
BMT4051445B,,
BMT4051452B,,
BMT4051452B,,
BMT4051459B,,
BMT4051459B,,
BMT4051466B,,
BMT4051466B,,
BMT4051473B,,
BMT4051473B,,
BMT4051480B,,
BMT4051480B,,
BMT4051487B,,
BMT4051487B,,
BMT4051494B,,
BMT4051494B,,
BMT4051501B,,
BMT4051501B,,
BMT4051508B,,
BMT4051508B,,
BMT4051515B,,
BMT2909808B,,
BMT2909815B,,
BMT2909815B,,
BMT2909822B,,
BMT2909822B,,
BMT2909829B,,
BMT2909829B,,
BMT2909836B,,
BMT2909836B,,
BMT2909843B,,
BMT2909843B,,
BMT2909913B,,
BMT2909913B,,
BMT2909920B,,
BMT2909920B,,
BMT2909927B,,
BMT2909927B,,
BMT2909934B,,
BMT2909934B,,
BMT162051985,,
BMT162051985,,
BMT122937511,,
BMT162051985,,
BMT2909955B,,
BMT153103903,,
BMT2914099B,,
BMT2909955B,,
BMT2909962B,,
BMT2909962B,,
BMT2909969B,,
BMT2909969B,,
BMT2909976B,,
BMT2909976B,,
BMT2909983B,,
BMT2909983B,,
BMT122937518,,
BMT122937518,,
BMT2910025B,,
BMT122937875,,
BMT122937882,,
BMT2910025B,,
BMT2910032B,,
BMT2910032B,,
BMT2910053B,,
BMT2910053B,,
BMT2910060B,,
BMT2910060B,,
BMT122937525,,
BMT122937525,,
BMT162051986,,
BMT122937861,,
BMT2910095B,,
BMT162051986,,
BMT2910088B,,
BMT2910088B,,
BMT2910116B,,
BMT2910095B,,
BMT2913133B,,
BMT2910116B,,
BMT2910130B,,
BMT2910130B,,
BMT2910144B,,
BMT2910144B,,
BMT122937539,,
BMT2910172B,,
BMT2910179B,,
BMT2910179B,,
BMT2910186B,,
BMT2910186B,,
BMT162051987,,
BMT162051987,,
BMT162051988,,
BMT162051988,,
BMT2910235B,,
BMT2910235B,,
BMT2910263B,,
BMT2910263B,,
BMT122937553,,
BMT122937553,,
BMT2910872B,,
BMT122937833,,
BMT122937840,,
BMT2910872B,,
BMT2910879B,,
BMT2910879B,,
BMT2910886B,,
BMT2910886B,,
BMT2910893B,,
BMT2910893B,,
BMT2910900B,,
BMT122938750,,
BMT2913259B,,
BMT162659044,,
BMT4065172B,,
BMT122939303,,
BMT122939310,,
BMT122939268,,
BMT4055848B,,
BMT3045839B,,
BMT4061623B,,
BMT167222107,,
BMT4061623C,,
BMT153103912,,
BMT2914960B,,
BMT3136650B,,
BMT4065088B,,
BMT4057423B,,
BMT4057437B,,
BMT4057437B,,
BMT4057444B,,
BMT169766379,,
BMT169766380,,
BMT162279604,,
BMT162279605,,
BMT162279605,,
BMT4065501B,,
BMT162279605,,
BMT9106885B,,
BMT9106885B,,
BMT9106895B,,
BMT9106895B,,
BMT9106898B,,
BMT9106898B,,
BMT9106902B,,
BMT9106902B,,
BMT9106906B,,
BMT9106906B,,
BMT162279607,,
BMT166079268,,
BMT4055372B,,
BMT4055372B,,
BMT4055386B,,
BMT4055386B,,
BMT166079269,,
BMT9107118B,,
BMT9107119B,,
BMT9107119B,,
BMT9107120B,,
BMT9107120B,,
BMT9107122B,,
BMT9107122B,,
BMT166079270,,
BMT166079269,,
BMT9107132B,,
BMT9107132B,,
BMT9107118B,,
BMT162310687,,
BMT9107599B,,
BMT9107599B,,
BMT9107601B,,
BMT9107601B,,
BMT162310690,,
BMT165123940,,
BMT9153971B,,
BMT9153971B,,
BMT9153974B,,
BMT9153974B,,
BMT9153975B,,
BMT9153975B,,
BMT9153977B,,
BMT9153977B,,
BMT165123941,,
BMT4051830B,,
BMT164501702,,
BMT164501702,,
BMT4051837B,,
BMT164501702,,
BMT164501704,,
BMT4064059B,,
BMT4064066B,,
BMT4064059C,,
BMT4064066C,,
BMT4064066B,,
BMT1730371B,,
BMT4064066C,,
BMT1730371C,,
BMT4064094B,,
BMT169766378,,
BMT169766378,,
BMT4064108B,,
BMT4064108B,,
BMT4064115B,,
BMT4064115B,,
BMT4064122B,,
BMT4064122B,,
BMT4064129B,,
BMT4064129B,,
BMT4064136B,,
BMT4064136B,,
BMT4064143B,,
BMT4064143B,,
BMT4064150B,,
BMT4064150B,,
BMT4064255B,,
BMT4064248B,,
BMT4064262B,,
BMT4064255B,,
BMT4064248B,,
BMT4064262B,,
BMT4064269B,,
BMT4064269B,,
BMT4064276B,,
BMT4064276B,,
BMT4064290B,,
BMT4064283B,,
BMT4064304B,,
BMT4064283C,,
BMT4064304C,,
BMT4064290B,,
BMT4064297B,,
BMT4064297B,,
BMT4064311B,,
BMT4064304B,,
BMT4064325B,,
BMT4064304C,,
BMT4064325C,,
BMT4064311B,,
BMT4064318B,,
BMT4064318B,,
BMT4064332B,,
BMT4064325B,,
BMT4064339B,,
BMT4057444B,,
BMT168608068,,
BMT168608068,,
BMT4057458B,,
BMT4057458B,,
BMT4057465B,,
BMT4057465B,,
BMT168608069,,
BMT4057598B,,
BMT4057605B,,
BMT4057605B,,
BMT4057612B,,
BMT4057612B,,
BMT4057619B,,
BMT4057619B,,
BMT4057626B,,
BMT4057626B,,
BMT122939170,,
BMT4057759B,,
BMT4057773B,,
BMT4057766B,,
BMT4057759B,,
BMT4057773B,,
BMT4057780B,,
BMT4057780B,,
BMT4057843B,,
BMT4057787B,,
BMT4057794B,,
BMT4057794B,,
BMT122939471,,
BMT4057843B,,
BMT4057787B,,
BMT4057878B,,
BMT4057885B,,
BMT4057885B,,
BMT4057892B,,
BMT4057892B,,
BMT4057899B,,
BMT4057899B,,
BMT168608071,,
BMT4058697B,,
BMT4058704B,,
BMT4058704B,,
BMT4058711B,,
BMT4058711B,,
BMT122939408,,
BMT4058900B,,
BMT122939422,,
BMT4058907B,,
BMT4058914B,,
BMT4058914B,,
BMT122939429,,
BMT168608072,,
BMT4058928B,,
BMT4058928B,,
BMT4058935B,,
BMT4058935B,,
BMT4058942B,,
BMT4058942B,,
BMT4058949B,,
BMT4058949B,,
BMT4058956B,,
BMT4058956B,,
BMT168608074,,
BMT4058977B,,
BMT122939212,,
BMT122939212,,
BMT4058991B,,
BMT122939387,,
BMT122939394,,
BMT4058991B,,
BMT4058998B,,
BMT4058998B,,
BMT4059005B,,
BMT4059005B,,
BMT4059012B,,
BMT4059012B,,
BMT4059019B,,
BMT4059019B,,
BMT4059026B,,
BMT4059026B,,
BMT122939226,,
BMT4059033B,,
BMT122939233,,
BMT122939233,,
BMT4059047B,,
BMT122939331,,
BMT122939338,,
BMT4059047B,,
BMT4059054B,,
BMT4059054B,,
BMT122939240,,
BMT122939240,,
BMT1731645B,,
BMT122939317,,
BMT122939324,,
BMT4059068B,,
BMT122939352,,
BMT4059075B,,
BMT4059082B,,
BMT4059082B,,
BMT4059089B,,
BMT4059089B,,
BMT4059096B,,
BMT4059096B,,
BMT4059103B,,
BMT4059103B,,
BMT4059110B,,
BMT4059110B,,
BMT4059117B,,
BMT4051515B,,
BMT4051522B,,
BMT4051522B,,
BMT1731869B,,
BMT4051669B,,
BMT1732114B,,
BMT4051718B,,
BMT4051725B,,
BMT4051725B,,
BMT4051732B,,
BMT4051732B,,
BMT4051739B,,
BMT4051760B,,
BMT4051767B,,
BMT4051767B,,
BMT164501701,,
BMT4051802B,,
BMT4051809B,,
BMT4051809B,,
BMT4051816B,,
BMT4051816B,,
BMT4051823B,,
BMT4051823B,,
BMT4051830B,,
BMT4051837B,,
BMT4051844B,,
BMT4051844B,,
BMT4051851B,,
BMT4051851B,,
BMT164501703,,
BMT4051865B,,
BMT4051872B,,
BMT4051872B,,
BMT4051900B,,
BMT4051900B,,
BMT122939667,,
BMT4052264B,,
BMT4052271B,,
BMT4052271B,,
BMT4052313B,,
BMT4052313B,,
BMT1731883B,,
BMT4052369B,,
BMT4052376B,,
BMT4052376B,,
BMT4052383B,,
BMT4052383B,,
BMT4052390B,,
BMT4052390B,,
BMT4052397B,,
BMT4052397B,,
BMT4052404B,,
BMT4052404B,,
BMT4052411B,,
BMT4052411B,,
BMT122936825,,
BMT4052467B,,
BMT4052789B,,
BMT4052586B,,
BMT4052593B,,
BMT4052593B,,
BMT122937168,,
BMT4052600B,,
BMT4052607B,,
BMT4052607B,,
BMT4052614B,,
BMT4052614B,,
BMT4052621B,,
BMT4052621B,,
BMT169770512,,
BMT4052635B,,
BMT1731722C,,
BMT4052684B,,
BMT4052691B,,
BMT4052691B,,
BMT4052726B,,
BMT4052726B,,
BMT4052733B,,
BMT4052733B,,
BMT158675844,,
BMT4052761B,,
BMT4052768B,,
BMT4052768B,,
BMT4059852B,,
BMT4052789B,,
BMT4052796B,,
BMT4052796B,,
BMT4052803B,,
BMT4052803B,,
BMT166079257,,
BMT166079257,,
BMT4052817B,,
BMT4052817B,,
BMT166079258,,
BMT4052824B,,
BMT166079261,,
BMT4052957B,,
BMT4052964B,,
BMT4052964B,,
BMT4052971B,,
BMT4052971B,,
BMT4052978B,,
BMT4052978B,,
BMT4052985B,,
BMT4052985B,,
BMT4052992B,,
BMT4052992B,,
BMT166079262,,
BMT4052999B,,
BMT166079271,,
BMT4054707B,,
BMT266706B,,
BMT4064325C,,
BMT4064339C,,
BMT4064332B,,
BMT4064346B,,
BMT4064339B,,
BMT4064353B,,
BMT4064339C,,
BMT4064353C,,
BMT4064346B,,
BMT169766379,,
BMT4064353B,,
BMT4064360B,,
BMT4064353C,,
BMT4064360C,,
BMT4064360B,,
BMT4064367B,,
BMT4064360C,,
BMT4064367C,,
BMT4064367B,,
BMT158675838,,
BMT4064367C,,
BMT135183913,,
BMT4064374B,,
BMT4064381B,,
BMT4064381B,,
BMT135183969,,
BMT135183969,,
BMT135183976,,
BMT4064395B,,
BMT4064402B,,
BMT4064402B,,
BMT4064409B,,
BMT4064409B,,
BMT4064416B,,
BMT4064416B,,
BMT4064423B,,
BMT4064423B,,
BMT4064430B,,
BMT4064430B,,
BMT122937000,,
BMT4064437B,,
BMT1731211B,,
BMT4064437C,,
BMT1731211C,,
BMT4064444B,,
BMT4064451B,,
BMT4064444C,,
BMT4064451C,,
BMT4064451B,,
BMT158675840,,
BMT4064451C,,
BMT135183927,,
BMT4064479B,,
BMT4064486B,,
BMT4064479C,,
BMT4064486C,,
BMT4064486B,,
BMT4064493B,,
BMT4064486C,,
BMT4064493C,,
BMT4064493B,,
BMT4064500B,,
BMT4064493C,,
BMT4064500C,,
BMT4064500B,,
BMT4064507B,,
BMT4064500C,,
BMT4064507C,,
BMT4064507B,,
BMT4064514B,,
BMT4064507C,,
BMT4064514C,,
BMT4064514B,,
BMT4064521B,,
BMT4064514C,,
BMT4064521C,,
BMT4064521B,,
BMT1731225B,,
BMT4064521C,,
BMT1731225C,,
BMT4064528B,,
BMT4064535B,,
BMT4064535B,,
BMT4064542B,,
BMT4064542B,,
BMT4064549B,,
BMT4064549B,,
BMT1731701B,,
BMT4064556B,,
BMT4064563B,,
BMT4064563B,,
BMT4064570B,,
BMT4064570B,,
BMT4064577B,,
BMT4064577B,,
BMT1731708B,,
BMT169945619,,
BMT1731722B,,
BMT4064710B,,
BMT4064717B,,
BMT4064717B,,
BMT4064724B,,
BMT4064724B,,
BMT4064731B,,
BMT4064731B,,
BMT4064738B,,
BMT4064738B,,
BMT4064745B,,
BMT4064745B,,
BMT4064752B,,
BMT4059117B,,
BMT122939359,,
BMT4059124B,,
BMT4059131B,,
BMT4059131B,,
BMT4059138B,,
BMT4059138B,,
BMT1731659B,,
BMT4059173B,,
BMT4059180B,,
BMT4059180B,,
BMT4059187B,,
BMT4059187B,,
BMT4059229B,,
BMT4059229B,,
BMT4059236B,,
BMT4059236B,,
BMT4059243B,,
BMT4059243B,,
BMT4059250B,,
BMT4059250B,,
BMT1731372B,,
BMT135183983,,
BMT135181848,,
BMT135181848,,
BMT4059621B,,
BMT4059621B,,
BMT4059635B,,
BMT4059635B,,
BMT4059649B,,
BMT4059649B,,
BMT4059656B,,
BMT4059656B,,
BMT4059677B,,
BMT4059677B,,
BMT1731400B,,
BMT4059719B,,
BMT4059733B,,
BMT4059733B,,
BMT4059740B,,
BMT4059740B,,
BMT4059747B,,
BMT4059747B,,
BMT122936944,,
BMT122936944,,
BMT4059775B,,
BMT4059775B,,
BMT4059796B,,
BMT4059796B,,
BMT4059803B,,
BMT4059803B,,
BMT4059810B,,
BMT4059810B,,
BMT4059817B,,
BMT4059817B,,
BMT4059824B,,
BMT4059824B,,
BMT4059831B,,
BMT4059831B,,
BMT4059838B,,
BMT4059838B,,
BMT4059845B,,
BMT4059845B,,
BMT122936951,,
BMT4059852B,,
BMT4059859B,,
BMT4059859B,,
BMT4059866B,,
BMT4059866B,,
BMT4059873B,,
BMT4059873B,,
BMT129022471,,
BMT4059894B,,
BMT4059901B,,
BMT4059894C,,
BMT4059901C,,
BMT4059901B,,
BMT4059908B,,
BMT4059901C,,
BMT4059908C,,
BMT4059908B,,
BMT4059915B,,
BMT4059908C,,
BMT4059915C,,
BMT4059915B,,
BMT4059922B,,
BMT4059915C,,
BMT4059922C,,
BMT4059922B,,
BMT4059929B,,
BMT4059922C,,
BMT4059929C,,
BMT4059929B,,
BMT4059936B,,
BMT4059929C,,
BMT4059936C,,
BMT4059936B,,
BMT4059943B,,
BMT4059936C,,
BMT4059943C,,
BMT4059943B,,
BMT4059950B,,
BMT4059943C,,
BMT4059950C,,
BMT4059950B,,
BMT4059957B,,
BMT4059950C,,
BMT4059957C,,
BMT4059957B,,
BMT4059964B,,
BMT4064752B,,
BMT169945620,,
BMT169945621,,
BMT130384804,,
BMT4064780B,,
BMT4064787B,,
BMT4064787B,,
BMT1731750B,,
BMT4064794B,,
BMT4064801B,,
BMT4064801B,,
BMT4064808B,,
BMT4064808B,,
BMT4064815B,,
BMT4064815B,,
BMT4064822B,,
BMT4064822B,,
BMT4064829B,,
BMT4064829B,,
BMT4064836B,,
BMT4064836B,,
BMT4064843B,,
BMT4064843B,,
BMT4064850B,,
BMT4064850B,,
BMT4064857B,,
BMT4064857B,,
BMT122937119,,
BMT4064864B,,
BMT122937126,,
BMT4064871B,,
BMT4064864B,,
BMT4064878B,,
BMT4064871B,,
BMT4064885B,,
BMT4064878B,,
BMT4064892B,,
BMT4064885B,,
BMT4064899B,,
BMT4064892B,,
BMT4064906B,,
BMT4064899B,,
BMT4064913B,,
BMT4064906B,,
BMT4064920B,,
BMT4064913B,,
BMT4064934B,,
BMT1732002B,,
BMT4064941B,,
BMT1731694B,,
BMT167222341,,
BMT122937070,,
BMT4064955B,,
BMT122938624,,
BMT4064990B,,
BMT4064997B,,
BMT4064997B,,
BMT4065004B,,
BMT4065004B,,
BMT4065011B,,
BMT4065011B,,
BMT4065018B,,
BMT4065018B,,
BMT5189099B,,
BMT4065025B,,
BMT5189113B,,
BMT4065039B,,
BMT4065046B,,
BMT4065046B,,
BMT4065053B,,
BMT4065053B,,
BMT4065060B,,
BMT4065067B,,
BMT1731253B,,
BMT4065067C,,
BMT1731253C,,
BMT4065074B,,
BMT4065081B,,
BMT4065081B,,
BMT162659042,,
BMT4065088B,,
BMT4065095B,,
BMT4065095B,,
BMT4065102B,,
BMT4065102B,,
BMT4065109B,,
BMT4065109B,,
BMT4065116B,,
BMT4065116B,,
BMT162659043,,
BMT4065123B,,
BMT4065130B,,
BMT4065130B,,
BMT4065137B,,
BMT4065137B,,
BMT4065144B,,
BMT4065144B,,
BMT4065165B,,
BMT4065165B,,
BMT162659044,,
BMT4065172B,,
BMT4065179B,,
BMT4065179B,,
BMT4065186B,,
BMT4065186B,,
BMT162659045,,
BMT162659045,,
BMT4065200B,,
BMT4065200B,,
BMT4065207B,,
BMT166079264,,
BMT1732079B,,
BMT4054763B,,
BMT4054770B,,
BMT4054770B,,
BMT4054777B,,
BMT4054777B,,
BMT4054784B,,
BMT4054784B,,
BMT4054791B,,
BMT4054791B,,
BMT4054798B,,
BMT4054798B,,
BMT4054805B,,
BMT4054805B,,
BMT4054819B,,
BMT4054819B,,
BMT4054826B,,
BMT4054826B,,
BMT4054833B,,
BMT4054833B,,
BMT4054840B,,
BMT4054840B,,
BMT4054847B,,
BMT4054847B,,
BMT166079265,,
BMT4054917B,,
BMT1732086B,,
BMT4054945B,,
BMT4054987B,,
BMT4054987B,,
BMT4055008B,,
BMT4055008B,,
BMT4055022B,,
BMT4055022B,,
BMT4055029B,,
BMT4055029B,,
BMT4055036B,,
BMT4055036B,,
BMT166079266,,
BMT4055064B,,
BMT4055071B,,
BMT4055071B,,
BMT166079267,,
BMT4055232B,,
BMT4055253B,,
BMT4055253B,,
BMT4055274B,,
BMT4055274B,,
BMT4055288B,,
BMT4055288B,,
BMT4055295B,,
BMT4055295B,,
BMT4055344B,,
BMT4055344B,,
BMT166079268,,
BMT4055715B,,
BMT4055722B,,
BMT4055722B,,
BMT4055729B,,
BMT4055729B,,
BMT4055736B,,
BMT4055736B,,
BMT4055743B,,
BMT4055743B,,
BMT4055750B,,
BMT4055750B,,
BMT122939135,,
BMT4055792B,,
BMT4055799B,,
BMT4055799B,,
BMT122939142,,
BMT4055806B,,
BMT4055813B,,
BMT4055813B,,
BMT160124484,,
BMT4055820B,,
BMT160124486,,
BMT160124486,,
BMT4055834B,,
BMT4055834B,,
BMT122939268,,
BMT4055848B,,
BMT4055855B,,
BMT4055855B,,
BMT4055862B,,
BMT4055862B,,
BMT4055869B,,
BMT4055869B,,
BMT4055876B,,
BMT4055876B,,
BMT122939275,,
BMT122939275,,
BMT4055890B,,
BMT4055890B,,
BMT4055897B,,
BMT4055897B,,
BMT160124488,,
BMT4055904B,,
BMT4055911B,,
BMT4055911B,,
BMT4055918B,,
BMT4055918B,,
BMT4055925B,,
BMT4055925B,,
BMT4055932B,,
BMT4055932B,,
BMT4055946B,,
BMT4055939B,,
BMT4055904B,,
BMT4055946B,,
BMT4055953B,,
BMT4059957C,,
BMT4059964C,,
BMT4059964B,,
BMT4060286B,,
BMT4059964C,,
BMT4060286C,,
BMT4060286B,,
BMT4060860B,,
BMT4060286C,,
BMT4060860C,,
BMT4060860B,,
BMT4061021B,,
BMT4060860C,,
BMT169945610,,
BMT4061021B,,
BMT4061028B,,
BMT169945610,,
BMT167219633,,
BMT4061028B,,
BMT4061035B,,
BMT167219633,,
BMT4061035C,,
BMT4061035B,,
BMT4061042B,,
BMT4061035C,,
BMT4061042C,,
BMT4061042B,,
BMT4061049B,,
BMT4061042C,,
BMT4061049C,,
BMT4061049B,,
BMT4061056B,,
BMT4061049C,,
BMT4061056C,,
BMT4061056B,,
BMT4061063B,,
BMT4061056C,,
BMT4061063C,,
BMT4061063B,,
BMT4061070B,,
BMT4061063C,,
BMT4061070C,,
BMT4061070B,,
BMT167222338,,
BMT4061070C,,
BMT169945612,,
BMT4061175B,,
BMT4061196B,,
BMT4061175C,,
BMT4061196C,,
BMT4061196B,,
BMT4061203B,,
BMT4061196C,,
BMT4061203C,,
BMT4061203B,,
BMT4061210B,,
BMT4061203C,,
BMT4061210C,,
BMT4061210B,,
BMT4061217B,,
BMT4061210C,,
BMT167221730,,
BMT4061217B,,
BMT167222339,,
BMT167221730,,
BMT169945613,,
BMT167222339,,
BMT4061231B,,
BMT169945613,,
BMT4061231C,,
BMT4061231B,,
BMT4061238B,,
BMT4061231C,,
BMT4061238C,,
BMT4061238B,,
BMT4061245B,,
BMT4061238C,,
BMT4061245C,,
BMT4061245B,,
BMT4061252B,,
BMT4061245C,,
BMT4061252C,,
BMT4061252B,,
BMT4061259B,,
BMT4061252C,,
BMT4061259C,,
BMT4061259B,,
BMT4061266B,,
BMT4061259C,,
BMT4061266C,,
BMT4061266B,,
BMT4061273B,,
BMT4061273B,,
BMT1731456B,,
BMT4061273C,,
BMT169945614,,
BMT4061294B,,
BMT4061301B,,
BMT4061294C,,
BMT4061301C,,
BMT4061301B,,
BMT4061308B,,
BMT4061301C,,
BMT4061308C,,
BMT4061308B,,
BMT4061315B,,
BMT4061308C,,
BMT4061315C,,
BMT4061315B,,
BMT4061322B,,
BMT4061315C,,
BMT4061322C,,
BMT4061322B,,
BMT4061329B,,
BMT4061322C,,
BMT4061329C,,
BMT4061329B,,
BMT4061336B,,
BMT4061329C,,
BMT4061336C,,
BMT4061336B,,
BMT3045839B,,
BMT4061336C,,
BMT167222107,,
BMT4061623B,,
BMT4061637B,,
BMT4061623C,,
BMT4061637C,,
BMT4061637B,,
BMT4061665B,,
BMT4061637C,,
BMT4061665C,,
BMT4061665B,,
BMT4061672B,,
BMT4061665C,,
BMT4061672C,,
BMT4061672B,,
BMT4061679B,,
BMT4061672C,,
BMT4061679C,,
BMT4061679B,,
BMT4061686B,,
BMT4061679C,,
BMT4061686C,,
BMT4061686B,,
BMT4061693B,,
BMT4061686C,,
BMT4061693C,,
BMT4061693B,,
BMT4061700B,,
BMT4061693C,,
BMT4061700C,,
BMT4061700B,,
BMT4061707B,,
BMT4061700C,,
BMT4061707C,,
BMT4061707B,,
BMT4061714B,,
BMT4061707C,,
BMT4061714C,,
BMT4061714B,,
BMT4061721B,,
BMT4061714C,,
BMT4061721C,,
BMT4061721B,,
BMT4061728B,,
BMT4061721C,,
BMT4061728C,,
BMT4061728B,,
BMT4061735B,,
BMT4061728C,,
BMT4061735C,,
BMT4061735B,,
BMT4061742B,,
BMT4061735C,,
BMT169945616,,
BMT4061742B,,
BMT4061749B,,
BMT169945616,,
BMT167222445,,
BMT4061749B,,
BMT167222340,,
BMT167222445,,
BMT169945618,,
BMT167222340,,
BMT4061763B,,
BMT169945618,,
BMT4061763C,,
BMT4061763B,,
BMT4061770B,,
BMT4061763C,,
BMT4061770C,,
BMT4061770B,,
BMT4061777B,,
BMT4061770C,,
BMT4061777C,,
BMT4061777B,,
BMT4061784B,,
BMT4061777C,,
BMT4061784C,,
BMT4061784B,,
BMT4061791B,,
BMT4061784C,,
BMT4061791C,,
BMT4061791B,,
BMT4061798B,,
BMT4061791C,,
BMT4061798C,,
BMT4061798B,,
BMT4061805B,,
BMT4061798C,,
BMT4061805C,,
BMT4061805B,,
BMT1731463B,,
BMT4061805C,,
BMT1731463C,,
BMT4061924B,,
BMT4061938B,,
BMT4061938B,,
BMT4061945B,,
BMT162051987,,
BMT162051989,,
BMT122938855,,
BMT122938862,,
BMT122938701,,
BMT4070968B,,
BMT122939023,,
BMT122939030,,
BMT122938904,,
BMT122938911,,
BMT122938841,,
BMT122938848,,
BMT122938792,,
BMT153236963,,
BMT4070975B,,
BMT4070982B,,
BMT4070982B,,
BMT131428560,,
BMT131428560,,
BMT4071038B,,
BMT4071038B,,
BMT4071052B,,
BMT4071052B,,
BMT4071066B,,
BMT4071066B,,
BMT4071080B,,
BMT4071080B,,
BMT4071094B,,
BMT4071094B,,
BMT122938715,,
BMT4071255B,,
BMT122938792,,
BMT4071493B,,
BMT4071507B,,
BMT4071507B,,
BMT4071514B,,
BMT4071514B,,
BMT153236966,,
BMT4071556B,,
BMT4071696B,,
BMT4071584B,,
BMT4071563B,,
BMT4071591B,,
BMT4071584B,,
BMT4071605B,,
BMT4071591B,,
BMT4071612B,,
BMT4071605B,,
BMT4071619B,,
BMT4071612B,,
BMT4071633B,,
BMT4071626B,,
BMT4071640B,,
BMT4071633B,,
BMT4071647B,,
BMT4071640B,,
BMT4071654B,,
BMT4071647B,,
BMT4071661B,,
BMT4071654B,,
BMT4071668B,,
BMT4071661B,,
BMT4071675B,,
BMT4071668B,,
BMT4071682B,,
BMT4071675B,,
BMT4071689B,,
BMT4071682B,,
BMT4071696B,,
BMT4071689B,,
BMT4071745B,,
BMT4071556B,,
BMT4077485B,,
BMT162277075,,
BMT162277075,,
BMT4077499B,,
BMT4077499B,,
BMT1731841B,,
BMT4077667B,,
BMT4077674B,,
BMT4077674B,,
BMT4077681B,,
BMT4077681B,,
BMT4077688B,,
BMT4077688B,,
BMT4077702B,,
BMT4077702B,,
BMT162277076,,
BMT4077919B,,
BMT4077940B,,
BMT4077919C,,
BMT4077940C,,
BMT4077940B,,
BMT4077947B,,
BMT4077940C,,
BMT4077947C,,
BMT4077947B,,
BMT4077954B,,
BMT4077947C,,
BMT4077954C,,
BMT4077954B,,
BMT4077961B,,
BMT4077954C,,
BMT4077961C,,
BMT4077961B,,
BMT4077975B,,
BMT4077961C,,
BMT4077975C,,
BMT4077975B,,
BMT4077996B,,
BMT160517580,,
BMT4065221B,,
BMT4065221B,,
BMT4065228B,,
BMT4065228B,,
BMT4065235B,,
BMT4065235B,,
BMT162659046,,
BMT4065277B,,
BMT4065284B,,
BMT4065284B,,
BMT4065291B,,
BMT4065291B,,
BMT1731799B,,
BMT4065312B,,
BMT122938519,,
BMT4065340B,,
BMT4065347B,,
BMT4065347B,,
BMT4065354B,,
BMT4065354B,,
BMT4065368B,,
BMT122939051,,
BMT4065410B,,
BMT122938666,,
BMT5189239B,,
BMT4065368B,,
BMT4065375B,,
BMT4065375B,,
BMT4065382B,,
BMT4065382B,,
BMT4065389B,,
BMT4065389B,,
BMT4065396B,,
BMT4065396B,,
BMT4065403B,,
BMT4065403B,,
BMT122938568,,
BMT4065410B,,
BMT122939058,,
BMT122939058,,
BMT4065424B,,
BMT4065424B,,
BMT4065431B,,
BMT4065431B,,
BMT122939065,,
BMT4065452B,,
BMT4065459B,,
BMT4065459B,,
BMT122939072,,
BMT122939072,,
BMT4065473B,,
BMT122939100,,
BMT122939107,,
BMT4065473B,,
BMT4065599B,,
BMT4065480B,,
BMT162277073,,
BMT4065501B,,
BMT4065508B,,
BMT4065508B,,
BMT162279606,,
BMT4065599B,,
BMT4065606B,,
BMT4065606B,,
BMT4065788B,,
BMT4065788B,,
BMT4065942B,,
BMT4065942B,,
BMT4066208B,,
BMT4066208B,,
BMT4066677B,,
BMT4066677B,,
BMT122939079,,
BMT4067839B,,
BMT1731512B,,
BMT4068462B,,
BMT4068469B,,
BMT4068469B,,
BMT4068476B,,
BMT4068476B,,
BMT4068483B,,
BMT4068483B,,
BMT4068490B,,
BMT4068490B,,
BMT169769945,,
BMT4068679B,,
BMT2915247B,,
BMT4068966B,,
BMT3278603B,,
BMT4069120B,,
BMT4069141B,,
BMT4069141B,,
BMT4069204B,,
BMT4069204B,,
BMT122937238,,
BMT4069246B,,
BMT4069253B,,
BMT4069253B,,
BMT4069260B,,
BMT4069260B,,
BMT4069267B,,
BMT4069267B,,
BMT4069274B,,
BMT4069274B,,
BMT4069281B,,
BMT4069281B,,
BMT4069288B,,
BMT4069288B,,
BMT169769947,,
BMT169769947,,
BMT4069302B,,
BMT164501705,,
BMT160301641,,
BMT162310685,,
BMT9063395B,,
BMT9063395B,,
BMT9063396B,,
BMT9063396B,,
BMT9063397B,,
BMT9063397B,,
BMT9063398B,,
BMT9063398B,,
BMT9063399B,,
BMT9063399B,,
BMT9063400B,,
BMT9063400B,,
BMT9063401B,,
BMT9063401B,,
BMT9063402B,,
BMT9063402B,,
BMT9063403B,,
BMT9063403B,,
BMT9063404B,,
BMT9063404B,,
BMT9063405B,,
BMT9063405B,,
BMT162310686,,
BMT162310686,,
BMT9063408B,,
BMT9063408B,,
BMT9063409B,,
BMT9063409B,,
BMT9063410B,,
BMT9063410B,,
BMT162310687,,
BMT162310687,,
BMT162310689,,
BMT162310686,,
BMT162310688,,
BMT160518317,,
BMT160518318,,
BMT166079260,,
BMT4052957B,,
BMT266706B,,
BMT166079264,,
BMT122938484,,
BMT4078465B,,
BMT162277071,,
BMT4065242B,,
BMT162277071,,
BMT4065277B,,
BMT168608069,,
BMT168608070,,
BMT158675838,,
BMT4064437B,,
BMT135183913,,
BMT4064437C,,
BMT122936979,,
BMT122936986,,
BMT169766301,,
BMT122936972,,
BMT168608073,,
BMT122939198,,
BMT122939408,,
BMT122939415,,
BMT122939450,,
BMT122939457,,
BMT153236963,,
BMT4071745B,,
BMT122939373,,
BMT122939380,,
BMT122939366,,
BMT4059124B,,
BMT3746581B,,
BMT168608075,,
BMT122938827,,
BMT122938834,,
BMT122938806,,
BMT4071563B,,
BMT4353544B,,
BMT164420058,,
BMT164420058,,
BMT4353558B,,
BMT4353558B,,
BMT4353565B,,
BMT4353565B,,
BMT127834249,,
BMT127834249,,
BMT4353579B,,
BMT4353579B,,
BMT164420059,,
BMT164420059,,
BMT4353593B,,
BMT4353593B,,
BMT4353600B,,
BMT4353600B,,
BMT4353607B,,
BMT4353607B,,
BMT164420060,,
BMT164420060,,
BMT4353621B,,
BMT4353621B,,
BMT122937987,,
BMT122937987,,
BMT150843963,,
BMT150843963,,
BMT4353677B,,
BMT4353677B,,
BMT4353684B,,
BMT4353684B,,
BMT164420062,,
BMT122938274,,
BMT2912734B,,
BMT4061945B,,
BMT4061952B,,
BMT4061952B,,
BMT4061959B,,
BMT4061959B,,
BMT122936902,,
BMT4061966B,,
BMT169766039,,
BMT169766039,,
BMT4061980B,,
BMT4061980B,,
BMT4061987B,,
BMT4061987B,,
BMT4061994B,,
BMT4061994B,,
BMT4062001B,,
BMT4062001B,,
BMT4062008B,,
BMT4062008B,,
BMT4062015B,,
BMT4062015B,,
BMT4062022B,,
BMT4062022B,,
BMT4062029B,,
BMT4062029B,,
BMT169766040,,
BMT169766040,,
BMT4062043B,,
BMT4062043B,,
BMT4062050B,,
BMT4062050B,,
BMT4062057B,,
BMT4062057B,,
BMT4062064B,,
BMT4062064B,,
BMT4062071B,,
BMT4062071B,,
BMT4062078B,,
BMT4062078B,,
BMT4062085B,,
BMT4062085B,,
BMT4062092B,,
BMT4062092B,,
BMT4062099B,,
BMT4062099B,,
BMT4062106B,,
BMT4062106B,,
BMT4062113B,,
BMT4062113B,,
BMT1731330B,,
BMT4062799B,,
BMT4062813B,,
BMT4062813B,,
BMT4062820B,,
BMT4062820B,,
BMT4062827B,,
BMT4062827B,,
BMT4062834B,,
BMT4062834B,,
BMT4062841B,,
BMT4062841B,,
BMT4062848B,,
BMT4062848B,,
BMT4062855B,,
BMT4062855B,,
BMT4062862B,,
BMT4062862B,,
BMT135183962,,
BMT146012206,,
BMT4063394B,,
BMT4063394B,,
BMT4063401B,,
BMT4063401B,,
BMT169766301,,
BMT5189099B,,
BMT4065025B,,
BMT5189113B,,
BMT5189120B,,
BMT5189120B,,
BMT5189127B,,
BMT5189127B,,
BMT5189134B,,
BMT5189134B,,
BMT5189141B,,
BMT5189141B,,
BMT5189148B,,
BMT5189148B,,
BMT5189155B,,
BMT5189155B,,
BMT5189162B,,
BMT5189162B,,
BMT5189176B,,
BMT5189176B,,
BMT5189190B,,
BMT5189190B,,
BMT5189197B,,
BMT5189197B,,
BMT5189204B,,
BMT5189204B,,
BMT5189211B,,
BMT5189211B,,
BMT5189218B,,
BMT5189218B,,
BMT122938666,,
BMT5189260B,,
BMT4069330B,,
BMT122937539,,
BMT2910172B,,
BMT122937847,,
BMT122937854,,
BMT4077975C,,
BMT4077996C,,
BMT4077996B,,
BMT4078010B,,
BMT4077996C,,
BMT4078010C,,
BMT4078010B,,
BMT4078031B,,
BMT4078010C,,
BMT4078031C,,
BMT4078031B,,
BMT4078038B,,
BMT4078031C,,
BMT4078038C,,
BMT4078038B,,
BMT4078045B,,
BMT4078038C,,
BMT4078045C,,
BMT4078045B,,
BMT1731260B,,
BMT4078045C,,
BMT122936895,,
BMT4078080B,,
BMT1731274B,,
BMT4078080C,,
BMT1731274C,,
BMT4078108B,,
BMT1731267B,,
BMT4078192B,,
BMT4078199B,,
BMT4078199B,,
BMT4078206B,,
BMT4078206B,,
BMT122938470,,
BMT4078269B,,
BMT4078276B,,
BMT4078276B,,
BMT4078283B,,
BMT4078283B,,
BMT4078297B,,
BMT4078297B,,
BMT4078304B,,
BMT4078304B,,
BMT122938477,,
BMT4078318B,,
BMT4078325B,,
BMT4078325B,,
BMT4078339B,,
BMT4078339B,,
BMT4078346B,,
BMT4078346B,,
BMT4078353B,,
BMT4078353B,,
BMT122938484,,
BMT4078465B,,
BMT4078472B,,
BMT4078472B,,
BMT4078486B,,
BMT4078486B,,
BMT4078500B,,
BMT4078500B,,
BMT4078514B,,
BMT4078514B,,
BMT4078535B,,
BMT4078535B,,
BMT4078549B,,
BMT4078549B,,
BMT122938491,,
BMT4078584B,,
BMT4078598B,,
BMT4078598B,,
BMT4078605B,,
BMT4078605B,,
BMT4078612B,,
BMT4078612B,,
BMT1731792B,,
BMT4078626B,,
BMT1731288B,,
BMT4078696B,,
BMT4078710B,,
BMT4078710B,,
BMT1731302B,,
BMT122937777,,
BMT4079067B,,
BMT4079067B,,
BMT4079074B,,
BMT4079074B,,
BMT4079088B,,
BMT4079088B,,
BMT4079102B,,
BMT4079102B,,
BMT4079109B,,
BMT4079109B,,
BMT4079116B,,
BMT4079116B,,
BMT4079123B,,
BMT4079123B,,
BMT4079130B,,
BMT4079130B,,
BMT4079137B,,
BMT4079137B,,
BMT122937784,,
BMT122937784,,
BMT122937791,,
BMT122937784,,
BMT122937798,,
BMT4064955B,,
BMT169945615,,
BMT1731470B,,
BMT169945615,,
BMT169945614,,
BMT169945615,,
BMT1731225C,,
BMT135183941,,
BMT1731232B,,
BMT1731239B,,
BMT135183941,,
BMT135183955,,
BMT135183941,,
BMT122936888,,
BMT1731239B,,
BMT1731246B,,
BMT122936888,,
BMT1731246C,,
BMT162277070,,
BMT4065242B,,
BMT1731246B,,
BMT4065067B,,
BMT1731246C,,
BMT4065067C,,
BMT1731253B,,
BMT4077919B,,
BMT1731253C,,
BMT4077919C,,
BMT1731260B,,
BMT4078080B,,
BMT122936895,,
BMT4078080C,,
BMT122938463,,
BMT4078108B,,
BMT1731267B,,
BMT4078192B,,
BMT1731274B,,
BMT1731281B,,
BMT1731274C,,
BMT1731281C,,
BMT1731274C,,
BMT4078626B,,
BMT1731281B,,
BMT4051354B,,
BMT1731288B,,
BMT1731295B,,
BMT1731288B,,
BMT4078696B,,
BMT1731302B,,
BMT1731309B,,
BMT1731302B,,
BMT4061924B,,
BMT122936902,,
BMT1731323B,,
BMT169766038,,
BMT4061966B,,
BMT1731323B,,
BMT4062799B,,
BMT135183962,,
BMT122936916,,
BMT135183962,,
BMT4064374B,,
BMT169766300,,
BMT146012206,,
BMT135183976,,
BMT122936937,,
BMT135183976,,
BMT1731365B,,
BMT122936993,,
BMT4064395B,,
BMT1731365B,,
BMT4059173B,,
BMT1731372B,,
BMT1731379B,,
BMT1731379B,,
BMT1731386B,,
BMT1731386B,,
BMT1731393B,,
BMT1731393B,,
BMT135183983,,
BMT1731400B,,
BMT4059719B,,
BMT169945609,,
BMT1731414B,,
BMT1731421B,,
BMT1731428B,,
BMT1731421C,,
BMT1731428C,,
BMT1731428B,,
BMT1731435B,,
BMT1731428C,,
BMT1731435C,,
BMT1731435B,,
BMT4059894B,,
BMT1731435C,,
BMT4059894C,,
BMT167222338,,
BMT1731449B,,
BMT169945612,,
BMT167220553,,
BMT1731449B,,
BMT4061175B,,
BMT167220553,,
BMT4061175C,,
BMT1731456B,,
BMT4061294B,,
BMT169945614,,
BMT4061294C,,
BMT1731463B,,
BMT167222341,,
BMT1731470B,,
BMT122938631,,
BMT131428532,,
BMT4064990B,,
BMT162659039,,
BMT4065039B,,
BMT122938680,,
BMT4065326B,,
BMT122938680,,
BMT5189260B,,
BMT131428553,,
BMT4070352B,,
BMT131428553,,
BMT4070681B,,
BMT162659046,,
BMT2811346B,,
BMT153236962,,
BMT4071255B,,
BMT122938722,,
BMT4070541B,,
BMT1731533B,,
BMT122938750,,
BMT153236966,,
BMT5208111B,,
BMT168608065,,
BMT4055715B,,
BMT122939478,,
BMT122939485,,
BMT122939135,,
BMT4055792B,,
BMT122939135,,
BMT4055960B,,
BMT160124483,,
BMT4055806B,,
BMT168608066,,
BMT168608067,,
BMT168608066,,
BMT4057423B,,
BMT168608069,,
BMT4057598B,,
BMT168608071,,
BMT1731610B,,
BMT168608071,,
BMT168608073,,
BMT122939401,,
BMT4058697B,,
BMT1731610B,,
BMT168608072,,
BMT168608074,,
BMT1731624B,,
BMT168608074,,
BMT3746581B,,
BMT1731624B,,
BMT1731631B,,
BMT1731631B,,
BMT4058977B,,
BMT122939226,,
BMT4059033B,,
BMT122939345,,
BMT4059068B,,
BMT122939352,,
BMT4059075B,,
BMT122939464,,
BMT4057766B,,
BMT1731694B,,
BMT4064528B,,
BMT1731701B,,
BMT4064556B,,
BMT1731708B,,
BMT1731715B,,
BMT1731708B,,
BMT4064584B,,
BMT1731715B,,
BMT169945619,,
BMT1731722B,,
BMT4064710B,,
BMT1731722C,,
BMT1731967B,,
BMT130384804,,
BMT1731736B,,
BMT130384811,,
BMT130384818,,
BMT1731736B,,
BMT122937084,,
BMT122937098,,
BMT122937105,,
BMT1731750B,,
BMT122937112,,
BMT122937133,,
BMT2915009B,,
BMT122937112,,
BMT4064794B,,
BMT122937126,,
BMT1732009B,,
BMT122938491,,
BMT4078584B,,
BMT1731799B,,
BMT1731806B,,
BMT1731806B,,
BMT162277072,,
BMT122938561,,
BMT4065340B,,
BMT122938519,,
BMT4065480B,,
BMT162277073,,
BMT162277074,,
BMT1731827B,,
BMT1731834B,,
BMT1731834B,,
BMT4077485B,,
BMT1731841B,,
BMT1731848B,,
BMT1731848B,,
BMT4077667B,,
BMT158675841,,
BMT158675842,,
BMT158675841,,
BMT4051375B,,
BMT122936818,,
BMT1731876B,,
BMT4055953B,,
BMT1731575B,,
BMT4055960B,,
BMT4055967B,,
BMT4055967B,,
BMT4055974B,,
BMT4055974B,,
BMT4055981B,,
BMT4055981B,,
BMT4055988B,,
BMT4055988B,,
BMT4055995B,,
BMT4055995B,,
BMT4056002B,,
BMT4056002B,,
BMT4056009B,,
BMT4056009B,,
BMT168608066,,
BMT4297985B,,
BMT4298132B,,
BMT4298132B,,
BMT4298153B,,
BMT4298153B,,
BMT122938372,,
BMT122938379,,
BMT122938386,,
BMT150858209,,
BMT2913966B,,
BMT122939359,,
BMT122939366,,
BMT122938113,,
BMT2914050B,,
BMT122938120,,
BMT122938127,,
BMT150858211,,
BMT122938099,,
BMT122937294,,
BMT4921706B,,
BMT4921706B,,
BMT4921713B,,
BMT4921713B,,
BMT4921720B,,
BMT4921720B,,
BMT4921727B,,
BMT4921727B,,
BMT4921734B,,
BMT4921734B,,
BMT4921741B,,
BMT4921741B,,
BMT122937301,,
BMT5298306B,,
BMT2914113B,,
BMT5298334B,,
BMT153103904,,
BMT5298341B,,
BMT2914134B,,
BMT5298355B,,
BMT5298397B,,
BMT5298397B,,
BMT2914190B,,
BMT122937595,,
BMT122937602,,
BMT122937805,,
BMT122937812,,
BMT122938911,,
BMT4065123B,,
BMT122939009,,
BMT122939016,,
BMT122939289,,
BMT122939296,,
BMT164420059,,
BMT164420061,,
BMT162984265,,
BMT162984266,,
BMT1731190C,,
BMT158675836,,
BMT158675836,,
BMT122936769,,
BMT158675836,,
BMT158675837,,
BMT158675837,,
BMT1731197B,,
BMT158675837,,
BMT158675839,,
BMT145250529,,
BMT145250536,,
BMT166079265,,
BMT4054917B,,
BMT166079266,,
BMT4055064B,,
BMT162277072,,
BMT4065312B,,
BMT164501703,,
BMT4051865B,,
BMT158675840,,
BMT4064479B,,
BMT135183927,,
BMT4064479C,,
BMT169766377,,
BMT9310385B,,
BMT9310385B,,
BMT9310384B,,
BMT9310384B,,
BMT9310382B,,
BMT9310382B,,
BMT9310381B,,
BMT9310381B,,
BMT9310380B,,
BMT9310380B,,
BMT9310378B,,
BMT9310378B,,
BMT9310374B,,
BMT9310374B,,
BMT4064094B,,
BMT169770512,,
BMT169769120,,
BMT169769939,,
BMT4052635B,,
BMT1731960B,,
BMT9310518B,,
BMT9310518B,,
BMT169770510,,
BMT169770511,,
BMT9310519B,,
BMT9310519B,,
BMT4052586B,,
BMT160124485,,
BMT4055820B,,
BMT122939492,,
BMT4055939B,,
BMT122939422,,
BMT4058907B,,
BMT122939485,,
BMT122939492,,
BMT122939499,,
BMT122939506,,
BMT122939436,,
BMT122939443,,
BMT122939415,,
BMT4058900B,,
BMT122937336,,
BMT122937343,,
BMT122937238,,
BMT4069246B,,
BMT162659042,,
BMT3136650B,,
BMT122938435,,
BMT122938442,,
BMT159994962,,
BMT159994963,,
BMT1730371B,,
BMT4064283B,,
BMT1730371C,,
BMT4064283C,,
BMT122936741,,
BMT1731190C,,
BMT1731197B,,
BMT1731204B,,
BMT135183892,,
BMT1731204C,,
BMT1731204B,,
BMT4064059B,,
BMT1731204C,,
BMT4064059C,,
BMT1731211B,,
BMT1731218B,,
BMT1731211C,,
BMT1731218C,,
BMT1731218B,,
BMT4064444B,,
BMT1731218C,,
BMT4064444C,,
BMT1731225B,,
BMT1731232B,,
BMT4069302B,,
BMT4069309B,,
BMT4069309B,,
BMT4069316B,,
BMT4069316B,,
BMT4069323B,,
BMT4069323B,,
BMT169769948,,
BMT4069330B,,
BMT4069337B,,
BMT4069337B,,
BMT4069344B,,
BMT4069344B,,
BMT4069351B,,
BMT4069351B,,
BMT4069358B,,
BMT4069358B,,
BMT4069365B,,
BMT4069365B,,
BMT4069372B,,
BMT4069372B,,
BMT4069379B,,
BMT4069379B,,
BMT4069386B,,
BMT4069386B,,
BMT4069393B,,
BMT4069393B,,
BMT4069400B,,
BMT4069400B,,
BMT4069407B,,
BMT4069407B,,
BMT4069414B,,
BMT4069414B,,
BMT4069421B,,
BMT4069421B,,
BMT131428553,,
BMT4070352B,,
BMT122938694,,
BMT4070541B,,
BMT4070555B,,
BMT4070555B,,
BMT4070562B,,
BMT4070562B,,
BMT4070569B,,
BMT4070569B,,
BMT4070576B,,
BMT4070576B,,
BMT122938729,,
BMT122938729,,
BMT122938736,,
BMT122938736,,
BMT4070597B,,
BMT4070597B,,
BMT122938743,,
BMT122938743,,
BMT4070611B,,
BMT122938757,,
BMT122938764,,
BMT4070611B,,
BMT4070618B,,
BMT4070618B,,
BMT1731533B,,
BMT4070681B,,
BMT4070695B,,
BMT4070695B,,
BMT4070709B,,
BMT4070709B,,
BMT4070716B,,
BMT4070716B,,
BMT122938701,,
BMT4070968B,,
BMT4070975B,,
BMT162051990,,
BMT122937567,,
BMT122937567,,
BMT2911040B,,
BMT122937819,,
BMT122937826,,
BMT135181855,,
BMT135181862,,
BMT2915149B,,
BMT2915156B,,
BMT2915156B,,
BMT2915163B,,
BMT2915163B,,
BMT2915170B,,
BMT2915170B,,
BMT2915177B,,
BMT2915177B,,
BMT2915184B,,
BMT2915184B,,
BMT2915191B,,
BMT2915191B,,
BMT2915198B,,
BMT2915198B,,
BMT2915205B,,
BMT2915205B,,
BMT2915212B,,
BMT2915212B,,
BMT122937140,,
BMT160805250,,
BMT2915233B,,
BMT2915233B,,
BMT2915240B,,
BMT2915240B,,
BMT4068679B,,
BMT2915247B,,
BMT122937266,,
BMT122937266,,
BMT2915261B,,
BMT122937322,,
BMT122937329,,
BMT2915261B,,
BMT2915268B,,
BMT2915268B,,
BMT2915275B,,
BMT2915289B,,
BMT2915331B,,
BMT2915331B,,
BMT2915338B,,
BMT2915338B,,
BMT2915345B,,
BMT2915345B,,
BMT122937273,,
BMT122937280,,
BMT2915359B,,
BMT122937287,,
BMT122937294,,
BMT2915961B,,
BMT2915968B,,
BMT2915968B,,
BMT2915975B,,
BMT2915975B,,
BMT2915982B,,
BMT2915982B,,
BMT2916003B,,
BMT2916003B,,
BMT169769943,,
BMT169769943,,
BMT122937210,,
BMT2916234B,,
BMT4064934B,,
BMT2916255B,,
BMT2916234B,,
BMT2916283B,,
BMT2916255B,,
BMT2916290B,,
BMT2916283B,,
BMT2916297B,,
BMT2916290B,,
BMT2916318B,,
BMT1731981B,,
BMT169769941,,
BMT1731988B,,
BMT2916374B,,
BMT2916948B,,
BMT2916381B,,
BMT1731995B,,
BMT2916409B,,
BMT2916374B,,
BMT2916948B,,
BMT2812753B,,
BMT160124484,,
BMT160124485,,
BMT5189239B,,
BMT131428539,,
BMT131428539,,
BMT131428546,,
BMT164501693,,
BMT4051431B,,
BMT1731869B,,
BMT4051669B,,
BMT1731876B,,
BMT4052264B,,
BMT1731883B,,
BMT1731890B,,
BMT1731890B,,
BMT1731897B,,
BMT1731897B,,
BMT4052369B,,
BMT122936825,,
BMT1731918B,,
BMT166079256,,
BMT4052467B,,
BMT166079258,,
BMT166079260,,
BMT166079258,,
BMT4052824B,,
BMT1731918B,,
BMT1731925B,,
BMT1731925B,,
BMT158675843,,
BMT158675844,,
BMT3816735,,
BMT158675844,,
BMT1731939B,,
BMT1731939B,,
BMT4052761B,,
BMT169770509,,
BMT1731960B,,
BMT1731960B,,
BMT4052572B,,
BMT1731967B,,
BMT169769940,,
BMT169769940,,
BMT2916318B,,
BMT1731981B,,
BMT169769941,,
BMT1731988B,,
BMT2916381B,,
BMT1731995B,,
BMT2916409B,,
BMT1732002B,,
BMT4064920B,,
BMT1732002B,,
BMT4064927B,,
BMT1732009B,,
BMT4068462B,,
BMT169769945,,
BMT122937224,,
BMT169769945,,
BMT4068966B,,
BMT169769948,,
BMT1732030B,,
BMT169769948,,
BMT122937252,,
BMT1732030B,,
BMT169769949,,
BMT169769949,,
BMT145250522,,
BMT166079262,,
BMT166079263,,
BMT166079262,,
BMT1732065B,,
BMT166079263,,
BMT4052999B,,
BMT1732065B,,
BMT1732072B,,
BMT1732072B,,
BMT4054707B,,
BMT1732079B,,
BMT4054763B,,
BMT1732086B,,
BMT1732093B,,
BMT1732093B,,
BMT4054945B,,
BMT1732100B,,
BMT1732107B,,
BMT1732107B,,
BMT4055232B,,
BMT1732114B,,
BMT164501694,,
BMT164501694,,
BMT164501695,,
BMT164501694,,
BMT164501696,,
BMT164501696,,
BMT164501697,,
BMT164501696,,
BMT4051718B,,
BMT122938281,,
BMT122938288,,
BMT5208111B,,
BMT5208118B,,
BMT5208118B,,
BMT5208125B,,
BMT5208125B,,
BMT153236967,,
BMT164420054,,
BMT122937931,,
BMT4061266C,,
BMT4061273C,,
BMT4065326B,,
BMT128328848,,
BMT131428546,,
BMT128328848,,
BMT128337843,,
BMT128337850,,
BMT169769949,,
BMT169769950,,
BMT4065207B,,
BMT149751056,,
BMT160517580,,
BMT149751056,,
BMT159576188,,
BMT159576189,,
BMT160124486,,
BMT160124487,,
BMT168608067,,
BMT153635029,,
BMT153635029,,
BMT4057878B,,
BMT159359993,,
BMT159359994,,
BMT4065060B,,
BMT162659040,,
BMT162659040,,
BMT122938876,,
BMT162659040,,
BMT162659041,,
BMT122938470,,
BMT4078269B,,
BMT122939037,,
BMT122939044,,
BMT122938876,,
BMT4065074B,,
BMT122937665,,
BMT2914862B,,
BMT122937714,,
BMT122937721,,
BMT122939114,,
BMT122939121,,
BMT122939065,,
BMT4065452B,,
BMT122937616,,
BMT153103905,,
BMT122937742,,
BMT122937749,,
BMT122939667,,
BMT164501705,,
BMT122939681,,
BMT4691686B,,
BMT4691686B,,
BMT4691693B,,
BMT4691693B,,
BMT4691700B,,
BMT4691700B,,
BMT4691707B,,
BMT4691707B,,
BMT4691714B,,
BMT4691714B,,
BMT4691721B,,
BMT4691721B,,
BMT4691728B,,
BMT4691728B,,
BMT4691735B,,
BMT4691735B,,
BMT4691742B,,
BMT4691742B,,
BMT4691749B,,
BMT4691749B,,
BMT122939688,,
BMT153103910,,
BMT122937658,,
BMT122938771,,
BMT122938778,,
BMT127834319,,
BMT127834326,,
BMT1731421C,,
BMT1731414B,,
BMT167222337,,
BMT1731421B,,
BMT153103914,,
BMT153103915,,
BMT153103915,,
BMT153103916,,
