BMT125209B,,
BMT125216B,,
BMT126119B,,
BMT126126B,,
BMT126133B,,
BMT126154B,,
BMT126161B,,
BMT126189B,,
BMT126196B,,
BMT126231B,,
BMT126287B,,
BMT126315B,,
BMT126322B,,
BMT126329B,,
BMT126343B,,
BMT126350B,,
BMT126357B,,
BMT126364B,,
BMT126399B,,
BMT126406B,,
BMT148893415,,
BMT14B,,
BMT152635B,,
BMT156190736,,
BMT156190738,,
BMT156190752,,
BMT156190753,,
BMT156190754,,
BMT156190755,,
BMT156190756,,
BMT156190757,,
BMT156190758,,
BMT156190759,,
BMT156190760,,
BMT156190761,,
BMT156190762,,
BMT156190763,,
BMT156190766,,
BMT156190772,,
BMT156190773,,
BMT156190774,,
BMT156190775,,
BMT156190776,,
BMT156190780,,
BMT156190781,,
BMT156190784,,
BMT156190785,,
BMT156190786,,
BMT156190790,,
BMT156190792,,
BMT156190793,,
BMT156190795,,
BMT156190796,,
BMT156190797,,
BMT156190798,,
BMT156190799,,
BMT156190800,,
BMT156190801,,
BMT156190802,,
BMT156190803,,
BMT156190804,,
BMT156190805,,
BMT156190806,,
BMT156190807,,
BMT156190808,,
BMT156190838,,
BMT156190839,,
BMT156190840,,
BMT156190841,,
BMT156190846,,
BMT156190847,,
BMT156190850,,
BMT156190852,,
BMT156190853,,
BMT156190854,,
BMT156190855,,
BMT156190856,,
BMT156190857,,
BMT156190858,,
BMT156190859,,
BMT156190863,,
BMT156190865,,
BMT156190866,,
BMT156190867,,
BMT156190868,,
BMT156190869,,
BMT156190870,,
BMT156190871,,
BMT156190872,,
BMT156190873,,
BMT156190874,,
BMT156190875,,
BMT156190885,,
BMT156190888,,
BMT156190889,,
BMT156190890,,
BMT156190891,,
BMT156190903,,
BMT156190931,,
BMT156190932,,
BMT156190933,,
BMT156190934,,
BMT156190935,,
BMT156190936,,
BMT156190937,,
BMT156190938,,
BMT156190939,,
BMT156190940,,
BMT156190941,,
BMT156190942,,
BMT156190943,,
BMT156190944,,
BMT156190945,,
BMT156190946,,
BMT156190947,,
BMT156190948,,
BMT156190949,,
BMT156190950,,
BMT156190951,,
BMT156190952,,
BMT156190953,,
BMT156190954,,
BMT156190955,,
BMT156190956,,
BMT156190957,,
BMT156190958,,
BMT156190959,,
BMT156190960,,
BMT156190961,,
BMT156190962,,
BMT156190963,,
BMT156190964,,
BMT156190965,,
BMT156190966,,
BMT156190967,,
BMT156190968,,
BMT156190969,,
BMT156190970,,
BMT156190971,,
BMT156190972,,
BMT156190973,,
BMT156190974,,
BMT156190975,,
BMT156190976,,
BMT156190977,,
BMT156190978,,
BMT156190979,,
BMT156190980,,
BMT156190981,,
BMT156190983,,
BMT156190986,,
BMT156190987,,
BMT156191000,,
BMT156191001,,
BMT156191002,,
BMT156191003,,
BMT156191004,,
BMT156191005,,
BMT156191006,,
BMT156191007,,
BMT156191008,,
BMT156191009,,
BMT156191010,,
BMT156191011,,
BMT156191012,,
BMT156191013,,
BMT156191014,,
BMT156191015,,
BMT156191016,,
BMT156191020,,
BMT156191021,,
BMT156191022,,
BMT156191023,,
BMT156191024,,
BMT156191025,,
BMT156191026,,
BMT156191028,,
BMT156191035,,
BMT156191042,,
BMT156191044,,
BMT156191046,,
BMT156191049,,
BMT156191057,,
BMT156191058,,
BMT156191060,,
BMT156191061,,
BMT156191063,,
BMT156191064,,
BMT156191066,,
BMT156191067,,
BMT156191068,,
BMT156191069,,
BMT156191070,,
BMT156191074,,
BMT156191075,,
BMT156191076,,
BMT156191077,,
BMT156191078,,
BMT156191084,,
BMT156191089,,
BMT156191091,,
BMT156191093,,
BMT156191100,,
BMT156191266,,
BMT156191267,,
BMT156191268,,
BMT156191269,,
BMT156191270,,
BMT156191271,,
BMT156191272,,
BMT156191273,,
BMT156191274,,
BMT156191275,,
BMT156191276,,
BMT156191277,,
BMT156191285,,
BMT156191295,,
BMT156191296,,
BMT156191297,,
BMT156191298,,
BMT156191299,,
BMT156191300,,
BMT156191301,,
BMT156191302,,
BMT156191303,,
BMT156191309,,
BMT156191310,,
BMT156191311,,
BMT156191312,,
BMT156191313,,
BMT156191314,,
BMT156191315,,
BMT156191316,,
BMT156191317,,
BMT156191318,,
BMT156191319,,
BMT156191339,,
BMT156191340,,
BMT156191341,,
BMT156191342,,
BMT156191343,,
BMT156191344,,
BMT156191345,,
BMT156191346,,
BMT156191348,,
BMT156191352,,
BMT156191373,,
BMT156191397,,
BMT156191398,,
BMT156191399,,
BMT156191400,,
BMT156191401,,
BMT156191402,,
BMT156191403,,
BMT156191404,,
BMT156191405,,
BMT156191406,,
BMT156191414,,
BMT156191415,,
BMT156191416,,
BMT156191417,,
BMT156191418,,
BMT156191419,,
BMT156191420,,
BMT156191421,,
BMT156191422,,
BMT156191423,,
BMT156191424,,
BMT156191425,,
BMT156191436,,
BMT156191437,,
BMT156191438,,
BMT156191439,,
BMT156191442,,
BMT156191443,,
BMT156191444,,
BMT156191445,,
BMT156191446,,
BMT156191447,,
BMT156191448,,
BMT156191449,,
BMT156191465,,
BMT156191467,,
BMT156191468,,
BMT156191473,,
BMT156191477,,
BMT156191479,,
BMT156191480,,
BMT156191481,,
BMT156191482,,
BMT156191483,,
BMT156191484,,
BMT156191485,,
BMT156191486,,
BMT156191487,,
BMT156191488,,
BMT156191489,,
BMT156191490,,
BMT156191491,,
BMT156191492,,
BMT156191493,,
BMT156191514,,
BMT156191515,,
BMT156191516,,
BMT156191517,,
BMT156191518,,
BMT156191519,,
BMT156191520,,
BMT156191521,,
BMT156191522,,
BMT156191523,,
BMT156191524,,
BMT156191525,,
BMT156191526,,
BMT156191527,,
BMT156191528,,
BMT156191529,,
BMT156191530,,
BMT156191531,,
BMT156191532,,
BMT156191533,,
BMT156191534,,
BMT156191535,,
BMT156191536,,
BMT156191537,,
BMT156191538,,
BMT156191539,,
BMT156191540,,
BMT156191541,,
BMT156191542,,
BMT156191543,,
BMT156191544,,
BMT156191545,,
BMT156191546,,
BMT156191547,,
BMT156191548,,
BMT156191549,,
BMT156191550,,
BMT156191551,,
BMT156191552,,
BMT156191553,,
BMT156191554,,
BMT156191555,,
BMT156191556,,
BMT156191557,,
BMT156191558,,
BMT156191559,,
BMT156191560,,
BMT156191561,,
BMT156191562,,
BMT156191563,,
BMT156191564,,
BMT156191565,,
BMT156191566,,
BMT156191567,,
BMT156191568,,
BMT156191569,,
BMT156191570,,
BMT156191571,,
BMT156191572,,
BMT156191573,,
BMT156191574,,
BMT156191575,,
BMT156191576,,
BMT156191577,,
BMT156191578,,
BMT156191579,,
BMT156191580,,
BMT156191581,,
BMT156191582,,
BMT156191583,,
BMT156191584,,
BMT156191592,,
BMT156191595,,
BMT156191596,,
BMT156191597,,
BMT156191598,,
BMT156191599,,
BMT156191600,,
BMT156191601,,
BMT156191602,,
BMT156191603,,
BMT156191604,,
BMT156191605,,
BMT156191608,,
BMT156191610,,
BMT156191615,,
BMT156191616,,
BMT156191617,,
BMT156191620,,
BMT156191621,,
BMT156191622,,
BMT156191623,,
BMT156191625,,
BMT156191628,,
BMT156191629,,
BMT156191630,,
BMT156191631,,
BMT156191632,,
BMT156191633,,
BMT156191634,,
BMT156191635,,
BMT156191636,,
BMT156191637,,
BMT156191638,,
BMT156191639,,
BMT156191640,,
BMT156191641,,
BMT156191642,,
BMT156191643,,
BMT156191645,,
BMT156191648,,
BMT156191651,,
BMT156191652,,
BMT156191659,,
BMT156191661,,
BMT156191669,,
BMT156191672,,
BMT156191677,,
BMT156191678,,
BMT156191679,,
BMT156191680,,
BMT156191690,,
BMT156191693,,
BMT156191694,,
BMT156191695,,
BMT156191696,,
BMT156191697,,
BMT156191698,,
BMT156191699,,
BMT156191700,,
BMT156191701,,
BMT156191702,,
BMT156191703,,
BMT156191704,,
BMT156191705,,
BMT156191706,,
BMT156191707,,
BMT156191709,,
BMT156191715,,
BMT156191718,,
BMT156191719,,
BMT156191720,,
BMT156191723,,
BMT156191724,,
BMT156191725,,
BMT156191726,,
BMT156191727,,
BMT156191728,,
BMT156191729,,
BMT156191730,,
BMT156191731,,
BMT156191732,,
BMT156191733,,
BMT156191734,,
BMT156191735,,
BMT156191736,,
BMT156191737,,
BMT156191738,,
BMT156191739,,
BMT156191776,,
BMT156191777,,
BMT156191779,,
BMT156191782,,
BMT156191784,,
BMT156191785,,
BMT156191786,,
BMT156191787,,
BMT156191788,,
BMT156191789,,
BMT156191797,,
BMT156191799,,
BMT156191801,,
BMT156191803,,
BMT156191805,,
BMT156191806,,
BMT156191807,,
BMT156191808,,
BMT156191809,,
BMT156191810,,
BMT156191811,,
BMT156191812,,
BMT156191813,,
BMT156191814,,
BMT156191815,,
BMT156191816,,
BMT156191817,,
BMT156191818,,
BMT156191819,,
BMT156191820,,
BMT156191821,,
BMT156191822,,
BMT156191823,,
BMT156191824,,
BMT156191825,,
BMT156191826,,
BMT156191828,,
BMT156191829,,
BMT156191832,,
BMT156191833,,
BMT156191834,,
BMT156191835,,
BMT156191836,,
BMT156191837,,
BMT156191838,,
BMT156191839,,
BMT156191840,,
BMT156191841,,
BMT156191842,,
BMT156191850,,
BMT156191858,,
BMT156191868,,
BMT156191879,,
BMT156191882,,
BMT156191883,,
BMT156191892,,
BMT156191905,,
BMT156191906,,
BMT156191919,,
BMT156191921,,
BMT156191927,,
BMT156191929,,
BMT156191970,,
BMT156191971,,
BMT156191972,,
BMT156191973,,
BMT156191974,,
BMT156191975,,
BMT156191976,,
BMT156191977,,
BMT156191978,,
BMT156191979,,
BMT156191980,,
BMT156191981,,
BMT156191982,,
BMT156191983,,
BMT156191984,,
BMT156191985,,
BMT156191986,,
BMT156191987,,
BMT156191988,,
BMT156191989,,
BMT156191990,,
BMT156191991,,
BMT156191992,,
BMT156191993,,
BMT156191994,,
BMT156191995,,
BMT156191996,,
BMT156191997,,
BMT156191998,,
BMT156191999,,
BMT156192000,,
BMT156192001,,
BMT156192002,,
BMT156192003,,
BMT156192009,,
BMT156192010,,
BMT156192011,,
BMT156192012,,
BMT156192013,,
BMT156192014,,
BMT156192015,,
BMT156192016,,
BMT156192017,,
BMT156192018,,
BMT156192019,,
BMT156192020,,
BMT156192021,,
BMT156192022,,
BMT156192023,,
BMT156192024,,
BMT156192025,,
BMT156192026,,
BMT156192027,,
BMT156192028,,
BMT156192031,,
BMT156192036,,
BMT156192073,,
BMT156192074,,
BMT156192075,,
BMT156192076,,
BMT156192077,,
BMT156192078,,
BMT156192079,,
BMT156192080,,
BMT156192081,,
BMT156192085,,
BMT156192086,,
BMT156192087,,
BMT156192088,,
BMT156192089,,
BMT156192090,,
BMT156192091,,
BMT156192092,,
BMT156192093,,
BMT156192094,,
BMT156192095,,
BMT156192096,,
BMT156192097,,
BMT156192098,,
BMT156192099,,
BMT156192100,,
BMT156192101,,
BMT156192102,,
BMT156192103,,
BMT156192104,,
BMT156192105,,
BMT156192106,,
BMT156192107,,
BMT156192108,,
BMT156192110,,
BMT156192112,,
BMT156192119,,
BMT156192120,,
BMT156192121,,
BMT156192122,,
BMT156192127,,
BMT156192128,,
BMT156192129,,
BMT156192130,,
BMT156192131,,
BMT156192132,,
BMT156192133,,
BMT156192134,,
BMT156192135,,
BMT156192136,,
BMT156192137,,
BMT156192138,,
BMT156192139,,
BMT156192140,,
BMT156192141,,
BMT156192142,,
BMT156192143,,
BMT156192144,,
BMT156192145,,
BMT156192146,,
BMT156192154,,
BMT156192155,,
BMT156192156,,
BMT156192157,,
BMT156192158,,
BMT156192159,,
BMT156192160,,
BMT156192161,,
BMT156192162,,
BMT156192163,,
BMT156192164,,
BMT156192165,,
BMT156192179,,
BMT156192180,,
BMT156192181,,
BMT156192182,,
BMT156192183,,
BMT156192184,,
BMT156192185,,
BMT156192186,,
BMT156192187,,
BMT156192188,,
BMT156192189,,
BMT156192190,,
BMT156192191,,
BMT156192192,,
BMT156192193,,
BMT156192194,,
BMT156192195,,
BMT156192196,,
BMT156192197,,
BMT156192198,,
BMT156192199,,
BMT156192204,,
BMT156192234,,
BMT156192257,,
BMT156192265,,
BMT156192266,,
BMT156192267,,
BMT156192268,,
BMT156192269,,
BMT156192270,,
BMT156192271,,
BMT156192272,,
BMT156192273,,
BMT156192274,,
BMT156192275,,
BMT156192276,,
BMT156192277,,
BMT156192278,,
BMT156192279,,
BMT156192280,,
BMT156192281,,
BMT156192282,,
BMT156192283,,
BMT156192284,,
BMT156192285,,
BMT156192286,,
BMT156192287,,
BMT156192288,,
BMT156192289,,
BMT156192290,,
BMT156192291,,
BMT156192292,,
BMT156192293,,
BMT156192294,,
BMT156192295,,
BMT156192296,,
BMT156192297,,
BMT156192298,,
BMT156192299,,
BMT156192300,,
BMT156192301,,
BMT156192302,,
BMT156192315,,
BMT156192316,,
BMT156192317,,
BMT156192318,,
BMT156192319,,
BMT156192320,,
BMT156192321,,
BMT156192322,,
BMT156192323,,
BMT156192324,,
BMT156192325,,
BMT156192326,,
BMT156192327,,
BMT156192328,,
BMT156192329,,
BMT156192330,,
BMT156192331,,
BMT156192332,,
BMT156192333,,
BMT156192334,,
BMT156192338,,
BMT156192339,,
BMT156192340,,
BMT156192341,,
BMT156192342,,
BMT156192343,,
BMT156192344,,
BMT156192360,,
BMT156192361,,
BMT156192362,,
BMT156192363,,
BMT156192364,,
BMT156192365,,
BMT156192366,,
BMT156192367,,
BMT156192371,,
BMT156192372,,
BMT156192373,,
BMT156192374,,
BMT156192375,,
BMT156192376,,
BMT156192377,,
BMT156192378,,
BMT156192379,,
BMT156192380,,
BMT156192381,,
BMT156192382,,
BMT156192385,,
BMT156192387,,
BMT156192388,,
BMT156192389,,
BMT156192390,,
BMT156192391,,
BMT156192392,,
BMT156192393,,
BMT156192394,,
BMT156192395,,
BMT156192396,,
BMT156192397,,
BMT156192398,,
BMT156192399,,
BMT156192409,,
BMT156192410,,
BMT156192411,,
BMT156192412,,
BMT156192413,,
BMT156574796,,
BMT157276846,,
BMT157399219,,
BMT157399220,,
BMT157399221,,
BMT157399222,,
BMT157399223,,
BMT157399224,,
BMT157399225,,
BMT157399226,,
BMT157399227,,
BMT157399228,,
BMT157399229,,
BMT157399230,,
BMT157399231,,
BMT157425225,,
BMT157425226,,
BMT157425227,,
BMT157425228,,
BMT157425229,,
BMT157425230,,
BMT157425231,,
BMT157425232,,
BMT157425233,,
BMT157425234,,
BMT157573035,,
BMT157573036,,
BMT157818851,,
BMT157818852,,
BMT157818853,,
BMT157818854,,
BMT157818855,,
BMT157818856,,
BMT157818857,,
BMT157818858,,
BMT157818859,,
BMT157818860,,
BMT157818861,,
BMT157818862,,
BMT157818863,,
BMT157818864,,
BMT157818865,,
BMT158959323,,
BMT158959328,,
BMT158959330,,
BMT158959331,,
BMT158959333,,
BMT158959335,,
BMT158959337,,
BMT158959338,,
BMT158959339,,
BMT158959340,,
BMT158959436,,
BMT158959437,,
BMT158959438,,
BMT158959439,,
BMT159014622,,
BMT159014623,,
BMT159014624,,
BMT159014625,,
BMT159014626,,
BMT159014627,,
BMT159014628,,
BMT159014629,,
BMT159014630,,
BMT159014631,,
BMT159084020,,
BMT159084021,,
BMT159084022,,
BMT159084023,,
BMT159084024,,
BMT159084025,,
BMT159084026,,
BMT159681328,,
BMT159681329,,
BMT159681330,,
BMT159681331,,
BMT159681332,,
BMT159926775,,
BMT159926776,,
BMT159926777,,
BMT159926778,,
BMT159926779,,
BMT159926780,,
BMT159926781,,
BMT159926782,,
BMT160077819,,
BMT160077820,,
BMT160077821,,
BMT160077822,,
BMT160077823,,
BMT160077824,,
BMT160077825,,
BMT160077826,,
BMT160077827,,
BMT160077828,,
BMT160077829,,
BMT160077830,,
BMT160077831,,
BMT160931658,,
BMT160931659,,
BMT161194619,,
BMT161194620,,
BMT161194621,,
BMT161194622,,
BMT161194623,,
BMT161194624,,
BMT161194625,,
BMT161194626,,
BMT161194627,,
BMT161194628,,
BMT161194629,,
BMT161194630,,
BMT161194631,,
BMT161194632,,
BMT161194633,,
BMT161212914,,
BMT161212915,,
BMT161212916,,
BMT161212917,,
BMT161212918,,
BMT161212919,,
BMT161212920,,
BMT161212921,,
BMT161212922,,
BMT161212923,,
BMT161212924,,
BMT161212925,,
BMT161212926,,
BMT161212927,,
BMT161212928,,
BMT161212929,,
BMT161212930,,
BMT161212931,,
BMT161212932,,
BMT161212933,,
BMT161212934,,
BMT161212935,,
BMT161212936,,
BMT161212937,,
BMT161212938,,
BMT161212939,,
BMT161212940,,
BMT161212941,,
BMT161212942,,
BMT161236993,,
BMT161236994,,
BMT161236995,,
BMT161236996,,
BMT161236997,,
BMT161236998,,
BMT161236999,,
BMT161417137,,
BMT161417138,,
BMT161417139,,
BMT161417140,,
BMT161665294,,
BMT161665295,,
BMT161665296,,
BMT161665297,,
BMT161665298,,
BMT161665299,,
BMT161665300,,
BMT161665301,,
BMT162345079,,
BMT162345080,,
BMT162847847,,
BMT162847848,,
BMT162847849,,
BMT163103794,,
BMT163103795,,
BMT163103796,,
BMT163135144,,
BMT163135145,,
BMT163135146,,
BMT163341570,,
BMT163350279,,
BMT163350280,,
BMT163405215,,
BMT163405216,,
BMT163885900,,
BMT163885901,,
BMT163885902,,
BMT164238017,,
BMT164238018,,
BMT164238019,,
BMT164238020,,
BMT164238021,,
BMT164238022,,
BMT164238023,,
BMT164238024,,
BMT164238025,,
BMT164374950,,
BMT164374951,,
BMT164374952,,
BMT164374953,,
BMT164374954,,
BMT164374955,,
BMT164374956,,
BMT164374957,,
BMT164430204,,
BMT164430205,,
BMT164430206,,
BMT164430207,,
BMT164430208,,
BMT164430209,,
BMT164430210,,
BMT164430211,,
BMT164430212,,
BMT164430213,,
BMT164430214,,
BMT164430215,,
BMT164430216,,
BMT164430217,,
BMT164430218,,
BMT164430219,,
BMT164430220,,
BMT164430221,,
BMT164430222,,
BMT164430223,,
BMT164430224,,
BMT164430225,,
BMT164430226,,
BMT164430227,,
BMT164430228,,
BMT164430229,,
BMT164430230,,
BMT164430231,,
BMT164430232,,
BMT164430233,,
BMT164430234,,
BMT164430235,,
BMT164430236,,
BMT164430237,,
BMT164430238,,
BMT164430239,,
BMT164430240,,
BMT164430241,,
BMT164430242,,
BMT164430243,,
BMT164532672,,
BMT164532673,,
BMT164532674,,
BMT165043622,,
BMT165239082,,
BMT165239083,,
BMT165239084,,
BMT165239085,,
BMT165670960,,
BMT165670982,,
BMT165670983,,
BMT165670984,,
BMT165670985,,
BMT165670986,,
BMT165670987,,
BMT165670988,,
BMT165670989,,
BMT165670990,,
BMT165670991,,
BMT165670992,,
BMT165670993,,
BMT165670994,,
BMT165670995,,
BMT165670996,,
BMT165670997,,
BMT165670998,,
BMT165670999,,
BMT165671000,,
BMT165671001,,
BMT166023129,,
BMT166261718,,
BMT166261743,,
BMT166261744,,
BMT166261745,,
BMT166261746,,
BMT166262517,,
BMT166262521,,
BMT166262522,,
BMT166262523,,
BMT166262524,,
BMT166262525,,
BMT166262526,,
BMT166759308,,
BMT166759309,,
BMT166759310,,
BMT166759311,,
BMT167202009,,
BMT167202010,,
BMT167202011,,
BMT167202012,,
BMT167262582,,
BMT167262593,,
BMT167262594,,
BMT167262595,,
BMT167262596,,
BMT167262793,,
BMT167262798,,
BMT167262799,,
BMT167262800,,
BMT167262801,,
BMT167262802,,
BMT167262803,,
BMT167263223,,
BMT167263224,,
BMT167263225,,
BMT167263226,,
BMT167263227,,
BMT167601743,,
BMT167601744,,
BMT167601745,,
BMT167601746,,
BMT167601747,,
BMT167601748,,
BMT167601749,,
BMT167601750,,
BMT167601751,,
BMT167601752,,
BMT167601753,,
BMT167601754,,
BMT167743306,,
BMT167743307,,
BMT167743308,,
BMT167743309,,
BMT167743310,,
BMT167743311,,
BMT167743312,,
BMT167743313,,
BMT167743314,,
BMT167743315,,
BMT167743316,,
BMT167743317,,
BMT167743318,,
BMT167743319,,
BMT167743320,,
BMT168074409,,
BMT168074410,,
BMT168375977,,
BMT168375978,,
BMT168375979,,
BMT168375980,,
BMT168375981,,
BMT168375982,,
BMT168375983,,
BMT168375984,,
BMT168375985,,
BMT168375986,,
BMT168375987,,
BMT168375988,,
BMT168375989,,
BMT168375990,,
BMT168375991,,
BMT168375992,,
BMT168375993,,
BMT168375994,,
BMT168375995,,
BMT168375996,,
BMT168375997,,
BMT168375998,,
BMT168375999,,
BMT168376000,,
BMT168376001,,
BMT168376002,,
BMT168376003,,
BMT168376004,,
BMT168376005,,
BMT168376006,,
BMT168376007,,
BMT168376008,,
BMT168376009,,
BMT168376010,,
BMT168376011,,
BMT168376012,,
BMT168376013,,
BMT168376014,,
BMT168376015,,
BMT168376016,,
BMT168376197,,
BMT168376198,,
BMT168376199,,
BMT168376200,,
BMT168376201,,
BMT168782023,,
BMT168782026,,
BMT168782027,,
BMT168872553,,
BMT168872554,,
BMT169052101,,
BMT169052102,,
BMT169052103,,
BMT169521253,,
BMT169521254,,
BMT169521255,,
BMT169521256,,
BMT169521257,,
BMT169521258,,
BMT169521259,,
BMT169521333,,
BMT169521334,,
BMT169644616,,
BMT169644617,,
BMT169644618,,
BMT169644619,,
BMT169644620,,
BMT169644621,,
BMT169644622,,
BMT169644623,,
BMT169644624,,
BMT169644625,,
BMT169644626,,
BMT169644627,,
BMT169644628,,
BMT169644629,,
BMT169644630,,
BMT169644631,,
BMT169644632,,
BMT169644633,,
BMT169644634,,
BMT169644635,,
BMT169644636,,
BMT169644637,,
BMT169644638,,
BMT169644639,,
BMT169644640,,
BMT169644641,,
BMT169644642,,
BMT169644643,,
BMT169644644,,
BMT169644645,,
BMT169644646,,
BMT169644647,,
BMT169644648,,
BMT169644649,,
BMT169644650,,
BMT169644651,,
BMT169644652,,
BMT169644653,,
BMT169644654,,
BMT169644655,,
BMT169644656,,
BMT169644657,,
BMT169644658,,
BMT169644659,,
BMT169644660,,
BMT169644661,,
BMT169644662,,
BMT169644663,,
BMT169644664,,
BMT170128883,,
BMT170128930,,
BMT170128931,,
BMT170128932,,
BMT170128933,,
BMT170128934,,
BMT170131253,,
BMT170131254,,
BMT170131255,,
BMT170131256,,
BMT170131257,,
BMT170131258,,
BMT170131259,,
BMT170131260,,
BMT170131261,,
BMT170131262,,
BMT170131263,,
BMT170131264,,
BMT170131265,,
BMT170131266,,
BMT170131267,,
BMT170131268,,
BMT170131269,,
BMT170131270,,
BMT170131271,,
BMT170131272,,
BMT170131273,,
BMT170447326,,
BMT170447327,,
BMT170447328,,
BMT170447329,,
BMT170447330,,
BMT170447331,,
BMT170447332,,
BMT170447333,,
BMT170447334,,
BMT170447335,,
BMT170447336,,
BMT171060882,,
BMT171063626,,
BMT171063637,,
BMT171063638,,
BMT171742191,,
BMT171742192,,
BMT171742193,,
BMT171742194,,
BMT171742195,,
BMT171742196,,
BMT171742197,,
BMT171742198,,
BMT171742199,,
BMT171742200,,
BMT171742201,,
BMT171742202,,
BMT171742203,,
BMT171742204,,
BMT171742205,,
BMT171742206,,
BMT172196461,,
BMT172196462,,
BMT172196463,,
BMT172196464,,
BMT172196465,,
BMT172196466,,
BMT172196467,,
BMT172196468,,
BMT172196469,,
BMT172196470,,
BMT172196471,,
BMT172196472,,
BMT172196473,,
BMT172196474,,
BMT172196475,,
BMT172196476,,
BMT172196477,,
BMT172196478,,
BMT172196479,,
BMT172196480,,
BMT172196481,,
BMT172196482,,
BMT172196483,,
BMT172196484,,
BMT172196485,,
BMT172196486,,
BMT172196487,,
BMT172196488,,
BMT172196489,,
BMT172196490,,
BMT172196491,,
BMT172196492,,
BMT172196493,,
BMT172196494,,
BMT172196495,,
BMT172196496,,
BMT172196497,,
BMT172196498,,
BMT172196499,,
BMT172196500,,
BMT172196937,,
BMT172196938,,
BMT172196939,,
BMT172196940,,
BMT172196941,,
BMT172196942,,
BMT172196943,,
BMT172196944,,
BMT172196945,,
BMT172724903,,
BMT172724904,,
BMT172724905,,
BMT172724906,,
BMT172724907,,
BMT172724908,,
BMT172889073,,
BMT172889074,,
BMT172889075,,
BMT172889076,,
BMT172889077,,
BMT172889078,,
BMT172889079,,
BMT172989565,,
BMT172989566,,
BMT172989567,,
BMT172989568,,
BMT172989569,,
BMT172989570,,
BMT172989571,,
BMT172989572,,
BMT172989573,,
BMT172989574,,
BMT172989575,,
BMT172989576,,
BMT172989577,,
BMT172989578,,
BMT172989579,,
BMT172989580,,
BMT172989581,,
BMT172989582,,
BMT173169133,,
BMT173169134,,
BMT173169135,,
BMT173169136,,
BMT173169137,,
BMT173169138,,
BMT173169139,,
BMT173169140,,
BMT173169141,,
BMT173169142,,
BMT173169143,,
BMT173169144,,
BMT173169145,,
BMT173169146,,
BMT173169147,,
BMT173169148,,
BMT173169149,,
BMT173169150,,
BMT173169151,,
BMT173169152,,
BMT173169153,,
BMT173169154,,
BMT173169155,,
BMT173169156,,
BMT173169157,,
BMT173169158,,
BMT173169159,,
BMT173169160,,
BMT173169161,,
BMT173169162,,
BMT173169163,,
BMT173169164,,
BMT173169165,,
BMT173169166,,
BMT173169167,,
BMT173169168,,
BMT173169169,,
BMT173169170,,
BMT173169171,,
BMT173169172,,
BMT173169173,,
BMT173459423,,
BMT173459424,,
BMT173459425,,
BMT173459426,,
BMT173459427,,
BMT173460634,,
BMT173460635,,
BMT173460636,,
BMT173460637,,
BMT173460638,,
BMT173460639,,
BMT173460640,,
BMT173460641,,
BMT173460642,,
BMT173460643,,
BMT173460644,,
BMT173460645,,
BMT173460646,,
BMT173460647,,
BMT173460648,,
BMT173460649,,
BMT173460650,,
BMT173460651,,
BMT173535139,,
BMT173535502,,
BMT173535503,,
BMT173535504,,
BMT173535550,,
BMT173535551,,
BMT173535552,,
BMT173535553,,
BMT173535554,,
BMT173535555,,
BMT173535556,,
BMT173535557,,
BMT173535558,,
BMT173535611,,
BMT173535612,,
BMT173535613,,
BMT173535614,,
BMT173535615,,
BMT173535616,,
BMT173535617,,
BMT173535618,,
BMT173535619,,
BMT173535716,,
BMT173535717,,
BMT173535718,,
BMT173535719,,
BMT173535720,,
BMT173535721,,
BMT173542147,,
BMT173542399,,
BMT173542400,,
BMT173739773,,
BMT173739774,,
BMT173739775,,
BMT173739776,,
BMT173739777,,
BMT173739778,,
BMT174028798,,
BMT174028799,,
BMT174028800,,
BMT174028801,,
BMT174028802,,
BMT174028803,,
BMT174028804,,
BMT174028805,,
BMT174028806,,
BMT174028807,,
BMT174028808,,
BMT174028809,,
BMT174028810,,
BMT174028811,,
BMT174028812,,
BMT174028813,,
BMT174028814,,
BMT174028815,,
BMT174028816,,
BMT174028817,,
BMT174028818,,
BMT174028819,,
BMT174028820,,
BMT174028821,,
BMT174028822,,
BMT174028823,,
BMT174028824,,
BMT174028825,,
BMT174028826,,
BMT174352459,,
BMT174352460,,
BMT174352461,,
BMT174352462,,
BMT174352463,,
BMT174352464,,
BMT174352465,,
BMT174352466,,
BMT174352467,,
BMT174352468,,
BMT174352469,,
BMT174352470,,
BMT174352471,,
BMT174476562,,
BMT174476613,,
BMT174476614,,
BMT174476615,,
BMT174476616,,
BMT174476618,,
BMT174476619,,
BMT174476620,,
BMT174476621,,
BMT174476622,,
BMT174476623,,
BMT174476624,,
BMT174476625,,
BMT174476626,,
BMT174476627,,
BMT174476628,,
BMT174476629,,
BMT174476630,,
BMT174476631,,
BMT174476632,,
BMT174476633,,
BMT174476634,,
BMT174476635,,
BMT174476636,,
BMT174476637,,
BMT174476638,,
BMT174476639,,
BMT174594061,,
BMT174594062,,
BMT174594063,,
BMT174594064,,
BMT174594065,,
BMT174594066,,
BMT174594067,,
BMT174594068,,
BMT174594069,,
BMT174851078,,
BMT174851079,,
BMT174851080,,
BMT174851081,,
BMT174851082,,
BMT174851083,,
BMT174851084,,
BMT174851085,,
BMT174851086,,
BMT174851087,,
BMT174851088,,
BMT174851089,,
BMT174851090,,
BMT174965105,,
BMT174965106,,
BMT174965107,,
BMT174965108,,
BMT174965109,,
BMT174965110,,
BMT174965111,,
BMT175430501,,
BMT175430502,,
BMT175430503,,
BMT175430504,,
BMT175430505,,
BMT175432000,,
BMT175432002,,
BMT175492315,,
BMT175492316,,
BMT175492317,,
BMT175492318,,
BMT175643132,,
BMT175643585,,
BMT175643586,,
BMT175643587,,
BMT175643652,,
BMT175644157,,
BMT175644158,,
BMT175644159,,
BMT175644160,,
BMT175644161,,
BMT175644536,,
BMT175644537,,
BMT175644538,,
BMT175711274,,
BMT175711275,,
BMT175711276,,
BMT175711277,,
BMT175711278,,
BMT175862431,,
BMT175862432,,
BMT175862433,,
BMT175862434,,
BMT175862435,,
BMT176024476,,
BMT176024477,,
BMT176024478,,
BMT176024479,,
BMT176605512,,
BMT176605513,,
BMT176605514,,
BMT176605515,,
BMT176605516,,
BMT176605517,,
BMT176605518,,
BMT176605519,,
BMT176605520,,
BMT176605521,,
BMT176605522,,
BMT176605523,,
BMT176605524,,
BMT176605525,,
BMT176605526,,
BMT176605527,,
BMT176605528,,
BMT176605529,,
BMT176605530,,
BMT1905638B,,
BMT1905701B,,
BMT1905722B,,
BMT1905799B,,
BMT1905876B,,
BMT1905890B,,
BMT1905897B,,
BMT1905932B,,
BMT1905939B,,
BMT1905974B,,
BMT1905981B,,
BMT1906016B,,
BMT1906044B,,
BMT1906072B,,
BMT1906128B,,
BMT1906177B,,
BMT1906205B,,
BMT1906247B,,
BMT1906254B,,
BMT1906282B,,
BMT1906289B,,
BMT1906303B,,
BMT1906317B,,
BMT1906331B,,
BMT1906345B,,
BMT1906352B,,
BMT1906359B,,
BMT1906373B,,
BMT1906394B,,
BMT1906408B,,
BMT1906422B,,
BMT1906429B,,
BMT1906478B,,
BMT1906520B,,
BMT1906534B,,
BMT1906583B,,
BMT1906597B,,
BMT1906618B,,
BMT1906639B,,
BMT1906646B,,
BMT1906653B,,
BMT1906660B,,
BMT1906667B,,
BMT1906674B,,
BMT1906681B,,
BMT1906688B,,
BMT1906709B,,
BMT1906765B,,
BMT1906772B,,
BMT1906793B,,
BMT1906800B,,
BMT1906814B,,
BMT1906842B,,
BMT1906849B,,
BMT1906856B,,
BMT1906898B,,
BMT1906954B,,
BMT1906982B,,
BMT1906989B,,
BMT1907192B,,
BMT1907269B,,
BMT1907283B,,
BMT1907304B,,
BMT1907318B,,
BMT1907332B,,
BMT1907402B,,
BMT1907409B,,
BMT1908634B,,
BMT1908655B,,
BMT1909278B,,
BMT1909299B,,
BMT1909320B,,
BMT1909341B,,
BMT1909355B,,
BMT1909418B,,
BMT1909446B,,
BMT1909453B,,
BMT1909460B,,
BMT1909467B,,
BMT1909474B,,
BMT1909516B,,
BMT1909579B,,
BMT1909593B,,
BMT1909656B,,
BMT1909705B,,
BMT1909719B,,
BMT1909740B,,
BMT1909754B,,
BMT1909768B,,
BMT1909810B,,
BMT1909929B,,
BMT1909971B,,
BMT1909999B,,
BMT1910041B,,
BMT1910048B,,
BMT1910055B,,
BMT1910132B,,
BMT1910139B,,
BMT1910160B,,
BMT1910181B,,
BMT1910188B,,
BMT1910202B,,
BMT1910265B,,
BMT1910272B,,
BMT1910279B,,
BMT1910286B,,
BMT1910335B,,
BMT1910391B,,
BMT1910426B,,
BMT1910440B,,
BMT1910482B,,
BMT1910496B,,
BMT1910517B,,
BMT1910601B,,
BMT1910615B,,
BMT1910629B,,
BMT1910678B,,
BMT1910706B,,
BMT1910713B,,
BMT1910755B,,
BMT1910769B,,
BMT1910797B,,
BMT1910811B,,
BMT1910853B,,
BMT1910860B,,
BMT1910916B,,
BMT1910944B,,
BMT1910986B,,
BMT1911000B,,
BMT1911021B,,
BMT1911028B,,
BMT1911042B,,
BMT1911084B,,
BMT1911112B,,
BMT1911126B,,
BMT1911133B,,
BMT1911161B,,
BMT1911182B,,
BMT1911196B,,
BMT1911203B,,
BMT1911252B,,
BMT1911287B,,
BMT1911343B,,
BMT1911350B,,
BMT1911357B,,
BMT1911399B,,
BMT1911420B,,
BMT1911490B,,
BMT1911525B,,
BMT1911553B,,
BMT1911588B,,
BMT1911630B,,
BMT1911672B,,
BMT1911679B,,
BMT1911805B,,
BMT1911910B,,
BMT1911924B,,
BMT1911973B,,
BMT1912036B,,
BMT209090B,,
BMT209097B,,
BMT209104B,,
BMT209118B,,
BMT209125B,,
BMT209132B,,
BMT210098B,,
BMT210133B,,
BMT210140B,,
BMT210154B,,
BMT215306B,,
BMT215313B,,
BMT215327B,,
BMT215334B,,
BMT215348B,,
BMT215355B,,
BMT218386B,,
BMT218393B,,
BMT218400B,,
BMT234962B,,
BMT234976B,,
BMT234983B,,
BMT240142B,,
BMT240156B,,
BMT240163B,,
BMT240170B,,
BMT240191B,,
BMT240597B,,
BMT2519384B,,
BMT2519426B,,
BMT2561643B,,
BMT2582755B,,
BMT2582762B,,
BMT2582769B,,
BMT2582776B,,
BMT2582790B,,
BMT2582797B,,
BMT2582804B,,
BMT2582818B,,
BMT2582825B,,
BMT2582832B,,
BMT2582888B,,
BMT2588817B,,
BMT2600073B,,
BMT2600080B,,
BMT2600094B,,
BMT2600101B,,
BMT2601781B,,
BMT2601795B,,
BMT2629333B,,
BMT2629347B,,
BMT2629354B,,
BMT2640288B,,
BMT2667651B,,
BMT2668015B,,
BMT2668022B,,
BMT2668036B,,
BMT2668043B,,
BMT2668078B,,
BMT2668113B,,
BMT2668190B,,
BMT2668365B,,
BMT2752645B,,
BMT2773386B,,
BMT2816702B,,
BMT2826929B,,
BMT2826936B,,
BMT2826943B,,
BMT2831955B,,
BMT2831962B,,
BMT2843512B,,
BMT2858828B,,
BMT2858835B,,
BMT2880248B,,
BMT2880255B,,
BMT2880262B,,
BMT2880269B,,
BMT2880276B,,
BMT2880283B,,
BMT2880290B,,
BMT2880297B,,
BMT2884875B,,
BMT2888984B,,
BMT2888991B,,
BMT2888998B,,
BMT2920932B,,
BMT2920939B,,
BMT2920946B,,
BMT2923396B,,
BMT2923403B,,
BMT2926336B,,
BMT2926343B,,
BMT2926350B,,
BMT2926357B,,
BMT2926364B,,
BMT2926707B,,
BMT2931047B,,
BMT2968308B,,
BMT2968315B,,
BMT2968322B,,
BMT2968329B,,
BMT2974727B,,
BMT2974734B,,
BMT2997750B,,
BMT3007956B,,
BMT3007963B,,
BMT3008243B,,
BMT3011463B,,
BMT3011687B,,
BMT3018246B,,
BMT3018253B,,
BMT3018260B,,
BMT3018267B,,
BMT3018274B,,
BMT3018281B,,
BMT3018323B,,
BMT3018330B,,
BMT3018337B,,
BMT3018351B,,
BMT3018365B,,
BMT3018379B,,
BMT3018386B,,
BMT3018393B,,
BMT3018400B,,
BMT3018407B,,
BMT3018428B,,
BMT3018435B,,
BMT3018449B,,
BMT3018463B,,
BMT3018519B,,
BMT3018526B,,
BMT3018575B,,
BMT3018582B,,
BMT3018617B,,
BMT3018631B,,
BMT3018645B,,
BMT3018652B,,
BMT3018659B,,
BMT3018687B,,
BMT3018694B,,
BMT3018701B,,
BMT3018778B,,
BMT3018792B,,
BMT3018799B,,
BMT3018806B,,
BMT3018813B,,
BMT3018820B,,
BMT3018848B,,
BMT3018855B,,
BMT3018869B,,
BMT3018876B,,
BMT3018897B,,
BMT3018904B,,
BMT3018911B,,
BMT3018932B,,
BMT3018939B,,
BMT3018960B,,
BMT3018974B,,
BMT3018981B,,
BMT3018995B,,
BMT3019002B,,
BMT3019009B,,
BMT3019030B,,
BMT3019037B,,
BMT3019044B,,
BMT3019058B,,
BMT3019072B,,
BMT3019079B,,
BMT3019086B,,
BMT3019723B,,
BMT3019730B,,
BMT3019737B,,
BMT3019793B,,
BMT3019800B,,
BMT3019807B,,
BMT3019814B,,
BMT3019828B,,
BMT3019863B,,
BMT3019870B,,
BMT3019877B,,
BMT3019898B,,
BMT3019905B,,
BMT3019912B,,
BMT3019940B,,
BMT3019947B,,
BMT3019954B,,
BMT3019961B,,
BMT3020087B,,
BMT3020094B,,
BMT3020108B,,
BMT3020115B,,
BMT3020122B,,
BMT3020136B,,
BMT3020143B,,
BMT3020150B,,
BMT3020157B,,
BMT3020192B,,
BMT3020199B,,
BMT3020206B,,
BMT3020213B,,
BMT3020248B,,
BMT3020255B,,
BMT3020262B,,
BMT3020269B,,
BMT3020276B,,
BMT3020283B,,
BMT3020290B,,
BMT3020339B,,
BMT3020346B,,
BMT3020353B,,
BMT3020360B,,
BMT3020374B,,
BMT3020388B,,
BMT3020395B,,
BMT3020402B,,
BMT3020409B,,
BMT3020416B,,
BMT3020423B,,
BMT3020430B,,
BMT3020437B,,
BMT3020465B,,
BMT3020472B,,
BMT3020479B,,
BMT3020486B,,
BMT3020493B,,
BMT3020514B,,
BMT3020521B,,
BMT3020528B,,
BMT3020535B,,
BMT3020682B,,
BMT3020738B,,
BMT3020794B,,
BMT3020801B,,
BMT3020843B,,
BMT3020850B,,
BMT3020857B,,
BMT3020864B,,
BMT3020983B,,
BMT3020990B,,
BMT3020997B,,
BMT3021004B,,
BMT3021053B,,
BMT3021067B,,
BMT3021081B,,
BMT3021088B,,
BMT3021095B,,
BMT3021102B,,
BMT3021109B,,
BMT3021116B,,
BMT3021137B,,
BMT3022313B,,
BMT3022782B,,
BMT3022789B,,
BMT3022873B,,
BMT3022894B,,
BMT3022985B,,
BMT3022992B,,
BMT3023174B,,
BMT3023195B,,
BMT3023202B,,
BMT3023209B,,
BMT3023216B,,
BMT3023223B,,
BMT3023832B,,
BMT3023839B,,
BMT3023853B,,
BMT3023874B,,
BMT3023881B,,
BMT3023888B,,
BMT3023895B,,
BMT3023909B,,
BMT3024035B,,
BMT3024042B,,
BMT3024175B,,
BMT3024210B,,
BMT3024217B,,
BMT3024294B,,
BMT3024301B,,
BMT3024329B,,
BMT3024350B,,
BMT3024364B,,
BMT3024371B,,
BMT3024420B,,
BMT3024448B,,
BMT3024455B,,
BMT3024462B,,
BMT3024469B,,
BMT3024476B,,
BMT3024483B,,
BMT3024490B,,
BMT3024497B,,
BMT3024504B,,
BMT3024854B,,
BMT3024861B,,
BMT3024868B,,
BMT3024875B,,
BMT3024882B,,
BMT3024889B,,
BMT3024987B,,
BMT3024994B,,
BMT3025008B,,
BMT3025022B,,
BMT3025120B,,
BMT3025155B,,
BMT3025183B,,
BMT3025197B,,
BMT3025253B,,
BMT3025260B,,
BMT3025540B,,
BMT3025547B,,
BMT3025638B,,
BMT3025645B,,
BMT3025659B,,
BMT3025666B,,
BMT3025673B,,
BMT3025680B,,
BMT3025687B,,
BMT3025708B,,
BMT3025743B,,
BMT3025757B,,
BMT3025764B,,
BMT3025792B,,
BMT3025799B,,
BMT3025813B,,
BMT3025827B,,
BMT3025967B,,
BMT3025974B,,
BMT3025981B,,
BMT3026079B,,
BMT3026086B,,
BMT3026142B,,
BMT3026275B,,
BMT3026282B,,
BMT3026317B,,
BMT3026324B,,
BMT3026331B,,
BMT3026338B,,
BMT3026359B,,
BMT3026366B,,
BMT3026373B,,
BMT3026380B,,
BMT3026387B,,
BMT3026401B,,
BMT3026499B,,
BMT3026639B,,
BMT3026653B,,
BMT3026660B,,
BMT3026667B,,
BMT3026702B,,
BMT3026709B,,
BMT3026723B,,
BMT3026730B,,
BMT3026737B,,
BMT3026786B,,
BMT3026800B,,
BMT3026814B,,
BMT3026947B,,
BMT3026954B,,
BMT3026968B,,
BMT3026982B,,
BMT3026989B,,
BMT3026996B,,
BMT3027003B,,
BMT3027010B,,
BMT3027031B,,
BMT3027052B,,
BMT3027080B,,
BMT3027087B,,
BMT3027094B,,
BMT3027101B,,
BMT3027108B,,
BMT3027115B,,
BMT3027213B,,
BMT3027220B,,
BMT3027227B,,
BMT3027269B,,
BMT3027416B,,
BMT3027430B,,
BMT3027437B,,
BMT3027444B,,
BMT3027507B,,
BMT3027521B,,
BMT3027542B,,
BMT3027577B,,
BMT3027584B,,
BMT3027591B,,
BMT3027598B,,
BMT3027605B,,
BMT3027633B,,
BMT3027640B,,
BMT3027647B,,
BMT3027654B,,
BMT3027661B,,
BMT3027668B,,
BMT3028221B,,
BMT3028228B,,
BMT3028242B,,
BMT3028396B,,
BMT3028445B,,
BMT3028452B,,
BMT3028459B,,
BMT3028473B,,
BMT3028543B,,
BMT3028557B,,
BMT3028697B,,
BMT3028704B,,
BMT3028774B,,
BMT3028781B,,
BMT3028788B,,
BMT3028795B,,
BMT3028844B,,
BMT3028851B,,
BMT3028858B,,
BMT3028865B,,
BMT3028872B,,
BMT3028879B,,
BMT3029012B,,
BMT3029019B,,
BMT3029047B,,
BMT3029068B,,
BMT3029082B,,
BMT3029089B,,
BMT3029096B,,
BMT3029110B,,
BMT3029117B,,
BMT3029124B,,
BMT3029138B,,
BMT3029145B,,
BMT3029152B,,
BMT3029159B,,
BMT3029166B,,
BMT3029418B,,
BMT3029425B,,
BMT3029446B,,
BMT3029509B,,
BMT3029516B,,
BMT3029530B,,
BMT3029544B,,
BMT3029558B,,
BMT3029565B,,
BMT3029579B,,
BMT3029586B,,
BMT3029593B,,
BMT3029663B,,
BMT3029719B,,
BMT3029733B,,
BMT3029754B,,
BMT3029761B,,
BMT3029796B,,
BMT3045168B,,
BMT3045721B,,
BMT3045728B,,
BMT3052070B,,
BMT3066105B,,
BMT3225369B,,
BMT3225376B,,
BMT3225467B,,
BMT3225474B,,
BMT3225481B,,
BMT3225523B,,
BMT3225537B,,
BMT3225551B,,
BMT3225607B,,
BMT3225621B,,
BMT3225628B,,
BMT3225635B,,
BMT3225684B,,
BMT3225691B,,
BMT3225859B,,
BMT3225866B,,
BMT3225908B,,
BMT3226013B,,
BMT3226020B,,
BMT3226048B,,
BMT3226251B,,
BMT3226300B,,
BMT3226349B,,
BMT3226356B,,
BMT3226405B,,
BMT3226412B,,
BMT3226566B,,
BMT3226650B,,
BMT3226664B,,
BMT3226685B,,
BMT3226874B,,
BMT3226881B,,
BMT3227231B,,
BMT3227371B,,
BMT3227378B,,
BMT3227385B,,
BMT3227539B,,
BMT3227553B,,
BMT3227567B,,
BMT3227574B,,
BMT3227651B,,
BMT3227658B,,
BMT3227665B,,
BMT3227672B,,
BMT3227679B,,
BMT3227686B,,
BMT3227693B,,
BMT3227700B,,
BMT3227714B,,
BMT3227721B,,
BMT3227728B,,
BMT3227952B,,
BMT3227959B,,
BMT3227994B,,
BMT3228015B,,
BMT3228036B,,
BMT3228043B,,
BMT3228057B,,
BMT3228442B,,
BMT3228491B,,
BMT3228554B,,
BMT3228582B,,
BMT3228680B,,
BMT3228827B,,
BMT3228841B,,
BMT3228855B,,
BMT3228869B,,
BMT3228876B,,
BMT3228897B,,
BMT3229128B,,
BMT3229142B,,
BMT3229233B,,
BMT3229240B,,
BMT3229394B,,
BMT3229485B,,
BMT3229534B,,
BMT3229702B,,
BMT3229709B,,
BMT3229716B,,
BMT3229807B,,
BMT3229828B,,
BMT3229954B,,
BMT3229968B,,
BMT3229982B,,
BMT3229989B,,
BMT3230185B,,
BMT3230507B,,
BMT3230570B,,
BMT3230605B,,
BMT3230619B,,
BMT3230633B,,
BMT3230647B,,
BMT3230808B,,
BMT3230885B,,
BMT3230892B,,
BMT3230955B,,
BMT3230962B,,
BMT3230997B,,
BMT3231074B,,
BMT3231081B,,
BMT3231270B,,
BMT3231277B,,
BMT3231291B,,
BMT3231305B,,
BMT3231319B,,
BMT3231333B,,
BMT3231340B,,
BMT3231494B,,
BMT3231536B,,
BMT3231578B,,
BMT3231585B,,
BMT3231592B,,
BMT3231606B,,
BMT3232117B,,
BMT3232432B,,
BMT3232446B,,
BMT3233020B,,
BMT3233237B,,
BMT3233244B,,
BMT3233251B,,
BMT3233685B,,
BMT3233699B,,
BMT3233706B,,
BMT3233727B,,
BMT3233888B,,
BMT3233895B,,
BMT3233930B,,
BMT3233937B,,
BMT3234189B,,
BMT3234196B,,
BMT3234203B,,
BMT3234210B,,
BMT3234224B,,
BMT3234448B,,
BMT3234455B,,
BMT3234567B,,
BMT3234595B,,
BMT3234602B,,
BMT3234777B,,
BMT3234784B,,
BMT3234840B,,
BMT3234882B,,
BMT3234896B,,
BMT3235015B,,
BMT3235078B,,
BMT3235085B,,
BMT3235155B,,
BMT3235176B,,
BMT3235281B,,
BMT3235344B,,
BMT3235358B,,
BMT3235365B,,
BMT3235960B,,
BMT3236240B,,
BMT3236485B,,
BMT3236499B,,
BMT3236506B,,
BMT3236513B,,
BMT3236520B,,
BMT3236541B,,
BMT3236548B,,
BMT3237262B,,
BMT3237269B,,
BMT3237304B,,
BMT3237465B,,
BMT3237577B,,
BMT3237633B,,
BMT3237640B,,
BMT3237654B,,
BMT3237661B,,
BMT3237682B,,
BMT3237759B,,
BMT3237766B,,
BMT3237773B,,
BMT3237843B,,
BMT3237850B,,
BMT3237864B,,
BMT3237871B,,
BMT3237878B,,
BMT3238095B,,
BMT3238249B,,
BMT3238256B,,
BMT3238263B,,
BMT3238424B,,
BMT3238767B,,
BMT3238788B,,
BMT3238795B,,
BMT3238816B,,
BMT3240209B,,
BMT3240216B,,
BMT3240272B,,
BMT3240286B,,
BMT3240293B,,
BMT3240314B,,
BMT3240461B,,
BMT3240559B,,
BMT3240699B,,
BMT3240748B,,
BMT3240776B,,
BMT3240881B,,
BMT3240895B,,
BMT3240916B,,
BMT3240951B,,
BMT3241112B,,
BMT3241126B,,
BMT3241154B,,
BMT3241161B,,
BMT3241175B,,
BMT3241189B,,
BMT3241413B,,
BMT3241420B,,
BMT3241483B,,
BMT3241511B,,
BMT3241525B,,
BMT3241742B,,
BMT3241924B,,
BMT3242043B,,
BMT3242057B,,
BMT3242344B,,
BMT3242442B,,
BMT3242582B,,
BMT3242589B,,
BMT3242701B,,
BMT3242708B,,
BMT3242715B,,
BMT3242722B,,
BMT3242736B,,
BMT3242757B,,
BMT3242792B,,
BMT3242841B,,
BMT3242918B,,
BMT3243107B,,
BMT3243128B,,
BMT3243135B,,
BMT3243149B,,
BMT3243520B,,
BMT3243576B,,
BMT3243653B,,
BMT3243744B,,
BMT3243947B,,
BMT3244010B,,
BMT3244115B,,
BMT3244129B,,
BMT3244220B,,
BMT3244227B,,
BMT3244325B,,
BMT3244346B,,
BMT3244360B,,
BMT3244381B,,
BMT3244619B,,
BMT3244661B,,
BMT3244710B,,
BMT3244738B,,
BMT3244787B,,
BMT3244794B,,
BMT3245046B,,
BMT3245060B,,
BMT3245088B,,
BMT3245102B,,
BMT3245109B,,
BMT3245151B,,
BMT3245158B,,
BMT3245438B,,
BMT3245452B,,
BMT3245459B,,
BMT3245466B,,
BMT3245571B,,
BMT3245585B,,
BMT3245655B,,
BMT3245669B,,
BMT3245676B,,
BMT3245879B,,
BMT3245886B,,
BMT3245900B,,
BMT3245914B,,
BMT3246432B,,
BMT3246439B,,
BMT3246600B,,
BMT3246642B,,
BMT3246810B,,
BMT3246859B,,
BMT3246866B,,
BMT3246880B,,
BMT3246901B,,
BMT3247097B,,
BMT3247104B,,
BMT3247139B,,
BMT3247153B,,
BMT3247433B,,
BMT3247566B,,
BMT3247580B,,
BMT3247594B,,
BMT3247643B,,
BMT3247650B,,
BMT3247916B,,
BMT3248294B,,
BMT3248301B,,
BMT3248308B,,
BMT3248560B,,
BMT3248567B,,
BMT3248616B,,
BMT3248672B,,
BMT3248679B,,
BMT3248861B,,
BMT3249225B,,
BMT3249232B,,
BMT3249281B,,
BMT3249351B,,
BMT3249631B,,
BMT3249645B,,
BMT3249736B,,
BMT3249743B,,
BMT3249750B,,
BMT3249757B,,
BMT3249764B,,
BMT3249848B,,
BMT3249890B,,
BMT3249960B,,
BMT3250296B,,
BMT3250513B,,
BMT3250520B,,
BMT3250541B,,
BMT3250548B,,
BMT3250590B,,
BMT3250625B,,
BMT3250709B,,
BMT3250723B,,
BMT3250751B,,
BMT3251003B,,
BMT3251059B,,
BMT3251143B,,
BMT3251178B,,
BMT3251444B,,
BMT3251983B,,
BMT3252123B,,
BMT3252249B,,
BMT3252333B,,
BMT3252347B,,
BMT3252368B,,
BMT3252382B,,
BMT3252424B,,
BMT3252557B,,
BMT3252970B,,
BMT3252977B,,
BMT3253376B,,
BMT3253383B,,
BMT3253390B,,
BMT3253397B,,
BMT3253404B,,
BMT3253411B,,
BMT3253488B,,
BMT3253495B,,
BMT3323691B,,
BMT3323698B,,
BMT3331272B,,
BMT3331370B,,
BMT3331377B,,
BMT3331384B,,
BMT3331524B,,
BMT3331531B,,
BMT3334968B,,
BMT3335108B,,
BMT3335360B,,
BMT3335402B,,
BMT3335416B,,
BMT3336270B,,
BMT3336277B,,
BMT3336284B,,
BMT3336466B,,
BMT3336697B,,
BMT3336725B,,
BMT3337159B,,
BMT3337166B,,
BMT3337341B,,
BMT3338601B,,
BMT3338895B,,
BMT3338979B,,
BMT3338986B,,
BMT3338993B,,
BMT3339000B,,
BMT3339007B,,
BMT3339021B,,
BMT3339042B,,
BMT3339987B,,
BMT3339994B,,
BMT3340008B,,
BMT3340190B,,
BMT3340267B,,
BMT3340288B,,
BMT3340295B,,
BMT3340932B,,
BMT3340939B,,
BMT3341254B,,
BMT3341548B,,
BMT3341562B,,
BMT3341569B,,
BMT3341625B,,
BMT3341632B,,
BMT3342164B,,
BMT3342598B,,
BMT3342892B,,
BMT3342899B,,
BMT3342906B,,
BMT3342913B,,
BMT3343424B,,
BMT3343431B,,
BMT3343669B,,
BMT3343676B,,
BMT3343865B,,
BMT3343879B,,
BMT3343886B,,
BMT3343893B,,
BMT3343900B,,
BMT3343914B,,
BMT3343928B,,
BMT3343935B,,
BMT3344180B,,
BMT3344243B,,
BMT3344250B,,
BMT3344299B,,
BMT3344306B,,
BMT3344320B,,
BMT3344334B,,
BMT3344551B,,
BMT3344579B,,
BMT3344586B,,
BMT3344593B,,
BMT3344698B,,
BMT3344705B,,
BMT3344712B,,
BMT3344733B,,
BMT3345132B,,
BMT3345139B,,
BMT3345146B,,
BMT3345153B,,
BMT3345167B,,
BMT3345174B,,
BMT3345181B,,
BMT3345188B,,
BMT3345202B,,
BMT3345902B,,
BMT3345958B,,
BMT3345965B,,
BMT3346007B,,
BMT3346021B,,
BMT3346742B,,
BMT3346812B,,
BMT3346868B,,
BMT3346882B,,
BMT3348072B,,
BMT3348086B,,
BMT3348093B,,
BMT3348107B,,
BMT3348121B,,
BMT3348128B,,
BMT3348135B,,
BMT3348142B,,
BMT3348632B,,
BMT3348653B,,
BMT3348884B,,
BMT3348898B,,
BMT3348912B,,
BMT3348919B,,
BMT3348933B,,
BMT3348982B,,
BMT3349087B,,
BMT3349122B,,
BMT3349143B,,
BMT3349164B,,
BMT3349213B,,
BMT3349227B,,
BMT3349269B,,
BMT3349360B,,
BMT3349367B,,
BMT3349374B,,
BMT3349444B,,
BMT3349451B,,
BMT3364865B,,
BMT3364872B,,
BMT3364879B,,
BMT3364928B,,
BMT3394678B,,
BMT3394699B,,
BMT3394706B,,
BMT3394769B,,
BMT3394776B,,
BMT3394790B,,
BMT3395035B,,
BMT3395609B,,
BMT3395616B,,
BMT3395623B,,
BMT3395854B,,
BMT3395861B,,
BMT3396029B,,
BMT3396169B,,
BMT3396190B,,
BMT3396204B,,
BMT3396253B,,
BMT3396260B,,
BMT3396274B,,
BMT3396295B,,
BMT3396309B,,
BMT3396337B,,
BMT3396344B,,
BMT3396351B,,
BMT3396358B,,
BMT3396365B,,
BMT3396372B,,
BMT3396379B,,
BMT3396890B,,
BMT3397135B,,
BMT3397660B,,
BMT3397667B,,
BMT3397674B,,
BMT3397681B,,
BMT3397919B,,
BMT3398031B,,
BMT3398038B,,
BMT3398066B,,
BMT3398192B,,
BMT3398199B,,
BMT3398206B,,
BMT3398213B,,
BMT3398346B,,
BMT3398353B,,
BMT3398521B,,
BMT3398528B,,
BMT3398542B,,
BMT3398549B,,
BMT3398640B,,
BMT3398829B,,
BMT3398850B,,
BMT3398899B,,
BMT3399144B,,
BMT3399151B,,
BMT3399158B,,
BMT3399172B,,
BMT3399179B,,
BMT3399186B,,
BMT3399193B,,
BMT3399207B,,
BMT3402322B,,
BMT3402329B,,
BMT3402378B,,
BMT3402385B,,
BMT3402455B,,
BMT3402469B,,
BMT3402483B,,
BMT3402490B,,
BMT3402504B,,
BMT3402525B,,
BMT3402651B,,
BMT3402994B,,
BMT3403001B,,
BMT3403008B,,
BMT3403162B,,
BMT3403239B,,
BMT3403379B,,
BMT3403477B,,
BMT3403498B,,
BMT3403631B,,
BMT3403638B,,
BMT3403666B,,
BMT3403673B,,
BMT3403680B,,
BMT3403687B,,
BMT3403701B,,
BMT3403708B,,
BMT3403925B,,
BMT3403967B,,
BMT3404079B,,
BMT3404317B,,
BMT3404422B,,
BMT3404499B,,
BMT3404618B,,
BMT3404667B,,
BMT3404674B,,
BMT3404926B,,
BMT3404933B,,
BMT3408503B,,
BMT3408524B,,
BMT3408531B,,
BMT3408762B,,
BMT3408769B,,
BMT3408776B,,
BMT3408783B,,
BMT3408965B,,
BMT3409084B,,
BMT3409154B,,
BMT3409168B,,
BMT3409231B,,
BMT3409238B,,
BMT3409252B,,
BMT3409259B,,
BMT3409266B,,
BMT3409315B,,
BMT3409322B,,
BMT3409329B,,
BMT3409336B,,
BMT3409350B,,
BMT3409420B,,
BMT3409427B,,
BMT3409434B,,
BMT3409441B,,
BMT3409448B,,
BMT3409497B,,
BMT3409518B,,
BMT3409749B,,
BMT3409756B,,
BMT3409763B,,
BMT3409770B,,
BMT3409777B,,
BMT3409784B,,
BMT3409798B,,
BMT3409805B,,
BMT3409812B,,
BMT3409987B,,
BMT3410001B,,
BMT3410015B,,
BMT3410022B,,
BMT3410043B,,
BMT3410050B,,
BMT3410057B,,
BMT3410071B,,
BMT3410078B,,
BMT3410148B,,
BMT3410155B,,
BMT3410162B,,
BMT3410211B,,
BMT3410225B,,
BMT3410232B,,
BMT3410337B,,
BMT3410344B,,
BMT3410351B,,
BMT3410365B,,
BMT3410393B,,
BMT3410400B,,
BMT3410519B,,
BMT3410533B,,
BMT3410659B,,
BMT3410694B,,
BMT3410701B,,
BMT3410708B,,
BMT3410771B,,
BMT3410778B,,
BMT3410897B,,
BMT3410911B,,
BMT3410995B,,
BMT3411037B,,
BMT3411156B,,
BMT3411310B,,
BMT3411317B,,
BMT3411415B,,
BMT3411457B,,
BMT3411471B,,
BMT3411653B,,
BMT3411667B,,
BMT3411674B,,
BMT3411681B,,
BMT3411779B,,
BMT3411786B,,
BMT3411898B,,
BMT3411905B,,
BMT3411912B,,
BMT3411919B,,
BMT3412276B,,
BMT3412339B,,
BMT3412346B,,
BMT3412353B,,
BMT3412360B,,
BMT3413529B,,
BMT3413543B,,
BMT3433507B,,
BMT3433514B,,
BMT3433521B,,
BMT3433528B,,
BMT3475241B,,
BMT3475255B,,
BMT3475262B,,
BMT3475269B,,
BMT3484075B,,
BMT3484208B,,
BMT3484215B,,
BMT3484320B,,
BMT3514777B,,
BMT3751293B,,
BMT3751300B,,
BMT3845191B,,
BMT3846276B,,
BMT3846283B,,
BMT3846290B,,
BMT3847998B,,
BMT3848012B,,
BMT3848019B,,
BMT3848026B,,
BMT3848033B,,
BMT3905825B,,
BMT3905832B,,
BMT3905839B,,
BMT3905846B,,
BMT3905853B,,
BMT3905860B,,
BMT3916430B,,
BMT3916437B,,
BMT3916444B,,
BMT3916451B,,
BMT3916458B,,
BMT3919447B,,
BMT3919454B,,
BMT3919461B,,
BMT3976147B,,
BMT3976175B,,
BMT3989545B,,
BMT4015466B,,
BMT4015473B,,
BMT4015480B,,
BMT4015487B,,
BMT4015494B,,
BMT4015501B,,
BMT4015508B,,
BMT4015515B,,
BMT4048772B,,
BMT4048835B,,
BMT4048842B,,
BMT4048856B,,
BMT4048863B,,
BMT4048877B,,
BMT4048891B,,
BMT4049283B,,
BMT4049360B,,
BMT4049367B,,
BMT4049416B,,
BMT4049423B,,
BMT4049430B,,
BMT4049437B,,
BMT4049465B,,
BMT4049521B,,
BMT4049577B,,
BMT4049591B,,
BMT4049626B,,
BMT4049633B,,
BMT4049647B,,
BMT4049654B,,
BMT4049661B,,
BMT4068246B,,
BMT4090345B,,
BMT4090352B,,
BMT4100663B,,
BMT4147500B,,
BMT4147507B,,
BMT4147514B,,
BMT4152337B,,
BMT4198215B,,
BMT4198222B,,
BMT4209373B,,
BMT4214224B,,
BMT4214245B,,
BMT4249000B,,
BMT4287724B,,
BMT4287759B,,
BMT4287815B,,
BMT4311671B,,
BMT49B,,
BMT5226431,,
BMT56399B,,
BMT56B,,
BMT7306431B,,
BMT73836B,,
BMT73850B,,
BMT73878B,,
BMT73899B,,
BMT73969B,,
BMT73976B,,
BMT73983B,,
BMT73990B,,
BMT74011B,,
BMT74018B,,
BMT74025B,,
BMT74032B,,
BMT74039B,,
BMT74046B,,
BMT74102B,,
BMT74235B,,
BMT74242B,,
BMT74249B,,
BMT74263B,,
BMT74270B,,
BMT74277B,,
BMT74389B,,
BMT74396B,,
BMT74417B,,
BMT74431B,,
BMT74438B,,
BMT74445B,,
BMT74452B,,
BMT74487B,,
BMT74522B,,
BMT74571B,,
BMT74606B,,
BMT74627B,,
BMT74641B,,
BMT74774B,,
BMT74781B,,
BMT74795B,,
BMT74809B,,
BMT74928B,,
BMT74942B,,
BMT74984B,,
BMT75005B,,
BMT75012B,,
BMT75033B,,
BMT75054B,,
BMT75061B,,
BMT75075B,,
BMT75096B,,
BMT75257B,,
BMT75334B,,
BMT75341B,,
BMT7534694B,,
BMT75348B,,
BMT75355B,,
BMT75362B,,
BMT75369B,,
BMT75376B,,
BMT7539916B,,
BMT7540063B,,
BMT7540350B,,
BMT7540371B,,
BMT7543052B,,
BMT75488B,,
BMT75516B,,
BMT75530B,,
BMT75551B,,
BMT75845B,,
BMT75873B,,
BMT75880B,,
BMT75887B,,
BMT75964B,,
BMT75999B,,
BMT76006B,,
BMT76013B,,
BMT76027B,,
BMT76034B,,
BMT76041B,,
BMT76048B,,
BMT76055B,,
BMT76062B,,
BMT76069B,,
BMT7998598B,,
BMT7998605B,,
BMT7998612B,,
BMT7998633B,,
BMT7B,,
BMT8035740B,,
BMT8035803B,,
BMT8257171B,,
BMT8257178B,,
BMT8281132B,,
BMT8605771B,,
BMT8610874B,,
BMT8610881B,,
BMT8610895B,,
BMT8610909B,,
BMT8610930B,,
BMT8610937B,,
BMT8610944B,,
BMT8610958B,,
BMT8611042B,,
BMT8611070B,,
BMT8611084B,,
BMT8611091B,,
BMT8611098B,,
BMT8642220B,,
BMT8649185B,,
BMT8649234B,,
BMT8649353B,,
BMT8649367B,,
BMT8649374B,,
BMT8693131B,,
BMT8693145B,,
BMT8693166B,,
BMT8693173B,,
BMT8693313B,,
BMT8702127B,,
BMT8711890B,,
BMT8724845D,,
BMT8724849D,,
BMT8724850D,,
BMT8724851D,,
BMT8724870D,,
BMT8724874D,,
BMT8724881D,,
BMT8724892D,,
BMT8724895D,,
BMT8724898D,,
BMT8724901D,,
BMT8724905D,,
BMT8724909D,,
BMT8724910D,,
BMT8724914D,,
BMT8724917D,,
BMT8724919D,,
BMT8724921D,,
BMT8724925D,,
BMT8724927D,,
BMT8724930D,,
BMT8724945D,,
BMT8725376B,,
BMT8725378B,,
BMT8725380B,,
BMT8725382B,,
BMT8725383B,,
BMT8725384B,,
BMT8725385B,,
BMT8725393B,,
BMT8725396B,,
BMT8725398B,,
BMT8725400B,,
BMT8725401B,,
BMT8725402B,,
BMT8725479B,,
BMT8730365B,,
BMT8730366B,,
BMT8730367B,,
BMT8730368B,,
BMT8730370B,,
BMT8730376B,,
BMT8730378B,,
BMT8730380B,,
BMT8731562B,,
BMT8747886B,,
BMT8747889B,,
BMT8747890B,,
BMT8747904B,,
BMT8790686B,,
BMT8794432B,,
BMT8794434B,,
BMT8794436B,,
BMT8798553B,,
BMT8854381B,,
BMT8874915B,,
BMT8874917B,,
BMT8883180B,,
BMT8883181B,,
BMT8897428B,,
BMT8897432B,,
BMT8897447B,,
BMT8897450B,,
BMT8897476B,,
BMT8925192D,,
BMT8928218B,,
BMT8928219B,,
BMT8928316B,,
BMT8937372B,,
BMT8993021B,,
BMT8993022B,,
BMT8993023B,,
BMT8993025B,,
BMT9013906B,,
BMT9057977B,,
BMT9119947B,,
BMT9119951B,,
BMT9119971B,,
BMT9119974B,,
BMT9119978B,,
BMT9119988B,,
BMT9119992B,,
BMT9119995B,,
BMT9154256B,,
BMT9201775B,,
BMT9201778B,,
BMT9201795B,,
BMT9201803B,,
BMT9201804B,,
BMT9241863B,,
BMT9247117B,,
BMT9247119B,,
BMT9247143B,,
BMT9247150B,,
BMT9247157B,,
BMT9247171B,,
BMT9248818B,,
BMT9248819B,,
BMT9249371B,,
BMT9249373B,,
BMT9347224B,,
BMT9375292B,,
BMT9375293B,,
BMT9375294B,,
BMT9377878B,,
BMT9377879B,,
BMT9394426B,,
BMT9400672B,,
BMT9407392B,,
BMT9407403B,,
BMT9439471B,,
BMT9445413B,,
BMT9462468B,,
BMT9462474B,,
BMT9462477B,,
BMT9462478B,,
BMT9462480B,,
BMT9462485B,,
BMT9466981B,,
BMT9466984B,,
BMT9472615B,,
BMT9472618B,,
BMT9472620B,,
