BMT158970915,,
BMT154120113,,
BMT8847153B,,
BMT99166671,,
BMT167613147,,
BMT167613146,,
BMT1937503B,,
BMT170646674,,
BMT170646674,,
BMT1937524B,,
BMT1937524B,,
BMT99166699,,
BMT1937538B,,
BMT170646675,,
BMT170646675,,
BMT170646676,,
BMT170646675,,
BMT1922635B,,
BMT1939078B,,
BMT3836183,,
BMT1974680B,,
BMT99166888,,
BMT154388739,,
BMT113772199,,
BMT1976108B,,
BMT2090285B,,
BMT113772199,,
BMT154388740,,
BMT154388741,,
BMT1976108B,,
BMT1976136B,,
BMT154388741,,
BMT1976150B,,
BMT99166958,,
BMT172712045,,
BMT172712046,,
BMT170836192,,
BMT2084125B,,
BMT99167217,,
BMT2119377B,,
BMT2084125B,,
BMT2084132B,,
BMT2084132B,,
BMT170836193,,
BMT170836193,,
BMT2129485B,,
BMT171428788,,
BMT2104096B,,
BMT172712046,,
BMT2097397B,,
BMT172712046,,
BMT172712048,,
BMT172712048,,
BMT172712049,,
BMT171428787,,
BMT171428788,,
BMT171428787,,
BMT171428789,,
BMT171428789,,
BMT2101954B,,
BMT2104096B,,
BMT2110837B,,
BMT171909859,,
BMT2110298B,,
BMT2116934B,,
BMT2116948B,,
BMT2116948B,,
BMT152578699,,
BMT152578699,,
BMT2086386B,,
BMT2117690B,,
BMT171909864,,
BMT2117704B,,
BMT2117718B,,
BMT2117711B,,
BMT99167203,,
BMT2117718B,,
BMT171909865,,
BMT172076192,,
BMT99167217,,
BMT2138046B,,
BMT99189022,,
BMT99189001,,
BMT99189008,,
BMT2138060B,,
BMT99189001,,
BMT2138067B,,
BMT2138060B,,
BMT2138081B,,
BMT2138067B,,
BMT2138214B,,
BMT2138221B,,
BMT2138221B,,
BMT2138228B,,
BMT2138228B,,
BMT2138235B,,
BMT2138235B,,
BMT2138242B,,
BMT2138242B,,
BMT2138249B,,
BMT2138249B,,
BMT99188994,,
BMT99188994,,
BMT2138263B,,
BMT2138263B,,
BMT2138277B,,
BMT2138277B,,
BMT2138298B,,
BMT2138298B,,
BMT2138326B,,
BMT2138326B,,
BMT2138347B,,
BMT2251257B,,
BMT8875909B,,
BMT8875909B,,
BMT2251250B,,
BMT99167063,,
BMT167601072,,
BMT170646672,,
BMT6384114B,,
BMT1796761B,,
BMT1796768B,,
BMT1796768B,,
BMT1796775B,,
BMT1796775B,,
BMT170646673,,
BMT170646673,,
BMT1796789B,,
BMT1796789B,,
BMT1796796B,,
BMT1796796B,,
BMT1796803B,,
BMT1796803B,,
BMT1937503B,,
BMT99168533,,
BMT99168540,,
BMT1916804B,,
BMT99168526,,
BMT1916811B,,
BMT1916804B,,
BMT1916818B,,
BMT1916811B,,
BMT1916818B,,
BMT99168519,,
BMT170646676,,
BMT170646678,,
BMT170646678,,
BMT1916853B,,
BMT1916853B,,
BMT1916860B,,
BMT1916860B,,
BMT99166734,,
BMT154388937,,
BMT154388938,,
BMT149528031,,
BMT1967666B,,
BMT154388734,,
BMT154388735,,
BMT154388737,,
BMT154388739,,
BMT2090285B,,
BMT154388742,,
BMT167941521,,
BMT167941522,,
BMT2110298B,,
BMT2110312B,,
BMT2110312B,,
BMT99167182,,
BMT152578698,,
BMT2110326B,,
BMT99167182,,
BMT171909860,,
BMT2110326B,,
BMT2116934B,,
BMT171909863,,
BMT2117690B,,
BMT2110837B,,
BMT171428791,,
BMT108081339,,
BMT108081346,,
BMT108081346,,
BMT108081353,,
BMT108081346,,
BMT2145606B,,
BMT163605172,,
BMT3785811,,
BMT2147776B,,
BMT163605172,,
BMT2170617B,,
BMT2170652B,,
BMT2170652B,,
BMT2170687B,,
BMT2170687B,,
BMT2192877B,,
BMT163605177,,
BMT2171947B,,
BMT2171947B,,
BMT2171954B,,
BMT2171968B,,
BMT99167497,,
BMT163296835,,
BMT163296838,,
BMT163296834,,
BMT163296835,,
BMT163296834,,
BMT3356711B,,
BMT2196020B,,
BMT2196027B,,
BMT2196027B,,
BMT163296836,,
BMT163296836,,
BMT163296837,,
BMT2196545B,,
BMT154195041,,
BMT154195040,,
BMT99188490,,
BMT154195040,,
BMT2196545B,,
BMT2198036B,,
BMT170149307,,
BMT2198043B,,
BMT2198036B,,
BMT2275547B,,
BMT7731495B,,
BMT2275561B,,
BMT7731495B,,
BMT113772794,,
BMT113772801,,
BMT172712010,,
BMT2098034C,,
BMT1931504B,,
BMT154388941,,
BMT154388941,,
BMT1931518B,,
BMT1931518B,,
BMT1931525B,,
BMT2097397B,,
BMT172712047,,
BMT172712051,,
BMT2097418B,,
BMT2097418B,,
BMT172712052,,
BMT2097985B,,
BMT172712053,,
BMT171428786,,
BMT2098006B,,
BMT172712008,,
BMT172712009,,
BMT2098006B,,
BMT171428787,,
BMT172712009,,
BMT2098020B,,
BMT2098020B,,
BMT2098027B,,
BMT2098027B,,
BMT172712010,,
BMT2127252B,,
BMT172076197,,
BMT2129485B,,
BMT170836194,,
BMT2129842B,,
BMT2129849B,,
BMT2129849B,,
BMT99168358,,
BMT99168358,,
BMT2129870B,,
BMT2129870B,,
BMT2140951B,,
BMT2160082B,,
BMT3355367B,,
BMT163605171,,
BMT163605170,,
BMT2190161B,,
BMT2167817B,,
BMT154195042,,
BMT2190161B,,
BMT2190203B,,
BMT154195042,,
BMT2190217B,,
BMT2190203B,,
BMT2190224B,,
BMT2190217B,,
BMT2190231B,,
BMT2190224B,,
BMT2190238B,,
BMT2190231B,,
BMT99188490,,
BMT2190238B,,
BMT99188532,,
BMT2204910B,,
BMT2191127B,,
BMT158970914,,
BMT2191134B,,
BMT2199373B,,
BMT158970913,,
BMT2191127B,,
BMT158970913,,
BMT2191134B,,
BMT2191148B,,
BMT158970913,,
BMT158970912,,
BMT2191148B,,
BMT158970912,,
BMT99188455,,
BMT2192443B,,
BMT154195038,,
BMT2192450B,,
BMT2192443B,,
BMT2192457B,,
BMT2192450B,,
BMT154195037,,
BMT2192457B,,
BMT154195037,,
BMT2204903B,,
BMT2192877B,,
BMT155176211,,
BMT155176211,,
BMT2192912B,,
BMT2192912B,,
BMT99167357,,
BMT2192933B,,
BMT2209530B,,
BMT2218854B,,
BMT2204273B,,
BMT2218861B,,
BMT152578047,,
BMT2219085B,,
BMT117809253,,
BMT2219687B,,
BMT152682498,,
BMT2220212B,,
BMT2220226B,,
BMT157786855,,
BMT2274392B,,
BMT163912043,,
BMT163912045,,
BMT164376760,,
BMT2250655B,,
BMT163912044,,
BMT163912046,,
BMT163912046,,
BMT163912047,,
BMT2281896B,,
BMT2281903B,,
BMT2281903B,,
BMT2281931B,,
BMT2281931B,,
BMT2281924B,,
BMT2281924B,,
BMT2281917B,,
BMT154388938,,
BMT1928032B,,
BMT154388938,,
BMT1939078B,,
BMT154388938,,
BMT154388940,,
BMT1928032B,,
BMT1928039B,,
BMT1928039B,,
BMT154388939,,
BMT154388939,,
BMT1928053B,,
BMT1928053B,,
BMT1928060B,,
BMT1928060B,,
BMT1931504B,,
BMT2124977B,,
BMT172076195,,
BMT172076195,,
BMT3785545,,
BMT172076195,,
BMT2124991B,,
BMT2124991B,,
BMT172076196,,
BMT172076196,,
BMT2125005B,,
BMT172076196,,
BMT2125012B,,
BMT2125005B,,
BMT2127252B,,
BMT2125012B,,
BMT172076198,,
BMT172076198,,
BMT172076199,,
BMT99167280,,
BMT2125054B,,
BMT2125054B,,
BMT108081339,,
BMT2125971B,,
BMT2324449B,,
BMT99188903,,
BMT2125971B,,
BMT99188903,,
BMT2125985B,,
BMT2125985B,,
BMT2125992B,,
BMT2125992B,,
BMT2125999B,,
BMT2125999B,,
BMT2126006B,,
BMT2126006B,,
BMT99188917,,
BMT99188917,,
BMT99188924,,
BMT99188987,,
BMT2126027B,,
BMT2126027B,,
BMT2126034B,,
BMT2126034B,,
BMT2126041B,,
BMT2126041B,,
BMT4114398B,,
BMT2155266B,,
BMT2155273B,,
BMT2155273B,,
BMT163605173,,
BMT163605173,,
BMT2155287B,,
BMT2155287B,,
BMT2155294B,,
BMT2155294B,,
BMT99187867,,
BMT99187874,,
BMT99187881,,
BMT99187881,,
BMT2178142B,,
BMT152682498,,
BMT2213408B,,
BMT152682498,,
BMT152682500,,
BMT2213408B,,
BMT2213415B,,
BMT2213415B,,
BMT152682499,,
BMT2214143B,,
BMT99188539,,
BMT2214157B,,
BMT154196068,,
BMT99188539,,
BMT99188546,,
BMT99188539,,
BMT2214171B,,
BMT2138347B,,
BMT2138361B,,
BMT2138354B,,
BMT2138081B,,
BMT2138361B,,
BMT2138382B,,
BMT2138368B,,
BMT2138354B,,
BMT2138375B,,
BMT2138368B,,
BMT2138382B,,
BMT2138375B,,
BMT163605174,,
BMT2160082B,,
BMT155176210,,
BMT2162952B,,
BMT2162952B,,
BMT99167343,,
BMT99167343,,
BMT2170617B,,
BMT99168337,,
BMT99168344,,
BMT2178121B,,
BMT2178128B,,
BMT2178121B,,
BMT2198008B,,
BMT2178128B,,
BMT99187909,,
BMT99187895,,
BMT2178121B,,
BMT2178142B,,
BMT99187888,,
BMT99187888,,
BMT99187895,,
BMT99187888,,
BMT99187902,,
BMT170149304,,
BMT170149305,,
BMT2204259B,,
BMT152578046,,
BMT2204266B,,
BMT2204259B,,
BMT2204266B,,
BMT2204280B,,
BMT2204273B,,
BMT2204266B,,
BMT154195036,,
BMT154195037,,
BMT154195039,,
BMT154195040,,
BMT2204889B,,
BMT154195039,,
BMT99188455,,
BMT154119461,,
BMT99188581,,
BMT99188588,,
BMT2204903B,,
BMT2204889B,,
BMT2204910B,,
BMT2204917B,,
BMT2204917B,,
BMT2214143B,,
BMT2250627B,,
BMT2250634B,,
BMT2250634B,,
BMT164376760,,
BMT164376760,,
BMT2250648B,,
BMT2250648B,,
BMT2250662B,,
BMT2250655B,,
BMT2250669B,,
BMT2250669B,,
BMT154218995,,
BMT2250676B,,
BMT2250662B,,
BMT154218995,,
BMT2250697B,,
BMT2250690B,,
BMT2250676B,,
BMT2250697B,,
BMT154216910,,
BMT2250704B,,
BMT2250690B,,
BMT163912042,,
BMT2250725B,,
BMT164376761,,
BMT2250704B,,
BMT2250725B,,
BMT2250739B,,
BMT2250739B,,
BMT2250753B,,
BMT2250753B,,
BMT2250781B,,
BMT2250781B,,
BMT163912043,,
BMT2263668B,,
BMT2263675B,,
BMT2263675B,,
BMT162611826,,
BMT156472546,,
BMT2263668B,,
BMT162611826,,
BMT162611827,,
BMT162611827,,
BMT2259027B,,
BMT162611827,,
BMT99188371,,
BMT153818078,,
BMT2251257B,,
BMT170149305,,
BMT99187930,,
BMT99187930,,
BMT2198813B,,
BMT150340318,,
BMT4039281B,,
BMT2198813B,,
BMT2198820B,,
BMT2198820B,,
BMT2193199B,,
BMT2198820B,,
BMT170149306,,
BMT99167714,,
BMT99167728,,
BMT99167707,,
BMT99167714,,
BMT99167707,,
BMT99167721,,
BMT164377707,,
BMT164377713,,
BMT2234702B,,
BMT164377708,,
BMT2234716B,,
BMT2234702B,,
BMT167613148,,
BMT167613147,,
BMT167613147,,
BMT2236193B,,
BMT2236193B,,
BMT2236200B,,
BMT2236200B,,
BMT2236214B,,
BMT2236214B,,
BMT2236221B,,
BMT2236221B,,
BMT2236235B,,
BMT2236235B,,
BMT167613149,,
BMT167613149,,
BMT2261869B,,
BMT2237166B,,
BMT2234716B,,
BMT164377709,,
BMT2237166B,,
BMT164377709,,
BMT2237201B,,
BMT2237201B,,
BMT164377710,,
BMT164377710,,
BMT164377711,,
BMT2257466B,,
BMT2229501B,,
BMT2257473B,,
BMT2257466B,,
BMT2257480B,,
BMT2257473B,,
BMT2257487B,,
BMT2257480B,,
BMT2257494B,,
BMT2257487B,,
BMT2257501B,,
BMT2257494B,,
BMT99188721,,
BMT2257501B,,
BMT2257515B,,
BMT99188721,,
BMT2257522B,,
BMT2257515B,,
BMT2257529B,,
BMT2257522B,,
BMT2257536B,,
BMT2257529B,,
BMT99188714,,
BMT2257536B,,
BMT2257550B,,
BMT99188658,,
BMT104145764,,
BMT2257550B,,
BMT104145764,,
BMT104145771,,
BMT2258950B,,
BMT2246308B,,
BMT2258957B,,
BMT2258950B,,
BMT2258964B,,
BMT2258957B,,
BMT2258971B,,
BMT2258964B,,
BMT2258978B,,
BMT2258971B,,
BMT162611829,,
BMT2258978B,,
BMT2258992B,,
BMT162611829,,
BMT2258999B,,
BMT2258992B,,
BMT162611828,,
BMT2258999B,,
BMT2259013B,,
BMT162611828,,
BMT2259020B,,
BMT2259013B,,
BMT2259027B,,
BMT2259020B,,
BMT2274343B,,
BMT2274371B,,
BMT2274350B,,
BMT157786855,,
BMT2274357B,,
BMT2274378B,,
BMT172712051,,
BMT172712050,,
BMT172712047,,
BMT172712050,,
BMT152619264,,
BMT152619265,,
BMT152619266,,
BMT163605175,,
BMT159935026,,
BMT8847153B,,
BMT154388935,,
BMT154388936,,
BMT154388934,,
BMT154388935,,
BMT154388946,,
BMT154388943,,
BMT99166853,,
BMT1974680B,,
BMT1953596B,,
BMT154388946,,
BMT1953596B,,
BMT3375632B,,
BMT172712052,,
BMT2097985B,,
BMT2101954B,,
BMT171428790,,
BMT2102318B,,
BMT3355668B,,
BMT2119377B,,
BMT172076193,,
BMT172076193,,
BMT172076194,,
BMT172076194,,
BMT2119391B,,
BMT172076194,,
BMT2119405B,,
BMT172076194,,
BMT99167245,,
BMT2119405B,,
BMT2119419B,,
BMT99168351,,
BMT2119426B,,
BMT2119419B,,
BMT2124977B,,
BMT2119426B,,
BMT2129842B,,
BMT2140951B,,
BMT99168365,,
BMT163605169,,
BMT4289923,,
BMT163605179,,
BMT2175552B,,
BMT2228675B,,
BMT153808975,,
BMT2228682B,,
BMT2228675B,,
BMT2228689B,,
BMT2228682B,,
BMT2228696B,,
BMT2228689B,,
BMT2228703B,,
BMT2228696B,,
BMT2228710B,,
BMT2228703B,,
BMT2228717B,,
BMT2228710B,,
BMT2228724B,,
BMT2228717B,,
BMT153808972,,
BMT2228752B,,
BMT99188378,,
BMT162611830,,
BMT2228738B,,
BMT2228724B,,
BMT2228745B,,
BMT2228738B,,
BMT2228752B,,
BMT2228794B,,
BMT153808974,,
BMT2228745B,,
BMT2228766B,,
BMT153808974,,
BMT153808973,,
BMT2228766B,,
BMT2228780B,,
BMT153808973,,
BMT2228787B,,
BMT2228780B,,
BMT2228794B,,
BMT2228787B,,
BMT2229501B,,
BMT99188728,,
BMT2231286B,,
BMT2231335B,,
BMT2231335B,,
BMT2231349B,,
BMT2231342B,,
BMT154196073,,
BMT2231349B,,
BMT2231342B,,
BMT2280384B,,
BMT2280398B,,
BMT2280391B,,
BMT2280384B,,
BMT2280398B,,
BMT157296286,,
BMT157296286,,
BMT2274336B,,
BMT163912043,,
BMT2281840B,,
BMT163296834,,
BMT163296833,,
BMT163296832,,
BMT163296833,,
BMT166354294,,
BMT166354295,,
BMT166687653,,
BMT166687654,,
BMT171428791,,
BMT171428792,,
BMT1922635B,,
BMT1922642B,,
BMT1922642B,,
BMT170646677,,
BMT170646677,,
BMT2790761,,
BMT99168512,,
BMT99168519,,
BMT99168505,,
BMT99168512,,
BMT2086386B,,
BMT2086393B,,
BMT2086393B,,
BMT152578700,,
BMT167941515,,
BMT2115828B,,
BMT152578700,,
BMT99168414,,
BMT152578700,,
BMT152578701,,
BMT167941520,,
BMT167941521,,
BMT2115758B,,
BMT167941520,,
BMT167941517,,
BMT2723729B,,
BMT167941516,,
BMT167941517,,
BMT167941516,,
BMT167941518,,
BMT167941518,,
BMT167941519,,
BMT2115828B,,
BMT167941516,,
BMT2145606B,,
BMT108081360,,
BMT108081360,,
BMT99167322,,
BMT155176209,,
BMT155176210,,
BMT2175552B,,
BMT163605178,,
BMT163605178,,
BMT163605177,,
BMT2199373B,,
BMT158970915,,
BMT158970911,,
BMT158970912,,
BMT158970911,,
BMT2214157B,,
BMT2234093B,,
BMT158970911,,
BMT99188413,,
BMT2234093B,,
BMT2234107B,,
BMT162611832,,
BMT162611831,,
BMT2234107B,,
BMT2234121B,,
BMT162611831,,
BMT2234128B,,
BMT2234121B,,
BMT2234135B,,
BMT2234128B,,
BMT2234142B,,
BMT2234135B,,
BMT2234149B,,
BMT2234142B,,
BMT2261869B,,
BMT2261876B,,
BMT2261876B,,
BMT167613150,,
BMT160843757,,
BMT2276317B,,
BMT2263297B,,
BMT99188315,,
BMT157786853,,
BMT2263297B,,
BMT99188287,,
BMT157786853,,
BMT104145757,,
BMT2263318B,,
BMT2263318B,,
BMT2275533B,,
BMT157786852,,
BMT99188287,,
BMT157786855,,
BMT155063115,,
BMT2289491B,,
BMT2252160B,,
BMT2289498B,,
BMT2289491B,,
BMT2289505B,,
BMT2289498B,,
BMT2289512B,,
BMT2289505B,,
BMT2289519B,,
BMT2289512B,,
BMT152578138,,
BMT2289519B,,
BMT6384114B,,
BMT1796761B,,
BMT152619256,,
BMT2194207B,,
BMT2209530B,,
BMT155176212,,
BMT155176213,,
BMT155176214,,
BMT99167385,,
BMT152619255,,
BMT152619255,,
BMT152619256,,
BMT152619255,,
BMT99167406,,
BMT152619255,,
BMT152619257,,
BMT117809232,,
BMT2209586B,,
BMT2209586B,,
BMT117809239,,
BMT117809267,,
BMT117809274,,
BMT117809239,,
BMT117809246,,
BMT117809246,,
BMT2219085B,,
BMT117809246,,
BMT117809260,,
BMT2210664B,,
BMT170149308,,
BMT170149308,,
BMT2210692B,,
BMT2210692B,,
BMT170149309,,
BMT152682497,,
BMT2219687B,,
BMT99187972,,
BMT2210720B,,
BMT164377702,,
BMT2220212B,,
BMT2211406B,,
BMT99188574,,
BMT99188560,,
BMT2211406B,,
BMT2211427B,,
BMT99188560,,
BMT2211553B,,
BMT2211560B,,
BMT2211560B,,
BMT2211567B,,
BMT2211567B,,
BMT2211574B,,
BMT2211574B,,
BMT2211427B,,
BMT99188546,,
BMT2211553B,,
BMT99188546,,
BMT99188567,,
BMT99188147,,
BMT99188154,,
BMT99188147,,
BMT99188161,,
BMT164377712,,
BMT2791209,,
BMT2269919B,,
BMT99188749,,
BMT99188742,,
BMT2269919B,,
BMT2269933B,,
BMT99188742,,
BMT2269940B,,
BMT2269933B,,
BMT99188735,,
BMT2269940B,,
BMT104145778,,
BMT99188679,,
BMT104145778,,
BMT2275547B,,
BMT99168547,,
BMT99168554,,
BMT99166699,,
BMT1937538B,,
BMT154388940,,
BMT4240881,,
BMT154388940,,
BMT1919800B,,
BMT154388940,,
BMT99166769,,
BMT154388943,,
BMT99166839,,
BMT154388943,,
BMT154388947,,
BMT154388943,,
BMT154388942,,
BMT154388942,,
BMT1931525B,,
BMT154388942,,
BMT149528025,,
BMT154388942,,
BMT154388944,,
BMT154388736,,
BMT154388737,,
BMT154388736,,
BMT1973581B,,
BMT154388736,,
BMT1973595B,,
BMT154388740,,
BMT1976136B,,
BMT154388740,,
BMT1976150B,,
BMT2167817B,,
BMT154195043,,
BMT1967666B,,
BMT149528032,,
BMT149528032,,
BMT149528033,,
BMT163912046,,
BMT2281896B,,
BMT2281917B,,
BMT157296272,,
BMT172712053,,
BMT2097978B,,
BMT2274336B,,
BMT157296285,,
BMT157296280,,
BMT2274343B,,
BMT157461470,,
BMT157296280,,
BMT1972083B,,
BMT1972097B,,
BMT1972083B,,
BMT154388489,,
BMT99166930,,
BMT154388489,,
BMT1972097B,,
BMT154388490,,
BMT154388944,,
BMT1973553B,,
BMT1973553B,,
BMT154388945,,
BMT99166818,,
BMT154388734,,
BMT154388735,,
BMT1973588B,,
BMT1973581B,,
BMT154388738,,
BMT1973588B,,
BMT154388736,,
BMT2078147B,,
BMT2078154B,,
BMT2078154B,,
BMT2078161B,,
BMT2078161B,,
BMT2078168B,,
BMT2078168B,,
BMT2078175B,,
BMT2078175B,,
BMT99188889,,
BMT99188889,,
BMT2078189B,,
BMT99188889,,
BMT99188903,,
BMT2078189B,,
BMT99188896,,
BMT99189008,,
BMT2135631B,,
BMT99189008,,
BMT2138046B,,
BMT2135631B,,
BMT99189015,,
BMT152619262,,
BMT152619264,,
BMT152619261,,
BMT152619262,,
BMT152619261,,
BMT2585955B,,
BMT2194207B,,
BMT152619261,,
BMT155176212,,
BMT4688447,,
BMT155176212,,
BMT155176213,,
BMT2251208B,,
BMT153818079,,
BMT2251215B,,
BMT2251208B,,
BMT2251222B,,
BMT2251215B,,
BMT2251229B,,
BMT2251222B,,
BMT2251236B,,
BMT2251229B,,
BMT2251243B,,
BMT2251236B,,
BMT2251250B,,
BMT2251243B,,
BMT2252125B,,
BMT152578139,,
BMT2252132B,,
BMT2252125B,,
BMT2252139B,,
BMT2252132B,,
BMT2252146B,,
BMT2252139B,,
BMT2252153B,,
BMT2252146B,,
BMT2252160B,,
BMT2252153B,,
BMT99188140,,
BMT99188147,,
BMT99188084,,
BMT164377712,,
BMT2253742B,,
BMT99188084,,
BMT164377711,,
BMT2253742B,,
BMT99188854,,
BMT99188861,,
BMT3355367B,,
BMT163605171,,
BMT2289533B,,
BMT152578138,,
BMT2289540B,,
BMT2289533B,,
BMT152578137,,
BMT2289540B,,
BMT157462501,,
BMT99188812,,
BMT157462501,,
BMT2289561B,,
BMT2289561B,,
BMT99188819,,
BMT157462499,,
BMT157462500,,
BMT157462499,,
BMT99188777,,
BMT99188847,,
BMT2289589B,,
BMT157462500,,
BMT157462501,,
BMT157462500,,
BMT2310078B,,
BMT2289589B,,
BMT2289610B,,
BMT2289610B,,
BMT2289617B,,
BMT2289617B,,
BMT99188854,,
BMT2290177B,,
BMT2290184B,,
BMT2290184B,,
BMT2290198B,,
BMT2290191B,,
BMT159853696,,
BMT2290198B,,
BMT99167994,,
BMT2290205B,,
BMT2290177B,,
BMT2290233B,,
BMT2290191B,,
BMT159853697,,
BMT2290205B,,
BMT2290247B,,
BMT159853697,,
BMT159853695,,
BMT2290233B,,
BMT159853695,,
BMT2290247B,,
BMT2324421B,,
BMT2309651B,,
BMT2324428B,,
BMT2324421B,,
BMT2324435B,,
BMT2324428B,,
BMT99188910,,
BMT2324435B,,
BMT2324449B,,
BMT99188910,,
BMT2281840B,,
BMT2281847B,,
BMT2281847B,,
BMT2281854B,,
BMT2281854B,,
BMT2281861B,,
BMT2281861B,,
BMT2281868B,,
BMT2281868B,,
BMT2281875B,,
BMT2281875B,,
BMT163912044,,
BMT155094174,,
BMT155094175,,
BMT155094175,,
BMT2298311B,,
BMT2298311B,,
BMT2298318B,,
BMT2298318B,,
BMT2298325B,,
BMT2298325B,,
BMT2298332B,,
BMT2298332B,,
BMT2319514B,,
BMT2319514B,,
BMT2319521B,,
BMT2319521B,,
BMT2319528B,,
BMT2319528B,,
BMT155094176,,
BMT2723729B,,
BMT2115758B,,
BMT4039281B,,
BMT150340319,,
BMT2220226B,,
BMT164377703,,
BMT164377703,,
BMT164377704,,
BMT164377703,,
BMT164377705,,
BMT164377703,,
BMT164377706,,
BMT99188035,,
BMT2250627B,,
BMT2220324B,,
BMT2220331B,,
BMT2220331B,,
BMT152619260,,
BMT2246252B,,
BMT2234149B,,
BMT2246259B,,
BMT99188378,,
BMT2246266B,,
BMT2246259B,,
BMT2246273B,,
BMT2246252B,,
BMT2246280B,,
BMT2246273B,,
BMT162611830,,
BMT2246280B,,
BMT2246294B,,
BMT2246266B,,
BMT2246301B,,
BMT2246294B,,
BMT2246308B,,
BMT2246301B,,
BMT2276303B,,
BMT160843759,,
BMT2276310B,,
BMT2276303B,,
BMT2276317B,,
BMT2276331B,,
BMT2276324B,,
BMT2276310B,,
BMT2276331B,,
BMT2276338B,,
BMT2276338B,,
BMT2276352B,,
BMT160843758,,
BMT2276324B,,
BMT2276352B,,
BMT2276366B,,
BMT2276359B,,
BMT160843758,,
BMT2276366B,,
BMT2276359B,,
BMT2277402B,,
BMT2242626B,,
BMT2277409B,,
BMT2277402B,,
BMT2277416B,,
BMT2277409B,,
BMT2277423B,,
BMT2277416B,,
BMT2277430B,,
BMT2277423B,,
BMT153788943,,
BMT2277430B,,
BMT99188700,,
BMT153788943,,
BMT2277451B,,
BMT99188707,,
BMT157462498,,
BMT157462499,,
BMT157462699,,
BMT99188945,,
BMT157462699,,
BMT157462700,,
BMT99188931,,
BMT99188938,,
BMT2309644B,,
BMT99188931,,
BMT2309651B,,
BMT2309644B,,
BMT2310078B,,
BMT2310085B,,
BMT2310085B,,
BMT2310092B,,
BMT2310092B,,
BMT2310099B,,
BMT2310099B,,
BMT154950888,,
BMT166354296,,
BMT166354295,,
BMT166354294,,
BMT99188805,,
BMT99188882,,
BMT2310127B,,
BMT2310127B,,
BMT2310134B,,
BMT2310134B,,
BMT2310141B,,
BMT2310141B,,
BMT2310148B,,
BMT2310148B,,
BMT2078147B,,
BMT2312381B,,
BMT157462699,,
BMT157462700,,
BMT157462701,,
BMT99188266,,
BMT2274357B,,
BMT2274371B,,
BMT157461471,,
BMT2274378B,,
BMT157786854,,
BMT157786854,,
BMT2274350B,,
BMT2274392B,,
BMT2274406B,,
BMT2274406B,,
BMT2274420B,,
BMT2274420B,,
BMT157786856,,
BMT2275533B,,
BMT104145764,,
BMT104145771,,
BMT104145778,,
BMT104145785,,
BMT104145792,,
BMT104145785,,
BMT2277451B,,
BMT2275561B,,
BMT104145785,,
BMT2214171B,,
BMT99188553,,
BMT154196072,,
BMT2214213B,,
BMT2214213B,,
BMT2214220B,,
BMT2214220B,,
BMT2214227B,,
BMT2214227B,,
BMT2231286B,,
BMT2214521B,,
BMT152619259,,
BMT152619259,,
BMT99167441,,
BMT99167616,,
BMT99167623,,
BMT99167623,,
BMT99167630,,
BMT2214549B,,
BMT152578045,,
BMT152578044,,
BMT2214549B,,
BMT99167693,,
BMT99167700,,
BMT2214577B,,
BMT2214598B,,
BMT99167700,,
BMT2214591B,,
BMT2214591B,,
BMT99167707,,
BMT2214598B,,
BMT99167651,,
BMT2242598B,,
BMT153788944,,
BMT2242605B,,
BMT2242598B,,
BMT2242612B,,
BMT2242605B,,
BMT2242619B,,
BMT2242612B,,
BMT2242626B,,
BMT2242619B,,
BMT159853694,,
BMT159853695,,
BMT159853693,,
BMT159853694,,
BMT159853471,,
BMT99189092,,
BMT159853471,,
BMT2303589B,,
BMT2303589B,,
BMT99188973,,
BMT157462698,,
BMT2312381B,,
BMT163605170,,
BMT2147776B,,
BMT163605170,,
BMT2155266B,,
BMT163605170,,
BMT163605169,,
BMT170149306,,
BMT2198043B,,
BMT170149306,,
BMT2210664B,,
BMT170149306,,
BMT2210671B,,
BMT164377706,,
BMT2234667B,,
BMT164377706,,
BMT164377707,,
BMT164377706,,
BMT164377708,,
BMT99188868,,
BMT99188875,,
BMT3375632B,,
BMT154388948,,
BMT4114398B,,
BMT2138214B,,
BMT154388740,,
BMT3832704,,
BMT172712053,,
BMT99167028,,
BMT172712053,,
BMT172466056,,
BMT172712010,,
BMT172712011,,
BMT172712010,,
BMT2102318B,,
BMT171909864,,
BMT2104859B,,
BMT171909864,,
BMT2117704B,,
BMT171909864,,
BMT2117711B,,
BMT152619257,,
BMT152619258,,
BMT152619257,,
BMT2214521B,,
BMT152619257,,
BMT2220324B,,
BMT99167630,,
BMT99167637,,
BMT99167630,,
BMT99167644,,
BMT99167630,,
BMT2214577B,,
BMT152578045,,
BMT2218854B,,
BMT152578045,,
BMT2218861B,,
BMT152578045,,
BMT152578048,,
BMT163605175,,
BMT163605176,,
BMT163605176,,
BMT2171954B,,
BMT163605176,,
BMT2171968B,,
BMT163605176,,
BMT2171982B,,
BMT163605176,,
BMT2171989B,,
BMT2585955B,,
BMT152619263,,
BMT157296287,,
BMT2265719B,,
BMT2265719B,,
BMT2265726B,,
BMT2265726B,,
BMT2265733B,,
BMT2265733B,,
BMT2280391B,,
BMT99188301,,
BMT2306018B,,
BMT2306018B,,
BMT159853470,,
BMT159853470,,
BMT2306032B,,
BMT2306032B,,
BMT159853471,,
BMT3355668B,,
BMT99167063,,
BMT3356711B,,
BMT2196020B,,
BMT170149309,,
BMT2210678B,,
BMT170149309,,
BMT99187965,,
BMT170149309,,
BMT2210720B,,
BMT99167357,,
BMT2192933B,,
BMT99168323,,
BMT99168330,,
BMT163296831,,
BMT163296832,,
BMT113772801,,
BMT113772808,,
