BMT1206694B,,
BMT1209284B,,
BMT1214268B,,
BMT1214282B,,
BMT1214450B,,
BMT1214499B,,
BMT1215493B,,
BMT123157213,,
BMT123157493,,
BMT123157528,,
BMT123157549,,
BMT123157570,,
BMT123157598,,
BMT123157780,,
BMT123157794,,
BMT123157878,,
BMT123157913,,
BMT123157934,,
BMT123158039,,
BMT123158102,,
BMT123158256,,
BMT123158305,,
BMT123158312,,
BMT123169337,,
BMT123169358,,
BMT123169386,,
BMT123169421,,
BMT123169477,,
BMT123169589,,
BMT123169799,,
BMT123169904,,
BMT123170065,,
BMT127192090,,
BMT1272963B,,
BMT1272977B,,
BMT1277702C,,
BMT1290309B,,
BMT1290330B,,
BMT1292465B,,
BMT1292521B,,
BMT1292549B,,
BMT1293627B,,
BMT1293662B,,
BMT129733615,,
BMT1298310B,,
BMT1299171B,,
BMT1299206B,,
BMT1299283B,,
BMT1300543B,,
BMT1300641B,,
BMT1302181B,,
BMT1302202B,,
BMT1302881B,,
BMT1302958B,,
BMT1303574B,,
BMT1304120B,,
BMT1304155B,,
BMT1305107B,,
BMT1305618B,,
BMT1305842B,,
BMT1306661B,,
BMT1308551B,,
BMT1308572B,,
BMT1309314B,,
BMT1309321B,,
BMT1309335B,,
BMT1309489B,,
BMT1309762B,,
BMT1309783B,,
BMT1309860B,,
BMT1309895B,,
BMT1309916B,,
BMT1309923B,,
BMT1310273B,,
BMT1310728B,,
BMT1311050B,,
BMT1314130B,,
BMT1315145B,,
BMT1315943B,,
BMT1318022B,,
BMT1318099B,,
BMT1319009B,,
BMT1320479B,,
BMT1320486B,,
BMT1320493B,,
BMT1320507B,,
BMT1326345B,,
BMT1328823B,,
BMT1328830B,,
BMT1328879B,,
BMT1328893B,,
BMT1340387B,,
BMT1341437B,,
BMT1343271B,,
BMT1347366B,,
BMT1348927B,,
BMT1355311B,,
BMT1355318B,,
BMT1356466B,,
BMT1356487B,,
BMT1356494B,,
BMT1356508B,,
BMT1357537B,,
BMT1357600B,,
BMT1359035B,,
BMT1359441B,,
BMT1463531B,,
BMT1464364B,,
BMT1464385B,,
BMT1464392B,,
BMT146672131,,
BMT1470083B,,
BMT147655358,,
BMT149435760,,
BMT149727122,,
BMT149727123,,
BMT150344808,,
BMT1525551B,,
BMT1525572B,,
BMT154265024,,
BMT157708198,,
BMT157708202,,
BMT158119897,,
BMT160673193,,
BMT160673194,,
BMT160673196,,
BMT160673198,,
BMT160841559,,
BMT160841562,,
BMT161015566,,
BMT161025957,,
BMT164787259,,
BMT164819799,,
BMT164864317,,
BMT165219071,,
BMT165219072,,
BMT165220308,,
BMT165220314,,
BMT165220478,,
BMT165261430,,
BMT165261433,,
BMT165261438,,
BMT169702610,,
BMT169702613,,
BMT170809853,,
BMT170809860,,
BMT174491634,,
BMT174491639,,
BMT174491640,,
BMT175262231,,
BMT175262233,,
BMT176306429,,
BMT2311021,,
BMT2326764B,,
BMT2357578B,,
BMT2357739B,,
BMT2357760B,,
BMT2362541D,,
BMT2362569D,,
BMT2362674D,,
BMT2362695E,,
BMT2362702D,,
BMT2362989D,,
BMT2363003D,,
BMT2363535B,,
BMT2375092B,,
BMT2375449B,,
BMT2375477B,,
BMT2375645B,,
BMT2391493B,,
BMT2391556B,,
BMT4855255D,,
BMT4939262D,,
BMT8873084B,,
BMT8873086B,,
BMT8876477B,,
BMT1206526B,,
BMT1206568B,,
BMT1206652B,,
BMT1206666B,,
BMT1206687B,,
BMT1206715B,,
BMT1207653B,,
BMT1207709B,,
BMT1209032B,,
BMT1209046B,,
BMT1209053B,,
BMT1209249B,,
BMT1209305B,,
BMT1210432B,,
BMT1213722B,,
BMT1214296B,,
BMT1214464B,,
BMT1214478B,,
BMT1215514B,,
BMT123155974,,
BMT123157094,,
BMT123157381,,
BMT123157437,,
BMT123157514,,
BMT123157556,,
BMT123157577,,
BMT123157584,,
BMT123157626,,
BMT123157766,,
BMT123157857,,
BMT123157885,,
BMT123157899,,
BMT123157976,,
BMT123158151,,
BMT123158333,,
BMT123169512,,
BMT123169547,,
BMT123169603,,
BMT123169785,,
BMT123169946,,
BMT1272970B,,
BMT127584552,,
BMT127584559,,
BMT127584566,,
BMT1276316B,,
BMT1276337B,,
BMT1284219B,,
BMT1284996B,,
BMT1285010B,,
BMT1285031B,,
BMT1290897B,,
BMT1291415B,,
BMT1291422B,,
BMT1291429B,,
BMT1291464B,,
BMT1292472B,,
BMT1294138B,,
BMT129733622,,
BMT1298898B,,
BMT1299255B,,
BMT1299381B,,
BMT1299423B,,
BMT1299451B,,
BMT1300522B,,
BMT1300683B,,
BMT1300697B,,
BMT1300886B,,
BMT1301264B,,
BMT1301404B,,
BMT1302223B,,
BMT1302531B,,
BMT1302874B,,
BMT1302888B,,
BMT1303595B,,
BMT1304169B,,
BMT1304204B,,
BMT1304239B,,
BMT1305604B,,
BMT1305625B,,
BMT1306703B,,
BMT1308593B,,
BMT1309790B,,
BMT1310350B,,
BMT1310763B,,
BMT1311064B,,
BMT1312786B,,
BMT1313486B,,
BMT1313493B,,
BMT1315250B,,
BMT1316069B,,
BMT1316307B,,
BMT1316321B,,
BMT1318988B,,
BMT1319002B,,
BMT1320353B,,
BMT1320388B,,
BMT1320458B,,
BMT1320500B,,
BMT1320773B,,
BMT1321970B,,
BMT1325106B,,
BMT1328858B,,
BMT1329362B,,
BMT1337349B,,
BMT1343264B,,
BMT1345749B,,
BMT1345763B,,
BMT1345791B,,
BMT1347275B,,
BMT1347331B,,
BMT1347352B,,
BMT1347359B,,
BMT1347373B,,
BMT1348913B,,
BMT1348948B,,
BMT1353547B,,
BMT1353582B,,
BMT1355031B,,
BMT1355346B,,
BMT1356529B,,
BMT1357565B,,
BMT147655379,,
BMT147655400,,
BMT149727127,,
BMT150344853,,
BMT151262931,,
BMT1513700B,,
BMT1525299B,,
BMT1525313B,,
BMT1525558B,,
BMT154264640,,
BMT154265028,,
BMT157708199,,
BMT157975361,,
BMT160673191,,
BMT160673192,,
BMT160841557,,
BMT160841561,,
BMT161015563,,
BMT165219068,,
BMT165219069,,
BMT165220311,,
BMT165220312,,
BMT165260505,,
BMT165260511,,
BMT165260514,,
BMT165260518,,
BMT165260519,,
BMT165261431,,
BMT165880020,,
BMT165880021,,
BMT169702614,,
BMT170809851,,
BMT170809855,,
BMT170809856,,
BMT172461990,,
BMT172461992,,
BMT172461993,,
BMT173870798,,
BMT173870811,,
BMT173870812,,
BMT174104825,,
BMT174293097,,
BMT174293098,,
BMT174491641,,
BMT174633387,,
BMT175262232,,
BMT175512501,,
BMT175512502,,
BMT176306430,,
BMT176306431,,
BMT176306798,,
BMT2357725B,,
BMT2357767B,,
BMT2357816B,,
BMT2362611D,,
BMT2362681D,,
BMT2362688D,,
BMT2362814D,,
BMT2362821D,,
BMT2362933D,,
BMT2362954D,,
BMT2362961D,,
BMT2362968D,,
BMT2363059D,,
BMT2363066D,,
BMT2375456B,,
BMT2375722D,,
BMT2822833D,,
BMT3052510B,,
BMT8687650B,,
BMT1206547B,,
BMT1206617B,,
BMT1206771B,,
BMT1207723B,,
BMT1208976B,,
BMT1210425B,,
BMT1213771B,,
BMT1213799B,,
BMT1214443B,,
BMT1214520B,,
BMT123156968,,
BMT123157206,,
BMT123157297,,
BMT123157423,,
BMT123157430,,
BMT123157500,,
BMT123157521,,
BMT123157675,,
BMT123157815,,
BMT123157836,,
BMT123157864,,
BMT123157906,,
BMT123158137,,
BMT123169323,,
BMT123169344,,
BMT123169365,,
BMT123169372,,
BMT123169379,,
BMT123169400,,
BMT123169498,,
BMT123169561,,
BMT123169596,,
BMT123169715,,
BMT123169722,,
BMT123169729,,
BMT123169736,,
BMT123169890,,
BMT123169932,,
BMT123169988,,
BMT123170037,,
BMT127192062,,
BMT1276330B,,
BMT1285024B,,
BMT1290302B,,
BMT1290904B,,
BMT1290918B,,
BMT1291443B,,
BMT1292556B,,
BMT1292731B,,
BMT1292766B,,
BMT1294012B,,
BMT1294481B,,
BMT1294488B,,
BMT1294495B,,
BMT1298177B,,
BMT1299248B,,
BMT1299262B,,
BMT1299339B,,
BMT1300585B,,
BMT1300662B,,
BMT1300865B,,
BMT1300921B,,
BMT1303602B,,
BMT1303700B,,
BMT1304106B,,
BMT1304127B,,
BMT1304183B,,
BMT1304211B,,
BMT1305653B,,
BMT1305800B,,
BMT1305821B,,
BMT1305870B,,
BMT1305884B,,
BMT1306626B,,
BMT1308726B,,
BMT1309776B,,
BMT1310721B,,
BMT1310756B,,
BMT1311043B,,
BMT1311071B,,
BMT1314046B,,
BMT1314060B,,
BMT1314067B,,
BMT1314088B,,
BMT1315131B,,
BMT1315159B,,
BMT1315222B,,
BMT1316090B,,
BMT1318092B,,
BMT1318967B,,
BMT1319107B,,
BMT1320437B,,
BMT1321830B,,
BMT1325113B,,
BMT1328837B,,
BMT1329334B,,
BMT1329383B,,
BMT1338147B,,
BMT1341423B,,
BMT1341465B,,
BMT1341500B,,
BMT1343201B,,
BMT1343208B,,
BMT1343215B,,
BMT1343306B,,
BMT1345777B,,
BMT1345798B,,
BMT1346442B,,
BMT1347310B,,
BMT1347380B,,
BMT1348906B,,
BMT1348976B,,
BMT1353554B,,
BMT1353568B,,
BMT1354947B,,
BMT1355367B,,
BMT1355381B,,
BMT1357593B,,
BMT1357649B,,
BMT1357656B,,
BMT1357663B,,
BMT1358062B,,
BMT1359028B,,
BMT1359049B,,
BMT1359490B,,
BMT1464413B,,
BMT146672110,,
BMT146672117,,
BMT146672124,,
BMT146672138,,
BMT147655372,,
BMT149727126,,
BMT150344810,,
BMT151158679,,
BMT151158680,,
BMT151158681,,
BMT152346601,,
BMT152346602,,
BMT1525257B,,
BMT154264639,,
BMT155085360,,
BMT157975360,,
BMT158119896,,
BMT158119900,,
BMT160761755,,
BMT160841558,,
BMT161015564,,
BMT161025954,,
BMT161025955,,
BMT161025960,,
BMT164786527,,
BMT164787258,,
BMT164819798,,
BMT164819800,,
BMT164819802,,
BMT164819804,,
BMT164864264,,
BMT165218971,,
BMT165219066,,
BMT165220310,,
BMT165220313,,
BMT165220477,,
BMT165260507,,
BMT165260524,,
BMT165880022,,
BMT172461991,,
BMT172462190,,
BMT173870805,,
BMT173870807,,
BMT174104823,,
BMT174491635,,
BMT174491923,,
BMT174633389,,
BMT176306799,,
BMT2326778B,,
BMT2357697B,,
BMT2357711B,,
BMT2357837B,,
BMT2362548D,,
BMT2362772D,,
BMT2362786D,,
BMT2362842D,,
BMT2362926D,,
BMT2362940D,,
BMT2363038D,,
BMT2363073D,,
BMT2363080D,,
BMT2363549B,,
BMT2375435B,,
BMT2375638B,,
BMT2391612B,,
BMT2391668B,,
BMT4855024D,,
BMT4886594B,,
BMT4941992D,,
BMT9018110D,,
BMT1206750B,,
BMT1206757B,,
BMT1206792B,,
BMT1207436B,,
BMT1207450B,,
BMT1207632B,,
BMT1207702B,,
BMT1208969B,,
BMT1209018B,,
BMT1209256B,,
BMT1209312B,,
BMT1210411B,,
BMT1213701B,,
BMT1213785B,,
BMT1215486B,,
BMT123156821,,
BMT123156912,,
BMT123156926,,
BMT123157367,,
BMT123157486,,
BMT123157535,,
BMT123157682,,
BMT123157689,,
BMT123157787,,
BMT123157822,,
BMT123157892,,
BMT123157969,,
BMT123158361,,
BMT123158389,,
BMT123169316,,
BMT123169526,,
BMT123169533,,
BMT123169554,,
BMT123169960,,
BMT123170009,,
BMT123170051,,
BMT1272998B,,
BMT127584545,,
BMT1290316B,,
BMT1290988B,,
BMT1292486B,,
BMT1294054B,,
BMT1294173B,,
BMT129733608,,
BMT1298205B,,
BMT129829823,,
BMT1298331B,,
BMT1299185B,,
BMT1299213B,,
BMT1299430B,,
BMT1299437B,,
BMT1299444B,,
BMT1299465B,,
BMT1300536B,,
BMT1300634B,,
BMT1301257B,,
BMT1301271B,,
BMT1301341B,,
BMT1302496B,,
BMT1302503B,,
BMT1302510B,,
BMT1302517B,,
BMT1303588B,,
BMT1304099B,,
BMT1304162B,,
BMT1305807B,,
BMT1308600B,,
BMT1308733B,,
BMT1309797B,,
BMT1309874B,,
BMT1309888B,,
BMT1312163B,,
BMT1312268B,,
BMT1315124B,,
BMT1315208B,,
BMT1316048B,,
BMT1316062B,,
BMT1316342B,,
BMT1318036B,,
BMT1318064B,,
BMT1319058B,,
BMT1319093B,,
BMT1320080B,,
BMT1320101B,,
BMT1320115B,,
BMT1320402B,,
BMT1320465B,,
BMT1320787B,,
BMT1320871B,,
BMT1326359B,,
BMT1328907B,,
BMT1329404B,,
BMT1329411B,,
BMT1338154B,,
BMT1338161B,,
BMT1338175B,,
BMT1340373B,,
BMT1340415B,,
BMT1340436B,,
BMT1341472B,,
BMT1341486B,,
BMT1343222B,,
BMT1343243B,,
BMT1343250B,,
BMT1343810B,,
BMT1345784B,,
BMT1348920B,,
BMT1354982B,,
BMT1355017B,,
BMT1355290B,,
BMT1356480B,,
BMT1357558B,,
BMT1358055B,,
BMT1359021B,,
BMT1359476B,,
BMT138901207,,
BMT1470027B,,
BMT1470041B,,
BMT1470055B,,
BMT147655407,,
BMT148402998,,
BMT149727124,,
BMT151265541,,
BMT152184051,,
BMT1525271B,,
BMT1525278B,,
BMT1525285B,,
BMT154407890,,
BMT154748055,,
BMT156996519,,
BMT156996520,,
BMT156996521,,
BMT157708200,,
BMT158112053,,
BMT158119899,,
BMT160841560,,
BMT160841563,,
BMT161025956,,
BMT161025959,,
BMT164787261,,
BMT165219067,,
BMT165219070,,
BMT165219074,,
BMT165220476,,
BMT165260504,,
BMT165260508,,
BMT165260509,,
BMT165260522,,
BMT165261422,,
BMT165261423,,
BMT165261424,,
BMT165261426,,
BMT165261428,,
BMT165261435,,
BMT165261440,,
BMT168793571,,
BMT169702609,,
BMT169702611,,
BMT170809852,,
BMT170809854,,
BMT170809859,,
BMT172462187,,
BMT172462188,,
BMT173870799,,
BMT173870802,,
BMT173870803,,
BMT173870804,,
BMT173870806,,
BMT173870808,,
BMT173870809,,
BMT174104826,,
BMT174491637,,
BMT174491642,,
BMT174491922,,
BMT174633388,,
BMT176306797,,
BMT2106390B,,
BMT2326757B,,
BMT2357151B,,
BMT2357690B,,
BMT2362618D,,
BMT2362716D,,
BMT2362898D,,
BMT2362919D,,
BMT2363017D,,
BMT2363024D,,
BMT2363031D,,
BMT2363045D,,
BMT2375085B,,
BMT2375099B,,
BMT2375470B,,
BMT2375491B,,
BMT2375631B,,
BMT2375736B,,
BMT2375743B,,
BMT3052517B,,
BMT4855038D,,
BMT4855304D,,
BMT4885285B,,
BMT4944617E,,
BMT5837439,,
BMT8873088B,,
BMT9221216B,,
