BMT9205200B,,
BMT9205198B,,
BMT9205198B,,
BMT1798270B,,
BMT1798270B,,
BMT169824521,,
BMT171425334,,
BMT2258569B,,
BMT2258569B,,
BMT171425336,,
BMT1787056B,,
BMT164042346,,
BMT164042346,,
BMT1787070B,,
BMT1787070B,,
BMT1787077B,,
BMT1787077B,,
BMT1787084B,,
BMT1787084B,,
BMT1787091B,,
BMT1787091B,,
BMT1789828B,,
BMT1788071B,,
BMT173134734,,
BMT173134730,,
BMT1788169B,,
BMT173134730,,
BMT1788176B,,
BMT1788085B,,
BMT173134732,,
BMT173134732,,
BMT1788099B,,
BMT1788099B,,
BMT1788071B,,
BMT1788106B,,
BMT2752237B,,
BMT1788113B,,
BMT173134731,,
BMT1788120B,,
BMT1788106B,,
BMT1788162B,,
BMT173134735,,
BMT1788169B,,
BMT1788162B,,
BMT1788176B,,
BMT1788183B,,
BMT1788183B,,
BMT1788197B,,
BMT1788197B,,
BMT1788204B,,
BMT1788204B,,
BMT1788211B,,
BMT1788211B,,
BMT173134736,,
BMT1788610B,,
BMT153530146,,
BMT1788617B,,
BMT1788610B,,
BMT153530145,,
BMT1788617B,,
BMT1788932B,,
BMT173134727,,
BMT173134725,,
BMT173134726,,
BMT1788960B,,
BMT173134725,,
BMT173134723,,
BMT173134724,,
BMT1789156B,,
BMT1789163B,,
BMT1789163B,,
BMT1789184B,,
BMT1789184B,,
BMT167980244,,
BMT1789205B,,
BMT167980247,,
BMT167980244,,
BMT1789205B,,
BMT167980244,,
BMT167980242,,
BMT1789317B,,
BMT1789156B,,
BMT167980246,,
BMT1789317B,,
BMT1789345B,,
BMT167980246,,
BMT167980248,,
BMT1789366B,,
BMT1789359B,,
BMT1789345B,,
BMT1789373B,,
BMT1789359B,,
BMT169612969,,
BMT123383040,,
BMT1789828B,,
BMT1789835B,,
BMT1789835B,,
BMT1789842B,,
BMT1789842B,,
BMT164042347,,
BMT169612970,,
BMT169612969,,
BMT1789863B,,
BMT169612970,,
BMT1789870B,,
BMT1789863B,,
BMT123383061,,
BMT1789870B,,
BMT123383061,,
BMT1789884B,,
BMT156501950,,
BMT150181833,,
BMT169824520,,
BMT1797808B,,
BMT9205200B,,
BMT9222580B,,
BMT169824519,,
BMT9222580B,,
BMT173134726,,
BMT173134728,,
BMT1796590B,,
BMT1796660B,,
BMT154935196,,
BMT1796674B,,
BMT154935195,,
BMT154935196,,
BMT1796660B,,
BMT154935195,,
BMT1796674B,,
BMT3208322B,,
BMT154935197,,
BMT3208315B,,
BMT1796688B,,
BMT157060573,,
BMT157060573,,
BMT157060574,,
BMT157060574,,
BMT1796709B,,
BMT1796709B,,
BMT1796716B,,
BMT1796716B,,
BMT1796723B,,
BMT1796723B,,
BMT1795036B,,
BMT1796744B,,
BMT1796758B,,
BMT157060578,,
BMT157060579,,
BMT1796758B,,
BMT157060577,,
BMT157060577,,
BMT123383397,,
BMT157060652,,
BMT1796779B,,
BMT1796779B,,
BMT157060653,,
BMT1796849B,,
BMT1796856B,,
BMT1796856B,,
BMT1796905B,,
BMT1796863B,,
BMT1796345B,,
BMT1796870B,,
BMT1796863B,,
BMT1796877B,,
BMT1796870B,,
BMT1796884B,,
BMT1796877B,,
BMT161590738,,
BMT1796884B,,
BMT1796898B,,
BMT161590738,,
BMT1796905B,,
BMT1796898B,,
BMT123383243,,
BMT1796933B,,
BMT1796933B,,
BMT1796954B,,
BMT1796954B,,
BMT153185004,,
BMT1796975B,,
BMT123383222,,
BMT123383222,,
BMT153185003,,
BMT123383551,,
BMT123383558,,
BMT153184648,,
BMT153184676,,
BMT153184860,,
BMT153184250,,
BMT153184678,,
BMT153184648,,
BMT153184250,,
BMT153196103,,
BMT153196103,,
BMT123383208,,
BMT159261018,,
BMT2117337B,,
BMT123383208,,
BMT2872434B,,
BMT1797024B,,
BMT2117337B,,
BMT1797031B,,
BMT1797024B,,
BMT165281765,,
BMT1797038B,,
BMT1797066B,,
BMT165281765,,
BMT1797080B,,
BMT157376097,,
BMT1797087B,,
BMT1797080B,,
BMT1797094B,,
BMT1795841B,,
BMT1797101B,,
BMT1797094B,,
BMT1797108B,,
BMT1797087B,,
BMT157376098,,
BMT1797101B,,
BMT157376096,,
BMT1797108B,,
BMT157376096,,
BMT157376098,,
BMT157376095,,
BMT157376096,,
BMT123384258,,
BMT123384202,,
BMT123385056,,
BMT123385063,,
BMT129911821,,
BMT129911814,,
BMT129911814,,
BMT129911807,,
BMT129911828,,
BMT123384209,,
BMT129911807,,
BMT1797185B,,
BMT1797185B,,
BMT1797206B,,
BMT1797206B,,
BMT1797213B,,
BMT1797213B,,
BMT129911800,,
BMT1797220B,,
BMT161774412,,
BMT1797220B,,
BMT157376199,,
BMT161774412,,
BMT123384384,,
BMT131385020,,
BMT1797241B,,
BMT123384384,,
BMT1797248B,,
BMT1797248B,,
BMT161774411,,
BMT154929383,,
BMT1796464B,,
BMT123384412,,
BMT131385034,,
BMT161774411,,
BMT157376093,,
BMT161774411,,
BMT123384258,,
BMT1797367B,,
BMT158986891,,
BMT1797374B,,
BMT1797367B,,
BMT1797381B,,
BMT1797374B,,
BMT161590741,,
BMT161590742,,
BMT1797787B,,
BMT169824522,,
BMT169824522,,
BMT1797801B,,
BMT1797801B,,
BMT1797808B,,
BMT1797829B,,
BMT1797850B,,
BMT1797836B,,
BMT1797829B,,
BMT1797843B,,
BMT1797836B,,
BMT1797850B,,
BMT1798333B,,
BMT1797857B,,
BMT1797843B,,
BMT164040196,,
BMT1797871B,,
BMT1797871B,,
BMT1797878B,,
BMT1797878B,,
BMT1797885B,,
BMT1797885B,,
BMT1797892B,,
BMT1797892B,,
BMT164040195,,
BMT1797899B,,
BMT130841925,,
BMT1797906B,,
BMT1797913B,,
BMT1797913B,,
BMT1797920B,,
BMT1797920B,,
BMT1797899B,,
BMT130841918,,
BMT1797906B,,
BMT130841918,,
BMT1797941B,,
BMT130841932,,
BMT130841918,,
BMT1797941B,,
BMT123384062,,
BMT1797948B,,
BMT1797962B,,
BMT1797955B,,
BMT1797983B,,
BMT1797962B,,
BMT1797976B,,
BMT1797969B,,
BMT130841932,,
BMT1797976B,,
BMT1797969B,,
BMT1797983B,,
BMT1799481B,,
BMT164040193,,
BMT1798011B,,
BMT1798011B,,
BMT164040194,,
BMT150344896,,
BMT150344897,,
BMT1789891B,,
BMT1789884B,,
BMT153530144,,
BMT153530145,,
BMT153530142,,
BMT153530141,,
BMT1790710B,,
BMT156402257,,
BMT156402256,,
BMT1790710B,,
BMT1790724B,,
BMT148158762,,
BMT1790822B,,
BMT1790836B,,
BMT1790836B,,
BMT1790850B,,
BMT1790850B,,
BMT167980241,,
BMT1790857B,,
BMT167980243,,
BMT167980241,,
BMT1790857B,,
BMT167980241,,
BMT123384482,,
BMT123384482,,
BMT167980240,,
BMT147609788,,
BMT1793657B,,
BMT1791123B,,
BMT173132576,,
BMT173132575,,
BMT1791123B,,
BMT173132575,,
BMT1791137B,,
BMT1791137B,,
BMT173132577,,
BMT1791144B,,
BMT173132575,,
BMT173132574,,
BMT1791144B,,
BMT173132577,,
BMT3149837B,,
BMT1791172B,,
BMT173132574,,
BMT173132573,,
BMT1791172B,,
BMT1791193B,,
BMT173132573,,
BMT1791200B,,
BMT1791193B,,
BMT1791207B,,
BMT1791200B,,
BMT1791214B,,
BMT1791207B,,
BMT1791424B,,
BMT123383453,,
BMT123384783,,
BMT167980195,,
BMT123384818,,
BMT123384825,,
BMT167980193,,
BMT123384783,,
BMT167980193,,
BMT167980192,,
BMT153162098,,
BMT123383089,,
BMT153162098,,
BMT123383075,,
BMT153162098,,
BMT153162099,,
BMT153162264,,
BMT153162265,,
BMT123383516,,
BMT123383530,,
BMT1791858B,,
BMT123383516,,
BMT147609802,,
BMT1792173B,,
BMT147609816,,
BMT144339178,,
BMT161590734,,
BMT1792194B,,
BMT1792194B,,
BMT1792201B,,
BMT1792201B,,
BMT1792208B,,
BMT1792208B,,
BMT1792215B,,
BMT1792215B,,
BMT161590735,,
BMT161590735,,
BMT1795421B,,
BMT161590735,,
BMT161590737,,
BMT161590735,,
BMT1796849B,,
BMT139365713,,
BMT167980194,,
BMT167980194,,
BMT167980193,,
BMT1792285B,,
BMT1792306B,,
BMT1792306B,,
BMT1792334B,,
BMT1792334B,,
BMT1792362B,,
BMT1792348B,,
BMT159434935,,
BMT164040195,,
BMT164040194,,
BMT165281764,,
BMT1797066B,,
BMT1798046B,,
BMT165281764,,
BMT153187268,,
BMT1798046B,,
BMT1798081B,,
BMT153187268,,
BMT1798088B,,
BMT1798109B,,
BMT130841939,,
BMT1797948B,,
BMT1798102B,,
BMT123384097,,
BMT1798109B,,
BMT1798130B,,
BMT156501941,,
BMT1798102B,,
BMT1798130B,,
BMT156501941,,
BMT1798151B,,
BMT1798088B,,
BMT1798158B,,
BMT1798151B,,
BMT156501942,,
BMT1798158B,,
BMT1798172B,,
BMT156501942,,
BMT169824520,,
BMT169824519,,
BMT169824519,,
BMT1798298B,,
BMT1798298B,,
BMT123383929,,
BMT1798333B,,
BMT1798340B,,
BMT1798340B,,
BMT1798354B,,
BMT1798354B,,
BMT133455298,,
BMT159261019,,
BMT1797031B,,
BMT159261019,,
BMT123383579,,
BMT159261020,,
BMT159261019,,
BMT156501943,,
BMT1798172B,,
BMT156501946,,
BMT1798767B,,
BMT156501944,,
BMT156501943,,
BMT1798767B,,
BMT156501947,,
BMT156501945,,
BMT156501944,,
BMT1798781B,,
BMT123384139,,
BMT1798788B,,
BMT1798781B,,
BMT158986889,,
BMT158986890,,
BMT129911793,,
BMT123384160,,
BMT129911793,,
BMT129911786,,
BMT129911786,,
BMT1798907B,,
BMT129911800,,
BMT129911793,,
BMT129911800,,
BMT1798900B,,
BMT1798900B,,
BMT123384181,,
BMT1798907B,,
BMT1798788B,,
BMT130285341,,
BMT1799131B,,
BMT1799131B,,
BMT130285348,,
BMT130285348,,
BMT1799166B,,
BMT1799166B,,
BMT130285355,,
BMT130285355,,
BMT130285362,,
BMT130285355,,
BMT1799187B,,
BMT130285362,,
BMT1799593B,,
BMT1799187B,,
BMT1801007B,,
BMT156501947,,
BMT1799194B,,
BMT156501947,,
BMT1799208B,,
BMT156501947,,
BMT1799215B,,
BMT1799208B,,
BMT156501948,,
BMT1799215B,,
BMT1799236B,,
BMT1799236B,,
BMT3142025B,,
BMT1799257B,,
BMT156501949,,
BMT1799285B,,
BMT1798081B,,
BMT1792362B,,
BMT1792348B,,
BMT167980192,,
BMT167980191,,
BMT139185820,,
BMT157376203,,
BMT1793321B,,
BMT1793328B,,
BMT1793328B,,
BMT123383523,,
BMT1793342B,,
BMT1791424B,,
BMT1793377B,,
BMT1793342B,,
BMT123383509,,
BMT1791858B,,
BMT123383509,,
BMT1793321B,,
BMT123383509,,
BMT1793531B,,
BMT123383502,,
BMT123383509,,
BMT1793573B,,
BMT123383250,,
BMT1793580B,,
BMT1793573B,,
BMT1793580B,,
BMT123383257,,
BMT123383495,,
BMT123383502,,
BMT123383271,,
BMT1793566B,,
BMT1793657B,,
BMT1793664B,,
BMT1793664B,,
BMT1793671B,,
BMT1793671B,,
BMT147609795,,
BMT147609795,,
BMT147609802,,
BMT147609795,,
BMT1793685B,,
BMT1793685B,,
BMT1793692B,,
BMT1793692B,,
BMT147609809,,
BMT123383992,,
BMT123383999,,
BMT123383992,,
BMT123384006,,
BMT123383985,,
BMT123383992,,
BMT159434935,,
BMT159434937,,
BMT1793881B,,
BMT159434935,,
BMT1793888B,,
BMT1793881B,,
BMT159434934,,
BMT1793888B,,
BMT1793916B,,
BMT159434934,,
BMT1793923B,,
BMT1793916B,,
BMT159434933,,
BMT1793923B,,
BMT164036444,,
BMT123384874,,
BMT164036444,,
BMT1794749B,,
BMT159434937,,
BMT1794049B,,
BMT1794049B,,
BMT159434938,,
BMT1794140B,,
BMT164071583,,
BMT1794154B,,
BMT1794140B,,
BMT164071582,,
BMT1794154B,,
BMT164071582,,
BMT1794210B,,
BMT1794210B,,
BMT1795456B,,
BMT1794245B,,
BMT2008347B,,
BMT157376203,,
BMT157376202,,
BMT157376202,,
BMT157376201,,
BMT171425338,,
BMT2258660B,,
BMT123384013,,
BMT123384020,,
BMT123384013,,
BMT123384027,,
BMT123383999,,
BMT123384013,,
BMT1794651B,,
BMT123383271,,
BMT1794658B,,
BMT1794651B,,
BMT123383278,,
BMT1794658B,,
BMT123383446,,
BMT1793377B,,
BMT123383285,,
BMT123383278,,
BMT1794679B,,
BMT123383285,,
BMT1799292B,,
BMT1799285B,,
BMT1799313B,,
BMT1799292B,,
BMT165281763,,
BMT1799313B,,
BMT1799327B,,
BMT165281763,,
BMT165281762,,
BMT1799327B,,
BMT165281766,,
BMT123383796,,
BMT165281766,,
BMT1799355B,,
BMT1799348B,,
BMT165281766,,
BMT1799355B,,
BMT123383782,,
BMT123383782,,
BMT123383775,,
BMT123385462,,
BMT123385469,,
BMT154538604,,
BMT1802337B,,
BMT1799390B,,
BMT172206693,,
BMT172206690,,
BMT1799390B,,
BMT1799446B,,
BMT139536891,,
BMT1799453B,,
BMT1799446B,,
BMT1799460B,,
BMT1799453B,,
BMT1799467B,,
BMT1799460B,,
BMT139536884,,
BMT1799467B,,
BMT123385196,,
BMT168966248,,
BMT1799481B,,
BMT1799488B,,
BMT1799488B,,
BMT1799495B,,
BMT1799495B,,
BMT1799502B,,
BMT1799502B,,
BMT130841897,,
BMT130841897,,
BMT1799516B,,
BMT1799516B,,
BMT130841890,,
BMT1799523B,,
BMT1799670B,,
BMT1799537B,,
BMT1799523B,,
BMT130841890,,
BMT1799530B,,
BMT130841890,,
BMT130841904,,
BMT130841890,,
BMT130841883,,
BMT130841904,,
BMT1799537B,,
BMT172206695,,
BMT130816410,,
BMT172206695,,
BMT123383915,,
BMT1799593B,,
BMT130285411,,
BMT1799670B,,
BMT1799649B,,
BMT1799691B,,
BMT123385420,,
BMT172206697,,
BMT172206689,,
BMT172206689,,
BMT172206687,,
BMT172206687,,
BMT1799740B,,
BMT172206687,,
BMT172206685,,
BMT1799740B,,
BMT1799747B,,
BMT1799747B,,
BMT172206690,,
BMT152289055,,
BMT1799768B,,
BMT1799768B,,
BMT1799775B,,
BMT1799775B,,
BMT152289056,,
BMT152289056,,
BMT1799789B,,
BMT1799789B,,
BMT1799796B,,
BMT1799796B,,
BMT1799803B,,
BMT1799803B,,
BMT152289057,,
BMT130285376,,
BMT130285397,,
BMT130285376,,
BMT1800090B,,
BMT1800076B,,
BMT130285376,,
BMT1800083B,,
BMT1800076B,,
BMT1800090B,,
BMT130285404,,
BMT1794686B,,
BMT1794679B,,
BMT1794686B,,
BMT123383292,,
BMT123383327,,
BMT123383320,,
BMT123383320,,
BMT123383299,,
BMT123383334,,
BMT123383341,,
BMT123383299,,
BMT123383292,,
BMT123383292,,
BMT123383306,,
BMT123383292,,
BMT1819347B,,
BMT123383306,,
BMT123383313,,
BMT157060572,,
BMT1796688B,,
BMT1794749B,,
BMT1794756B,,
BMT1794756B,,
BMT164036445,,
BMT164036445,,
BMT1794770B,,
BMT1794770B,,
BMT1794896B,,
BMT1794777B,,
BMT164036444,,
BMT1794784B,,
BMT1794777B,,
BMT1794896B,,
BMT164036446,,
BMT164036446,,
BMT1794910B,,
BMT1794910B,,
BMT1794917B,,
BMT1794917B,,
BMT1795134B,,
BMT157376201,,
BMT123384440,,
BMT164071580,,
BMT164071581,,
BMT1795022B,,
BMT157060575,,
BMT157060575,,
BMT123383404,,
BMT1795036B,,
BMT1795022B,,
BMT1795134B,,
BMT164036447,,
BMT164036447,,
BMT1795148B,,
BMT1795148B,,
BMT1795155B,,
BMT1795155B,,
BMT164036448,,
BMT164036448,,
BMT164036449,,
BMT161590736,,
BMT1795400B,,
BMT1795400B,,
BMT1795407B,,
BMT1795407B,,
BMT161590746,,
BMT1795414B,,
BMT161590736,,
BMT1795421B,,
BMT1795414B,,
BMT1795428B,,
BMT164071582,,
BMT164071581,,
BMT1795428B,,
BMT1795456B,,
BMT164071584,,
BMT164071584,,
BMT1795470B,,
BMT1795470B,,
BMT1795477B,,
BMT1795477B,,
BMT1795484B,,
BMT1795484B,,
BMT1794245B,,
BMT153185004,,
BMT123383229,,
BMT1795554B,,
BMT164071585,,
BMT1795561B,,
BMT1795554B,,
BMT153184676,,
BMT153184677,,
BMT153184676,,
BMT123383166,,
BMT1795799B,,
BMT1794784B,,
BMT123384377,,
BMT1795799B,,
BMT157376100,,
BMT157376102,,
BMT157376099,,
BMT157376100,,
BMT157376099,,
BMT1795827B,,
BMT1795827B,,
BMT1796072B,,
BMT1795834B,,
BMT157376099,,
BMT1795841B,,
BMT1795834B,,
BMT1800118B,,
BMT1801098B,,
BMT1800272B,,
BMT168328070,,
BMT1800279B,,
BMT1800272B,,
BMT1800286B,,
BMT1800279B,,
BMT1800650B,,
BMT156501950,,
BMT1800657B,,
BMT1800650B,,
BMT156501950,,
BMT1799257B,,
BMT156501950,,
BMT156501952,,
BMT156501914,,
BMT156501915,,
BMT156501915,,
BMT156501916,,
BMT1800797B,,
BMT1800776B,,
BMT1800797B,,
BMT1800790B,,
BMT1800797B,,
BMT1801231B,,
BMT1800804B,,
BMT1800797B,,
BMT156501953,,
BMT1800804B,,
BMT1800818B,,
BMT156501953,,
BMT1800825B,,
BMT1800818B,,
BMT1800832B,,
BMT1800825B,,
BMT152289057,,
BMT1800839B,,
BMT152289057,,
BMT1800853B,,
BMT152289057,,
BMT152289058,,
BMT1800853B,,
BMT1800867B,,
BMT152289058,,
BMT152289059,,
BMT1800867B,,
BMT1800874B,,
BMT1800874B,,
BMT123385091,,
BMT168328068,,
BMT168328069,,
BMT168328069,,
BMT1800286B,,
BMT168328069,,
BMT1800895B,,
BMT168328069,,
BMT1800909B,,
BMT1800895B,,
BMT1800902B,,
BMT1800902B,,
BMT1800916B,,
BMT1800909B,,
BMT168328072,,
BMT1800916B,,
BMT1800923B,,
BMT1800923B,,
BMT1802421B,,
BMT1800937B,,
BMT1800944B,,
BMT1800944B,,
BMT1800965B,,
BMT1800951B,,
BMT1800937B,,
BMT123385420,,
BMT1800951B,,
BMT1800965B,,
BMT1800979B,,
BMT1800972B,,
BMT1799691B,,
BMT1800979B,,
BMT123385427,,
BMT1801007B,,
BMT130285369,,
BMT1801035B,,
BMT1800083B,,
BMT130285369,,
BMT1801035B,,
BMT130285369,,
BMT130285383,,
BMT130285383,,
BMT1801070B,,
BMT1801070B,,
BMT1801077B,,
BMT1801077B,,
BMT1801084B,,
BMT1801084B,,
BMT1800118B,,
BMT1801091B,,
BMT130285390,,
BMT1801098B,,
BMT1801105B,,
BMT1801105B,,
BMT1801091B,,
BMT123383803,,
BMT1801133B,,
BMT123385441,,
BMT1801140B,,
BMT1801133B,,
BMT1799348B,,
BMT1801140B,,
BMT1801147B,,
BMT1801147B,,
BMT123385448,,
BMT123385448,,
BMT1801161B,,
BMT1801161B,,
BMT1801168B,,
BMT1801168B,,
BMT1801189B,,
BMT1801189B,,
BMT1801217B,,
BMT1801217B,,
BMT1801224B,,
BMT1801224B,,
BMT123385455,,
BMT1801231B,,
BMT1801252B,,
BMT1801238B,,
BMT1800657B,,
BMT1801245B,,
BMT1801238B,,
BMT1801252B,,
BMT156501951,,
BMT156501951,,
BMT1801245B,,
BMT156501951,,
BMT156501954,,
BMT1801462B,,
BMT1800972B,,
BMT123385413,,
BMT1801462B,,
BMT1801476B,,
BMT1801483B,,
BMT1801483B,,
BMT123385413,,
BMT156501916,,
BMT1801546B,,
BMT1801546B,,
BMT1801553B,,
BMT1801553B,,
BMT1802295B,,
BMT1801609B,,
BMT1801616B,,
BMT1801616B,,
BMT1801623B,,
BMT1801623B,,
BMT154538593,,
BMT154538593,,
BMT154538592,,
BMT154538592,,
BMT154538591,,
BMT1801714B,,
BMT1800832B,,
BMT156501955,,
BMT1801714B,,
BMT172908898,,
BMT123385175,,
BMT150451506,,
BMT172908898,,
BMT150451506,,
BMT1801742B,,
BMT1801742B,,
BMT1801749B,,
BMT1801749B,,
BMT172908899,,
BMT154538586,,
BMT3219088B,,
BMT1801896B,,
BMT123383649,,
BMT130285390,,
BMT1801896B,,
BMT123385469,,
BMT1801931B,,
BMT1801931B,,
BMT123385476,,
BMT123385476,,
BMT1801945B,,
BMT1801945B,,
BMT1801952B,,
BMT1801952B,,
BMT1802645B,,
BMT123385427,,
BMT123385434,,
BMT1801980B,,
BMT123385196,,
BMT168966247,,
BMT1801980B,,
BMT123385091,,
BMT1802001B,,
BMT1802001B,,
BMT1802015B,,
BMT1802015B,,
BMT152289060,,
BMT1802183B,,
BMT1802190B,,
BMT1802190B,,
BMT1801609B,,
BMT1802197B,,
BMT1802183B,,
BMT1802204B,,
BMT1802197B,,
BMT154538595,,
BMT1802204B,,
BMT1802225B,,
BMT154538595,,
BMT1802253B,,
BMT1802225B,,
BMT156501917,,
BMT156501918,,
BMT156501917,,
BMT2300226B,,
BMT1802316B,,
BMT1802792B,,
BMT1802337B,,
BMT1802344B,,
BMT1802344B,,
BMT1802351B,,
BMT1802351B,,
BMT154538603,,
BMT154538603,,
BMT154538601,,
BMT154538601,,
BMT1802372B,,
BMT154538601,,
BMT123383761,,
BMT1802372B,,
BMT1803030B,,
BMT123385490,,
BMT1802386B,,
BMT1802386B,,
BMT1802393B,,
BMT1802393B,,
BMT2225627B,,
BMT1802400B,,
BMT1803191B,,
BMT1802421B,,
BMT168328071,,
BMT168328071,,
BMT168328073,,
BMT1802526B,,
BMT154538599,,
BMT1802533B,,
BMT1802253B,,
BMT154538598,,
BMT1802526B,,
BMT154538588,,
BMT1802624B,,
BMT1802624B,,
BMT1802631B,,
BMT1802631B,,
BMT154538587,,
BMT154538587,,
BMT3219144B,,
BMT1802645B,,
BMT123385483,,
BMT1802792B,,
BMT156501919,,
BMT167547606,,
BMT1802813B,,
BMT156501919,,
BMT156501920,,
BMT1802813B,,
BMT1802820B,,
BMT1802820B,,
BMT1802827B,,
BMT1802827B,,
BMT167547607,,
BMT172908899,,
BMT1802890B,,
BMT1802890B,,
BMT172850598,,
BMT172850598,,
BMT172908901,,
BMT172850600,,
BMT1802911B,,
BMT1802911B,,
BMT1802918B,,
BMT1802918B,,
BMT1802925B,,
BMT1802925B,,
BMT2402174B,,
BMT1803030B,,
BMT1803037B,,
BMT1803037B,,
BMT154538600,,
BMT154538600,,
BMT154538598,,
BMT154538600,,
BMT154538602,,
BMT167547607,,
BMT1803072B,,
BMT1803072B,,
BMT167547608,,
BMT167547608,,
BMT1803086B,,
BMT1803191B,,
BMT1803198B,,
BMT1803198B,,
BMT1803205B,,
BMT1803205B,,
BMT123385497,,
BMT123385497,,
BMT1972136B,,
BMT1803219B,,
BMT1803226B,,
BMT1803226B,,
BMT1803233B,,
BMT1803233B,,
BMT1803240B,,
BMT1803240B,,
BMT1803247B,,
BMT1803247B,,
BMT1803254B,,
BMT1803254B,,
BMT1803261B,,
BMT1803261B,,
BMT2975467B,,
BMT123383229,,
BMT1796975B,,
BMT8162209B,,
BMT8728277B,,
BMT8728277B,,
BMT2404253B,,
BMT2404253B,,
BMT2404260B,,
BMT2404260B,,
BMT3146554B,,
BMT3146554B,,
BMT167547617,,
BMT153162099,,
BMT153154657,,
BMT153530143,,
BMT153530142,,
BMT153530142,,
BMT8853934B,,
BMT8853934B,,
BMT153530144,,
BMT153530144,,
BMT153159602,,
BMT153159677,,
BMT153159678,,
BMT153160273,,
BMT153160274,,
BMT153162099,,
BMT8854083B,,
BMT8854083B,,
BMT153162100,,
BMT153162099,,
BMT153162101,,
BMT153162262,,
BMT153162263,,
BMT153184834,,
BMT153184835,,
BMT153185044,,
BMT153185045,,
BMT157060576,,
BMT1796744B,,
BMT157060576,,
BMT157060578,,
BMT157060579,,
BMT1797696B,,
BMT1797696B,,
BMT1797689B,,
BMT1797689B,,
BMT1797703B,,
BMT157060578,,
BMT1797717B,,
BMT1797717B,,
BMT1797745B,,
BMT1797745B,,
BMT1797759B,,
BMT1797759B,,
BMT1797766B,,
BMT1797766B,,
BMT1797773B,,
BMT157060580,,
BMT1798067B,,
BMT1798067B,,
BMT1798074B,,
BMT1798074B,,
BMT1797773B,,
BMT1797703B,,
BMT1797710B,,
BMT1797710B,,
BMT1797668B,,
BMT1786601B,,
BMT154906826,,
BMT2508273,,
BMT1786601B,,
BMT2508273,,
BMT2268747B,,
BMT154906826,,
BMT154906827,,
BMT154906826,,
BMT154906828,,
BMT154906827,,
BMT123383012,,
BMT164042345,,
BMT1787056B,,
BMT2268628B,,
BMT2268635B,,
BMT2268635B,,
BMT2268642B,,
BMT2268642B,,
BMT2268649B,,
BMT2268649B,,
BMT2268656B,,
BMT2268656B,,
BMT2268663B,,
BMT2268663B,,
BMT2268670B,,
BMT2268670B,,
BMT2268677B,,
BMT2268677B,,
BMT2268684B,,
BMT2268684B,,
BMT2268691B,,
BMT2268691B,,
BMT2268698B,,
BMT2268698B,,
BMT2268705B,,
BMT2268705B,,
BMT2268712B,,
BMT2268712B,,
BMT2268719B,,
BMT2268719B,,
BMT2268726B,,
BMT2268726B,,
BMT2268733B,,
BMT156402257,,
BMT1790696B,,
BMT1790696B,,
BMT1790682B,,
BMT1790682B,,
BMT156402258,,
BMT157060574,,
BMT157060576,,
BMT1789233B,,
BMT8946438B,,
BMT8946438B,,
BMT1790822B,,
BMT156402258,,
BMT1790668B,,
BMT1790668B,,
BMT1790654B,,
BMT1790654B,,
BMT156402259,,
BMT167547617,,
BMT3146568B,,
BMT3146568B,,
BMT8185799B,,
BMT8185799B,,
BMT8728286B,,
BMT8728286B,,
BMT8728287B,,
BMT8728287B,,
BMT8950537B,,
BMT8950537B,,
BMT8950538B,,
BMT8950538B,,
BMT8950539B,,
BMT8950539B,,
BMT167547618,,
BMT168328073,,
BMT9269299B,,
BMT9269299B,,
BMT1802463B,,
BMT153162269,,
BMT153162267,,
BMT123384244,,
BMT123384251,,
BMT173134726,,
BMT1788932B,,
BMT173134727,,
BMT173134730,,
BMT173134727,,
BMT1788113B,,
BMT2300226B,,
BMT1802316B,,
BMT153162265,,
BMT3113283B,,
BMT3113283B,,
BMT3113311B,,
BMT3113311B,,
BMT3113353B,,
BMT3113353B,,
BMT3113395B,,
BMT3113395B,,
BMT3113430B,,
BMT3113430B,,
BMT3113493B,,
BMT3113493B,,
BMT3113563B,,
BMT3113563B,,
BMT3113696B,,
BMT3113696B,,
BMT3113752B,,
BMT150344880,,
BMT3115607B,,
BMT3113752B,,
BMT3113885B,,
BMT150344881,,
BMT150344882,,
BMT3113885B,,
BMT3113892B,,
BMT3113892B,,
BMT153162266,,
BMT153162266,,
BMT3114011B,,
BMT153162266,,
BMT3115621B,,
BMT3114011B,,
BMT153162267,,
BMT3114431B,,
BMT150344881,,
BMT123383453,,
BMT123383460,,
BMT150344879,,
BMT150344880,,
BMT157376200,,
BMT123384440,,
BMT3115607B,,
BMT3114431B,,
BMT3115614B,,
BMT2082365B,,
BMT3115621B,,
BMT3115614B,,
BMT150344897,,
BMT150344898,,
BMT150344898,,
BMT150344899,,
BMT3219088B,,
BMT3219095B,,
BMT3219095B,,
BMT3219102B,,
BMT3219109B,,
BMT3219102B,,
BMT3219116B,,
BMT3219109B,,
BMT1795855B,,
BMT123383978,,
BMT1795855B,,
BMT123383971,,
BMT123383971,,
BMT1795890B,,
BMT1795890B,,
BMT123383964,,
BMT150344883,,
BMT150344884,,
BMT123385000,,
BMT164040197,,
BMT150344884,,
BMT150344885,,
BMT1796072B,,
BMT157376101,,
BMT157376101,,
BMT1796086B,,
BMT1796086B,,
BMT1796093B,,
BMT1796093B,,
BMT152391593,,
BMT161590737,,
BMT1796191B,,
BMT1796191B,,
BMT161590745,,
BMT123383411,,
BMT123383418,,
BMT161590739,,
BMT161590740,,
BMT161590739,,
BMT1796352B,,
BMT1796345B,,
BMT161590739,,
BMT1796352B,,
BMT161590741,,
BMT154935192,,
BMT1796366B,,
BMT1796366B,,
BMT1796373B,,
BMT1796373B,,
BMT154935193,,
BMT154935193,,
BMT1796387B,,
BMT1796387B,,
BMT1796394B,,
BMT1796394B,,
BMT1796401B,,
BMT1796401B,,
BMT1796569B,,
BMT1796415B,,
BMT1796422B,,
BMT1796422B,,
BMT154929384,,
BMT1796436B,,
BMT1796415B,,
BMT1796464B,,
BMT1796436B,,
BMT123383964,,
BMT123383957,,
BMT169824523,,
BMT1796506B,,
BMT164040197,,
BMT1796520B,,
BMT1796520B,,
BMT123384986,,
BMT133455291,,
BMT1797857B,,
BMT123384986,,
BMT164040196,,
BMT1796569B,,
BMT154935194,,
BMT154935194,,
BMT1796583B,,
BMT1796583B,,
BMT1796590B,,
BMT2008347B,,
BMT1795561B,,
BMT2288011D,,
BMT2288004D,,
BMT3059096B,,
BMT3059103B,,
BMT3059103B,,
BMT3059180B,,
BMT3059110B,,
BMT3059117B,,
BMT3059117B,,
BMT168966249,,
BMT168966249,,
BMT3059131B,,
BMT3059131B,,
BMT168966250,,
BMT3059180B,,
BMT3059110B,,
BMT3059180B,,
BMT3059201B,,
BMT168966248,,
BMT7419845B,,
BMT7419845B,,
BMT3059096B,,
BMT123383803,,
BMT123383810,,
BMT2131960B,,
BMT2131967B,,
BMT167547608,,
BMT167547610,,
BMT167547610,,
BMT2131960B,,
BMT2131967B,,
BMT167547611,,
BMT1802295B,,
BMT8712583B,,
BMT8712583B,,
BMT156501917,,
BMT1802463B,,
BMT3096973B,,
BMT3096973B,,
BMT1802456B,,
BMT1802456B,,
BMT1802470B,,
BMT1802470B,,
BMT1802477B,,
BMT173134731,,
BMT8887385B,,
BMT8887385B,,
BMT1972101B,,
BMT1802477B,,
BMT168328074,,
BMT1789373B,,
BMT1789366B,,
BMT171425334,,
BMT2997244B,,
BMT2258541B,,
BMT2997251B,,
BMT171425335,,
BMT2258541B,,
BMT171425337,,
BMT171425335,,
BMT2258562B,,
BMT171425337,,
BMT2258590B,,
BMT2258709B,,
BMT2258604B,,
BMT2258590B,,
BMT2258611B,,
BMT171425337,,
BMT2258618B,,
BMT2258611B,,
BMT2258625B,,
BMT2258562B,,
BMT2258632B,,
BMT2258625B,,
BMT2258639B,,
BMT2258632B,,
BMT2258646B,,
BMT2258639B,,
BMT2258653B,,
BMT2258646B,,
BMT2258660B,,
BMT2258653B,,
BMT2258681B,,
BMT2258618B,,
BMT2258688B,,
BMT2258681B,,
BMT2258702B,,
BMT2258688B,,
BMT2258709B,,
BMT2258702B,,
BMT153162270,,
BMT153162271,,
BMT123383845,,
BMT123383852,,
BMT172206683,,
BMT172206685,,
BMT154538596,,
BMT1802554B,,
BMT1802554B,,
BMT1802568B,,
BMT1802568B,,
BMT1802582B,,
BMT1802582B,,
BMT154538597,,
BMT1802533B,,
BMT154538596,,
BMT154538596,,
BMT154538598,,
BMT167547616,,
BMT2131988B,,
BMT2131988B,,
BMT8162209B,,
BMT168966249,,
BMT8903170B,,
BMT8903170B,,
BMT168966251,,
BMT154935197,,
BMT8905185B,,
BMT8905185B,,
BMT123384356,,
BMT1796506B,,
BMT9144163B,,
BMT1797787B,,
BMT9144163B,,
BMT172206690,,
BMT9313689B,,
BMT9313689B,,
BMT172206695,,
BMT173134731,,
BMT1788120B,,
BMT1972101B,,
BMT173134733,,
BMT1972136B,,
BMT1803219B,,
BMT1972500B,,
BMT167980245,,
BMT1972507B,,
BMT1972500B,,
BMT1972514B,,
BMT1972507B,,
BMT167980242,,
BMT1789233B,,
BMT167980242,,
BMT1972514B,,
BMT2072320B,,
BMT153162269,,
BMT2072320B,,
BMT153162270,,
BMT2288018D,,
BMT2288011D,,
BMT2288025D,,
BMT2288018D,,
BMT154906825,,
BMT2288032D,,
BMT2872434B,,
BMT2872441B,,
BMT2872441B,,
BMT2872448B,,
BMT2872448B,,
BMT153196104,,
BMT2975467B,,
BMT2975474B,,
BMT2975474B,,
BMT123385504,,
BMT158986890,,
BMT1797381B,,
BMT158986890,,
BMT3141738B,,
BMT3141738B,,
BMT3141745B,,
BMT3141745B,,
BMT3141752B,,
BMT3141752B,,
BMT3141759B,,
BMT3141759B,,
BMT158986892,,
BMT3142025B,,
BMT156501949,,
BMT173132577,,
BMT1791165B,,
BMT1791165B,,
BMT173132578,,
BMT123385406,,
BMT3258477B,,
BMT3258477B,,
BMT1801476B,,
BMT172908899,,
BMT1802841B,,
BMT1802841B,,
BMT1802834B,,
BMT1802834B,,
BMT1801294B,,
BMT1801294B,,
BMT172908900,,
BMT2288032D,,
BMT2288025D,,
BMT1799649B,,
BMT1799628B,,
BMT1799628B,,
BMT130841911,,
BMT3219123B,,
BMT3219116B,,
BMT3219130B,,
BMT3219123B,,
BMT3219137B,,
BMT3219130B,,
BMT3219144B,,
BMT3219137B,,
BMT173134724,,
BMT1788960B,,
BMT158986891,,
BMT158986893,,
BMT123383537,,
BMT123383544,,
BMT123382970,,
BMT123382977,,
BMT2402174B,,
BMT2998007B,,
BMT154538588,,
BMT3262481B,,
BMT3262481B,,
BMT3262488B,,
BMT3262488B,,
BMT154538589,,
BMT154538590,,
BMT3262726B,,
BMT154538588,,
BMT3262726B,,
BMT154538592,,
BMT1801644B,,
BMT1801644B,,
BMT1801658B,,
BMT1801658B,,
BMT1801686B,,
BMT1801686B,,
BMT154538594,,
BMT1792173B,,
BMT8686341B,,
BMT8686341B,,
BMT147609816,,
BMT173132572,,
BMT1791214B,,
BMT1803086B,,
BMT9064580B,,
BMT9064580B,,
BMT2133850B,,
BMT2133850B,,
BMT2133857B,,
BMT2133857B,,
BMT8162412B,,
BMT8162412B,,
BMT167547609,,
BMT168966250,,
BMT3059152B,,
BMT3059152B,,
BMT3059159B,,
BMT3059159B,,
BMT168966252,,
BMT2082365B,,
BMT153162268,,
BMT3149837B,,
BMT1790724B,,
BMT1797241B,,
BMT131385027,,
BMT131385027,,
BMT123384412,,
BMT2268733B,,
BMT2268740B,,
BMT2268740B,,
BMT2268747B,,
BMT123383257,,
BMT123383264,,
BMT123383257,,
BMT1793566B,,
BMT123383257,,
BMT3169640B,,
BMT148678335,,
BMT7710835B,,
BMT7710835B,,
BMT7710849B,,
BMT7710849B,,
BMT7710856B,,
BMT7710856B,,
BMT2998021B,,
BMT2288004D,,
BMT8139858B,,
BMT8139858B,,
BMT2268628B,,
BMT169612969,,
BMT169004802,,
BMT169004928,,
BMT169004929,,
BMT169004802,,
BMT9287922B,,
BMT9287922B,,
BMT9287923B,,
BMT9287923B,,
BMT169612971,,
BMT169612972,,
BMT1789891B,,
BMT2225627B,,
BMT1802400B,,
BMT2752237B,,
BMT1788085B,,
BMT171425339,,
BMT2258604B,,
BMT2997244B,,
BMT2997258B,,
BMT2997251B,,
BMT171425334,,
BMT2997258B,,
BMT171425333,,
BMT2998007B,,
BMT123385168,,
BMT2998021B,,
BMT148678336,,
BMT148678336,,
BMT2998049B,,
BMT2998049B,,
BMT2998056B,,
BMT2998056B,,
BMT2998063B,,
BMT2998063B,,
BMT148678337,,
BMT150344885,,
BMT3204990B,,
BMT3204990B,,
BMT150344886,,
BMT150344886,,
BMT150344887,,
BMT123384062,,
BMT1797955B,,
BMT3208315B,,
BMT154935198,,
BMT3208322B,,
BMT154935197,,
BMT159434936,,
BMT1792285B,,
BMT1797444B,,
BMT1797430B,,
BMT1797430B,,
BMT1797416B,,
BMT1797416B,,
BMT1797395B,,
BMT1797395B,,
BMT1796275B,,
BMT1796275B,,
BMT1797402B,,
BMT161590741,,
BMT161590743,,
BMT161590743,,
BMT1797444B,,
BMT1797402B,,
BMT161590744,,
BMT123384209,,
BMT123384244,,
