BMT150342818,-44.119683115,-19.911337114
BMT165675806,-44.173268908,-19.918750814
BMT165675823,-44.153210444,-19.924972586
BMT165675825,-44.152734902,-19.924563700
BMT165675834,-44.143601202,-19.926281949
BMT165675838,-44.137133480,-19.926160310
BMT165675842,-44.135042139,-19.925960390
BMT165675845,-44.130585520,-19.924989872
BMT165675900,-44.129763456,-19.909344591
BMT165675921,-44.129243580,-19.922290587
BMT165675926,-44.127148026,-19.919388804
BMT165675929,-44.126977645,-19.919098817
BMT165675931,-44.126655744,-19.918564115
BMT165675939,-44.126001630,-19.915895293
BMT165675940,-44.124828828,-19.915473870
BMT165675968,-44.121510529,-19.917770712
BMT165675982,-44.117745432,-19.917923754
BMT165675985,-44.117132242,-19.918236968
BMT165675987,-44.117025747,-19.918489446
BMT165675988,-44.116326319,-19.918847409
BMT165675993,-44.117158820,-19.920333439
BMT165675998,-44.116106456,-19.922307080
BMT165675999,-44.116960740,-19.923314315
BMT165676004,-44.117317197,-19.922782964
BMT165676005,-44.118246286,-19.922362886
BMT165676007,-44.114354730,-19.919470115
BMT165676010,-44.111836190,-19.920514755
BMT165676015,-44.109081049,-19.921151557
BMT165676029,-44.109276238,-19.925534958
BMT165676044,-44.107470056,-19.925607221
BMT165676067,-44.107275727,-19.926184544
BMT165676090,-44.120922511,-19.918716581
BMT165676090,-44.120859231,-19.918065680
BMT165676095,-44.119786920,-19.920201894
BMT165676100,-44.121125119,-19.921816913
BMT165676100,-44.120847307,-19.921951078
BMT165676105,-44.119043468,-19.921607819
BMT165676110,-44.122051276,-19.923655786
BMT165676115,-44.120851127,-19.924716096
BMT165676127,-44.125162559,-19.924276533
BMT165676132,-44.125554176,-19.924296532
BMT165676144,-44.127023262,-19.921231527
BMT165676157,-44.134756040,-19.924106624
BMT165676159,-44.134500932,-19.923581296
BMT165676160,-44.134500932,-19.923581296
BMT165676163,-44.152734902,-19.924563700
BMT165676167,-44.152707347,-19.924355741
BMT165676191,-44.149026565,-19.906934816
BMT165676194,-44.148535122,-19.905938503
BMT165676197,-44.149626291,-19.905546137
BMT165676198,-44.149417719,-19.905246952
BMT167225460,-44.107470056,-19.925607221
BMT167328542,-44.123843716,-19.917402714
BMT167383976,-44.155256423,-19.917527613
BMT167383978,-44.153610191,-19.912694554
BMT167383980,-44.148318722,-19.910672336
BMT167656747,-44.135816128,-19.925946083
BMT167656747,-44.135433911,-19.925953260
BMT167838981,-44.109276238,-19.925534958
BMT169943843,-44.120833497,-19.905433287
BMT169943846,-44.119923371,-19.905898657
BMT170503236,-44.124158290,-19.921000574
BMT170533176,-44.131445504,-19.919726108
BMT171047809,-44.108470654,-19.926073074
BMT171431955,-44.126966144,-19.915972318
BMT171431958,-44.127391395,-19.916823786
BMT171431962,-44.129278308,-19.915947511
BMT171433174,-44.125339190,-19.914744469
BMT171433284,-44.125810191,-19.914222699
BMT171433285,-44.125961210,-19.914557772
BMT175349693,-44.133715485,-19.925700922
BMT175349698,-44.136468807,-19.925398060
BMT177097405,-44.134792240,-19.924477275
BMT177105179,-44.126892078,-19.899869855
BMT177105186,-44.122975899,-19.903248121
BMT178358708,-44.114148584,-19.925604486
BMT178358709,-44.112551331,-19.925903740
BMT178856283,-44.128213548,-19.918472364
BMT178856285,-44.129150659,-19.920067286
BMT179259709,-44.122943680,-19.917759715
BMT179260643,-44.123096389,-19.917787576
BMT179335366,-44.173282896,-19.919735808
BMT179335369,-44.164328911,-19.923705944
BMT179335373,-44.164830188,-19.922858913
BMT180104643,-44.128479755,-19.923940425
BMT180104645,-44.128479755,-19.923940425
BMT238694B,-44.128697717,-19.922522848
BMT238722B,-44.128605248,-19.921962165
BMT238771B,-44.127659123,-19.920267801
BMT238778B,-44.127801092,-19.920512468
BMT240304B,-44.126655744,-19.918564115
BMT240304B,-44.126494820,-19.918292246
BMT245757B,-44.122817524,-19.919846398
BMT245771B,-44.122456922,-19.919401857
BMT245792B,-44.122135186,-19.918840040
BMT245834B,-44.121405389,-19.917779229
BMT245890B,-44.121126183,-19.923353029
BMT245904B,-44.120532186,-19.923648277
BMT246149B,-44.121169758,-19.924112263
BMT246387B,-44.122013704,-19.916616596
BMT2466556B,-44.162006972,-19.923749230
BMT2466899B,-44.131649488,-19.919112659
BMT2466948B,-44.129768775,-19.906624788
BMT2467004B,-44.156959812,-19.920607942
BMT246730B,-44.121754308,-19.920338126
BMT246758B,-44.121071925,-19.919340800
BMT246765B,-44.121213884,-19.919585472
BMT246996B,-44.122835450,-19.918328446
BMT247913B,-44.121539121,-19.924701425
BMT248053B,-44.126600558,-19.921654141
BMT248116D,-44.121818990,-19.917275259
BMT248403B,-44.125840858,-19.915596316
BMT248669B,-44.120624935,-19.917242250
BMT248676B,-44.120379289,-19.916744058
BMT249194B,-44.124053993,-19.920855485
BMT249271B,-44.119750307,-19.923364293
BMT250468B,-44.125794351,-19.917105092
BMT250510B,-44.125168916,-19.914436408
BMT250608B,-44.123932975,-19.922011490
BMT250902B,-44.124852795,-19.923272018
BMT251238B,-44.123043164,-19.922242038
BMT251770B,-44.115106361,-19.923467740
BMT251777B,-44.114803551,-19.922942149
BMT252022B,-44.114295546,-19.919804149
BMT253079B,-44.116387902,-19.923239181
BMT253086B,-44.116387902,-19.923239181
BMT253086B,-44.116303523,-19.922949611
BMT2533952B,-44.129337406,-19.906893757
BMT2533959B,-44.129273996,-19.906260928
BMT2533980B,-44.128833173,-19.906511777
BMT2533994B,-44.128594991,-19.906393143
BMT2534057B,-44.127327819,-19.904028542
BMT2534064B,-44.127138694,-19.903675211
BMT2534085B,-44.126817218,-19.903068223
BMT2534113B,-44.126259257,-19.902035383
BMT2534141B,-44.126268134,-19.900417987
BMT2534148B,-44.126594460,-19.900139474
BMT253415B,-44.115670901,-19.923316939
BMT2534183B,-44.124511553,-19.901945468
BMT2534218B,-44.124213977,-19.902206047
BMT253422B,-44.115492793,-19.922701609
BMT2534232B,-44.123292634,-19.902978603
BMT2534246B,-44.122498707,-19.903164445
BMT253436B,-44.115408517,-19.922393968
BMT253653B,-44.120732560,-19.921968583
BMT114928487,-44.122361779,-19.903742071
BMT150342818,-44.119644752,-19.911364032
BMT165414133,-44.120117460,-19.910535063
BMT165675805,-44.175159963,-19.918877065
BMT165675816,-44.161624473,-19.923810678
BMT165675826,-44.152877251,-19.924745099
BMT165675831,-44.146326830,-19.925798080
BMT165675832,-44.145753091,-19.925885684
BMT165675833,-44.145227124,-19.925973515
BMT165675837,-44.137171696,-19.926160495
BMT165675839,-44.137066551,-19.926169021
BMT165675841,-44.135433911,-19.925953260
BMT165675870,-44.127684040,-19.917466775
BMT165675877,-44.128898150,-19.919072093
BMT165675878,-44.129913667,-19.918562015
BMT165675899,-44.129584233,-19.910672002
BMT165675922,-44.129856726,-19.923730307
BMT165675925,-44.127801092,-19.920512468
BMT165675937,-44.126333895,-19.918020376
BMT165675938,-44.125472458,-19.916570388
BMT165675980,-44.118300146,-19.917818074
BMT165675981,-44.117993527,-19.917979200
BMT165675983,-44.117219730,-19.917966324
BMT165675986,-44.117132242,-19.918236968
BMT165675988,-44.117025747,-19.918489446
BMT165675992,-44.116764937,-19.919003199
BMT165676001,-44.115877220,-19.924013732
BMT165676006,-44.115340325,-19.919194907
BMT165676010,-44.111510351,-19.920693846
BMT165676014,-44.110571398,-19.921168055
BMT165676014,-44.110255261,-19.921320084
BMT165676016,-44.110617800,-19.919704467
BMT165676025,-44.109857724,-19.925772804
BMT165676041,-44.108970710,-19.925497283
BMT165676066,-44.107275727,-19.926184544
BMT165676069,-44.107305100,-19.926058188
BMT165676075,-44.108528738,-19.925937827
BMT165676076,-44.108509326,-19.925991945
BMT165676093,-44.120022111,-19.919136817
BMT165676097,-44.122635635,-19.921643655
BMT165676113,-44.121476387,-19.923951132
BMT165676115,-44.120934017,-19.925276734
BMT165676117,-44.120747731,-19.924408363
BMT165676124,-44.124151522,-19.922229430
BMT165676126,-44.124672761,-19.923000053
BMT165676129,-44.125554176,-19.924296532
BMT165676143,-44.127801092,-19.920512468
BMT165676147,-44.126439680,-19.921373236
BMT165676166,-44.152707347,-19.924355741
BMT165676169,-44.161825824,-19.923676088
BMT165676177,-44.158200389,-19.920884901
BMT165676188,-44.148560165,-19.910185547
BMT165676189,-44.149187941,-19.908914474
BMT165676190,-44.147268618,-19.908742635
BMT165676192,-44.149314993,-19.906592827
BMT165676195,-44.144806335,-19.906498921
BMT165676196,-44.147900318,-19.903170444
BMT165676200,-44.150334806,-19.905251334
BMT165956455,-44.113936933,-19.925865473
BMT167225460,-44.107344179,-19.925904774
BMT167328539,-44.124466444,-19.917089523
BMT167328540,-44.124246163,-19.917187834
BMT167383977,-44.153457706,-19.914419707
BMT167383979,-44.152511834,-19.912635108
BMT167838971,-44.111384737,-19.920946224
BMT167838974,-44.111476248,-19.923377346
BMT167838978,-44.109857724,-19.925772804
BMT169943844,-44.120815239,-19.905279585
BMT169943848,-44.121507837,-19.904415554
BMT169943851,-44.122054743,-19.903984527
BMT170503234,-44.121964666,-19.918577155
BMT170533175,-44.130898220,-19.920220412
BMT170533176,-44.131561827,-19.919419454
BMT171047809,-44.108259753,-19.926198519
BMT171431956,-44.127212207,-19.916398216
BMT171431957,-44.128727813,-19.915285189
BMT171431960,-44.129091788,-19.915115288
BMT171432379,-44.125627533,-19.914429628
BMT171433177,-44.129305210,-19.911032075
BMT175349697,-44.133748135,-19.924969168
BMT177105185,-44.124213977,-19.902206047
BMT177105186,-44.122668815,-19.903499614
BMT177941010,-44.121701552,-19.917780692
BMT177941866,-44.120851475,-19.917740347
BMT177942174,-44.122007220,-19.917791238
BMT177942175,-44.121835304,-19.917781353
BMT177942177,-44.121289876,-19.916206403
BMT178856284,-44.128639456,-19.919206365
BMT178856285,-44.129027548,-19.919867892
BMT178856287,-44.129747013,-19.921082234
BMT178856290,-44.130296048,-19.922015624
BMT179260030,-44.122274673,-19.917801594
BMT179260031,-44.122628109,-19.917812374
BMT179260032,-44.121872046,-19.916317710
BMT179260035,-44.122920686,-19.918464406
BMT179260647,-44.122013704,-19.916616596
BMT179260648,-44.121586636,-19.916099437
BMT179335371,-44.162790839,-19.923671599
BMT179335372,-44.162417894,-19.923733094
BMT180104644,-44.127803845,-19.923494348
BMT2328397B,-44.109883300,-19.926324124
BMT238673B,-44.128929240,-19.922117364
BMT238743B,-44.128331353,-19.921382521
BMT241704B,-44.127254787,-19.920826046
BMT245785B,-44.122456922,-19.919401857
BMT245834B,-44.120985177,-19.917750044
BMT245883B,-44.121126183,-19.923353029
BMT246121B,-44.122721503,-19.923397052
BMT246149B,-44.121476387,-19.923951132
BMT246163B,-44.120939762,-19.924237629
BMT246170B,-44.120851127,-19.924716096
BMT246345D,-44.122628109,-19.917812374
BMT246359D,-44.122410668,-19.917395647
BMT246387D,-44.122013704,-19.916616596
BMT2466794B,-44.128344533,-19.915491138
BMT2466857B,-44.129257964,-19.916173310
BMT2466857B,-44.129228018,-19.916408099
BMT2466920B,-44.132435321,-19.916920754
BMT2467004B,-44.156291996,-19.920424054
BMT247759B,-44.122834672,-19.921933787
BMT247920B,-44.121242096,-19.924853568
BMT248109D,-44.121950347,-19.917709633
BMT248123B,-44.121818990,-19.917275259
BMT248123B,-44.121696190,-19.917021646
BMT248207B,-44.126358735,-19.918716267
BMT248396B,-44.125644969,-19.916471841
BMT248403B,-44.125670433,-19.915315363
BMT248641B,-44.120747734,-19.917495864
BMT249180B,-44.124158290,-19.921000574
BMT249278B,-44.120263523,-19.923854774
BMT249355B,-44.123843716,-19.917402714
BMT250482B,-44.125614471,-19.916806021
BMT250538B,-44.124980193,-19.915745694
BMT251231B,-44.123242253,-19.922523134
BMT251238B,-44.123242253,-19.922523134
BMT252883B,-44.117219730,-19.917966324
BMT252932B,-44.116000638,-19.918999401
BMT2533903B,-44.129572343,-19.909352692
BMT2533945B,-44.129464526,-19.908105199
BMT2533994B,-44.128726606,-19.906782334
BMT2534113B,-44.126060633,-19.901672969
BMT2534134B,-44.125932253,-19.900696453
BMT253415B,-44.115586624,-19.923009298
BMT2534253B,-44.122328600,-19.902829275
BMT117746568,-44.119857223,-19.910949429
BMT135877023,-44.119307786,-19.911832233
BMT150342816,-44.119405270,-19.911480314
BMT150342819,-44.119683115,-19.911337114
BMT165414132,-44.119886083,-19.910913428
BMT165414135,-44.120799865,-19.908062585
BMT165675817,-44.162006972,-19.923749230
BMT165675829,-44.152255990,-19.924787317
BMT165675832,-44.145227124,-19.925973515
BMT165675834,-44.143027461,-19.926369543
BMT165675844,-44.130813585,-19.925216886
BMT165675893,-44.126322754,-19.914830627
BMT165675904,-44.127026459,-19.899753046
BMT165675971,-44.120708121,-19.917748674
BMT165675972,-44.120708121,-19.917748674
BMT165675979,-44.120108589,-19.917321019
BMT165675980,-44.117993527,-19.917979200
BMT165675984,-44.117164865,-19.917523291
BMT165675993,-44.117055685,-19.919980525
BMT165675999,-44.117134217,-19.923044098
BMT165676003,-44.114738333,-19.922643638
BMT165676008,-44.114295546,-19.919804149
BMT165676012,-44.111510351,-19.920693846
BMT165676026,-44.109647786,-19.925726573
BMT165676042,-44.107766183,-19.925617743
BMT165676070,-44.107344179,-19.925904774
BMT165676082,-44.108470654,-19.926073074
BMT165676104,-44.119043468,-19.921607819
BMT165676106,-44.118728040,-19.921633363
BMT165676121,-44.120344655,-19.923005797
BMT165676125,-44.123932975,-19.922011490
BMT165676130,-44.125094139,-19.924556311
BMT165676134,-44.120915105,-19.918327999
BMT165676173,-44.160491430,-19.921257174
BMT165676174,-44.160599846,-19.918817961
BMT165676174,-44.160083462,-19.918905883
BMT165676176,-44.158820062,-19.919333639
BMT165676190,-44.146543254,-19.908612652
BMT165676194,-44.148925346,-19.906211450
BMT165676203,-44.162551974,-19.925486714
BMT167225460,-44.107279025,-19.925597226
BMT167656745,-44.137001045,-19.925915696
BMT167838973,-44.111591539,-19.921552665
BMT167838975,-44.111495849,-19.921579295
BMT167838975,-44.111218231,-19.921677302
BMT170503234,-44.122135186,-19.918840040
BMT170503237,-44.123818781,-19.920194701
BMT171047808,-44.108586823,-19.925802579
BMT171047808,-44.108528738,-19.925937827
BMT171047810,-44.108259753,-19.926198519
BMT171047813,-44.108526560,-19.926326360
BMT171431954,-44.126483625,-19.915111532
BMT171431958,-44.127504849,-19.917041206
BMT171431964,-44.129362946,-19.914447955
BMT171431965,-44.129142622,-19.914555307
BMT171431966,-44.129602932,-19.915985244
BMT177105181,-44.125663340,-19.900957175
BMT177105183,-44.128056014,-19.905378473
BMT177105191,-44.124815493,-19.907476977
BMT177941860,-44.121510529,-19.917770712
BMT177941864,-44.120985177,-19.917750044
BMT177941864,-44.120851475,-19.917740347
BMT177942176,-44.121554333,-19.916758902
BMT178358707,-44.113193374,-19.925563579
BMT178358709,-44.112188224,-19.925910963
BMT178856283,-44.128043017,-19.918209485
BMT178856288,-44.130144619,-19.921752841
BMT178856288,-44.129993091,-19.921508128
BMT179839469,-44.131114897,-19.903288055
BMT179839470,-44.130999769,-19.903377852
BMT179839538,-44.130245195,-19.903356093
BMT180102317,-44.128647076,-19.923046685
BMT180102319,-44.128747666,-19.922125511
BMT2328404B,-44.109986894,-19.921472352
BMT238708B,-44.128647076,-19.923046685
BMT240311B,-44.126655744,-19.918564115
BMT245771B,-44.122627345,-19.919682812
BMT245785B,-44.122286450,-19.919129937
BMT245806B,-44.121964666,-19.918577155
BMT245813B,-44.121585361,-19.918060233
BMT245820B,-44.121510529,-19.917770712
BMT245876B,-44.121768098,-19.923030907
BMT245876B,-44.121461472,-19.923192039
BMT246072B,-44.124466444,-19.917089523
BMT246072B,-44.124246163,-19.917187834
BMT246114B,-44.123046888,-19.923299262
BMT246373B,-44.122278363,-19.917132952
BMT246387B,-44.122164966,-19.916906493
BMT2466514B,-44.164367793,-19.923579622
BMT2466514B,-44.164023892,-19.923568970
BMT2466577B,-44.154338442,-19.928456817
BMT2466787B,-44.128344533,-19.915491138
BMT2466787B,-44.128085894,-19.915616373
BMT2466801B,-44.128794836,-19.915258409
BMT2466801B,-44.128727813,-19.915285189
BMT2466941B,-44.125878158,-19.914024242
BMT246695B,-44.122266075,-19.921090638
BMT246702B,-44.122105006,-19.920845872
BMT246744B,-44.121564729,-19.920066111
BMT246772B,-44.120888406,-19.919701331
BMT246772B,-44.120620301,-19.919808436
BMT247794B,-44.121891079,-19.921522511
BMT248046B,-44.126439680,-19.921373236
BMT248109B,-44.121960848,-19.917538002
BMT248116B,-44.121818990,-19.917275259
BMT248361B,-44.126162502,-19.916176198
BMT248417B,-44.125339190,-19.914744469
BMT248480B,-44.126380123,-19.921779562
BMT248655B,-44.120747734,-19.917495864
BMT249166B,-44.124585230,-19.921544834
BMT249194B,-44.123855055,-19.920547282
BMT249271B,-44.120018919,-19.923166832
BMT249278B,-44.120006865,-19.923618570
BMT249285B,-44.120006865,-19.923618570
BMT249775B,-44.123855055,-19.920547282
BMT249782B,-44.123818781,-19.920194701
BMT250167B,-44.125162559,-19.924276533
BMT250202B,-44.125079356,-19.923770110
BMT250216B,-44.124764873,-19.925358890
BMT250517B,-44.125292728,-19.916244209
BMT250531B,-44.125292728,-19.916244209
BMT250552B,-44.124828828,-19.915473870
BMT251203B,-44.123640232,-19.923121469
BMT251217B,-44.123640232,-19.923121469
BMT251770B,-44.114916639,-19.923222826
BMT251777B,-44.114916639,-19.923222826
BMT252925B,-44.116000638,-19.918999401
BMT2533896B,-44.129763456,-19.909344591
BMT2533959B,-44.129337406,-19.906893757
BMT2534022B,-44.127876389,-19.905034225
BMT2534029B,-44.127876389,-19.905034225
BMT2534029B,-44.127706219,-19.904708096
BMT253408B,-44.115670901,-19.923316939
BMT2534148B,-44.126268134,-19.900417987
BMT2534295B,-44.122876985,-19.903862079
BMT2534302B,-44.123075603,-19.904224497
BMT2534582B,-44.125197432,-19.904036152
BMT2534610B,-44.124592261,-19.902903679
BMT2534715B,-44.129210536,-19.905637135
BMT253653B,-44.120847307,-19.921951078
BMT254514B,-44.120342541,-19.919933566
BMT255466B,-44.120245946,-19.918396977
BMT256173B,-44.120058271,-19.917781603
BMT256180B,-44.119732896,-19.917879388
BMT256362B,-44.118374345,-19.921667754
BMT256523B,-44.117524099,-19.921654499
BMT114920829,-44.119194547,-19.911578666
BMT135877016,-44.117561217,-19.913242220
BMT135877030,-44.118777105,-19.911052513
BMT150342817,-44.119644752,-19.911364032
BMT165414134,-44.121214862,-19.909031483
BMT165414136,-44.121338879,-19.907333335
BMT165414137,-44.120799865,-19.908062585
BMT165414138,-44.121125347,-19.906211821
BMT165675820,-44.154292593,-19.928095159
BMT165675843,-44.133733067,-19.925981123
BMT165675897,-44.125670433,-19.915315363
BMT165675924,-44.128331353,-19.921382521
BMT165675929,-44.126826174,-19.918845067
BMT165675930,-44.126655744,-19.918564115
BMT165675933,-44.126109593,-19.918850582
BMT165675984,-44.117287959,-19.917722693
BMT165675997,-44.116481735,-19.923546869
BMT165676000,-44.116114363,-19.924322133
BMT165676001,-44.115774186,-19.923642746
BMT165676007,-44.114029399,-19.919558853
BMT165676009,-44.113378585,-19.919763435
BMT165676013,-44.111174957,-19.920872888
BMT165676041,-44.108655526,-19.925477631
BMT165676042,-44.107880832,-19.925618319
BMT165676045,-44.107880832,-19.925618319
BMT165676068,-44.107305100,-19.926058188
BMT165676092,-44.121375100,-19.919803132
BMT165676092,-44.121213884,-19.919585472
BMT165676096,-44.122635635,-19.921643655
BMT165676107,-44.117168551,-19.918580514
BMT165676108,-44.123536085,-19.922949273
BMT165676114,-44.120747731,-19.924408363
BMT165676118,-44.120519983,-19.924127122
BMT165676119,-44.120519983,-19.924127122
BMT165676119,-44.120263523,-19.923854774
BMT165676128,-44.124852795,-19.923272018
BMT165676131,-44.124764873,-19.925358890
BMT165676146,-44.126792232,-19.921546651
BMT165676160,-44.136023022,-19.923037506
BMT165676191,-44.148738135,-19.907276804
BMT165676193,-44.149314993,-19.906592827
BMT167328542,-44.123575417,-19.917545967
BMT167328543,-44.123575417,-19.917545967
BMT167645467,-44.124935964,-19.916838827
BMT167838972,-44.111495849,-19.921579295
BMT167838977,-44.110314807,-19.924338381
BMT167838978,-44.109850143,-19.925420365
BMT170533175,-44.131156915,-19.920086137
BMT170533177,-44.131998750,-19.918138480
BMT171047812,-44.108259753,-19.926198519
BMT171431959,-44.127589643,-19.917258485
BMT171433285,-44.126102973,-19.914838583
BMT171433286,-44.126244688,-19.915128430
BMT175349694,-44.134044363,-19.924961576
BMT175349694,-44.133748135,-19.924969168
BMT175349695,-44.133114902,-19.925454023
BMT175349698,-44.136096195,-19.925396250
BMT177097404,-44.134934274,-19.924712901
BMT177097407,-44.134591604,-19.924476298
BMT177105180,-44.126594460,-19.900139474
BMT177105192,-44.128833173,-19.906511777
BMT177828479,-44.128479755,-19.923940425
BMT177942179,-44.122396029,-19.918317242
BMT178358705,-44.111188525,-19.925282488
BMT178358706,-44.113214044,-19.925283568
BMT178358710,-44.113497342,-19.925881353
BMT178856290,-44.130428470,-19.922260243
BMT178856293,-44.129483716,-19.922056828
BMT179260029,-44.122628109,-19.917812374
BMT179260029,-44.122532523,-19.917820938
BMT179260645,-44.122819532,-19.917750067
BMT179335366,-44.173262097,-19.920061009
BMT179335368,-44.164634644,-19.923707381
BMT179335368,-44.164367793,-19.923579622
BMT179839540,-44.127835262,-19.900335315
BMT180102316,-44.128626482,-19.923317663
BMT180102317,-44.128667620,-19.922784743
BMT180102319,-44.128697717,-19.922522848
BMT180104644,-44.128128187,-19.923586299
BMT2328404B,-44.110255261,-19.921320084
BMT238771B,-44.127801092,-19.920512468
BMT238778B,-44.127504080,-19.920664622
BMT240311B,-44.126358735,-19.918716267
BMT240325B,-44.126154063,-19.917712270
BMT241718B,-44.127100735,-19.921042153
BMT241746B,-44.126964649,-19.921466175
BMT245813B,-44.121813303,-19.918305329
BMT246121B,-44.122367257,-19.923530843
BMT246163B,-44.120747731,-19.924408363
BMT246373D,-44.122278363,-19.917132952
BMT246373D,-44.122164966,-19.916906493
BMT2466794B,-44.128612824,-19.915347877
BMT2466808B,-44.128727813,-19.915285189
BMT2466829B,-44.129398440,-19.914945107
BMT2466850B,-44.129602932,-19.915985244
BMT2466885B,-44.131156915,-19.920086137
BMT2466892B,-44.131445504,-19.919726108
BMT246695B,-44.122427095,-19.921344439
BMT246723B,-44.121943937,-19.920601106
BMT246758B,-44.120949474,-19.919023937
BMT247514B,-44.122235162,-19.918036334
BMT247787B,-44.122168641,-19.921433523
BMT248116B,-44.121960848,-19.917538002
BMT248116D,-44.121960848,-19.917538002
BMT248382B,-44.125932372,-19.916328678
BMT248382B,-44.125644969,-19.916471841
BMT248424B,-44.125168916,-19.914436408
BMT248480B,-44.126121323,-19.921931901
BMT249180B,-44.124328618,-19.921299599
BMT249334B,-44.124073651,-19.917286380
BMT250069B,-44.123096389,-19.917787576
BMT250188B,-44.125125685,-19.924032381
BMT250188B,-44.125079356,-19.923770110
BMT250335B,-44.124841842,-19.921790068
BMT250335B,-44.124585230,-19.921544834
BMT250923B,-44.124350761,-19.922483418
BMT251217B,-44.123536085,-19.922949273
BMT252554B,-44.117059842,-19.922673255
BMT252946B,-44.115014995,-19.919283648
BMT253093B,-44.116303523,-19.922949611
BMT253100B,-44.116200288,-19.922614768
BMT2533903B,-44.129518483,-19.908719910
BMT2533966B,-44.129273996,-19.906260928
BMT2533973B,-44.129065560,-19.905943648
BMT2534008B,-44.128434371,-19.906067061
BMT2534092B,-44.126817218,-19.903068223
BMT2534099B,-44.126467384,-19.902406880
BMT2534106B,-44.126467384,-19.902406880
BMT2534176B,-44.125097100,-19.901433298
BMT2534197B,-44.123906847,-19.902466578
BMT253422B,-44.115586624,-19.923009298
BMT2534232B,-44.122975899,-19.903248121
BMT2534337B,-44.124229170,-19.906389776
BMT2534351B,-44.124437348,-19.906752239
BMT253639B,-44.121364516,-19.921718701
BMT253709B,-44.120441867,-19.917521459
BMT253737B,-44.119812526,-19.917301482
BMT253919B,-44.120484907,-19.921831818
BMT254262B,-44.120022111,-19.919136817
BMT254626B,-44.117801212,-19.921646839
BMT256180B,-44.119435932,-19.918022493
BMT256187B,-44.119435932,-19.918022493
BMT256362B,-44.118030305,-19.921684119
BMT256537B,-44.117158820,-19.920333439
BMT256544B,-44.117445712,-19.922006512
BMT256579B,-44.116858618,-19.919337994
BMT135877023,-44.119147081,-19.911524215
BMT135877037,-44.117799933,-19.909818779
BMT155695051,-44.120934017,-19.925276734
BMT165414135,-44.120989929,-19.908244243
BMT165414136,-44.121597310,-19.907244252
BMT165675813,-44.163307190,-19.923592706
BMT165675822,-44.154292593,-19.928095159
BMT165675827,-44.152734902,-19.924563700
BMT165675835,-44.138156026,-19.926120091
BMT165675835,-44.137305553,-19.926143073
BMT165675856,-44.129129873,-19.922118347
BMT165675857,-44.129129873,-19.922118347
BMT165675926,-44.127318358,-19.919687827
BMT165675927,-44.127148026,-19.919388804
BMT165675932,-44.126494820,-19.918292246
BMT165675934,-44.126809050,-19.918483544
BMT165675974,-44.120108589,-19.917321019
BMT165675977,-44.120526751,-19.917720670
BMT165675983,-44.117487834,-19.917859224
BMT165675988,-44.116642394,-19.918704404
BMT165675989,-44.116642394,-19.918704404
BMT165675990,-44.116326319,-19.918847409
BMT165675991,-44.115684813,-19.919097226
BMT165675994,-44.117059842,-19.922673255
BMT165676000,-44.115877220,-19.924013732
BMT165676011,-44.111510351,-19.920693846
BMT165676015,-44.109337737,-19.921378741
BMT165676031,-44.108970710,-19.925497283
BMT165676040,-44.109276238,-19.925534958
BMT165676081,-44.108470654,-19.926073074
BMT165676089,-44.117815898,-19.918999381
BMT165676094,-44.121754308,-19.920338126
BMT165676098,-44.122834672,-19.921933787
BMT165676112,-44.123707310,-19.923085656
BMT165676121,-44.120018919,-19.923166832
BMT165676124,-44.123939393,-19.922580787
BMT165676133,-44.120915105,-19.918327999
BMT165676158,-44.134700191,-19.923835273
BMT165676162,-44.136023022,-19.923037506
BMT165676164,-44.152716516,-19.924428072
BMT165676168,-44.152707347,-19.924355741
BMT165676201,-44.163143628,-19.923808800
BMT165676202,-44.163143628,-19.923808800
BMT167383973,-44.157646930,-19.920755775
BMT167383979,-44.151059952,-19.912583003
BMT167645466,-44.125194658,-19.916704561
BMT167656910,-44.137066551,-19.926169021
BMT167838976,-44.110040677,-19.922105136
BMT167838978,-44.109819355,-19.925799720
BMT169943844,-44.120606723,-19.904980368
BMT169943845,-44.120606723,-19.904980368
BMT169943847,-44.118950319,-19.907375737
BMT169943849,-44.120360195,-19.904644818
BMT170533178,-44.132435321,-19.916920754
BMT170533178,-44.132357709,-19.917137239
BMT171431960,-44.129398440,-19.914945107
BMT171431963,-44.130155194,-19.914578335
BMT171432379,-44.125830192,-19.914060150
BMT171433176,-44.126161833,-19.914558758
BMT174349810,-44.135191055,-19.924931014
BMT177097406,-44.134792240,-19.924477275
BMT177105180,-44.126892078,-19.899869855
BMT177105187,-44.125396056,-19.904398567
BMT177105188,-44.123264720,-19.904577832
BMT177105192,-44.128726606,-19.906782334
BMT177941010,-44.121835304,-19.917781353
BMT177941861,-44.121554333,-19.916758902
BMT177941865,-44.120379289,-19.916744058
BMT177942173,-44.122007220,-19.917791238
BMT177942173,-44.121835304,-19.917781353
BMT178358705,-44.110891742,-19.925389435
BMT178358706,-44.112870349,-19.925236674
BMT178358711,-44.111882441,-19.925918471
BMT178856284,-44.128781475,-19.919441996
BMT178856289,-44.130144619,-19.921752841
BMT178856292,-44.130049178,-19.921734302
BMT179260641,-44.123403003,-19.917626441
BMT179260642,-44.123096389,-19.917787576
BMT179260645,-44.122885959,-19.917831718
BMT179260646,-44.122819532,-19.917750067
BMT179260647,-44.121872046,-19.916317710
BMT179335367,-44.170237851,-19.922875200
BMT179335374,-44.164328911,-19.923705944
BMT179839470,-44.131114897,-19.903288055
BMT179839472,-44.130732389,-19.903358474
BMT179839540,-44.127559424,-19.900117099
BMT180102320,-44.128929240,-19.922117364
BMT2328390B,-44.109647786,-19.925726573
BMT238673B,-44.128747666,-19.922125511
BMT238722B,-44.128747666,-19.922125511
BMT240255B,-44.127659123,-19.920267801
BMT240255B,-44.127488789,-19.919968778
BMT240262B,-44.127488789,-19.919968778
BMT240332B,-44.126154063,-19.917712270
BMT241732B,-44.127023262,-19.921231527
BMT245750B,-44.123026910,-19.919992006
BMT245792B,-44.122286450,-19.919129937
BMT245820B,-44.121701552,-19.917780692
BMT245827B,-44.121585361,-19.918060233
BMT245897B,-44.120819606,-19.923505124
BMT246373B,-44.122164966,-19.916906493
BMT2466626B,-44.141644535,-19.925911071
BMT2466759B,-44.127797247,-19.917729373
BMT2466759B,-44.127684040,-19.917466775
BMT2466829B,-44.129358891,-19.915188884
BMT2466836B,-44.130423631,-19.914407964
BMT2466850B,-44.129278308,-19.915947511
BMT246730B,-44.121943937,-19.920601106
BMT247514B,-44.122396029,-19.918317242
BMT247927B,-44.121242096,-19.924853568
BMT248046B,-44.126600558,-19.921654141
BMT248109D,-44.121960848,-19.917538002
BMT248130B,-44.121554333,-19.916758902
BMT248130D,-44.121554333,-19.916758902
BMT248207B,-44.126109593,-19.918850582
BMT248375B,-44.126162502,-19.916176198
BMT248375B,-44.126001630,-19.915895293
BMT250195B,-44.125094139,-19.924556311
BMT250202B,-44.124985258,-19.923507605
BMT250489B,-44.125322517,-19.914301624
BMT250538B,-44.125131708,-19.915990410
BMT250601B,-44.123707310,-19.923085656
BMT250601B,-44.123640232,-19.923121469
BMT251231B,-44.123384416,-19.922731662
BMT2533952B,-44.129410667,-19.907472418
BMT2534001B,-44.128245192,-19.905722767
BMT2534043B,-44.127706219,-19.904708096
BMT2534057B,-44.127507540,-19.904354718
BMT2534064B,-44.127327819,-19.904028542
BMT2534085B,-44.126968477,-19.903358117
BMT253408B,-44.115774186,-19.923642746
BMT2534106B,-44.126259257,-19.902035383
BMT2534169B,-44.125385022,-19.901190742
BMT2534211B,-44.123292634,-19.902978603
BMT2534218B,-44.124403094,-19.902559381
BMT2534323B,-44.123661961,-19.905302666
BMT2534337B,-44.124040100,-19.906027406
BMT2534358B,-44.124815493,-19.907476977
BMT2534589B,-44.125017865,-19.903682866
BMT2534715B,-44.129065560,-19.905943648
BMT253660B,-44.120531128,-19.922112161
BMT253765B,-44.118578004,-19.917674876
BMT253912B,-44.120732560,-19.921968583
BMT253940B,-44.119970796,-19.921503980
BMT254241B,-44.120949474,-19.919023937
BMT135877023,-44.119194547,-19.911578666
BMT135877030,-44.118558932,-19.910771317
BMT150342817,-44.119405270,-19.911480314
BMT157461123,-44.108740959,-19.920463122
BMT165414134,-44.120879603,-19.909192474
BMT165414139,-44.122786908,-19.908072395
BMT165675819,-44.161232134,-19.923926296
BMT165675823,-44.152877251,-19.924745099
BMT165675824,-44.152734902,-19.924563700
BMT165675831,-44.146996207,-19.925692862
BMT165675836,-44.137209962,-19.926151645
BMT165675847,-44.133733067,-19.925981123
BMT165675864,-44.129614445,-19.920864722
BMT165675868,-44.128639456,-19.919206365
BMT165675900,-44.129770538,-19.909796424
BMT165675972,-44.120641794,-19.917648951
BMT165675973,-44.120441867,-19.917521459
BMT165675978,-44.119138917,-19.918174633
BMT165675983,-44.117287959,-19.917722693
BMT165676004,-44.117442903,-19.922512510
BMT165676039,-44.109276238,-19.925534958
BMT165676052,-44.107305100,-19.926058188
BMT165676052,-44.107236800,-19.926310851
BMT165676071,-44.107344179,-19.925904774
BMT165676076,-44.108470654,-19.926073074
BMT165676085,-44.109647786,-19.925726573
BMT165676086,-44.109493109,-19.924343303
BMT165676088,-44.117993527,-19.917979200
BMT165676099,-44.122427095,-19.921344439
BMT165676099,-44.122168641,-19.921433523
BMT165676101,-44.120218248,-19.921676888
BMT165676102,-44.120531128,-19.922112161
BMT165676116,-44.121845751,-19.924540293
BMT165676120,-44.121768098,-19.923030907
BMT165676122,-44.120344655,-19.923005797
BMT165676126,-44.124852795,-19.923272018
BMT165676130,-44.125162559,-19.924276533
BMT165676146,-44.126600558,-19.921654141
BMT165676165,-44.152716516,-19.924428072
BMT165676170,-44.161825824,-19.923676088
BMT165676170,-44.161578417,-19.923485165
BMT165676172,-44.161047106,-19.922777849
BMT165676173,-44.160633356,-19.921519889
BMT165676174,-44.160818297,-19.919062965
BMT165676175,-44.160187731,-19.917252783
BMT165676193,-44.149642549,-19.906079340
BMT165676202,-44.162551974,-19.925486714
BMT166748801,-44.114041424,-19.925974425
BMT166748802,-44.114098800,-19.925965675
BMT167328536,-44.124935964,-19.916838827
BMT167328537,-44.124686874,-19.916964105
BMT167328540,-44.124073651,-19.917286380
BMT167328541,-44.124243875,-19.917603477
BMT167383972,-44.158200389,-19.920884901
BMT167383973,-44.156959812,-19.920607942
BMT167383974,-44.156291996,-19.920424054
BMT167383975,-44.155256423,-19.917527613
BMT167383978,-44.153570824,-19.912911231
BMT167383981,-44.148318722,-19.910672336
BMT167838974,-44.111284007,-19.923584211
BMT167838977,-44.110037183,-19.924436387
BMT169943845,-44.120894408,-19.904782998
BMT170503235,-44.123550527,-19.920328918
BMT171047807,-44.108655526,-19.925477631
BMT171047811,-44.108259753,-19.926198519
BMT171047812,-44.108478890,-19.926308049
BMT171431954,-44.126322754,-19.914830627
BMT171431955,-44.127070291,-19.916144513
BMT171431956,-44.127070291,-19.916144513
BMT171431957,-44.128612824,-19.915347877
BMT171431967,-44.129562246,-19.916436843
BMT175349696,-44.135191055,-19.924931014
BMT177105181,-44.125862011,-19.901310554
BMT177105185,-44.124511553,-19.901945468
BMT177105188,-44.123463290,-19.904949285
BMT177105190,-44.123661961,-19.905302666
BMT177105190,-44.123463290,-19.904949285
BMT177105194,-44.128087888,-19.908279177
BMT177941861,-44.121431683,-19.916478182
BMT178358703,-44.109885172,-19.925989804
BMT178358707,-44.113172451,-19.925888768
BMT178358710,-44.113573775,-19.925881734
BMT178856286,-44.129614445,-19.920864722
BMT178856287,-44.129614445,-19.920864722
BMT178856291,-44.130693511,-19.922713338
BMT179260028,-44.122628109,-19.917812374
BMT179260031,-44.122683986,-19.918074693
BMT179260033,-44.121787062,-19.916136571
BMT179260644,-44.122790422,-19.917831247
BMT179260763,-44.123001101,-19.917741927
BMT179335365,-44.173286325,-19.919076193
BMT179335367,-44.170026906,-19.923018792
BMT179335371,-44.162417894,-19.923733094
BMT179335372,-44.162006972,-19.923749230
BMT179839538,-44.130176844,-19.903626839
BMT179839539,-44.130732389,-19.903358474
BMT180102318,-44.128626482,-19.923317663
BMT180104642,-44.128587375,-19.923480119
BMT180104642,-44.128567672,-19.923588454
BMT2328390B,-44.109754399,-19.925456030
BMT2328411B,-44.109986894,-19.921472352
BMT238708B,-44.128626482,-19.923317663
BMT238750B,-44.128170423,-19.921110653
BMT240325B,-44.126333895,-19.918020376
BMT241704B,-44.127504080,-19.920664622
BMT241718B,-44.127254787,-19.920826046
BMT245764B,-44.122627345,-19.919682812
BMT245897B,-44.120532186,-19.923648277
BMT245904B,-44.120263523,-19.923854774
BMT246128B,-44.122367257,-19.923530843
BMT246156B,-44.121169758,-19.924112263
BMT246338B,-44.122274673,-19.917801594
BMT246345B,-44.122552428,-19.917676461
BMT246345D,-44.122552428,-19.917676461
BMT246359B,-44.122552428,-19.917676461
BMT2466528B,-44.163307190,-19.923592706
BMT2466556B,-44.161624473,-19.923810678
BMT2466598B,-44.146326830,-19.925798080
BMT2466899B,-44.131561827,-19.919419454
BMT2466941B,-44.125830192,-19.914060150
BMT2466948B,-44.129780799,-19.906173048
BMT246723B,-44.122105006,-19.920845872
BMT247801B,-44.121632625,-19.921611594
BMT247913B,-44.121845751,-19.924540293
BMT247927B,-44.120925712,-19.925050795
BMT248053B,-44.126380123,-19.921779562
BMT248109B,-44.121950347,-19.917709633
BMT248123D,-44.121818990,-19.917275259
BMT248130B,-44.121696190,-19.917021646
BMT248144B,-44.121431683,-19.916478182
BMT248361B,-44.125932372,-19.916328678
BMT248396B,-44.125472458,-19.916570388
BMT248424B,-44.125339190,-19.914744469
BMT248487B,-44.126121323,-19.921931901
BMT249166B,-44.124328618,-19.921299599
BMT249334B,-44.124243875,-19.917603477
BMT250069B,-44.123403003,-19.917626441
BMT250167B,-44.125334433,-19.924295451
BMT250216B,-44.124928785,-19.925088618
BMT250468B,-44.125964727,-19.917395081
BMT250482B,-44.125794351,-19.917105092
BMT250510B,-44.125322517,-19.914301624
BMT250580B,-44.123823302,-19.922842257
BMT250902B,-44.124985258,-19.923507605
BMT250916B,-44.124511736,-19.922746253
BMT115016813,-44.121051817,-19.905687372
BMT135877016,-44.117982618,-19.913054555
BMT165414133,-44.120280614,-19.910400331
BMT165414136,-44.121407696,-19.906981273
BMT165414138,-44.121250683,-19.906004613
BMT165675821,-44.154241456,-19.928727435
BMT165675822,-44.153869138,-19.926873283
BMT165675824,-44.152877251,-19.924745099
BMT165675830,-44.150821417,-19.925051549
BMT165675843,-44.133885934,-19.925981868
BMT165675924,-44.128492234,-19.921663425
BMT165675925,-44.127990534,-19.920811584
BMT165675936,-44.128545154,-19.920723944
BMT165675939,-44.125840858,-19.915596316
BMT165675941,-44.125472458,-19.916570388
BMT165675979,-44.119812526,-19.917301482
BMT165675987,-44.117132242,-19.918236968
BMT165675994,-44.117262432,-19.922321860
BMT165675995,-44.116844568,-19.921867987
BMT165675996,-44.116568374,-19.923429832
BMT165675997,-44.116681064,-19.923782794
BMT165676002,-44.115408517,-19.922393968
BMT165676026,-44.109533440,-19.925671785
BMT165676048,-44.107344179,-19.925904774
BMT165676048,-44.107305100,-19.926058188
BMT165676051,-44.107305100,-19.926058188
BMT165676075,-44.108509326,-19.925991945
BMT165676084,-44.108509326,-19.925991945
BMT165676092,-44.121071925,-19.919340800
BMT165676094,-44.121564729,-19.920066111
BMT165676096,-44.122427095,-19.921344439
BMT165676103,-44.119970796,-19.921503980
BMT165676109,-44.123400884,-19.923210649
BMT165676113,-44.121763856,-19.923798941
BMT165676123,-44.123823302,-19.922842257
BMT165676129,-44.125334433,-19.924295451
BMT165676134,-44.120590179,-19.918344464
BMT165676135,-44.119614101,-19.918628784
BMT165676148,-44.125932033,-19.921605676
BMT165676165,-44.152707347,-19.924355741
BMT165676171,-44.161047106,-19.922777849
BMT165676176,-44.159107347,-19.919208493
BMT165676199,-44.149989933,-19.905430407
BMT165676204,-44.162385791,-19.926199776
BMT167225333,-44.107279025,-19.925597226
BMT167328538,-44.124686874,-19.916964105
BMT167328538,-44.124466444,-19.917089523
BMT167383975,-44.156959812,-19.920607942
BMT167383977,-44.153570824,-19.912911231
BMT167383980,-44.149923673,-19.912469144
BMT167645466,-44.124935964,-19.916838827
BMT167838972,-44.111372760,-19.921379889
BMT167838980,-44.109533440,-19.925671785
BMT169943846,-44.120230214,-19.905692347
BMT169943848,-44.121795670,-19.904191076
BMT169943850,-44.121795670,-19.904191076
BMT170503233,-44.121585361,-19.918060233
BMT170533177,-44.132105320,-19.917867921
BMT170533180,-44.133280079,-19.916183924
BMT171047807,-44.108586823,-19.925802579
BMT171431962,-44.129308403,-19.915685615
BMT171431964,-44.129631185,-19.914313728
BMT171433175,-44.126000863,-19.914295924
BMT171433175,-44.125878158,-19.914024242
BMT175349693,-44.133716420,-19.925529243
BMT177105183,-44.128245192,-19.905722767
BMT177105184,-44.125663340,-19.900957175
BMT177940844,-44.122007220,-19.917791238
BMT178358704,-44.109885172,-19.925989804
BMT179259554,-44.122790422,-19.917831247
BMT179260644,-44.123096389,-19.917787576
BMT179335370,-44.163679991,-19.923558316
BMT179335370,-44.163307190,-19.923592706
BMT180102320,-44.129129873,-19.922118347
BMT2328411B,-44.109652711,-19.921434535
BMT2328418B,-44.109337737,-19.921378741
BMT238694B,-44.128667620,-19.922784743
BMT238750B,-44.127990534,-19.920811584
BMT240332B,-44.125964727,-19.917395081
BMT241732B,-44.127100735,-19.921042153
BMT241760B,-44.126792232,-19.921546651
BMT245757B,-44.123026910,-19.919992006
BMT245764B,-44.122817524,-19.919846398
BMT245806B,-44.121813303,-19.918305329
BMT246107B,-44.123400884,-19.923210649
BMT246128B,-44.122051276,-19.923655786
BMT246156B,-44.120939762,-19.924237629
BMT246170B,-44.120747731,-19.924408363
BMT246338B,-44.122532523,-19.917820938
BMT2466577B,-44.154292593,-19.928095159
BMT2466808B,-44.128699499,-19.915221798
BMT2466836B,-44.130155194,-19.914578335
BMT2466885B,-44.131348337,-19.920023821
BMT2466892B,-44.131348337,-19.920023821
BMT2466920B,-44.132446058,-19.916703943
BMT2466990B,-44.158461549,-19.920280724
BMT2467018B,-44.154121506,-19.915353575
BMT246744B,-44.121375100,-19.919803132
BMT246996B,-44.122683986,-19.918074693
BMT247759B,-44.123043164,-19.922242038
BMT247794B,-44.121632625,-19.921611594
BMT248123D,-44.121696190,-19.917021646
BMT248144B,-44.121289876,-19.916206403
BMT248655B,-44.120624935,-19.917242250
BMT250209B,-44.125016214,-19.924827006
BMT250209B,-44.124928785,-19.925088618
BMT250489B,-44.125627533,-19.914429628
BMT250531B,-44.125131708,-19.915990410
BMT250552B,-44.124980193,-19.915745694
BMT250580B,-44.123939393,-19.922580787
BMT250916B,-44.124672761,-19.923000053
BMT251784B,-44.114803551,-19.922942149
BMT252568B,-44.116919544,-19.922130402
BMT252575B,-44.116919544,-19.922130402
BMT252932B,-44.115684813,-19.919097226
BMT2533896B,-44.129572343,-19.909352692
BMT2533938B,-44.129464526,-19.908105199
BMT2533980B,-44.128958895,-19.906232277
BMT2534120B,-44.126060633,-19.901672969
BMT2534120B,-44.125862011,-19.901310554
BMT2534134B,-44.125663340,-19.900957175
BMT2534176B,-44.124828284,-19.901675947
BMT2534197B,-44.124213977,-19.902206047
BMT2534204B,-44.123599716,-19.902727109
BMT2534288B,-44.122876985,-19.903862079
BMT2534295B,-44.123075603,-19.904224497
BMT2534323B,-44.123851030,-19.905665036
BMT2534344B,-44.124437348,-19.906752239
BMT2534589B,-44.125197432,-19.904036152
BMT253639B,-44.121125119,-19.921816913
BMT253723B,-44.120374042,-19.917692806
BMT253744B,-44.119497006,-19.917345100
BMT253758B,-44.119191089,-19.917379728
BMT253772B,-44.118578004,-19.917674876
BMT254626B,-44.118030305,-19.921684119
BMT256166B,-44.120374042,-19.917692806
BMT256166B,-44.120058271,-19.917781603
BMT256187B,-44.119138917,-19.918174633
BMT256516B,-44.117346236,-19.920993993
BMT257216B,-44.116681064,-19.923782794
BMT257216B,-44.116574614,-19.924026235
BMT2572333B,-44.128393679,-19.920470195
BMT2572396B,-44.127655367,-19.919210575
BMT2572452B,-44.127067844,-19.918331203
BMT2572634B,-44.129761621,-19.921904578
BMT135877009,-44.117561217,-19.913242220
BMT150342819,-44.119857223,-19.910949429
BMT165675821,-44.154338442,-19.928456817
BMT165675828,-44.154241456,-19.928727435
BMT165675830,-44.146996207,-19.925692862
BMT165675846,-44.133733067,-19.925981123
BMT165675855,-44.128605248,-19.921962165
BMT165675923,-44.128492234,-19.921663425
BMT165675928,-44.126977645,-19.919098817
BMT165675930,-44.126826174,-19.918845067
BMT165675935,-44.127201001,-19.918440289
BMT165675935,-44.127115712,-19.918313367
BMT165675938,-44.125614471,-19.916806021
BMT165675951,-44.123575417,-19.917545967
BMT165675975,-44.120708121,-19.917748674
BMT165675976,-44.120859231,-19.918065680
BMT165675977,-44.120708121,-19.917748674
BMT165675996,-44.116481735,-19.923546869
BMT165676009,-44.113043599,-19.919870196
BMT165676029,-44.109533440,-19.925671785
BMT165676046,-44.107880832,-19.925618319
BMT165676083,-44.108509326,-19.925991945
BMT165676086,-44.109743133,-19.924055405
BMT165676087,-44.109243199,-19.922905339
BMT165676091,-44.120949474,-19.919023937
BMT165676101,-44.119970796,-19.921503980
BMT165676104,-44.119320681,-19.921582085
BMT165676108,-44.123384416,-19.922731662
BMT165676109,-44.123640232,-19.923121469
BMT165676111,-44.121763856,-19.923798941
BMT165676115,-44.120925712,-19.925050795
BMT165676118,-44.120747731,-19.924408363
BMT165676125,-44.124151522,-19.922229430
BMT165676127,-44.125125685,-19.924032381
BMT165676144,-44.126964649,-19.921466175
BMT165676145,-44.126794366,-19.921158116
BMT165676159,-44.134700191,-19.923835273
BMT165676161,-44.132261093,-19.924338434
BMT165676164,-44.152734902,-19.924563700
BMT165676171,-44.161064402,-19.923121299
BMT165676192,-44.149026565,-19.906934816
BMT166748800,-44.114041424,-19.925974425
BMT166748801,-44.114070087,-19.925974568
BMT167383976,-44.154121506,-19.915353575
BMT167645465,-44.125194658,-19.916704561
BMT167656746,-44.136580562,-19.925931725
BMT167838979,-44.109533440,-19.925671785
BMT169943852,-44.122054743,-19.903984527
BMT170503235,-44.123274412,-19.920155874
BMT170503236,-44.124053993,-19.920855485
BMT170503238,-44.124158290,-19.921000574
BMT170503239,-44.124841842,-19.921790068
BMT170533174,-44.129825174,-19.920766357
BMT170533179,-44.132543072,-19.916433337
BMT171047465,-44.107766183,-19.925617743
BMT171047806,-44.108655526,-19.925477631
BMT171431961,-44.128727813,-19.915285189
BMT171431963,-44.129877401,-19.914712516
BMT175349692,-44.133715485,-19.925700922
BMT175349693,-44.133718045,-19.925231065
BMT175349696,-44.135476353,-19.925176373
BMT177097405,-44.134934274,-19.924712901
BMT177097406,-44.134756040,-19.924106624
BMT177105182,-44.128377986,-19.902407214
BMT177105184,-44.125385022,-19.901190742
BMT177105189,-44.122328600,-19.902829275
BMT177105193,-44.129763456,-19.909344591
BMT177825499,-44.128587375,-19.923480119
BMT177941860,-44.121405389,-19.917779229
BMT177941862,-44.121431683,-19.916478182
BMT177942174,-44.122235162,-19.918036334
BMT177942176,-44.121431683,-19.916478182
BMT178358704,-44.109893917,-19.926134422
BMT178856286,-44.129462968,-19.920610973
BMT179260032,-44.122013704,-19.916616596
BMT179260644,-44.122885959,-19.917831718
BMT179335369,-44.164367793,-19.923579622
BMT179839471,-44.130999769,-19.903377852
BMT179839539,-44.130245195,-19.903356093
BMT180104642,-44.128499308,-19.923859197
BMT2328397B,-44.110132467,-19.926189832
BMT2328418B,-44.109652711,-19.921434535
BMT238743B,-44.128170423,-19.921110653
BMT240262B,-44.127318358,-19.919687827
BMT241746B,-44.126794366,-19.921158116
BMT241760B,-44.126964649,-19.921466175
BMT245750B,-44.123274412,-19.920155874
BMT245883B,-44.121461472,-19.923192039
BMT245890B,-44.120819606,-19.923505124
BMT246107B,-44.123046888,-19.923299262
BMT246114B,-44.122721503,-19.923397052
BMT246345B,-44.122618954,-19.917740041
BMT246359B,-44.122410668,-19.917395647
BMT246359D,-44.122552428,-19.917676461
BMT246387D,-44.122164966,-19.916906493
BMT2466528B,-44.162790839,-19.923671599
BMT2466990B,-44.158200389,-19.920884901
BMT2467018B,-44.153457706,-19.914419707
BMT246702B,-44.122266075,-19.921090638
BMT246765B,-44.120888406,-19.919701331
BMT247787B,-44.121891079,-19.921522511
BMT247801B,-44.121364516,-19.921718701
BMT247920B,-44.121539121,-19.924701425
BMT248130D,-44.121696190,-19.917021646
BMT248487B,-44.125932033,-19.921605676
BMT248641B,-44.120985177,-19.917750044
BMT248669B,-44.120483079,-19.916979506
BMT248676B,-44.120483079,-19.916979506
BMT249285B,-44.119750307,-19.923364293
BMT249355B,-44.124073651,-19.917286380
BMT249775B,-44.123550527,-19.920328918
BMT249782B,-44.123550527,-19.920328918
BMT250195B,-44.125016214,-19.924827006
BMT250517B,-44.125472458,-19.916570388
BMT250923B,-44.124511736,-19.922746253
BMT250930B,-44.124151522,-19.922229430
BMT251763B,-44.115421140,-19.923559666
BMT251784B,-44.114738333,-19.922643638
BMT252022B,-44.114029399,-19.919558853
BMT252568B,-44.117003974,-19.922410936
BMT252925B,-44.116326319,-19.918847409
BMT252946B,-44.115340325,-19.919194907
BMT253100B,-44.116106456,-19.922307080
BMT2533945B,-44.129410667,-19.907472418
BMT2533966B,-44.129210536,-19.905637135
BMT2534001B,-44.128434371,-19.906067061
BMT2534008B,-44.128594991,-19.906393143
BMT2534022B,-44.128056014,-19.905378473
BMT2534043B,-44.127507540,-19.904354718
BMT2534071B,-44.127138694,-19.903675211
BMT2534071B,-44.126968477,-19.903358117
BMT2534099B,-44.126647003,-19.902751129
BMT2534141B,-44.125932253,-19.900696453
BMT2534169B,-44.125097100,-19.901433298
BMT2534204B,-44.123906847,-19.902466578
BMT2534211B,-44.123599716,-19.902727109
BMT2534225B,-44.124592261,-19.902903679
BMT2534225B,-44.124403094,-19.902559381
BMT2534253B,-44.122498707,-19.903164445
BMT2534330B,-44.123851030,-19.905665036
BMT2534351B,-44.124626470,-19.907105573
BMT2534358B,-44.124626470,-19.907105573
BMT253751B,-44.119497006,-19.917345100
BMT254248B,-44.120949474,-19.919023937
BMT254493B,-44.120342541,-19.919933566
BMT253709B,-44.120641794,-19.917648951
BMT253758B,-44.118884572,-19.917522785
BMT255459B,-44.120245946,-19.918396977
BMT256523B,-44.117440069,-19.921301681
BMT256985B,-44.118246286,-19.922362886
BMT257013B,-44.117442903,-19.922512510
BMT257202B,-44.116960740,-19.923314315
BMT2572340B,-44.128393679,-19.920470195
BMT2572382B,-44.128100234,-19.919971778
BMT2572410B,-44.127503895,-19.918956825
BMT2572515B,-44.127115712,-19.918313367
BMT2572634B,-44.130049178,-19.921734302
BMT2572669B,-44.129851067,-19.921272498
BMT2572753B,-44.129825174,-19.920766357
BMT2573124B,-44.129321045,-19.920357271
BMT2573194B,-44.128639456,-19.919206365
BMT2573362B,-44.127558961,-19.915884868
BMT2573376B,-44.127817651,-19.915750598
BMT2573425B,-44.126625440,-19.915383308
BMT2573432B,-44.126625440,-19.915383308
BMT2573712B,-44.131921038,-19.918373036
BMT2573726B,-44.132202435,-19.917579244
BMT2574188B,-44.130156775,-19.914289192
BMT2582098B,-44.128959561,-19.911346642
BMT2582105B,-44.129305210,-19.911032075
BMT2582161B,-44.129763835,-19.907528361
BMT2582210B,-44.130136953,-19.903933867
BMT259141B,-44.107880832,-19.925618319
BMT259442B,-44.113378585,-19.919763435
BMT259456B,-44.113043599,-19.919870196
BMT259477B,-44.111836190,-19.920514755
BMT259498B,-44.111174957,-19.920872888
BMT261654B,-44.111524208,-19.921633652
BMT261661B,-44.111495849,-19.921579295
BMT262473B,-44.111756443,-19.922818519
BMT2631567B,-44.127312145,-19.899917095
BMT2631574B,-44.127559424,-19.900117099
BMT2631595B,-44.128091996,-19.900553437
BMT2631609B,-44.128726606,-19.906782334
BMT2926120B,-44.108919646,-19.920970030
BMT2926190B,-44.108740959,-19.920463122
BMT2927464B,-44.109719573,-19.924850449
BMT2927604B,-44.110521507,-19.923255105
BMT2927618B,-44.110226042,-19.923127123
BMT2927618B,-44.109892108,-19.923044128
BMT2927625B,-44.109567679,-19.922970216
BMT2927926B,-44.112555013,-19.925244136
BMT2927968B,-44.113490206,-19.925447593
BMT2928787B,-44.112876222,-19.925896326
BMT2930971B,-44.118050348,-19.918069842
BMT2930971B,-44.117993527,-19.917979200
BMT2932287B,-44.116712939,-19.923204652
BMT3027634B,-44.121510529,-19.917770712
BMT3044280B,-44.110142688,-19.920949048
BMT3044301B,-44.110255261,-19.921320084
BMT305936D,-44.172021360,-19.921645578
BMT305957D,-44.172021360,-19.921645578
BMT3082598B,-44.134277705,-19.925974740
BMT3082640B,-44.136207899,-19.925938951
BMT3084726B,-44.134500932,-19.923581296
BMT3084740B,-44.133746310,-19.923550512
BMT3084768B,-44.132633949,-19.924295074
BMT3084810B,-44.131233572,-19.925291227
BMT3084852B,-44.134436131,-19.924954448
BMT3084859B,-44.134436131,-19.924954448
BMT3084873B,-44.134591604,-19.924476298
BMT3085139B,-44.129939845,-19.924254800
BMT3085146B,-44.129939845,-19.924254800
BMT3085153B,-44.130367159,-19.924735797
BMT3085160B,-44.130585520,-19.924989872
BMT3136400B,-44.132365449,-19.924474483
BMT3224236B,-44.149642549,-19.906079340
BMT3224264B,-44.148925346,-19.906211450
BMT3224278B,-44.148535122,-19.905938503
BMT3224292B,-44.147480465,-19.906647297
BMT3224306B,-44.147032342,-19.906482500
BMT3224313B,-44.147032342,-19.906482500
BMT3224320B,-44.146382589,-19.906506492
BMT3224327B,-44.145331753,-19.906501446
BMT3224432B,-44.147786765,-19.908320426
BMT3263429B,-44.126892078,-19.899869855
BMT3263436B,-44.127111243,-19.899970326
BMT3263443B,-44.127574964,-19.900767766
BMT3263450B,-44.127773441,-19.901157286
BMT3263457B,-44.127773441,-19.901157286
BMT3360015B,-44.162473636,-19.925847785
BMT3360022B,-44.162473636,-19.925847785
BMT337625D,-44.168065857,-19.923479499
BMT337667D,-44.167109876,-19.923583455
BMT337772B,-44.164997796,-19.923691015
BMT340782B,-44.160419707,-19.918555066
BMT340796B,-44.160419707,-19.918555066
BMT3480919B,-44.141644535,-19.925911071
BMT3482193B,-44.144127269,-19.926176051
BMT3482207B,-44.144605516,-19.926078957
BMT3484419B,-44.154292593,-19.928095159
BMT3484454B,-44.155968926,-19.927289887
BMT3484587B,-44.158075904,-19.926351099
BMT3508989B,-44.118337144,-19.912866558
BMT3519657C,-44.173194262,-19.918407097
BMT3519727C,-44.173284634,-19.919401482
BMT3520042C,-44.172970874,-19.920945186
BMT3601417B,-44.110308794,-19.920290256
BMT3715020B,-44.128175252,-19.908026597
BMT3728754B,-44.161047106,-19.922777849
BMT3728768B,-44.161805021,-19.922185046
BMT3728803B,-44.161567123,-19.922003204
BMT3728845B,-44.160927623,-19.921882719
BMT3728873B,-44.160633356,-19.921519889
BMT3728950B,-44.161079275,-19.920302131
BMT3853774B,-44.147900318,-19.903170444
BMT4135069B,-44.133716420,-19.925529243
BMT6968208B,-44.137209962,-19.926151645
BMT7897661B,-44.120280614,-19.910400331
BMT7897696B,-44.120621519,-19.909218306
BMT7897983B,-44.121189396,-19.908453056
BMT7897983B,-44.120989929,-19.908244243
BMT7898025B,-44.121089003,-19.907603180
BMT7898312B,-44.119603475,-19.906737418
BMT7898319B,-44.119653139,-19.906394297
BMT8926232B,-44.118056979,-19.920319824
BMT8926236B,-44.117916829,-19.919749865
BMT8929776B,-44.128615117,-19.900971655
BMT8929777B,-44.128852599,-19.901216789
BMT9088078B,-44.128567672,-19.923588454
BMT9239992B,-44.148560165,-19.910185547
BMT9586889B,-44.122618954,-19.917740041
BMT2572753B,-44.130093424,-19.920632131
BMT2573131B,-44.129150659,-19.920067286
BMT2573166B,-44.129108927,-19.918964694
BMT2573180B,-44.129377174,-19.918830468
BMT2573222B,-44.127797247,-19.917729373
BMT2573376B,-44.128085894,-19.915616373
BMT2573418B,-44.126862046,-19.915791088
BMT2573425B,-44.126748544,-19.915582703
BMT2573691B,-44.131649488,-19.919112659
BMT2573733B,-44.132357709,-19.917137239
BMT257468B,-44.115774186,-19.923642746
BMT2575686B,-44.130560990,-19.922486790
BMT2582077B,-44.127903695,-19.912254100
BMT2582077B,-44.127558139,-19.912550593
BMT2582126B,-44.129770538,-19.909796424
BMT259127B,-44.108377747,-19.925602740
BMT259414B,-44.115014995,-19.919283648
BMT259421B,-44.114354730,-19.919470115
BMT259442B,-44.113713571,-19.919656674
BMT261689B,-44.111384737,-19.920946224
BMT262466B,-44.111824986,-19.922520676
BMT2631595B,-44.128348829,-19.900753487
BMT2631602B,-44.128348829,-19.900753487
BMT285944C,-44.175197242,-19.919057959
BMT2926183B,-44.108797016,-19.920689302
BMT2926190B,-44.108797016,-19.920689302
BMT2926897B,-44.109850143,-19.925420365
BMT2927352B,-44.110336239,-19.925630625
BMT2927471B,-44.109625449,-19.924596971
BMT2927492B,-44.109493109,-19.924343303
BMT2928773B,-44.111882441,-19.925918471
BMT2928794B,-44.112876222,-19.925896326
BMT2928815B,-44.113497342,-19.925881353
BMT2928969B,-44.113573775,-19.925881734
BMT2957872D,-44.122410668,-19.917395647
BMT303521B,-44.160083462,-19.918905883
BMT303556B,-44.158542044,-19.919513044
BMT3082451B,-44.138156026,-19.926120091
BMT3082598B,-44.133885934,-19.925981868
BMT3082689B,-44.128626482,-19.923317663
BMT3084852B,-44.134044363,-19.924961576
BMT3084866B,-44.135191055,-19.924931014
BMT3084978B,-44.133718045,-19.925231065
BMT3085132B,-44.129730941,-19.924018842
BMT3085139B,-44.129730941,-19.924018842
BMT3085265B,-44.129392931,-19.922932872
BMT3085272B,-44.129534955,-19.923168503
BMT3085286B,-44.129856726,-19.923730307
BMT3085293B,-44.129464219,-19.923872961
BMT3085300B,-44.129149875,-19.923699738
BMT3085300B,-44.128892658,-19.923562939
BMT3085468B,-44.131451145,-19.925689873
BMT3103640B,-44.122835450,-19.918328446
BMT3200254B,-44.147268618,-19.908742635
BMT3200296B,-44.150334806,-19.905251334
BMT3205931B,-44.126485232,-19.899154016
BMT3224313B,-44.146382589,-19.906506492
BMT3224320B,-44.145857171,-19.906503970
BMT3224334B,-44.145331753,-19.906501446
BMT3224334B,-44.144806335,-19.906498921
BMT3224418B,-44.147991348,-19.907580453
BMT3224432B,-44.147069841,-19.908398314
BMT3237445B,-44.117982618,-19.913054555
BMT3256898B,-44.110832797,-19.923970500
BMT3263443B,-44.127357482,-19.900360081
BMT3263471B,-44.128377986,-19.902407214
BMT3352791B,-44.161232134,-19.923926296
BMT337604D,-44.169088479,-19.923421029
BMT337611D,-44.169088479,-19.923421029
BMT337660D,-44.167435095,-19.923512690
BMT337660D,-44.167109876,-19.923583455
BMT340782B,-44.160599846,-19.918817961
BMT340796B,-44.160325981,-19.918211254
BMT3480919B,-44.138156026,-19.926120091
BMT3482732B,-44.152734902,-19.924563700
BMT3484335B,-44.153680939,-19.926330227
BMT3484370B,-44.153869138,-19.926873283
BMT3484419B,-44.154532173,-19.927960758
BMT3484426B,-44.154915548,-19.927736682
BMT3484552B,-44.157357417,-19.926709134
BMT3485105B,-44.158200389,-19.920884901
BMT3509003B,-44.118950461,-19.912526232
BMT3509122B,-44.118777105,-19.911052513
BMT3519629C,-44.174615252,-19.918901646
BMT3519643C,-44.173832867,-19.918699219
BMT3519685C,-44.173284634,-19.919401482
BMT3519727C,-44.173282896,-19.919735808
BMT3728761B,-44.161565217,-19.922364636
BMT3728768B,-44.161565217,-19.922364636
BMT3728796B,-44.161700974,-19.921985763
BMT3728852B,-44.161043701,-19.921612186
BMT3728859B,-44.161043701,-19.921612186
BMT3853732B,-44.147389242,-19.905842655
BMT3853739B,-44.147056533,-19.905533835
BMT7896849B,-44.122361779,-19.903742071
BMT7896905B,-44.121507837,-19.904415554
BMT7896912B,-44.120894408,-19.904782998
BMT7896968B,-44.120833497,-19.905433287
BMT7897038B,-44.120961648,-19.906445948
BMT7897094B,-44.121198976,-19.906718199
BMT7897682B,-44.120601014,-19.909471212
BMT7897689B,-44.120601014,-19.909471212
BMT7897696B,-44.120879603,-19.909192474
BMT7897724B,-44.121540617,-19.908861409
BMT7898004B,-44.120992474,-19.907783422
BMT7898004B,-44.120799865,-19.908062585
BMT7898277B,-44.118950319,-19.907375737
BMT7898354B,-44.120527653,-19.905458883
BMT8920454B,-44.117663940,-19.918835980
BMT8926238B,-44.117738716,-19.919134537
BMT8929790B,-44.129705228,-19.902522143
BMT9088084B,-44.128442975,-19.923678202
BMT9194888B,-44.113306209,-19.925889435
BMT9239992B,-44.148318722,-19.910672336
BMT9356994B,-44.125810191,-19.914222699
BMT9586925B,-44.121872046,-19.916317710
BMT9586925D,-44.121872046,-19.916317710
BMT9586928B,-44.121586636,-19.916099437
BMT256593B,-44.117059842,-19.922673255
BMT256985B,-44.117969673,-19.922280190
BMT257006B,-44.117969673,-19.922280190
BMT257006B,-44.117645291,-19.922197257
BMT2572382B,-44.127948810,-19.919708992
BMT2572410B,-44.127655367,-19.919210575
BMT2572417B,-44.127503895,-19.918956825
BMT2572417B,-44.127352522,-19.918685003
BMT2572445B,-44.127115712,-19.918313367
BMT2572452B,-44.126809050,-19.918483544
BMT2572662B,-44.129993091,-19.921508128
BMT2572683B,-44.130144619,-19.921752841
BMT2572781B,-44.130639526,-19.920354687
BMT2572781B,-44.130352120,-19.920497857
BMT2572788B,-44.130639526,-19.920354687
BMT2573145B,-44.128923545,-19.919668591
BMT2573180B,-44.129645421,-19.918696242
BMT2573201B,-44.128355467,-19.918726067
BMT2573348B,-44.127290718,-19.916019091
BMT2573432B,-44.126483625,-19.915111532
BMT2573523B,-44.129398440,-19.914945107
BMT2573593B,-44.129308403,-19.915685615
BMT2573614B,-44.129278308,-19.915947511
BMT2573614B,-44.129257964,-19.916173310
BMT2573740B,-44.132543072,-19.916433337
BMT2573901B,-44.132848049,-19.916570364
BMT2573908B,-44.132627281,-19.916759043
BMT2582042B,-44.125878158,-19.914024242
BMT2582056B,-44.126857371,-19.913161599
BMT2582105B,-44.128959561,-19.911346642
BMT2582168B,-44.129768775,-19.906624788
BMT2582175B,-44.129780799,-19.906173048
BMT258742B,-44.109883300,-19.926324124
BMT259414B,-44.114670507,-19.919381328
BMT261640B,-44.111874068,-19.922285987
BMT261654B,-44.111684958,-19.921932641
BMT261661B,-44.111591539,-19.921552665
BMT261675B,-44.111306943,-19.921189805
BMT2631623B,-44.128464963,-19.907458751
BMT2927331B,-44.110191612,-19.925864835
BMT2927366B,-44.110604613,-19.925478358
BMT2927471B,-44.109719573,-19.924850449
BMT2927604B,-44.110262033,-19.923524884
BMT2927926B,-44.112870349,-19.925236674
BMT2928787B,-44.112551331,-19.925903740
BMT2928969B,-44.113936933,-19.925865473
BMT2930887B,-44.117425950,-19.918681188
BMT2930992B,-44.117827957,-19.918547643
BMT2930999B,-44.117750275,-19.918773157
BMT303507B,-44.160818297,-19.919062965
BMT303535B,-44.159433037,-19.919047385
BMT303556B,-44.158521885,-19.919711741
BMT305936D,-44.172241949,-19.921483957
BMT306006D,-44.171129680,-19.922246838
BMT3082437B,-44.137001045,-19.925915696
BMT3082570B,-44.132739283,-19.926003385
BMT3082577B,-44.133503717,-19.925989041
BMT3082640B,-44.136580562,-19.925931725
BMT3082787B,-44.136096195,-19.925396250
BMT3084740B,-44.133976050,-19.923470308
BMT3084873B,-44.134792240,-19.924477275
BMT3085174B,-44.130813585,-19.925216886
BMT3085293B,-44.129149875,-19.923699738
BMT3136400B,-44.132261093,-19.924338434
BMT3205938B,-44.126485232,-19.899154016
BMT3224439B,-44.147069841,-19.908398314
BMT3224439B,-44.146543254,-19.908612652
BMT3263464B,-44.128179704,-19.901981551
BMT337611D,-44.168667625,-19.923509422
BMT337625D,-44.168380954,-19.923517117
BMT337639D,-44.167750618,-19.923468987
BMT337653D,-44.167750618,-19.923468987
BMT337730B,-44.166048940,-19.923659805
BMT337772B,-44.165332238,-19.923683550
BMT3484370B,-44.153680939,-19.926330227
BMT3484545B,-44.157357417,-19.926709134
BMT3484601B,-44.159082927,-19.925632985
BMT3484601B,-44.158795104,-19.925857523
BMT3484615B,-44.159322977,-19.925408220
BMT3484622B,-44.159322977,-19.925408220
BMT3484636B,-44.160186199,-19.924779779
BMT3484846B,-44.162417894,-19.923733094
BMT3508996B,-44.118643853,-19.912687360
BMT3509010B,-44.119296733,-19.912103257
BMT3509017B,-44.119296733,-19.912103257
BMT3509031B,-44.119147081,-19.911524215
BMT3509115B,-44.119147081,-19.911524215
BMT3509122B,-44.118966819,-19.911297423
BMT3519629C,-44.174224060,-19.918800433
BMT3519664C,-44.173268908,-19.918750814
BMT3519923C,-44.173096486,-19.920674689
BMT3520042C,-44.172740497,-19.921151944
BMT3520259D,-44.172241949,-19.921483957
BMT3728754B,-44.161296655,-19.922562162
BMT3728761B,-44.161296655,-19.922562162
BMT3728782B,-44.161777121,-19.922040338
BMT3728789B,-44.161777121,-19.922040338
BMT3728817B,-44.160887547,-19.922234934
BMT3728901B,-44.160588353,-19.920995587
BMT3728943B,-44.161125615,-19.920573430
BMT3728957B,-44.161004464,-19.919994553
BMT3728964B,-44.160920148,-19.919677895
BMT3728971B,-44.163679991,-19.923558316
BMT3853718B,-44.148535122,-19.905938503
BMT3969218B,-44.118075072,-19.910163510
BMT6418610C,-44.175159963,-19.918877065
BMT7166469B,-44.109647786,-19.925726573
BMT7896905B,-44.121191595,-19.904594711
BMT7897129B,-44.121597310,-19.907244252
BMT7897339B,-44.119886083,-19.910913428
BMT7897675B,-44.120561153,-19.909769201
BMT7897682B,-44.120561153,-19.909769201
BMT7897976B,-44.121388715,-19.908688976
BMT7898347B,-44.120502939,-19.904744920
BMT7898347B,-44.120360195,-19.904644818
BMT7898382B,-44.119653139,-19.906394297
BMT8890908B,-44.128479755,-19.923940425
BMT8926232B,-44.117982202,-19.920021267
BMT8929777B,-44.129061226,-19.901497926
BMT8929779B,-44.129061226,-19.901497926
BMT9088078B,-44.128442975,-19.923678202
BMT9193744B,-44.114070087,-19.925974568
BMT9346969B,-44.108478890,-19.926308049
BMT9586896B,-44.123001101,-19.917741927
BMT9586925B,-44.121787062,-19.916136571
BMT9586925D,-44.121787062,-19.916136571
BMT254514B,-44.120036069,-19.920067588
BMT255473B,-44.119614101,-19.918628784
BMT256327B,-44.119645664,-19.921556586
BMT256516B,-44.117440069,-19.921301681
BMT256558B,-44.117055685,-19.919980525
BMT256558B,-44.116961903,-19.919663801
BMT256572B,-44.116961903,-19.919663801
BMT256593B,-44.116857453,-19.922988508
BMT2572375B,-44.128251758,-19.920216492
BMT2572389B,-44.127816345,-19.919473408
BMT2572613B,-44.129761621,-19.921904578
BMT2573145B,-44.129027548,-19.919867892
BMT2573201B,-44.128497486,-19.918961698
BMT2573299B,-44.127504849,-19.917041206
BMT2573313B,-44.127391395,-19.916823786
BMT2573348B,-44.127070291,-19.916144513
BMT2573502B,-44.129091788,-19.915115288
BMT2573523B,-44.129618715,-19.914846789
BMT2573593B,-44.129328846,-19.915441744
BMT2573621B,-44.129562246,-19.916436843
BMT2573733B,-44.132289749,-19.917335699
BMT2574181B,-44.130423631,-19.914407964
BMT2574195B,-44.129880120,-19.914215551
BMT2575679B,-44.130428470,-19.922260243
BMT2582056B,-44.126502308,-19.913449007
BMT2582063B,-44.126857371,-19.913161599
BMT2582070B,-44.127202979,-19.912856073
BMT2582189B,-44.129919431,-19.905279164
BMT2582196B,-44.129988771,-19.904827704
BMT258742B,-44.109893917,-19.926134422
BMT259141B,-44.108377747,-19.925602740
BMT259470B,-44.112152424,-19.920344652
BMT259498B,-44.110849217,-19.921033906
BMT262522B,-44.110554719,-19.924149827
BMT2631616B,-44.128600536,-19.907125084
BMT285937C,-44.175331418,-19.918977257
BMT285944C,-44.174844264,-19.918956925
BMT286084D,-44.170822819,-19.922462271
BMT286112D,-44.169739151,-19.923234313
BMT2926624B,-44.111218231,-19.921677302
BMT2926631B,-44.110930706,-19.921838511
BMT2927597B,-44.110262033,-19.923524884
BMT2927597B,-44.110002609,-19.923785627
BMT2927625B,-44.109892108,-19.923044128
BMT2927632B,-44.109567679,-19.922970216
BMT2927891B,-44.111867017,-19.925258771
BMT2927891B,-44.111532573,-19.925266136
BMT2927905B,-44.111867017,-19.925258771
BMT2927919B,-44.112555013,-19.925244136
BMT2930999B,-44.117815898,-19.918999381
BMT2931601B,-44.117928670,-19.921060135
BMT2957872D,-44.122278363,-19.917132952
BMT305978D,-44.171705041,-19.921842897
BMT305992D,-44.171129680,-19.922246838
BMT3082577B,-44.133121500,-19.925996213
BMT3082584B,-44.133733067,-19.925981123
BMT3084726B,-44.134253068,-19.923480693
BMT3084747B,-44.133477812,-19.923729923
BMT3084999B,-44.133497118,-19.925446851
BMT3084999B,-44.133114902,-19.925454023
BMT3085160B,-44.130367159,-19.924735797
BMT3085265B,-44.129260610,-19.922670181
BMT3085286B,-44.129714701,-19.923494677
BMT3103640B,-44.122920686,-19.918464406
BMT3199988B,-44.149923673,-19.912469144
BMT3200240B,-44.148806054,-19.908867467
BMT3200240B,-44.148424410,-19.908775280
BMT3224278B,-44.148103107,-19.906334019
BMT3224285B,-44.147863555,-19.906468412
BMT3237445B,-44.118337144,-19.912866558
BMT3263464B,-44.127971771,-19.901573913
BMT3352791B,-44.160839269,-19.924141306
BMT3360015B,-44.162551974,-19.925486714
BMT3360022B,-44.162385791,-19.926199776
BMT337667D,-44.166775244,-19.923627067
BMT337674D,-44.166421599,-19.923652517
BMT337786B,-44.164634644,-19.923707381
BMT340803B,-44.160325981,-19.918211254
BMT340803B,-44.160260822,-19.917885650
BMT3482116B,-44.141644535,-19.925911071
BMT3482284B,-44.146326830,-19.925798080
BMT3484426B,-44.154532173,-19.927960758
BMT3484440B,-44.154915548,-19.927736682
BMT3484454B,-44.155490250,-19.927468333
BMT3484531B,-44.156495613,-19.927066487
BMT3484615B,-44.159082927,-19.925632985
BMT3508996B,-44.118950461,-19.912526232
BMT3509017B,-44.119307786,-19.911832233
BMT3519636C,-44.173832867,-19.918699219
BMT3519755C,-44.173262097,-19.920061009
BMT3519902C,-44.173096486,-19.920674689
BMT3520259D,-44.172539064,-19.921304619
BMT3601424B,-44.110308794,-19.920290256
BMT3601431B,-44.110617800,-19.919704467
BMT3715020B,-44.128087888,-19.908279177
BMT3728726B,-44.161578417,-19.923485165
BMT3728796B,-44.161567123,-19.922003204
BMT3728873B,-44.160957811,-19.921593709
BMT3728957B,-44.160920148,-19.919677895
BMT3853732B,-44.147943318,-19.905845309
BMT3853760B,-44.146744287,-19.904972106
BMT3853774B,-44.147040173,-19.903238610
BMT4016951C,-44.175226653,-19.918913519
BMT6479839B,-44.131233572,-19.925291227
BMT6479839B,-44.131061647,-19.925281351
BMT6968208B,-44.137305553,-19.926143073
BMT7896996B,-44.121250683,-19.906004613
BMT7896996B,-44.121051817,-19.905687372
BMT7897087B,-44.121198976,-19.906718199
BMT7897661B,-44.120567860,-19.910284284
BMT7897668B,-44.120740617,-19.910140562
BMT7897668B,-44.120567860,-19.910284284
BMT7897724B,-44.121214862,-19.909031483
BMT8920454B,-44.117738716,-19.919134537
BMT8920460B,-44.118056979,-19.920319824
BMT8929779B,-44.129288662,-19.901833370
BMT8929788B,-44.129487590,-19.902141567
BMT8929799B,-44.130245195,-19.903356093
BMT9356994B,-44.125961210,-19.914557772
BMT98889072,-44.117164865,-19.917523291
BMT2534330B,-44.124040100,-19.906027406
BMT253660B,-44.120847307,-19.921951078
BMT253695B,-44.120859231,-19.918065680
BMT253765B,-44.118884572,-19.917522785
BMT253919B,-44.120218248,-19.921676888
BMT253940B,-44.119645664,-19.921556586
BMT254248B,-44.120653408,-19.919004401
BMT254262B,-44.120337785,-19.919066091
BMT254528B,-44.119786920,-19.920201894
BMT256173B,-44.119732896,-19.917879388
BMT256530B,-44.117252603,-19.920650162
BMT256544B,-44.117524099,-19.921654499
BMT256565B,-44.117445712,-19.922006512
BMT256572B,-44.116858618,-19.919337994
BMT256579B,-44.116764937,-19.919003199
BMT256677B,-44.117745432,-19.917923754
BMT257027B,-44.117134217,-19.923044098
BMT2572333B,-44.128545154,-19.920723944
BMT2572424B,-44.127201001,-19.918440289
BMT2572445B,-44.127067844,-19.918331203
BMT2572662B,-44.129851067,-19.921272498
BMT2572683B,-44.130296048,-19.922015624
BMT2572774B,-44.130093424,-19.920632131
BMT2573152B,-44.128923545,-19.919668591
BMT2573173B,-44.129377174,-19.918830468
BMT2573194B,-44.128497486,-19.918961698
BMT2573313B,-44.127306553,-19.916615542
BMT2573446B,-44.126000863,-19.914295924
BMT2573502B,-44.128794836,-19.915258409
BMT2573530B,-44.129877401,-19.914712516
BMT2573705B,-44.131824120,-19.918625569
BMT2573719B,-44.132105320,-19.917867921
BMT2573726B,-44.132289749,-19.917335699
BMT2573887B,-44.133280079,-19.916183924
BMT2573908B,-44.132435321,-19.916920754
BMT2574188B,-44.129880120,-19.914215551
BMT2575679B,-44.130560990,-19.922486790
BMT2582063B,-44.127202979,-19.912856073
BMT2582084B,-44.127903695,-19.912254100
BMT2582126B,-44.129748961,-19.910248117
BMT2582140B,-44.129765927,-19.908892804
BMT2582147B,-44.129770868,-19.907989231
BMT2582161B,-44.129766305,-19.907076575
BMT2582182B,-44.129919431,-19.905279164
BMT259463B,-44.112430291,-19.920201465
BMT261640B,-44.111684958,-19.921932641
BMT261675B,-44.111372760,-19.921379889
BMT262466B,-44.111756443,-19.922818519
BMT262473B,-44.111678093,-19.923161493
BMT262487B,-44.111678093,-19.923161493
BMT2631574B,-44.127312145,-19.899917095
BMT2631609B,-44.128600536,-19.907125084
BMT285958C,-44.173499046,-19.918589235
BMT286084D,-44.170535207,-19.922650687
BMT286105D,-44.170026906,-19.923018792
BMT2926645B,-44.110375266,-19.922070667
BMT2926883B,-44.109901859,-19.924715823
BMT2926890B,-44.109901859,-19.924715823
BMT2927387B,-44.110891742,-19.925389435
BMT2927387B,-44.110604613,-19.925478358
BMT2927443B,-44.109754399,-19.925456030
BMT2927464B,-44.109737062,-19.925139686
BMT2927583B,-44.109743133,-19.924055405
BMT2927611B,-44.110521507,-19.923255105
BMT2927905B,-44.112239678,-19.925251597
BMT2927919B,-44.112239678,-19.925251597
BMT2927961B,-44.113214044,-19.925283568
BMT2927968B,-44.113214044,-19.925283568
BMT2928927B,-44.113490206,-19.925447593
BMT2930985B,-44.117827957,-19.918547643
BMT2932287B,-44.116857453,-19.922988508
BMT2932294B,-44.116712939,-19.923204652
BMT2957872B,-44.122278363,-19.917132952
BMT303535B,-44.159107347,-19.919208493
BMT303549B,-44.158542044,-19.919513044
BMT3044280B,-44.110211335,-19.920633134
BMT3044301B,-44.110142688,-19.920949048
BMT305957D,-44.171705041,-19.921842897
BMT305992D,-44.171417384,-19.922040350
BMT3082556B,-44.132347561,-19.926001473
BMT3082584B,-44.133503717,-19.925989041
BMT3082661B,-44.131544811,-19.926033697
BMT3082689B,-44.128673609,-19.923435362
BMT3082773B,-44.136468807,-19.925398060
BMT3082787B,-44.135742690,-19.925394531
BMT3082794B,-44.135476353,-19.925176373
BMT3084810B,-44.131318720,-19.925445254
BMT3084992B,-44.133497118,-19.925446851
BMT3085153B,-44.130158254,-19.924499840
BMT3085272B,-44.129392931,-19.922932872
BMT3085307B,-44.128673609,-19.923435362
BMT3200247B,-44.147850492,-19.908908072
BMT3205945B,-44.127026459,-19.899753046
BMT3205945B,-44.126655146,-19.899525325
BMT3224264B,-44.149314993,-19.906592827
BMT3224292B,-44.147863555,-19.906468412
BMT3224404B,-44.148440248,-19.907600675
BMT3224425B,-44.147807952,-19.907931979
BMT3256898B,-44.111024736,-19.923817849
BMT3263429B,-44.127111243,-19.899970326
BMT3263450B,-44.127574964,-19.900767766
BMT3268889B,-44.153610191,-19.912694554
BMT3268889B,-44.152511834,-19.912635108
BMT337618D,-44.168667625,-19.923509422
BMT337618D,-44.168380954,-19.923517117
BMT337639D,-44.168065857,-19.923479499
BMT337730B,-44.165695390,-19.923667182
BMT340810B,-44.160147704,-19.917595963
BMT340817B,-44.160260822,-19.917885650
BMT3482207B,-44.145227124,-19.925973515
BMT3482389B,-44.152255990,-19.924787317
BMT3482389B,-44.150821417,-19.925051549
BMT3484335B,-44.153445450,-19.925696586
BMT3484545B,-44.156830733,-19.926932537
BMT3484587B,-44.158795104,-19.925857523
BMT3484846B,-44.164830188,-19.922858913
BMT3508989B,-44.118643853,-19.912687360
BMT3509010B,-44.119180892,-19.912319546
BMT3519664C,-44.173241233,-19.918560929
BMT3592170,-44.126324673,-19.898818896
BMT3601417B,-44.110211335,-19.920633134
BMT3601424B,-44.110434610,-19.920001736
BMT3728775B,-44.161824558,-19.922103814
BMT3728803B,-44.161250982,-19.922164361
BMT3728901B,-44.160491430,-19.921257174
BMT3728943B,-44.161079275,-19.920302131
BMT3728950B,-44.161004464,-19.919994553
BMT3728964B,-44.160854939,-19.919361326
BMT3728971B,-44.164023892,-19.923568970
BMT3853739B,-44.147389242,-19.905842655
BMT3853767B,-44.146702674,-19.903824333
BMT3853795B,-44.146702674,-19.903824333
BMT3969218B,-44.117799933,-19.909818779
BMT6479804B,-44.131965344,-19.926008643
BMT6968215B,-44.137133480,-19.926160310
BMT7166469B,-44.109819355,-19.925799720
BMT7896912B,-44.121191595,-19.904594711
BMT7897129B,-44.121894202,-19.907110178
BMT7897675B,-44.120740617,-19.910140562
BMT7897731B,-44.121388715,-19.908688976
BMT7897976B,-44.121189396,-19.908453056
BMT7898025B,-44.121185232,-19.907477152
BMT7898340B,-44.120502939,-19.904744920
BMT7898361B,-44.120527653,-19.905458883
BMT8890908B,-44.128499308,-19.923859197
BMT254241B,-44.120922511,-19.918716581
BMT254255B,-44.120653408,-19.919004401
BMT254255B,-44.120337785,-19.919066091
BMT254528B,-44.120036069,-19.920067588
BMT254619B,-44.117879297,-19.921349040
BMT255473B,-44.119911166,-19.918467607
BMT256327B,-44.119320681,-19.921582085
BMT256355B,-44.118728040,-19.921633363
BMT256530B,-44.117346236,-19.920993993
BMT256537B,-44.117252603,-19.920650162
BMT256677B,-44.117487834,-19.917859224
BMT257209B,-44.116834932,-19.923602840
BMT2572396B,-44.127816345,-19.919473408
BMT2572613B,-44.129483716,-19.922056828
BMT2572774B,-44.130352120,-19.920497857
BMT2573124B,-44.129462968,-19.920610973
BMT2573166B,-44.128898150,-19.919072093
BMT2573187B,-44.129645421,-19.918696242
BMT2573215B,-44.128043017,-19.918209485
BMT2573215B,-44.127929611,-19.917983030
BMT2573299B,-44.127589643,-19.917258485
BMT2573411B,-44.126862046,-19.915791088
BMT2573530B,-44.129618715,-19.914846789
BMT2573586B,-44.129328846,-19.915441744
BMT2573621B,-44.129228018,-19.916408099
BMT2573691B,-44.131746457,-19.918851089
BMT2573698B,-44.131824120,-19.918625569
BMT2573712B,-44.131998750,-19.918138480
BMT2573719B,-44.132202435,-19.917579244
BMT2573887B,-44.133059263,-19.916381639
BMT2574181B,-44.130156775,-19.914289192
BMT2574412B,-44.129362946,-19.914447955
BMT257454B,-44.116410137,-19.924395891
BMT257468B,-44.115421140,-19.923559666
BMT2582084B,-44.128258902,-19.911939583
BMT2582091B,-44.128614058,-19.911634100
BMT2582098B,-44.128614058,-19.911634100
BMT2582154B,-44.129763835,-19.907528361
BMT2582189B,-44.129988771,-19.904827704
BMT2582210B,-44.130058061,-19.904385280
BMT259456B,-44.112756128,-19.920022372
BMT259463B,-44.112756128,-19.920022372
BMT261668B,-44.111495849,-19.921579295
BMT262487B,-44.111476248,-19.923377346
BMT262508B,-44.111024736,-19.923817849
BMT262515B,-44.110832797,-19.923970500
BMT262515B,-44.110554719,-19.924149827
BMT2631567B,-44.127026459,-19.899753046
BMT2631588B,-44.127835262,-19.900335315
BMT2631602B,-44.128615117,-19.900971655
BMT2631616B,-44.128464963,-19.907458751
BMT2631623B,-44.128329240,-19.907819525
BMT2926120B,-44.109081049,-19.921151557
BMT2926183B,-44.108919646,-19.920970030
BMT2926631B,-44.110662439,-19.921972708
BMT2926645B,-44.110040677,-19.922105136
BMT2926883B,-44.110037183,-19.924436387
BMT2927366B,-44.110336239,-19.925630625
BMT2927443B,-44.109737062,-19.925139686
BMT2927632B,-44.109243199,-19.922905339
BMT2927961B,-44.113193374,-19.925563579
BMT2928927B,-44.113824197,-19.925521545
BMT2928934B,-44.114148584,-19.925604486
BMT2928934B,-44.113824197,-19.925521545
BMT2930880B,-44.117168551,-19.918580514
BMT2930887B,-44.117663940,-19.918835980
BMT2930978B,-44.118050348,-19.918069842
BMT2930985B,-44.117944005,-19.918295213
BMT2931601B,-44.117879297,-19.921349040
BMT2932294B,-44.116635854,-19.923321736
BMT2932301B,-44.116635854,-19.923321736
BMT2932301B,-44.116568374,-19.923429832
BMT2957872B,-44.122410668,-19.917395647
BMT303549B,-44.158820062,-19.919333639
BMT306006D,-44.170822819,-19.922462271
BMT3082605B,-44.134659922,-19.925967566
BMT3082612B,-44.135042139,-19.925960390
BMT3082612B,-44.134659922,-19.925967566
BMT3084747B,-44.133746310,-19.923550512
BMT3084754B,-44.133477812,-19.923729923
BMT3084754B,-44.133190155,-19.923918276
BMT3084761B,-44.132912102,-19.924097639
BMT3084768B,-44.132912102,-19.924097639
BMT3084775B,-44.132365449,-19.924474483
BMT3084866B,-44.134818346,-19.924947272
BMT3085132B,-44.129464219,-19.923872961
BMT3085258B,-44.129260610,-19.922670181
BMT3085258B,-44.129243580,-19.922290587
BMT3200233B,-44.149187941,-19.908914474
BMT3200233B,-44.148806054,-19.908867467
BMT3200247B,-44.148424410,-19.908775280
BMT3200254B,-44.147850492,-19.908908072
BMT3205938B,-44.126655146,-19.899525325
BMT3224411B,-44.147991348,-19.907580453
BMT3224425B,-44.147786765,-19.908320426
BMT3263436B,-44.127357482,-19.900360081
BMT3263457B,-44.127971771,-19.901573913
BMT3351608B,-44.158521885,-19.919711741
BMT337604D,-44.169404143,-19.923350216
BMT337702B,-44.166421599,-19.923652517
BMT337758B,-44.165332238,-19.923683550
BMT3482284B,-44.145753091,-19.925885684
BMT3484461B,-44.155968926,-19.927289887
BMT3484531B,-44.156830733,-19.926932537
BMT3484566B,-44.157692775,-19.926530004
BMT3484622B,-44.159706818,-19.925093774
BMT3484629B,-44.160186199,-19.924779779
BMT3484636B,-44.160839269,-19.924141306
BMT3519615C,-44.174844264,-19.918956925
BMT3519657C,-44.173241233,-19.918560929
BMT3519923C,-44.172970874,-19.920945186
BMT3715013B,-44.128175252,-19.908026597
BMT3728789B,-44.161700974,-19.921985763
BMT3728817B,-44.161250982,-19.922164361
BMT3728838B,-44.160927623,-19.921882719
BMT3728915B,-44.160588353,-19.920995587
BMT3728922B,-44.161019520,-19.920762686
BMT3728929B,-44.161086779,-19.920690715
BMT3728936B,-44.160799207,-19.920870079
BMT3853760B,-44.146833412,-19.904385192
BMT3853795B,-44.146677067,-19.903254941
BMT3969197B,-44.118340759,-19.910490121
BMT6418610C,-44.175226653,-19.918913519
BMT7897136B,-44.122007542,-19.907345673
BMT7898137B,-44.121185232,-19.907477152
BMT7898263B,-44.119382706,-19.906926080
BMT7898319B,-44.119603475,-19.906737418
BMT7898340B,-44.120606723,-19.904980368
BMT8920455B,-44.117916829,-19.919749865
BMT8926228B,-44.117968088,-19.920843468
BMT8926236B,-44.117841903,-19.919478415
BMT8929788B,-44.129705228,-19.902522143
BMT8929790B,-44.129922868,-19.902902718
BMT9088084B,-44.128128187,-19.923586299
BMT9182111B,-44.121089003,-19.907603180
BMT9193744B,-44.114098800,-19.925965675
BMT9194888B,-44.113172451,-19.925888768
BMT9346969B,-44.108526560,-19.926326360
BMT9356999B,-44.126244688,-19.915128430
BMT9356999B,-44.126102973,-19.914838583
BMT9541837B,-44.122007220,-19.917791238
BMT250930B,-44.124350761,-19.922483418
BMT251763B,-44.115106361,-19.923467740
BMT252554B,-44.117003974,-19.922410936
BMT252575B,-44.116844568,-19.921867987
BMT252883B,-44.117132242,-19.918236968
BMT253079B,-44.116481735,-19.923546869
BMT253093B,-44.116200288,-19.922614768
BMT2533938B,-44.129518483,-19.908719910
BMT2533973B,-44.128958895,-19.906232277
BMT2534092B,-44.126647003,-19.902751129
BMT2534183B,-44.124828284,-19.901675947
BMT2534246B,-44.122668815,-19.903499614
BMT2534288B,-44.122668815,-19.903499614
BMT2534302B,-44.123264720,-19.904577832
BMT2534344B,-44.124229170,-19.906389776
BMT253436B,-44.115492793,-19.922701609
BMT2534582B,-44.125396056,-19.904398567
BMT2534603B,-44.125017865,-19.903682866
BMT2534603B,-44.124781329,-19.903266048
BMT2534610B,-44.124781329,-19.903266048
BMT253723B,-44.120526751,-19.917720670
BMT253737B,-44.119497006,-19.917345100
BMT253751B,-44.119191089,-19.917379728
BMT253772B,-44.118300146,-19.917818074
BMT253912B,-44.120484907,-19.921831818
BMT254493B,-44.120620301,-19.919808436
BMT254619B,-44.117801212,-19.921646839
BMT255459B,-44.120590179,-19.918344464
BMT255466B,-44.119911166,-19.918467607
BMT256355B,-44.118374345,-19.921667754
BMT257027B,-44.117317197,-19.922782964
BMT257223B,-44.116574614,-19.924026235
BMT2572438B,-44.127115712,-19.918313367
BMT2572669B,-44.129747013,-19.921082234
BMT2573131B,-44.129321045,-19.920357271
BMT2573152B,-44.128781475,-19.919441996
BMT2573173B,-44.129108927,-19.918964694
BMT2573208B,-44.128355467,-19.918726067
BMT2573222B,-44.127929611,-19.917983030
BMT2573369B,-44.127817651,-19.915750598
BMT2573369B,-44.127558961,-19.915884868
BMT2573390B,-44.128699499,-19.915221798
BMT2573411B,-44.126966144,-19.915972318
BMT2573446B,-44.126161833,-19.914558758
BMT2573698B,-44.131746457,-19.918851089
BMT2573705B,-44.131921038,-19.918373036
BMT2573901B,-44.132627281,-19.916759043
BMT2574195B,-44.129631185,-19.914313728
BMT2574412B,-44.129142622,-19.914555307
BMT2582042B,-44.126100071,-19.913627750
BMT2582049B,-44.126100071,-19.913627750
BMT2582119B,-44.129584233,-19.910672002
BMT2582133B,-44.129765927,-19.908892804
BMT2582140B,-44.129768397,-19.908441017
BMT2582154B,-44.129770868,-19.907989231
BMT2582175B,-44.129850140,-19.905721588
BMT2582182B,-44.129850140,-19.905721588
BMT259421B,-44.114670507,-19.919381328
BMT259470B,-44.112430291,-19.920201465
BMT259477B,-44.112152424,-19.920344652
BMT259505B,-44.110849217,-19.921033906
BMT259505B,-44.110571398,-19.921168055
BMT261668B,-44.111524208,-19.921633652
BMT262459B,-44.111874068,-19.922285987
BMT262508B,-44.111284007,-19.923584211
BMT262522B,-44.110314807,-19.924338381
BMT2631588B,-44.128091996,-19.900553437
BMT285958C,-44.173194262,-19.918407097
BMT286091D,-44.170535207,-19.922650687
BMT286105D,-44.169739151,-19.923234313
BMT286112D,-44.169404143,-19.923350216
BMT2926638B,-44.110662439,-19.921972708
BMT2926638B,-44.110375266,-19.922070667
BMT2926890B,-44.109861771,-19.925049951
BMT2926897B,-44.109861771,-19.925049951
BMT2927352B,-44.110191612,-19.925864835
BMT2927492B,-44.109625449,-19.924596971
BMT2928773B,-44.112188224,-19.925910963
BMT2928794B,-44.113172451,-19.925888768
BMT2928815B,-44.113306209,-19.925889435
BMT2930978B,-44.117944005,-19.918295213
BMT2930992B,-44.117750275,-19.918773157
BMT303507B,-44.160854939,-19.919361326
BMT303521B,-44.159691325,-19.918985354
BMT303528B,-44.159691325,-19.918985354
BMT3082437B,-44.137066551,-19.926169021
BMT3082556B,-44.131965344,-19.926008643
BMT3082661B,-44.131451145,-19.925689873
BMT3082682B,-44.136889190,-19.925400102
BMT3082773B,-44.136889190,-19.925400102
BMT3082794B,-44.135742690,-19.925394531
BMT3084859B,-44.134818346,-19.924947272
BMT3084978B,-44.133748135,-19.924969168
BMT3085146B,-44.130158254,-19.924499840
BMT3085174B,-44.131061647,-19.925281351
BMT3085307B,-44.128892658,-19.923562939
BMT3200296B,-44.149989933,-19.905430407
BMT3200317B,-44.149626291,-19.905546137
BMT3205931B,-44.126324673,-19.898818896
BMT3224236B,-44.149626291,-19.905546137
BMT3224285B,-44.148103107,-19.906334019
BMT3224411B,-44.148440248,-19.907600675
BMT3224418B,-44.147807952,-19.907931979
BMT3263471B,-44.128179704,-19.901981551
BMT3351608B,-44.158461549,-19.920280724
BMT337653D,-44.167435095,-19.923512690
BMT337758B,-44.165695390,-19.923667182
BMT337786B,-44.164997796,-19.923691015
BMT340810B,-44.160187731,-19.917252783
BMT340817B,-44.160147704,-19.917595963
BMT3482186B,-44.144127269,-19.926176051
BMT3482193B,-44.144605516,-19.926078957
BMT3484328B,-44.153210444,-19.924972586
BMT3484440B,-44.155490250,-19.927468333
BMT3484461B,-44.156495613,-19.927066487
BMT3484552B,-44.157692775,-19.926530004
BMT3484566B,-44.158075904,-19.926351099
BMT3484629B,-44.159706818,-19.925093774
BMT3485105B,-44.157646930,-19.920755775
BMT3509003B,-44.119180892,-19.912319546
BMT3509115B,-44.118966819,-19.911297423
BMT3509150B,-44.118558932,-19.910771317
BMT3509150B,-44.118340759,-19.910490121
BMT3519615C,-44.174615252,-19.918901646
BMT3519636C,-44.174224060,-19.918800433
BMT3519643C,-44.173499046,-19.918589235
BMT3519685C,-44.173286325,-19.919076193
BMT3519902C,-44.173231744,-19.920386165
BMT3601431B,-44.110434610,-19.920001736
BMT3715013B,-44.128329240,-19.907819525
BMT3728726B,-44.161311760,-19.923321258
BMT3728733B,-44.161064402,-19.923121299
BMT3728831B,-44.160812069,-19.922053858
BMT3728838B,-44.160812069,-19.922053858
BMT3728915B,-44.160799207,-19.920870079
BMT3728922B,-44.161086779,-19.920690715
BMT3728929B,-44.161125615,-19.920573430
BMT3728936B,-44.161019520,-19.920762686
BMT3853753B,-44.147056533,-19.905533835
BMT3853753B,-44.146744287,-19.904972106
BMT7896849B,-44.122668815,-19.903499614
BMT7897038B,-44.121125347,-19.906211821
BMT7897087B,-44.120961648,-19.906445948
BMT7897136B,-44.121894202,-19.907110178
BMT7897143B,-44.122158796,-19.907635570
BMT8920455B,-44.117982202,-19.920021267
BMT8929776B,-44.128852599,-19.901216789
BMT9088100B,-44.127803845,-19.923494348
BMT9541837D,-44.121950347,-19.917709633
BMT9586896B,-44.122943680,-19.917759715
BMT9586926B,-44.121787062,-19.916136571
BMT9586928B,-44.121787062,-19.916136571
BMT7897143B,-44.122007542,-19.907345673
BMT7897150B,-44.122300398,-19.907943492
BMT7897339B,-44.120117460,-19.910535063
BMT7898137B,-44.121338879,-19.907333335
BMT7898263B,-44.119142880,-19.907105612
BMT7898312B,-44.119382706,-19.906926080
BMT7898375B,-44.119923371,-19.905898657
BMT7899642B,-44.122300398,-19.907943492
BMT7899649B,-44.122786908,-19.908072395
BMT8920460B,-44.118007607,-19.920608730
BMT8926210B,-44.117968088,-19.920843468
BMT8926210B,-44.117928670,-19.921060135
BMT8926228B,-44.118007607,-19.920608730
BMT8926238B,-44.117841903,-19.919478415
BMT8929785B,-44.129487590,-19.902141567
BMT8929785B,-44.129288662,-19.901833370
BMT8929799B,-44.129922868,-19.902902718
BMT9182111B,-44.120992474,-19.907783422
BMT9541837B,-44.121950347,-19.917709633
BMT9586889B,-44.122819532,-19.917750067
BMT98889695,-44.107236800,-19.926310851
BMT256565B,-44.117262432,-19.922321860
BMT257013B,-44.117645291,-19.922197257
BMT257202B,-44.116834932,-19.923602840
BMT257209B,-44.116681064,-19.923782794
BMT257223B,-44.116410137,-19.924395891
BMT2572340B,-44.128251758,-19.920216492
BMT2572375B,-44.128100234,-19.919971778
BMT2572389B,-44.127948810,-19.919708992
BMT2572424B,-44.127352522,-19.918685003
BMT2572788B,-44.130898220,-19.920220412
BMT2573187B,-44.129913667,-19.918562015
BMT2573208B,-44.128213548,-19.918472364
BMT2573320B,-44.127306553,-19.916615542
BMT2573320B,-44.127212207,-19.916398216
BMT2573362B,-44.127290718,-19.916019091
BMT2573418B,-44.126748544,-19.915582703
BMT2573586B,-44.129358891,-19.915188884
BMT2573740B,-44.132446058,-19.916703943
BMT2573894B,-44.133059263,-19.916381639
BMT2573894B,-44.132848049,-19.916570364
BMT257454B,-44.116114363,-19.924322133
BMT2575686B,-44.130693511,-19.922713338
BMT2582049B,-44.126502308,-19.913449007
BMT2582070B,-44.127558139,-19.912550593
BMT2582091B,-44.128258902,-19.911939583
BMT2582119B,-44.129748961,-19.910248117
BMT2582133B,-44.129763456,-19.909344591
BMT2582147B,-44.129768397,-19.908441017
BMT2582168B,-44.129766305,-19.907076575
BMT2582196B,-44.130058061,-19.904385280
BMT2582217B,-44.130176844,-19.903626839
BMT2582217B,-44.130136953,-19.903933867
BMT259127B,-44.108655526,-19.925477631
BMT259435B,-44.114029399,-19.919558853
BMT259435B,-44.113713571,-19.919656674
BMT261689B,-44.111306943,-19.921189805
BMT262459B,-44.111824986,-19.922520676
BMT285937C,-44.175197242,-19.919057959
BMT286091D,-44.170237851,-19.922875200
BMT2926624B,-44.110930706,-19.921838511
BMT2927331B,-44.110132467,-19.926189832
BMT2927583B,-44.110002609,-19.923785627
BMT2927611B,-44.110226042,-19.923127123
BMT2927884B,-44.111532573,-19.925266136
BMT2927884B,-44.111188525,-19.925282488
BMT2930880B,-44.117425950,-19.918681188
BMT303528B,-44.159433037,-19.919047385
BMT305978D,-44.171417384,-19.922040350
BMT3082563B,-44.132739283,-19.926003385
BMT3082563B,-44.132347561,-19.926001473
BMT3082570B,-44.133121500,-19.925996213
BMT3082605B,-44.134277705,-19.925974740
BMT3082633B,-44.136207899,-19.925938951
BMT3082633B,-44.135816128,-19.925946083
BMT3084733B,-44.134253068,-19.923480693
BMT3084733B,-44.133976050,-19.923470308
BMT3084761B,-44.133190155,-19.923918276
BMT3084775B,-44.132633949,-19.924295074
BMT3084992B,-44.133716420,-19.925529243
BMT3085279B,-44.129714701,-19.923494677
BMT3085279B,-44.129534955,-19.923168503
BMT3085468B,-44.131318720,-19.925445254
BMT3199988B,-44.151059952,-19.912583003
BMT3200317B,-44.149417719,-19.905246952
BMT3224306B,-44.147480465,-19.906647297
BMT3224327B,-44.145857171,-19.906503970
BMT3224404B,-44.148738135,-19.907276804
BMT337674D,-44.166775244,-19.923627067
BMT337702B,-44.166048940,-19.923659805
BMT3482116B,-44.143027461,-19.926369543
BMT3482186B,-44.143601202,-19.926281949
BMT3484328B,-44.153445450,-19.925696586
BMT3519755C,-44.173231744,-19.920386165
BMT3520091C,-44.172740497,-19.921151944
BMT3520091C,-44.172539064,-19.921304619
BMT3728733B,-44.161311760,-19.923321258
BMT3728775B,-44.161805021,-19.922185046
BMT3728782B,-44.161824558,-19.922103814
BMT3728831B,-44.160887547,-19.922234934
BMT3728845B,-44.161091233,-19.921657590
BMT3728852B,-44.161091233,-19.921657590
BMT3728859B,-44.160957811,-19.921593709
BMT3853718B,-44.147943318,-19.905845309
BMT3853767B,-44.146833412,-19.904385192
BMT3853781B,-44.147040173,-19.903238610
BMT3853781B,-44.146677067,-19.903254941
BMT3969197B,-44.118075072,-19.910163510
BMT4016951C,-44.175331418,-19.918977257
BMT6479804B,-44.131544811,-19.926033697
BMT6968215B,-44.137171696,-19.926160495
BMT7896968B,-44.120815239,-19.905279585
BMT7897094B,-44.121407696,-19.906981273
BMT7897150B,-44.122158796,-19.907635570
BMT7897689B,-44.120621519,-19.909218306
BMT7897731B,-44.121540617,-19.908861409
BMT7898277B,-44.119142880,-19.907105612
BMT7898354B,-44.120815239,-19.905279585
BMT7898361B,-44.120230214,-19.905692347
BMT7898375B,-44.119740665,-19.906114616
BMT7898382B,-44.119740665,-19.906114616
BMT7899642B,-44.122606894,-19.907800428
BMT7899649B,-44.122606894,-19.907800428
BMT9541837D,-44.121835304,-19.917781353
