BMT166720719,,
BMT166720721,,
BMT166721196,,
BMT8754874B,,
BMT8754874B,,
BMT8754878B,,
BMT8754878B,,
BMT166721198,,
BMT166721187,,
BMT1242752B,,
BMT1242752B,,
BMT1242759B,,
BMT1242759B,,
BMT1242766B,,
BMT1242766B,,
BMT1243781B,,
BMT1243781B,,
BMT1243788B,,
BMT1243788B,,
BMT1243802B,,
BMT1243802B,,
BMT166721188,,
BMT166721188,,
BMT1243816B,,
BMT1243816B,,
BMT166721189,,
BMT1243823B,,
BMT1244033B,,
BMT1244033B,,
BMT1244026B,,
BMT1244026B,,
BMT1244019B,,
BMT1244019B,,
BMT1244012B,,
BMT1244012B,,
BMT166721190,,
BMT166721189,,
BMT1243837B,,
BMT1243837B,,
BMT166721191,,
BMT1243851B,,
BMT1243865B,,
BMT1243865B,,
BMT166721192,,
BMT166720386,,
BMT166720389,,
BMT166720389,,
BMT166720390,,
BMT166720389,,
BMT166720391,,
BMT166720550,,
BMT8961090B,,
BMT8961090B,,
BMT8961092B,,
BMT8961092B,,
BMT8961093B,,
BMT8961093B,,
BMT166720551,,
BMT166721384,,
BMT8961219B,,
BMT8961219B,,
BMT166721385,,
BMT166721386,,
BMT8961222B,,
BMT8961222B,,
BMT8961225B,,
BMT8961225B,,
BMT8961227B,,
BMT8961227B,,
BMT8961230B,,
BMT8961230B,,
BMT8961231B,,
BMT8961231B,,
BMT166721387,,
BMT166721387,,
BMT8961301B,,
BMT8961301B,,
BMT8961302B,,
BMT8961302B,,
BMT8961395B,,
BMT8961395B,,
BMT166721388,,
BMT166721388,,
BMT166721389,,
BMT166721388,,
BMT8961402B,,
BMT8961402B,,
BMT166721390,,
BMT166721390,,
BMT8961404B,,
BMT8961404B,,
BMT166721391,,
BMT166721390,,
BMT8961414B,,
BMT8961414B,,
BMT8961415B,,
BMT8961415B,,
BMT8961416B,,
BMT8961416B,,
BMT166721392,,
BMT166721370,,
BMT8963478B,,
BMT8963478B,,
BMT166721371,,
BMT166720088,,
BMT9120670B,,
BMT9120670B,,
BMT166720090,,
BMT166720746,,
BMT166720748,,
BMT8736950B,,
BMT8766659B,,
BMT171189528,,
BMT3948910B,,
BMT8829508B,,
BMT8939060B,,
BMT8939060B,,
BMT171189529,,
BMT3948910B,,
BMT8939075B,,
BMT8939075B,,
BMT8829508B,,
BMT166721400,,
BMT8588565B,,
BMT8588565B,,
BMT8588684B,,
BMT8588684B,,
BMT9061962B,,
BMT9061962B,,
BMT9061964B,,
BMT9061964B,,
BMT9062055B,,
BMT9062055B,,
BMT166721401,,
BMT166721401,,
BMT9062058B,,
BMT9062058B,,
BMT9062059B,,
BMT9062059B,,
BMT9062060B,,
BMT9062060B,,
BMT9062065B,,
BMT9062065B,,
BMT166721402,,
BMT166721401,,
BMT9062096B,,
BMT9062096B,,
BMT9062098B,,
BMT9062098B,,
BMT166721403,,
BMT8420334B,,
BMT172266527,,
BMT172266527,,
BMT172266528,,
BMT172266527,,
BMT172266529,,
BMT166721363,,
BMT166721366,,
BMT166721366,,
BMT166721367,,
BMT166721366,,
BMT9132733B,,
BMT9132733B,,
BMT166721368,,
BMT166721250,,
BMT166721263,,
BMT166721263,,
BMT166721264,,
BMT166721348,,
BMT9172997B,,
BMT9172997B,,
BMT166721349,,
BMT166721349,,
BMT9173001B,,
BMT9173001B,,
BMT9173002B,,
BMT9173002B,,
BMT166721350,,
BMT166721350,,
BMT9173003B,,
BMT9173003B,,
BMT9173004B,,
BMT9173004B,,
BMT9173009B,,
BMT9173009B,,
BMT9173010B,,
BMT9173010B,,
BMT166721352,,
BMT166721350,,
BMT9173200B,,
BMT166721350,,
BMT9173199B,,
BMT9173199B,,
BMT166721353,,
BMT166721349,,
BMT9173000B,,
BMT9173000B,,
BMT9173392B,,
BMT9173392B,,
BMT9173395B,,
BMT9173395B,,
BMT166721351,,
BMT166721246,,
BMT9173666B,,
BMT9173666B,,
BMT166721247,,
BMT169935040,,
BMT169935042,,
BMT172266523,,
BMT1283177B,,
BMT1283177B,,
BMT2923613B,,
BMT2923613B,,
BMT9254366B,,
BMT9254366B,,
BMT9254368B,,
BMT9254368B,,
BMT9254369B,,
BMT9254369B,,
BMT172266524,,
BMT166721122,,
BMT166721124,,
BMT166721125,,
BMT166721126,,
BMT166721108,,
BMT166721112,,
BMT1289484B,,
BMT8807225B,,
BMT1289477B,,
BMT8807225B,,
BMT171486024,,
BMT171486025,,
BMT166720805,,
BMT166720806,,
BMT172069068,,
BMT172069069,,
BMT4088098B,,
BMT166720732,,
BMT166720732,,
BMT4088105B,,
BMT166720744,,
BMT166720745,,
BMT166720745,,
BMT9041560B,,
BMT9041560B,,
BMT166720746,,
BMT166720746,,
BMT166720747,,
BMT166720454,,
BMT166720456,,
BMT166720456,,
BMT166720457,,
BMT166720457,,
BMT166720458,,
BMT3228988B,,
BMT166719911,,
BMT166719912,,
BMT3228981B,,
BMT168676003,,
BMT168676004,,
BMT172269803,,
BMT3253229B,,
BMT169935040,,
BMT166720067,,
BMT167195627,,
BMT166720069,,
BMT172648503,,
BMT9334991B,,
BMT9334991B,,
BMT172648505,,
BMT166719774,,
BMT9335240B,,
BMT9335240B,,
BMT3536554B,,
BMT166719775,,
BMT9335249B,,
BMT9335249B,,
BMT3536547B,,
BMT3536547B,,
BMT9335259B,,
BMT9335259B,,
BMT9335260B,,
BMT9335260B,,
BMT9335262B,,
BMT9335262B,,
BMT9335264B,,
BMT9335264B,,
BMT9335266B,,
BMT9335266B,,
BMT9335267B,,
BMT9335267B,,
BMT170700969,,
BMT3536281B,,
BMT9335268B,,
BMT9335268B,,
BMT170700970,,
BMT170700971,,
BMT170700973,,
BMT170700973,,
BMT170677722,,
BMT171486023,,
BMT171486024,,
BMT171486025,,
BMT171486027,,
BMT4088056B,,
BMT9336944B,,
BMT9336944B,,
BMT9336945B,,
BMT9336945B,,
BMT9336947B,,
BMT9336947B,,
BMT9336948B,,
BMT9336948B,,
BMT9336949B,,
BMT9336949B,,
BMT9336951B,,
BMT9336951B,,
BMT9336952B,,
BMT9336952B,,
BMT9336953B,,
BMT9336953B,,
BMT9336956B,,
BMT9336956B,,
BMT9336957B,,
BMT9336957B,,
BMT9336958B,,
BMT9336958B,,
BMT9336959B,,
BMT9336959B,,
BMT9336975B,,
BMT9336975B,,
BMT9336974B,,
BMT9336974B,,
BMT9336973B,,
BMT9336973B,,
BMT9336972B,,
BMT9336972B,,
BMT4088049B,,
BMT4092606B,,
BMT170684420,,
BMT166719783,,
BMT9336993B,,
BMT9336993B,,
BMT3176145B,,
BMT9337004B,,
BMT166719789,,
BMT170684421,,
BMT9337005B,,
BMT9337005B,,
BMT9337004B,,
BMT8766659B,,
BMT9337007B,,
BMT9337007B,,
BMT9337012B,,
BMT9337012B,,
BMT9337013B,,
BMT9337013B,,
BMT9337014B,,
BMT9337014B,,
BMT9337015B,,
BMT9337015B,,
BMT170684423,,
BMT9337017B,,
BMT9337018B,,
BMT170684423,,
BMT9337035B,,
BMT9337035B,,
BMT9337017B,,
BMT9337018B,,
BMT9337019B,,
BMT9337019B,,
BMT170684424,,
BMT170684424,,
BMT9337042B,,
BMT9337042B,,
BMT9337043B,,
BMT9337043B,,
BMT9337044B,,
BMT9337044B,,
BMT9337045B,,
BMT9337045B,,
BMT9337048B,,
BMT9337048B,,
BMT9337049B,,
BMT9337049B,,
BMT9337051B,,
BMT9337051B,,
BMT9337058B,,
BMT9337058B,,
BMT9337059B,,
BMT9337059B,,
BMT9337060B,,
BMT9337060B,,
BMT9337061B,,
BMT9337061B,,
BMT2247105B,,
BMT2247112B,,
BMT9337086B,,
BMT9337086B,,
BMT9337087B,,
BMT9337087B,,
BMT9337088B,,
BMT9337088B,,
BMT9337100B,,
BMT9337100B,,
BMT9337102B,,
BMT9337102B,,
BMT9337103B,,
BMT9337103B,,
BMT9337105B,,
BMT9337105B,,
BMT1289862B,,
BMT1289813B,,
BMT9337147B,,
BMT9337147B,,
BMT170686682,,
BMT170686682,,
BMT9337151B,,
BMT9337151B,,
BMT2247140B,,
BMT170686685,,
BMT170686686,,
BMT3951766B,,
BMT9337192B,,
BMT9337192B,,
BMT2247189B,,
BMT173127712,,
BMT2247210B,,
BMT9337205B,,
BMT173127712,,
BMT173127711,,
BMT9337206B,,
BMT9337206B,,
BMT9337205B,,
BMT173127712,,
BMT166719815,,
BMT9337208B,,
BMT166719818,,
BMT7129443B,,
BMT9337210B,,
BMT2248456B,,
BMT8734059B,,
BMT2763264B,,
BMT8734059B,,
BMT2763264B,,
BMT8734063B,,
BMT2763271B,,
BMT8734063B,,
BMT2763271B,,
BMT172266522,,
BMT172266520,,
BMT172266522,,
BMT166719789,,
BMT8736949B,,
BMT8736949B,,
BMT8736950B,,
BMT166720284,,
BMT166720285,,
BMT172266502,,
BMT3263519B,,
BMT172648543,,
BMT8815636B,,
BMT8815636B,,
BMT8815640B,,
BMT8815640B,,
BMT172648546,,
BMT172648546,,
BMT172648547,,
BMT169287814,,
BMT8851510B,,
BMT166720863,,
BMT8851510B,,
BMT166720864,,
BMT8851511B,,
BMT8851511B,,
BMT166720865,,
BMT169056876,,
BMT166720109,,
BMT166720129,,
BMT166720130,,
BMT166720130,,
BMT166720131,,
BMT166720130,,
BMT8890007B,,
BMT8890007B,,
BMT166720132,,
BMT1244089B,,
BMT167113753,,
BMT167113753,,
BMT1244061B,,
BMT168676961,,
BMT168676963,,
BMT168676963,,
BMT1241163B,,
BMT170859424,,
BMT9233498B,,
BMT9233498B,,
BMT170859425,,
BMT167188830,,
BMT167188831,,
BMT167188831,,
BMT167188832,,
BMT167188831,,
BMT3268286B,,
BMT166720063,,
BMT169935038,,
BMT166720063,,
BMT169935039,,
BMT169935039,,
BMT169935040,,
BMT166720057,,
BMT170457863,,
BMT170457865,,
BMT169935033,,
BMT171785835,,
BMT9366964B,,
BMT9366964B,,
BMT9366965B,,
BMT9366965B,,
BMT9366967B,,
BMT9366967B,,
BMT9366968B,,
BMT9366968B,,
BMT171785841,,
BMT166720513,,
BMT166720514,,
BMT166720474,,
BMT172154874,,
BMT166720514,,
BMT166720515,,
BMT166720514,,
BMT3266900B,,
BMT172154874,,
BMT172758638,,
BMT172154874,,
BMT172758639,,
BMT172758638,,
BMT172758640,,
BMT172758638,,
BMT172758641,,
BMT172758638,,
BMT172758642,,
BMT172758641,,
BMT172758645,,
BMT172758641,,
BMT3267285B,,
BMT172758645,,
BMT172758658,,
BMT172758645,,
BMT172758659,,
BMT3261307B,,
BMT169056876,,
BMT169056878,,
BMT169056880,,
BMT3261188B,,
BMT8705738B,,
BMT8705738B,,
BMT3261181B,,
BMT169056884,,
BMT169056886,,
BMT169056874,,
BMT8705822B,,
BMT8705822B,,
BMT8705823B,,
BMT8705823B,,
BMT8705818B,,
BMT8705818B,,
BMT8705806B,,
BMT8705806B,,
BMT8705800B,,
BMT8705800B,,
BMT8705792B,,
BMT8705792B,,
BMT8705789B,,
BMT8705789B,,
BMT8705798B,,
BMT8705798B,,
BMT8705785B,,
BMT8705785B,,
BMT8705783B,,
BMT8705783B,,
BMT8705782B,,
BMT8705782B,,
BMT8705778B,,
BMT3234525B,,
BMT166720356,,
BMT166720356,,
BMT166720357,,
BMT166720356,,
BMT166720358,,
BMT166720678,,
BMT8825188B,,
BMT8825188B,,
BMT166720681,,
BMT1245027B,,
BMT166720883,,
BMT166720883,,
BMT166720886,,
BMT166721354,,
BMT166721355,,
BMT166720249,,
BMT166720252,,
BMT166720252,,
BMT166720253,,
BMT166720252,,
BMT8909874B,,
BMT8909874B,,
BMT166720254,,
BMT166720254,,
BMT8909877B,,
BMT8909877B,,
BMT8909878B,,
BMT8909878B,,
BMT8909879B,,
BMT8909879B,,
BMT8909881B,,
BMT8909881B,,
BMT166720255,,
BMT166720199,,
BMT166720203,,
BMT166720203,,
BMT166720204,,
BMT166720203,,
BMT166720205,,
BMT1243410B,,
BMT167194283,,
BMT167194283,,
BMT167194282,,
BMT167194283,,
BMT1242948B,,
BMT167194283,,
BMT1243620B,,
BMT166719826,,
BMT166719829,,
BMT166719829,,
BMT166719830,,
BMT4233334B,,
BMT169703240,,
BMT169703240,,
BMT169703242,,
BMT169703240,,
BMT169703243,,
BMT172154902,,
BMT172154903,,
BMT172205057,,
BMT9378044B,,
BMT9378044B,,
BMT172205059,,
BMT2246923B,,
BMT166719758,,
BMT166720727,,
BMT4088077B,,
BMT166720722,,
BMT166720723,,
BMT166719770,,
BMT2246944B,,
BMT2246944B,,
BMT166719771,,
BMT166719771,,
BMT166719772,,
BMT172758646,,
BMT172758647,,
BMT172758646,,
BMT172758648,,
BMT172758649,,
BMT3230528B,,
BMT172758650,,
BMT172758651,,
BMT172758650,,
BMT172758652,,
BMT172758652,,
BMT3245543B,,
BMT2248841B,,
BMT172758653,,
BMT2248848B,,
BMT166720501,,
BMT166720507,,
BMT2248862B,,
BMT166720501,,
BMT172758656,,
BMT166720501,,
BMT2665306B,,
BMT2248862B,,
BMT166720508,,
BMT166720508,,
BMT166720509,,
BMT166720508,,
BMT2248876B,,
BMT2248876B,,
BMT166720510,,
BMT166720515,,
BMT166720517,,
BMT166720515,,
BMT166720518,,
BMT166720515,,
BMT3230878B,,
BMT166720517,,
BMT166720528,,
BMT166720519,,
BMT166720520,,
BMT166720519,,
BMT166720521,,
BMT166720521,,
BMT166720522,,
BMT166720521,,
BMT166720523,,
BMT166720523,,
BMT2248918B,,
BMT166720523,,
BMT3973060B,,
BMT2248918B,,
BMT166720524,,
BMT172758662,,
BMT172758663,,
BMT172758662,,
BMT172758664,,
BMT172758662,,
BMT3117219B,,
BMT166720532,,
BMT166720533,,
BMT166720532,,
BMT2248939B,,
BMT166720532,,
BMT3265710B,,
BMT2248939B,,
BMT3265745B,,
BMT166720534,,
BMT166720537,,
BMT166720534,,
BMT3265759B,,
BMT166720537,,
BMT166720539,,
BMT166720537,,
BMT166720540,,
BMT166720540,,
BMT166720541,,
BMT166720540,,
BMT3265794B,,
BMT166720542,,
BMT166720543,,
BMT166720542,,
BMT3265850B,,
BMT166720544,,
BMT166720545,,
BMT166720544,,
BMT166720546,,
BMT166720555,,
BMT166720556,,
BMT166720555,,
BMT3268405B,,
BMT166720557,,
BMT166720558,,
BMT166720557,,
BMT2248995B,,
BMT2248995B,,
BMT166720559,,
BMT170859437,,
BMT170859438,,
BMT170859437,,
BMT170859439,,
BMT166720588,,
BMT166720589,,
BMT166720588,,
BMT166720590,,
BMT166720590,,
BMT166720591,,
BMT166720590,,
BMT166720592,,
BMT166720592,,
BMT166720593,,
BMT166720592,,
BMT3233972B,,
BMT166720718,,
BMT166720719,,
BMT166720719,,
BMT166720720,,
BMT170700971,,
BMT170700972,,
BMT171486025,,
BMT171486026,,
BMT170684419,,
BMT3536085B,,
BMT2247014B,,
BMT4088056B,,
BMT166719782,,
BMT170684420,,
BMT166720711,,
BMT4059461B,,
BMT2247028B,,
BMT3535217B,,
BMT170684421,,
BMT2247049B,,
BMT2247049B,,
BMT170684422,,
BMT170684424,,
BMT2247098B,,
BMT2247098B,,
BMT2599205B,,
BMT2247105B,,
BMT2247112B,,
BMT170686682,,
BMT170686683,,
BMT2247140B,,
BMT170686684,,
BMT166719805,,
BMT170686687,,
BMT166720656,,
BMT2639581B,,
BMT173127707,,
BMT2247182B,,
BMT2247182B,,
BMT2318120B,,
BMT2247189B,,
BMT173127708,,
BMT173127708,,
BMT173127709,,
BMT173127708,,
BMT173127710,,
BMT2247210B,,
BMT2563813,,
BMT168096362,,
BMT166720018,,
BMT166719818,,
BMT166719819,,
BMT166719821,,
BMT166719822,,
BMT166720643,,
BMT3233643B,,
BMT166720644,,
BMT166720645,,
BMT166720646,,
BMT2249100B,,
BMT166720629,,
BMT166720630,,
BMT166720019,,
BMT3233559B,,
BMT166720630,,
BMT166720631,,
BMT166720630,,
BMT166720632,,
BMT166720630,,
BMT166720633,,
BMT166720630,,
BMT3233545B,,
BMT166720020,,
BMT168096363,,
BMT166720627,,
BMT3233055B,,
BMT168096363,,
BMT168096365,,
BMT168096363,,
BMT166720024,,
BMT166720621,,
BMT166720622,,
BMT166720024,,
BMT166720025,,
BMT166720622,,
BMT166720623,,
BMT166720622,,
BMT166720624,,
BMT166720617,,
BMT2247308B,,
BMT166720025,,
BMT3232481B,,
BMT2247308B,,
BMT2693901B,,
BMT167171349,,
BMT167171350,,
BMT167171350,,
BMT167171351,,
BMT167171350,,
BMT167171352,,
BMT166720600,,
BMT166720601,,
BMT166720030,,
BMT166720031,,
BMT166720031,,
BMT166720032,,
BMT166720577,,
BMT3231116B,,
BMT166720579,,
BMT166720587,,
BMT166720594,,
BMT166720595,,
BMT166720594,,
BMT166720596,,
BMT166720595,,
BMT166720598,,
BMT166720595,,
BMT3234042B,,
BMT167171352,,
BMT167171353,,
BMT167171352,,
BMT167171354,,
BMT167171354,,
BMT167171355,,
BMT167171354,,
BMT167171356,,
BMT167171356,,
BMT167171357,,
BMT167171356,,
BMT167171358,,
BMT167171358,,
BMT167171359,,
BMT167171358,,
BMT3232285B,,
BMT167171360,,
BMT167171361,,
BMT167171360,,
BMT3232320B,,
BMT166720624,,
BMT166720625,,
BMT166720624,,
BMT166720626,,
BMT166720634,,
BMT166720635,,
BMT166720634,,
BMT3233524B,,
BMT166720636,,
BMT2816660B,,
BMT166720636,,
BMT3233475B,,
BMT2249100B,,
BMT166720647,,
BMT166720648,,
BMT166720650,,
BMT166720648,,
BMT166720651,,
BMT166720648,,
BMT166720652,,
BMT166719825,,
BMT166719826,,
BMT2249121B,,
BMT166719827,,
BMT166719827,,
BMT166719832,,
BMT166719827,,
BMT3983574B,,
BMT2249135B,,
BMT3983546B,,
BMT166719835,,
BMT166719836,,
BMT166719835,,
BMT166719837,,
BMT166719835,,
BMT3228498B,,
BMT166719837,,
BMT166719839,,
BMT166719837,,
BMT3227938B,,
BMT166719840,,
BMT166719841,,
BMT166720005,,
BMT166720006,,
BMT166719840,,
BMT3227854B,,
BMT166720006,,
BMT166720007,,
BMT166720006,,
BMT3227616B,,
BMT166719842,,
BMT3227812B,,
BMT166719842,,
BMT3228799B,,
BMT166719854,,
BMT166719855,,
BMT166719854,,
BMT2716217B,,
BMT166719910,,
BMT3228967B,,
BMT166719844,,
BMT3229184B,,
BMT2249191B,,
BMT2715839B,,
BMT166719845,,
BMT166719846,,
BMT166719845,,
BMT166719847,,
BMT171199940,,
BMT3229408B,,
BMT166719848,,
BMT3229863B,,
BMT171588282,,
BMT3229912B,,
BMT171199941,,
BMT3229520B,,
BMT171199941,,
BMT3229625B,,
BMT2249226B,,
BMT3243681B,,
BMT171199942,,
BMT171199944,,
BMT171199952,,
BMT3243793B,,
BMT166720579,,
BMT166720588,,
BMT166720573,,
BMT166720574,,
BMT166720032,,
BMT3231249B,,
BMT172640557,,
BMT172640558,,
BMT166720033,,
BMT2247385B,,
BMT172640558,,
BMT172640559,,
BMT172640558,,
BMT172640560,,
BMT172640558,,
BMT3269063B,,
BMT2247385B,,
BMT3269000B,,
BMT170859431,,
BMT170859432,,
BMT170859431,,
BMT170859433,,
BMT170859431,,
BMT3929723B,,
BMT170859433,,
BMT166720045,,
BMT170859433,,
BMT3268720B,,
BMT170859433,,
BMT170859435,,
BMT170859434,,
BMT170859436,,
BMT170859434,,
BMT170859437,,
BMT166720552,,
BMT166720553,,
BMT166720045,,
BMT3268356B,,
BMT166720553,,
BMT166720554,,
BMT166720553,,
BMT3268363B,,
BMT170859442,,
BMT167188602,,
BMT170859442,,
BMT3268321B,,
BMT167188602,,
BMT167188821,,
BMT167188821,,
BMT170859445,,
BMT170859445,,
BMT170859446,,
BMT170859445,,
BMT166720057,,
BMT168969013,,
BMT168969014,,
BMT168969014,,
BMT168969015,,
BMT168969014,,
BMT3264835B,,
BMT168969014,,
BMT3264898B,,
BMT169935035,,
BMT169935036,,
BMT169935035,,
BMT166720060,,
BMT166720422,,
BMT166720423,,
BMT166720060,,
BMT3264611B,,
BMT166720060,,
BMT3264667B,,
BMT166720061,,
BMT166720063,,
BMT166720418,,
BMT166720419,,
BMT166720420,,
BMT166720421,,
BMT172266503,,
BMT172266504,,
BMT172266503,,
BMT3263421B,,
BMT172266503,,
BMT3263855B,,
BMT166720069,,
BMT166720070,,
BMT167074793,,
BMT3264065B,,
BMT167074794,,
BMT167074795,,
BMT167074794,,
BMT2692452B,,
BMT168098901,,
BMT166720072,,
BMT166720263,,
BMT166720264,,
BMT166720072,,
BMT168098902,,
BMT168098902,,
BMT168098903,,
BMT168098902,,
BMT3262483B,,
BMT2247546B,,
BMT166720265,,
BMT168098904,,
BMT168098905,,
BMT168098904,,
BMT168098906,,
BMT168098904,,
BMT3262448B,,
BMT171199953,,
BMT171199954,,
BMT171199953,,
BMT171199955,,
BMT171199944,,
BMT171199945,,
BMT171199944,,
BMT3243646B,,
BMT171199946,,
BMT3243555B,,
BMT171199946,,
BMT3243583B,,
BMT171199947,,
BMT171199950,,
BMT171199947,,
BMT3243527B,,
BMT171199951,,
BMT3242974B,,
BMT171199951,,
BMT3243030B,,
BMT2249275B,,
BMT2560110,,
BMT166719888,,
BMT166719889,,
BMT166719888,,
BMT166719890,,
BMT171199955,,
BMT3243884B,,
BMT171199955,,
BMT3243954B,,
BMT171199956,,
BMT171199958,,
BMT171199956,,
BMT171199959,,
BMT171199958,,
BMT171199962,,
BMT171199958,,
BMT171199963,,
BMT171199963,,
BMT171199965,,
BMT171199963,,
BMT3244241B,,
BMT171199966,,
BMT171199967,,
BMT171199966,,
BMT171199968,,
BMT171199966,,
BMT171199969,,
BMT171588284,,
BMT171588286,,
BMT171588286,,
BMT3229800B,,
BMT171588286,,
BMT3230024B,,
BMT171588289,,
BMT171588290,,
BMT171588289,,
BMT2249352B,,
BMT2249352B,,
BMT171588291,,
BMT2249352B,,
BMT3230045B,,
BMT2249359B,,
BMT3230073B,,
BMT2249366B,,
BMT3229149B,,
BMT166719916,,
BMT166719917,,
BMT166719987,,
BMT3549203B,,
BMT166719988,,
BMT3549364B,,
BMT166719917,,
BMT3549014B,,
BMT166719917,,
BMT3549154B,,
BMT166719918,,
BMT166719920,,
BMT166719975,,
BMT3552185B,,
BMT166719921,,
BMT3548713B,,
BMT166719922,,
BMT3548391B,,
BMT166719936,,
BMT3548461B,,
BMT166719937,,
BMT166719938,,
BMT166719923,,
BMT166719924,,
BMT166719923,,
BMT3546305B,,
BMT166719924,,
BMT3546172B,,
BMT166719924,,
BMT3546221B,,
BMT166719925,,
BMT3546326B,,
BMT166719925,,
BMT3546340B,,
BMT166719927,,
BMT166719928,,
BMT166719927,,
BMT2249457B,,
BMT166719932,,
BMT166719933,,
BMT2249457B,,
BMT3546389B,,
BMT166719933,,
BMT166719934,,
BMT166719933,,
BMT3546473B,,
BMT168098906,,
BMT168098908,,
BMT168098906,,
BMT168098909,,
BMT168098909,,
BMT168098910,,
BMT168098911,,
BMT168098912,,
BMT168098911,,
BMT3262119B,,
BMT168098911,,
BMT3262364B,,
BMT166720247,,
BMT166720248,,
BMT166720084,,
BMT3261804B,,
BMT166720248,,
BMT2248337B,,
BMT166720248,,
BMT166720250,,
BMT168098914,,
BMT3261580B,,
BMT168098914,,
BMT3261706B,,
BMT166720091,,
BMT3261552B,,
BMT166720088,,
BMT166720089,,
BMT166720193,,
BMT166720194,,
BMT167201293,,
BMT167201294,,
BMT166720195,,
BMT166720197,,
BMT166720195,,
BMT166720198,,
BMT172269804,,
BMT172269805,,
BMT172269804,,
BMT172269806,,
BMT166720188,,
BMT166720189,,
BMT166720140,,
BMT166720141,,
BMT166720189,,
BMT166720190,,
BMT166720189,,
BMT3253061B,,
BMT172648500,,
BMT172648501,,
BMT166720141,,
BMT3252928B,,
BMT172648501,,
BMT172648502,,
BMT172648501,,
BMT3252830B,,
BMT172648503,,
BMT172648504,,
BMT172648543,,
BMT172648545,,
BMT166721357,,
BMT166721358,,
BMT166721357,,
BMT166721359,,
BMT166721361,,
BMT166721362,,
BMT166720868,,
BMT166720869,,
BMT166720868,,
BMT2247693B,,
BMT166721377,,
BMT166721378,,
BMT2247693B,,
BMT166720866,,
BMT166721363,,
BMT166721364,,
BMT166721363,,
BMT166721365,,
BMT2247707B,,
BMT166720934,,
BMT173113315,,
BMT173113316,,
BMT173113315,,
BMT173113317,,
BMT173113316,,
BMT166720942,,
BMT173113316,,
BMT3247552B,,
BMT166721115,,
BMT166721116,,
BMT166721115,,
BMT3247293B,,
BMT173113320,,
BMT3258136B,,
BMT173113320,,
BMT173113323,,
BMT166720961,,
BMT166720962,,
BMT166720961,,
BMT3247027B,,
BMT171785832,,
BMT171785833,,
BMT166720963,,
BMT3246754B,,
BMT166720971,,
BMT166720972,,
BMT166720967,,
BMT3246656B,,
BMT166720967,,
BMT3246698B,,
BMT171785833,,
BMT171785834,,
BMT171785833,,
BMT171785835,,
BMT171785833,,
BMT2606380B,,
BMT171785835,,
BMT171785839,,
BMT171785835,,
BMT3246943B,,
BMT2247777B,,
BMT171785840,,
BMT166720972,,
BMT166720973,,
BMT166720980,,
BMT166720981,,
BMT166720982,,
BMT166720984,,
BMT166720982,,
BMT166720985,,
BMT166720973,,
BMT166720974,,
BMT166720973,,
BMT166720975,,
BMT166720973,,
BMT166720976,,
BMT166720975,,
BMT166720977,,
BMT166720975,,
BMT3246509B,,
BMT166720978,,
BMT166720979,,
BMT166720986,,
BMT166720988,,
BMT166720986,,
BMT166720989,,
BMT166720989,,
BMT166720990,,
BMT166720989,,
BMT3245795B,,
BMT173113322,,
BMT173113325,,
BMT173113322,,
BMT173113326,,
BMT173113326,,
BMT173113327,,
BMT173113326,,
BMT173113328,,
BMT173113328,,
BMT173113329,,
BMT173113328,,
BMT3258066B,,
BMT173113328,,
BMT166720956,,
BMT167489796,,
BMT167489797,,
BMT167489796,,
BMT2592996B,,
BMT167489796,,
BMT3258276B,,
BMT173113329,,
BMT173113331,,
BMT173113329,,
BMT3257940B,,
BMT2247875B,,
BMT166720958,,
BMT166721050,,
BMT2545459B,,
BMT166720958,,
BMT166720959,,
BMT166721051,,
BMT2545403B,,
BMT166721051,,
BMT3256876B,,
BMT166721002,,
BMT166721003,,
BMT166721002,,
BMT2247910B,,
BMT166721002,,
BMT3257709B,,
BMT166721005,,
BMT166721006,,
BMT166721005,,
BMT166721007,,
BMT2247910B,,
BMT166721004,,
BMT166721004,,
BMT166721022,,
BMT166721004,,
BMT166721023,,
BMT166721006,,
BMT166721018,,
BMT166721006,,
BMT3257527B,,
BMT166721006,,
BMT166721020,,
BMT166721007,,
BMT166721008,,
BMT166721007,,
BMT2941477B,,
BMT166721027,,
BMT3258955B,,
BMT166721009,,
BMT3259053B,,
BMT166721029,,
BMT3256400B,,
BMT166721029,,
BMT3256512B,,
BMT166721010,,
BMT166721011,,
BMT166721010,,
BMT3259116B,,
BMT166721012,,
BMT166721013,,
BMT166721012,,
BMT2247966B,,
BMT2247966B,,
BMT166721014,,
BMT166721033,,
BMT166721035,,
BMT166721033,,
BMT166721036,,
BMT168093682,,
BMT3255763B,,
BMT166721043,,
BMT3255602B,,
BMT166721047,,
BMT3255644B,,
BMT166721036,,
BMT166721037,,
BMT166721036,,
BMT166721038,,
BMT166721039,,
BMT3255980B,,
BMT166721039,,
BMT3256036B,,
BMT168093683,,
BMT168093684,,
BMT168093683,,
BMT3255581B,,
BMT2248015B,,
BMT166721048,,
BMT2248022B,,
BMT168093685,,
BMT166721053,,
BMT166721054,,
BMT166721053,,
BMT2789038B,,
BMT166721052,,
BMT3256855B,,
BMT166721052,,
BMT3256981B,,
BMT2248043B,,
BMT166721057,,
BMT166721071,,
BMT166721072,,
BMT166721071,,
BMT3256736B,,
BMT166721071,,
BMT3256743B,,
BMT166721073,,
BMT166721075,,
BMT166721073,,
BMT166721076,,
BMT166721076,,
BMT166721077,,
BMT166721076,,
BMT3256687B,,
BMT166721058,,
BMT166721060,,
BMT166721058,,
BMT3257023B,,
BMT166721061,,
BMT166721062,,
BMT166721061,,
BMT3257037B,,
BMT166721062,,
BMT166721064,,
BMT166721062,,
BMT166721065,,
BMT166721065,,
BMT166721066,,
BMT166721065,,
BMT166721067,,
BMT166721065,,
BMT3257317B,,
BMT167489799,,
BMT167489800,,
BMT167489799,,
BMT3258290B,,
BMT167489801,,
BMT167489802,,
BMT167489801,,
BMT166721091,,
BMT167489801,,
BMT167489803,,
BMT167489802,,
BMT167489804,,
BMT167489802,,
BMT166721094,,
BMT166721103,,
BMT2248127B,,
BMT166721094,,
BMT3258668B,,
BMT2248127B,,
BMT2248134B,,
BMT2248134B,,
BMT3205699B,,
BMT166721097,,
BMT2794610B,,
BMT166721135,,
BMT166721137,,
BMT166721135,,
BMT166721138,,
BMT166721139,,
BMT166721140,,
BMT166721139,,
BMT166721141,,
BMT166721140,,
BMT166721143,,
BMT166721140,,
BMT166721144,,
BMT166720198,,
BMT166720199,,
BMT1220877B,,
BMT8752337B,,
BMT1220870B,,
BMT8752337B,,
BMT166721179,,
BMT166721180,,
BMT166721180,,
BMT1242612B,,
BMT166721180,,
BMT1242346B,,
BMT166721180,,
BMT1242633B,,
BMT1242633B,,
BMT1242668B,,
BMT1242668B,,
BMT1242682B,,
BMT1242682B,,
BMT166721182,,
BMT166721121,,
BMT8285948B,,
BMT8285948B,,
BMT166721123,,
BMT166721218,,
BMT166721220,,
BMT1243599B,,
BMT1279768B,,
BMT1279768B,,
BMT166721219,,
BMT172385888,,
BMT1240827B,,
BMT1240827B,,
BMT3888353B,,
BMT3888353B,,
BMT172385890,,
BMT166720207,,
BMT166720210,,
BMT166720210,,
BMT166720211,,
BMT166719938,,
BMT9144879B,,
BMT9144879B,,
BMT166719940,,
BMT168094203,,
BMT168094205,,
BMT168094205,,
BMT168094206,,
BMT8877420B,,
BMT9232959B,,
BMT168098909,,
BMT168098911,,
BMT172648538,,
BMT172648539,,
BMT172648538,,
BMT172648540,,
BMT166720816,,
BMT9264823B,,
BMT9264823B,,
BMT9264826B,,
BMT9264826B,,
BMT172069078,,
BMT172069078,,
BMT9264833B,,
BMT9264833B,,
BMT172069079,,
BMT171588284,,
BMT9360889B,,
BMT9360889B,,
BMT171588287,,
BMT166720805,,
BMT4072488B,,
BMT166720803,,
BMT166720804,,
BMT166720803,,
BMT166720802,,
BMT166720803,,
BMT4072488B,,
BMT172069069,,
BMT172069070,,
BMT172069069,,
BMT3309943B,,
BMT172069073,,
BMT172069074,,
BMT172069073,,
BMT2773484B,,
BMT172069074,,
BMT172069076,,
BMT172069074,,
BMT3310013B,,
BMT166721458,,
BMT166721459,,
BMT166720816,,
BMT3310069B,,
BMT166721459,,
BMT166721460,,
BMT166721459,,
BMT166721461,,
BMT172069077,,
BMT172069081,,
BMT172069077,,
BMT3260341B,,
BMT172069077,,
BMT3856202B,,
BMT166720819,,
BMT172069083,,
BMT166721453,,
BMT166721454,,
BMT172069083,,
BMT172069087,,
BMT172069083,,
BMT172069088,,
BMT166719942,,
BMT166719943,,
BMT166719939,,
BMT3552143B,,
BMT166719943,,
BMT166719944,,
BMT166719943,,
BMT3551576B,,
BMT166719943,,
BMT3551632B,,
BMT166719944,,
BMT166719947,,
BMT166719944,,
BMT3552094B,,
BMT166719948,,
BMT166719949,,
BMT166719948,,
BMT3552101B,,
BMT166719950,,
BMT166719951,,
BMT166719950,,
BMT3552115B,,
BMT166719950,,
BMT3552136B,,
BMT166719953,,
BMT166719954,,
BMT166719953,,
BMT166719955,,
BMT166719956,,
BMT166719957,,
BMT166719956,,
BMT3551506B,,
BMT166719981,,
BMT166719982,,
BMT166719983,,
BMT3552486B,,
BMT2249527B,,
BMT2549428B,,
BMT2249534B,,
BMT166719989,,
BMT166719994,,
BMT166719996,,
BMT166719994,,
BMT2716161B,,
BMT166719996,,
BMT166720001,,
BMT166720015,,
BMT2788415B,,
BMT166720663,,
BMT166720665,,
BMT166720663,,
BMT3535175B,,
BMT166720666,,
BMT166720667,,
BMT166720666,,
BMT166720668,,
BMT166720669,,
BMT3535329B,,
BMT166720670,,
BMT166720671,,
BMT166720670,,
BMT3535385B,,
BMT166720682,,
BMT3550491B,,
BMT166720672,,
BMT3550652B,,
BMT166720673,,
BMT166720675,,
BMT166720673,,
BMT166720676,,
BMT166720685,,
BMT166720686,,
BMT166720683,,
BMT3550386B,,
BMT166720686,,
BMT166720687,,
BMT166720686,,
BMT3550946B,,
BMT166720687,,
BMT166720689,,
BMT166720699,,
BMT3551121B,,
BMT166720691,,
BMT166720693,,
BMT166720691,,
BMT3552059B,,
BMT166720700,,
BMT166720701,,
BMT166720700,,
BMT3551401B,,
BMT166720702,,
BMT166720703,,
BMT166720702,,
BMT3536645B,,
BMT166720694,,
BMT166720695,,
BMT166720694,,
BMT3552073B,,
BMT166720675,,
BMT166720678,,
BMT166720675,,
BMT3550113B,,
BMT166720728,,
BMT2716763B,,
BMT166720728,,
BMT4088063B,,
BMT166720730,,
BMT166720731,,
BMT166720730,,
BMT4088084B,,
BMT166720733,,
BMT4088252B,,
BMT166720198,,
BMT166720200,,
BMT166720199,,
BMT3253859B,,
BMT166720234,,
BMT166720235,,
BMT166720209,,
BMT166720212,,
BMT166720235,,
BMT2248253B,,
BMT166720235,,
BMT3260558B,,
BMT166720232,,
BMT166720233,,
BMT166720212,,
BMT166720213,,
BMT166720219,,
BMT166720220,,
BMT166720214,,
BMT166720215,,
BMT166720220,,
BMT166720221,,
BMT166720220,,
BMT166720222,,
BMT166720221,,
BMT166720224,,
BMT166720221,,
BMT166720225,,
BMT166720227,,
BMT166720228,,
BMT166720225,,
BMT166720226,,
BMT166759741,,
BMT166759742,,
BMT166759741,,
BMT166759743,,
BMT166759743,,
BMT166759744,,
BMT166759743,,
BMT166759745,,
BMT166759744,,
BMT166759748,,
BMT166759744,,
BMT3254433B,,
BMT2248253B,,
BMT3260691B,,
BMT166720236,,
BMT3260761B,,
BMT166720236,,
BMT166720239,,
BMT166720238,,
BMT2248274B,,
BMT166720238,,
BMT3260929B,,
BMT2248274B,,
BMT166720241,,
BMT167201294,,
BMT167201295,,
BMT167201294,,
BMT167201296,,
BMT166720092,,
BMT166720093,,
BMT166720092,,
BMT166720094,,
BMT166720094,,
BMT166720095,,
BMT166720094,,
BMT166720096,,
BMT166720096,,
BMT166720097,,
BMT169056875,,
BMT3261307B,,
BMT166720096,,
BMT166720098,,
BMT169056876,,
BMT3261265B,,
BMT169056877,,
BMT169056878,,
BMT169056878,,
BMT3261188B,,
BMT169056880,,
BMT169056881,,
BMT2248337B,,
BMT166720249,,
BMT166720249,,
BMT166720251,,
BMT166720256,,
BMT166720257,,
BMT166720256,,
BMT166720258,,
BMT166720259,,
BMT166720261,,
BMT166720259,,
BMT166720262,,
BMT167074795,,
BMT167074799,,
BMT167074795,,
BMT3264345B,,
BMT172266505,,
BMT172266507,,
BMT166720292,,
BMT2248414B,,
BMT166720402,,
BMT3262973B,,
BMT166720292,,
BMT3263043B,,
BMT166720403,,
BMT166720404,,
BMT166720403,,
BMT166720405,,
BMT166720403,,
BMT3262882B,,
BMT172266510,,
BMT172266512,,
BMT172266510,,
BMT3263134B,,
BMT2248414B,,
BMT172266508,,
BMT172266508,,
BMT172266543,,
BMT172266508,,
BMT172266544,,
BMT172266508,,
BMT2708755B,,
BMT166720299,,
BMT3263204B,,
BMT166720380,,
BMT166720382,,
BMT166720380,,
BMT166720383,,
BMT166720380,,
BMT166720384,,
BMT172266516,,
BMT172266517,,
BMT172266516,,
BMT172266518,,
BMT172266531,,
BMT172266533,,
BMT172266531,,
BMT2606681B,,
BMT172266531,,
BMT3234686B,,
BMT2248456B,,
BMT172266523,,
BMT172266533,,
BMT172266536,,
BMT172266533,,
BMT166720322,,
BMT172266533,,
BMT3234644B,,
BMT166720350,,
BMT166720351,,
BMT166720322,,
BMT3234735B,,
BMT166720351,,
BMT166720352,,
BMT166720351,,
BMT166720353,,
BMT166720324,,
BMT172266538,,
BMT166720333,,
BMT3235113B,,
BMT172266538,,
BMT172266539,,
BMT172266538,,
BMT3234770B,,
BMT166720334,,
BMT166720335,,
BMT166720334,,
BMT166720336,,
BMT166720334,,
BMT2773554B,,
BMT166720336,,
BMT166720338,,
BMT166720336,,
BMT166720339,,
BMT166720339,,
BMT166720340,,
BMT166720339,,
BMT3235442B,,
BMT2248526B,,
BMT3235470B,,
BMT166720344,,
BMT166720346,,
BMT166720344,,
BMT2248540B,,
BMT166720344,,
BMT3236177B,,
BMT2248540B,,
BMT3235568B,,
BMT166720347,,
BMT166720349,,
BMT172266540,,
BMT172266541,,
BMT172266540,,
BMT3234805B,,
BMT2248561B,,
BMT3234819B,,
BMT2248568B,,
BMT172266542,,
BMT166720352,,
BMT166720372,,
BMT166720352,,
BMT166720373,,
BMT166720353,,
BMT2631216B,,
BMT166720353,,
BMT2631251B,,
BMT166720353,,
BMT3234525B,,
BMT166720357,,
BMT2248603B,,
BMT166720357,,
BMT2963590B,,
BMT2248603B,,
BMT2612449B,,
BMT166720362,,
BMT166720364,,
BMT166720362,,
BMT166720365,,
BMT166720366,,
BMT166720368,,
BMT166720830,,
BMT3260110B,,
BMT166721446,,
BMT166721447,,
BMT166721448,,
BMT166721451,,
BMT166721448,,
BMT166721452,,
BMT172773733,,
BMT172773734,,
BMT166720832,,
BMT3259655B,,
BMT172773734,,
BMT172773735,,
BMT172773734,,
BMT172773736,,
BMT166721423,,
BMT166721424,,
BMT166720834,,
BMT4072614B,,
BMT166721421,,
BMT2253426B,,
BMT166720835,,
BMT172069094,,
BMT172069097,,
BMT172069099,,
BMT172069097,,
BMT2253433B,,
BMT172069097,,
BMT172069101,,
BMT2253426B,,
BMT3988383B,,
BMT2253433B,,
BMT172069100,,
BMT172773736,,
BMT172773737,,
BMT172773736,,
BMT172773738,,
BMT172773736,,
BMT3161599B,,
BMT172773738,,
BMT172773747,,
BMT172773738,,
BMT3259949B,,
BMT172773748,,
BMT172773749,,
BMT172773748,,
BMT3259963B,,
BMT166721461,,
BMT166721462,,
BMT166721461,,
BMT166721463,,
BMT166720798,,
BMT166720800,,
BMT166720798,,
BMT166720797,,
BMT166720798,,
BMT166720801,,
BMT166720797,,
BMT166720799,,
BMT166720794,,
BMT166720796,,
BMT166720794,,
BMT166720797,,
BMT166721316,,
BMT166721318,,
BMT166721336,,
BMT166721337,,
BMT166721316,,
BMT166721319,,
BMT166721316,,
BMT170691667,,
BMT166721337,,
BMT166721338,,
BMT2254791B,,
BMT166721324,,
BMT166721324,,
BMT166721325,,
BMT166721324,,
BMT3251073B,,
BMT166721324,,
BMT3251388B,,
BMT166721327,,
BMT1240687B,,
BMT2254812B,,
BMT3251108B,,
BMT166721328,,
BMT166721329,,
BMT166721328,,
BMT2754682B,,
BMT166721328,,
BMT166721331,,
BMT166721284,,
BMT166721287,,
BMT172205035,,
BMT172205036,,
BMT172205039,,
BMT172205042,,
BMT172205039,,
BMT172205043,,
BMT172205043,,
BMT172205044,,
BMT172205043,,
BMT172205045,,
BMT172205043,,
BMT172205046,,
BMT172205047,,
BMT172205049,,
BMT172205047,,
BMT172205050,,
BMT166719962,,
BMT166719963,,
BMT8705778B,,
BMT167558930,,
BMT167558931,,
BMT167558932,,
BMT166720662,,
BMT8757311B,,
BMT166720662,,
BMT166720664,,
BMT8757311B,,
BMT166720663,,
BMT2247035B,,
BMT8757409B,,
BMT4087832B,,
BMT8757409B,,
BMT166720661,,
BMT166720662,,
BMT3247587B,,
BMT8837178B,,
BMT3247601B,,
BMT8837178B,,
BMT3247601B,,
BMT8837179B,,
BMT3247615B,,
BMT8837179B,,
BMT2247315B,,
BMT168096366,,
BMT168096366,,
BMT8877420B,,
BMT168096366,,
BMT168096367,,
BMT1245167B,,
BMT166721276,,
BMT166721276,,
BMT166721275,,
BMT166721276,,
BMT166721278,,
BMT166720819,,
BMT172069084,,
BMT172069084,,
BMT172069085,,
BMT172069085,,
BMT172069086,,
BMT166720747,,
BMT166720749,,
BMT166720750,,
BMT9124192B,,
BMT9124192B,,
BMT9124201B,,
BMT9124201B,,
BMT166720751,,
BMT166719815,,
BMT166719816,,
BMT170687957,,
BMT7129443B,,
BMT1242136B,,
BMT1242129B,,
BMT167074794,,
BMT167074796,,
BMT167074796,,
BMT3264121B,,
BMT167074796,,
BMT167074798,,
BMT1221990B,,
BMT167162605,,
BMT167162605,,
BMT1221983B,,
BMT9232959B,,
BMT166720028,,
BMT3231256B,,
BMT9233079B,,
BMT9233079B,,
BMT166720033,,
BMT172270099,,
BMT9295982B,,
BMT9295982B,,
BMT9295984B,,
BMT9295984B,,
BMT172270100,,
BMT172266505,,
BMT9379338B,,
BMT9379338B,,
BMT3263491B,,
BMT172270100,,
BMT9379393B,,
BMT9379393B,,
BMT9379394B,,
BMT9379394B,,
BMT9379395B,,
BMT9379395B,,
BMT9379396B,,
BMT9379396B,,
BMT172270101,,
BMT172270101,,
BMT172270102,,
BMT2519048B,,
BMT166721134,,
BMT166721133,,
BMT2519069B,,
BMT2519069B,,
BMT2519048B,,
BMT166721134,,
BMT166721135,,
BMT166721134,,
BMT2519097B,,
BMT2519097B,,
BMT166721136,,
BMT166719834,,
BMT2249135B,,
BMT171199970,,
BMT8744479B,,
BMT8744479B,,
BMT171199973,,
BMT1242948B,,
BMT167194286,,
BMT166720020,,
BMT3232964B,,
BMT166759749,,
BMT9219801B,,
BMT9219801B,,
BMT9219804B,,
BMT9219804B,,
BMT9219807B,,
BMT9219807B,,
BMT166759752,,
BMT168093685,,
BMT168093687,,
BMT168094202,,
BMT9220682B,,
BMT9220682B,,
BMT9220683B,,
BMT9220683B,,
BMT168094203,,
BMT168094203,,
BMT9220702B,,
BMT9220702B,,
BMT9220717B,,
BMT9220717B,,
BMT9220723B,,
BMT9220723B,,
BMT168094204,,
BMT167113755,,
BMT1244453B,,
BMT1244453B,,
BMT1244460B,,
BMT1244460B,,
BMT167113757,,
BMT167188602,,
BMT170859444,,
BMT2255960B,,
BMT2256023B,,
BMT166720774,,
BMT2664767B,,
BMT166720774,,
BMT166720776,,
BMT2255974B,,
BMT4072404B,,
BMT166720778,,
BMT166720780,,
BMT166720778,,
BMT4072425B,,
BMT166720781,,
BMT166720782,,
BMT166720781,,
BMT4072432B,,
BMT166721464,,
BMT166721465,,
BMT166720783,,
BMT4072446B,,
BMT166720784,,
BMT166720785,,
BMT166720784,,
BMT166720786,,
BMT166721465,,
BMT2639511B,,
BMT166721465,,
BMT2664984B,,
BMT166720785,,
BMT2665075B,,
BMT166720785,,
BMT166720789,,
BMT2256023B,,
BMT2716399B,,
BMT2549428B,,
BMT2549435B,,
BMT2549435B,,
BMT166719984,,
BMT166719984,,
BMT166719985,,
BMT166719984,,
BMT4054645B,,
BMT166720369,,
BMT166720370,,
BMT166720369,,
BMT2605988B,,
BMT2605988B,,
BMT166720371,,
BMT166720410,,
BMT166720404,,
BMT166720410,,
BMT166720411,,
BMT166720410,,
BMT3262756B,,
BMT166720411,,
BMT166720415,,
BMT2606380B,,
BMT171785836,,
BMT2606681B,,
BMT172266534,,
BMT2612449B,,
BMT2612456B,,
BMT2612456B,,
BMT2612463B,,
BMT2612463B,,
BMT166720359,,
BMT166720359,,
BMT166720362,,
BMT166720359,,
BMT2612477B,,
BMT2612477B,,
BMT166720363,,
BMT166720366,,
BMT166720369,,
BMT166720383,,
BMT166720398,,
BMT166720383,,
BMT3267908B,,
BMT166720383,,
BMT3777711B,,
BMT166720384,,
BMT166720385,,
BMT166720384,,
BMT166720386,,
BMT166720385,,
BMT166720395,,
BMT166720385,,
BMT166720396,,
BMT166720385,,
BMT3267992B,,
BMT166720386,,
BMT166720387,,
BMT166720386,,
BMT3268069B,,
BMT166720390,,
BMT166720392,,
BMT166720390,,
BMT166720393,,
BMT166720390,,
BMT3268188B,,
BMT166720390,,
BMT166720394,,
BMT166720404,,
BMT166720408,,
BMT166720404,,
BMT166720409,,
BMT168969017,,
BMT3264975B,,
BMT168969017,,
BMT3265073B,,
BMT166720431,,
BMT168969019,,
BMT166720547,,
BMT3265171B,,
BMT166720431,,
BMT3265395B,,
BMT166720548,,
BMT166720549,,
BMT166720548,,
BMT3265185B,,
BMT168969019,,
BMT168969028,,
BMT168969019,,
BMT168969029,,
BMT168969020,,
BMT168969021,,
BMT168969020,,
BMT168969022,,
BMT168969022,,
BMT168969023,,
BMT168969022,,
BMT166720437,,
BMT168969022,,
BMT166720438,,
BMT166720530,,
BMT166720531,,
BMT166720530,,
BMT166720532,,
BMT166720437,,
BMT168969024,,
BMT172758633,,
BMT172758634,,
BMT166720437,,
BMT3266326B,,
BMT172758634,,
BMT172758635,,
BMT172758634,,
BMT3266403B,,
BMT168969025,,
BMT3728130B,,
BMT166720450,,
BMT1264774B,,
BMT166720450,,
BMT3266004B,,
BMT166720463,,
BMT166720464,,
BMT166720463,,
BMT166720465,,
BMT172758635,,
BMT3266634B,,
BMT172758635,,
BMT3266963B,,
BMT172758637,,
BMT172758661,,
BMT172758637,,
BMT3266452B,,
BMT2556526B,,
BMT166721130,,
BMT172205036,,
BMT172205037,,
BMT172205036,,
BMT172205038,,
BMT166721068,,
BMT166721069,,
BMT166721079,,
BMT166721080,,
BMT166721080,,
BMT166721081,,
BMT2623236B,,
BMT172266520,,
BMT172205046,,
BMT172205047,,
BMT172205046,,
BMT172205048,,
BMT166720734,,
BMT166720735,,
BMT166720734,,
BMT166720736,,
BMT166720736,,
BMT166720737,,
BMT166720736,,
BMT2786567B,,
BMT166720740,,
BMT4088392B,,
BMT2251032D,,
BMT2578926D,,
BMT166720768,,
BMT166720769,,
BMT166720772,,
BMT2255960B,,
BMT166720772,,
BMT166720774,,
BMT166720409,,
BMT166720416,,
BMT166720409,,
BMT3262651B,,
BMT2545403B,,
BMT166721052,,
BMT2545410B,,
BMT2545417B,,
BMT2545417B,,
BMT2545424B,,
BMT2545424B,,
BMT3256890B,,
BMT2545431B,,
BMT166721054,,
BMT2545459B,,
BMT2545466B,,
BMT2545466B,,
BMT2545473B,,
BMT2545473B,,
BMT2545494B,,
BMT2545494B,,
BMT166721051,,
BMT2599205B,,
BMT2599212B,,
BMT2599212B,,
BMT2599219B,,
BMT2599219B,,
BMT2599226B,,
BMT2599226B,,
BMT2599233B,,
BMT2599233B,,
BMT2599240B,,
BMT2599240B,,
BMT170684425,,
BMT2664753B,,
BMT2664760B,,
BMT2664760B,,
BMT2255974B,,
BMT2664767B,,
BMT2664774B,,
BMT2664774B,,
BMT2664781B,,
BMT2664781B,,
BMT2664788B,,
BMT2664788B,,
BMT2664795B,,
BMT2664795B,,
BMT2664809B,,
BMT2664809B,,
BMT2664816B,,
BMT2664816B,,
BMT2664753B,,
BMT2664984B,,
BMT166721467,,
BMT2665075B,,
BMT166720788,,
BMT166720776,,
BMT166720777,,
BMT2665306B,,
BMT172758657,,
BMT166719856,,
BMT166719857,,
BMT166719856,,
BMT166719858,,
BMT2716259B,,
BMT166719856,,
BMT2716266B,,
BMT2716259B,,
BMT2716385B,,
BMT166720773,,
BMT2716392B,,
BMT2716385B,,
BMT2716399B,,
BMT2716392B,,
BMT2716728B,,
BMT166720729,,
BMT2716735B,,
BMT2716728B,,
BMT2716763B,,
BMT2716735B,,
BMT2773484B,,
BMT172069075,,
BMT2773554B,,
BMT166720337,,
BMT166759745,,
BMT166759746,,
BMT166759745,,
BMT2831430B,,
BMT2831430B,,
BMT166759747,,
BMT166721056,,
BMT166721070,,
BMT166721056,,
BMT3256764B,,
BMT166720752,,
BMT9158540B,,
BMT9158540B,,
BMT9158543B,,
BMT9158543B,,
BMT166720753,,
BMT166720104,,
BMT166720105,,
BMT170687884,,
BMT9160209B,,
BMT9160209B,,
BMT170687885,,
BMT166721057,,
BMT166721059,,
BMT172648539,,
BMT172648542,,
BMT172648542,,
BMT172648543,,
BMT172648542,,
BMT172648544,,
BMT167936554,,
BMT167936555,,
BMT167936555,,
BMT167936557,,
BMT167936555,,
BMT167936558,,
BMT167936554,,
BMT167936556,,
BMT172385891,,
BMT1240820B,,
BMT1240820B,,
BMT172385893,,
BMT172758652,,
BMT172758654,,
BMT172758654,,
BMT172758655,,
BMT4187001B,,
BMT172773846,,
BMT172773846,,
BMT172773847,,
BMT172773846,,
BMT172773848,,
BMT2532747B,,
BMT166719959,,
BMT166720518,,
BMT166720526,,
BMT166720518,,
BMT166720527,,
BMT2754682B,,
BMT166721330,,
BMT166721330,,
BMT166721332,,
BMT166721330,,
BMT166721333,,
BMT166720793,,
BMT166720794,,
BMT166720793,,
BMT166720795,,
BMT166720928,,
BMT2951956B,,
BMT2951956B,,
BMT166720929,,
BMT2951963B,,
BMT2951970B,,
BMT2951970B,,
BMT1240225B,,
BMT2952040B,,
BMT166720931,,
BMT172069088,,
BMT172069089,,
BMT172069088,,
BMT4072537B,,
BMT3157210B,,
BMT169056883,,
BMT169056879,,
BMT169056882,,
BMT169056879,,
BMT3157210B,,
BMT169056883,,
BMT169056884,,
BMT169056883,,
BMT3592239B,,
BMT172773739,,
BMT172773740,,
BMT172773739,,
BMT3988817B,,
BMT172773740,,
BMT3157644B,,
BMT172773740,,
BMT172773744,,
BMT3157644B,,
BMT172773743,,
BMT172773743,,
BMT172773745,,
BMT172773743,,
BMT172773746,,
BMT3242960B,,
BMT2249275B,,
BMT3242974B,,
BMT3243002B,,
BMT3243002B,,
BMT3242960B,,
BMT3243030B,,
BMT166719885,,
BMT166719886,,
BMT166719887,,
BMT3243527B,,
BMT171199951,,
BMT3243555B,,
BMT171199947,,
BMT3243583B,,
BMT171199948,,
BMT2788352B,,
BMT166720013,,
BMT2788366B,,
BMT2788352B,,
BMT166720012,,
BMT2788366B,,
BMT166720012,,
BMT2788394B,,
BMT2788380B,,
BMT166720012,,
BMT2788387B,,
BMT2788380B,,
BMT2788394B,,
BMT2788401B,,
BMT2788401B,,
BMT166720014,,
BMT166720014,,
BMT166720015,,
BMT2788415B,,
BMT2788422B,,
BMT2788422B,,
BMT166720016,,
BMT2789038B,,
BMT2789045B,,
BMT2789045B,,
BMT2789052B,,
BMT2789052B,,
BMT2789059B,,
BMT2789059B,,
BMT166721055,,
BMT166720574,,
BMT166720575,,
BMT166720574,,
BMT166720576,,
BMT173113317,,
BMT173113318,,
BMT2794610B,,
BMT166721098,,
BMT2794624B,,
BMT2794631B,,
BMT2794631B,,
BMT166721099,,
BMT166721099,,
BMT166721100,,
BMT166720658,,
BMT166720660,,
BMT166720689,,
BMT166720691,,
BMT166720689,,
BMT2857078B,,
BMT2857078B,,
BMT166720692,,
BMT3229520B,,
BMT3229527B,,
BMT3229527B,,
BMT3243772B,,
BMT3229625B,,
BMT3229632B,,
BMT3229632B,,
BMT171199943,,
BMT3229800B,,
BMT171588288,,
BMT3229849B,,
BMT166719850,,
BMT3229863B,,
BMT3229849B,,
BMT3229912B,,
BMT3229919B,,
BMT3229919B,,
BMT3229926B,,
BMT3229926B,,
BMT171588283,,
BMT3230024B,,
BMT171588289,,
BMT3230045B,,
BMT3230052B,,
BMT3230052B,,
BMT3230066B,,
BMT3230066B,,
BMT2249359B,,
BMT3230073B,,
BMT3230080B,,
BMT3230080B,,
BMT1216908B,,
BMT3230528B,,
BMT172758650,,
BMT3230577B,,
BMT172758649,,
BMT3230584B,,
BMT3230577B,,
BMT3230857B,,
BMT166720519,,
BMT3230878B,,
BMT3230857B,,
BMT3231102B,,
BMT166720578,,
BMT3231109B,,
BMT3231102B,,
BMT3231116B,,
BMT3231109B,,
BMT3231249B,,
BMT3231256B,,
BMT3231473B,,
BMT166720030,,
BMT3232285B,,
BMT167171360,,
BMT3232320B,,
BMT3232348B,,
BMT3232348B,,
BMT3232376B,,
BMT3232376B,,
BMT167171362,,
BMT3232481B,,
BMT2247315B,,
BMT9337210B,,
BMT9337208B,,
BMT172069078,,
BMT9374878B,,
BMT9374878B,,
BMT172069080,,
BMT173113329,,
BMT173113332,,
BMT173113333,,
BMT9399206B,,
BMT9399206B,,
BMT9399208B,,
BMT9399208B,,
BMT9399209B,,
BMT9399209B,,
BMT173113334,,
BMT173113334,,
BMT9399211B,,
BMT9399211B,,
BMT9399212B,,
BMT9399212B,,
BMT173113335,,
BMT9400452B,,
BMT4104464B,,
BMT4097604B,,
BMT9247725D,,
BMT9247725D,,
BMT4104450D,,
BMT4104450D,,
BMT4174835D,,
BMT4174835D,,
BMT4104457D,,
BMT4104457D,,
BMT9400452B,,
BMT166719846,,
BMT166719851,,
BMT166719846,,
BMT166719852,,
BMT2592996B,,
BMT167489798,,
BMT2593360B,,
BMT166720582,,
BMT166720578,,
BMT166720579,,
BMT166720578,,
BMT166720580,,
BMT172069094,,
BMT172069095,,
BMT172069094,,
BMT172069096,,
BMT172069095,,
BMT172069097,,
BMT172069095,,
BMT172069098,,
BMT2708755B,,
BMT2708769B,,
BMT2708769B,,
BMT172266545,,
BMT2708909B,,
BMT1243557B,,
BMT166721269,,
BMT166721280,,
BMT172266518,,
BMT2763432B,,
BMT2763432B,,
BMT172266519,,
BMT2764300B,,
BMT166720455,,
BMT2764307B,,
BMT2764300B,,
BMT166721011,,
BMT166721015,,
BMT166721011,,
BMT166721016,,
BMT166721016,,
BMT2937543B,,
BMT2937543B,,
BMT2937550B,,
BMT2937550B,,
BMT2937557B,,
BMT2937557B,,
BMT166721017,,
BMT2941477B,,
BMT2941484B,,
BMT2941484B,,
BMT3258787B,,
BMT172758642,,
BMT172758643,,
BMT172758642,,
BMT172758644,,
BMT3015418B,,
BMT167113756,,
BMT166719890,,
BMT166719891,,
BMT170684420,,
BMT166719783,,
BMT166720709,,
BMT166720710,,
BMT3176145B,,
BMT2247035B,,
BMT3227616B,,
BMT166720008,,
BMT3227805B,,
BMT2902158B,,
BMT3227812B,,
BMT3227805B,,
BMT3227854B,,
BMT3227861B,,
BMT3227861B,,
BMT166719842,,
BMT3227917B,,
BMT166719840,,
BMT168969026,,
BMT168969027,,
BMT172648537,,
BMT9389245B,,
BMT9389245B,,
BMT172648538,,
BMT2318120B,,
BMT2963086B,,
BMT166721466,,
BMT2639504B,,
BMT2639504B,,
BMT166721468,,
BMT2639511B,,
BMT166721466,,
BMT166720775,,
BMT166720778,,
BMT166720775,,
BMT166720779,,
BMT2639581B,,
BMT166720657,,
BMT166720657,,
BMT166720658,,
BMT2691913B,,
BMT1305584B,,
BMT2692102B,,
BMT166720281,,
BMT166720281,,
BMT2692130B,,
BMT166720281,,
BMT2692144B,,
BMT2692130B,,
BMT3116274B,,
BMT2692144B,,
BMT2692151B,,
BMT2692151B,,
BMT2692158B,,
BMT2692158B,,
BMT2692172B,,
BMT2692172B,,
BMT2692347B,,
BMT2692347B,,
BMT166720283,,
BMT166720279,,
BMT166720280,,
BMT2692445B,,
BMT166720269,,
BMT2692452B,,
BMT2692445B,,
BMT2692683B,,
BMT166720424,,
BMT2692711B,,
BMT2692683B,,
BMT2693824B,,
BMT2693838B,,
BMT2693838B,,
BMT3232614B,,
BMT2693887B,,
BMT166720618,,
BMT2693901B,,
BMT2693887B,,
BMT2795002B,,
BMT166720932,,
BMT166720930,,
BMT2795002B,,
BMT166720933,,
BMT2247707B,,
BMT166720933,,
BMT166720935,,
BMT173113314,,
BMT3247468B,,
BMT2795065B,,
BMT166720936,,
BMT166720360,,
BMT166720361,,
BMT167936553,,
BMT167936554,,
BMT2963086B,,
BMT3951766B,,
BMT2963590B,,
BMT166720360,,
BMT3151554B,,
BMT3151561B,,
BMT3151561B,,
BMT3151575B,,
BMT3151575B,,
BMT3151582B,,
BMT3151582B,,
BMT166721426,,
BMT166721426,,
BMT166721427,,
BMT172069092,,
BMT166720832,,
BMT172069092,,
BMT172069093,,
BMT3249981B,,
BMT172205056,,
BMT3250702B,,
BMT166721340,,
BMT3250758B,,
BMT3250702B,,
BMT166721334,,
BMT166721335,,
BMT170691667,,
BMT170691668,,
BMT3251073B,,
BMT2254812B,,
BMT3251108B,,
BMT3251115B,,
BMT3251115B,,
BMT166721326,,
BMT3251346B,,
BMT166721328,,
BMT2578709D,,
BMT4097590B,,
BMT166720766,,
BMT166720767,,
BMT2578926D,,
BMT166720766,,
BMT166721022,,
BMT166721025,,
BMT166721022,,
BMT2579703B,,
BMT2579703B,,
BMT166721026,,
BMT166721378,,
BMT166721379,,
BMT166721378,,
BMT166721380,,
BMT166721405,,
BMT2580592B,,
BMT166720858,,
BMT169287810,,
BMT166721404,,
BMT166721405,,
BMT2580592B,,
BMT2580599B,,
BMT2580599B,,
BMT166721406,,
BMT166720258,,
BMT166720259,,
BMT166720258,,
BMT2630726B,,
BMT2630726B,,
BMT166720260,,
BMT2631216B,,
BMT166720354,,
BMT2631251B,,
BMT166720355,,
BMT2786567B,,
BMT166720738,,
BMT166720742,,
BMT166720743,,
BMT2911230B,,
BMT2911237B,,
BMT2911237B,,
BMT4079117B,,
BMT170691665,,
BMT166721316,,
BMT170691665,,
BMT170691666,,
BMT166720704,,
BMT166720706,,
BMT166720704,,
BMT3536764B,,
BMT171588283,,
BMT171588284,,
BMT171588283,,
BMT3064103B,,
BMT3064103B,,
BMT171588285,,
BMT3065797B,,
BMT166721133,,
BMT3116274B,,
BMT166720282,,
BMT3117219B,,
BMT172758665,,
BMT172069071,,
BMT3118066B,,
BMT172069071,,
BMT4072495B,,
BMT3118066B,,
BMT172069072,,
BMT3205573B,,
BMT166721104,,
BMT3205580B,,
BMT3205573B,,
BMT3205643B,,
BMT3205580B,,
BMT3205692B,,
BMT3205643B,,
BMT3205699B,,
BMT3205692B,,
BMT3261671B,,
BMT3253369B,,
BMT3261706B,,
BMT3261671B,,
BMT3261776B,,
BMT168098914,,
BMT3261804B,,
BMT3261776B,,
BMT3261958B,,
BMT166720256,,
BMT3262105B,,
BMT166720084,,
BMT3262119B,,
BMT3262105B,,
BMT3262364B,,
BMT168098913,,
BMT3262448B,,
BMT168098907,,
BMT3262483B,,
BMT168098904,,
BMT3262651B,,
BMT166720417,,
BMT3262756B,,
BMT166720412,,
BMT166720405,,
BMT166720407,,
BMT3262882B,,
BMT166720406,,
BMT3262959B,,
BMT166720403,,
BMT3262973B,,
BMT3262959B,,
BMT166720213,,
BMT166720214,,
BMT166720230,,
BMT166720231,,
BMT2902158B,,
BMT166719843,,
BMT166719853,,
BMT166719854,,
BMT2979956B,,
BMT4092606B,,
BMT166720228,,
BMT3054828B,,
BMT3054828B,,
BMT3054835B,,
BMT3054835B,,
BMT166720229,,
BMT3161529B,,
BMT166721425,,
BMT3161536B,,
BMT3161529B,,
BMT3161550B,,
BMT3161536B,,
BMT3161599B,,
BMT172773739,,
BMT168093685,,
BMT168093686,,
BMT3255581B,,
BMT2248022B,,
BMT3255602B,,
BMT168093683,,
BMT3255644B,,
BMT3255651B,,
BMT3255651B,,
BMT2248015B,,
BMT166721048,,
BMT166721049,,
BMT3255763B,,
BMT3255784B,,
BMT3255784B,,
BMT166721043,,
BMT166721038,,
BMT3255973B,,
BMT3255973B,,
BMT3256288B,,
BMT3255980B,,
BMT166721040,,
BMT3256036B,,
BMT3256057B,,
BMT3256057B,,
BMT3256071B,,
BMT3256071B,,
BMT3256134B,,
BMT3256099B,,
BMT166721041,,
BMT3256134B,,
BMT3256099B,,
BMT3256288B,,
BMT166721039,,
BMT166721031,,
BMT166721033,,
BMT3256393B,,
BMT166721031,,
BMT3256400B,,
BMT3256393B,,
BMT3256512B,,
BMT166721032,,
BMT3256666B,,
BMT166721078,,
BMT3256673B,,
BMT3256666B,,
BMT3256687B,,
BMT3256673B,,
BMT3256729B,,
BMT166721073,,
BMT3256736B,,
BMT3256729B,,
BMT3256743B,,
BMT166721074,,
BMT3256764B,,
BMT166721071,,
BMT3256799B,,
BMT166721056,,
BMT3256855B,,
BMT3256799B,,
BMT3256876B,,
BMT2545410B,,
BMT3256890B,,
BMT166721053,,
BMT166721057,,
BMT166721058,,
BMT3256981B,,
BMT2248043B,,
BMT3257023B,,
BMT166721061,,
BMT3257037B,,
BMT3257058B,,
BMT3257058B,,
BMT3257072B,,
BMT3257072B,,
BMT166721063,,
BMT3257317B,,
BMT3257324B,,
BMT3257324B,,
BMT166721068,,
BMT166721001,,
BMT3257450B,,
BMT3257450B,,
BMT3257457B,,
BMT3257457B,,
BMT3257464B,,
BMT3257464B,,
BMT166721002,,
BMT3257527B,,
BMT166721019,,
BMT3263043B,,
BMT3263064B,,
BMT3263064B,,
BMT3263078B,,
BMT3263078B,,
BMT172266509,,
BMT172266509,,
BMT172266510,,
BMT3263134B,,
BMT172266513,,
BMT172266513,,
BMT3263148B,,
BMT3263148B,,
BMT166720299,,
BMT3263204B,,
BMT172266515,,
BMT172266515,,
BMT172266516,,
BMT3263421B,,
BMT3263435B,,
BMT3263435B,,
BMT3263463B,,
BMT3263463B,,
BMT3263624B,,
BMT3263491B,,
BMT3263645B,,
BMT3263519B,,
BMT172266503,,
BMT3263624B,,
BMT172266505,,
BMT3263645B,,
BMT166720292,,
BMT3263855B,,
BMT172266506,,
BMT3264065B,,
BMT167074794,,
BMT3264121B,,
BMT2691913B,,
BMT3264345B,,
BMT166720272,,
BMT3264429B,,
BMT167074801,,
BMT3264513B,,
BMT166720420,,
BMT3264611B,,
BMT166720061,,
BMT3264667B,,
BMT169935037,,
BMT169935034,,
BMT169935035,,
BMT3264835B,,
BMT168969016,,
BMT3264898B,,
BMT168969017,,
BMT3264975B,,
BMT168969018,,
BMT3265073B,,
BMT3265108B,,
BMT3265108B,,
BMT3265122B,,
BMT3265122B,,
BMT3265129B,,
BMT3265129B,,
BMT3265136B,,
BMT3265136B,,
BMT166720431,,
BMT3265171B,,
BMT166720548,,
BMT3265185B,,
BMT166720550,,
BMT3265395B,,
BMT168969020,,
BMT168969029,,
BMT168969030,,
BMT3265570B,,
BMT166720530,,
BMT166720529,,
BMT3265570B,,
BMT166720535,,
BMT166720536,,
BMT3265710B,,
BMT166720535,,
BMT3265745B,,
BMT166720534,,
BMT3265759B,,
BMT166720538,,
BMT3265794B,,
BMT166720542,,
BMT3265850B,,
BMT166720544,,
BMT3266004B,,
BMT166720452,,
BMT3266116B,,
BMT166720447,,
BMT3266130B,,
BMT3266116B,,
BMT3266326B,,
BMT168969025,,
BMT3266403B,,
BMT172758636,,
BMT3266452B,,
BMT172758662,,
BMT3266585B,,
BMT172758637,,
BMT3266606B,,
BMT3266585B,,
BMT3266620B,,
BMT3266606B,,
BMT3266634B,,
BMT3266620B,,
BMT3266900B,,
BMT166720516,,
BMT3251388B,,
BMT166721327,,
BMT166721145,,
BMT166721146,,
BMT166721141,,
BMT166721142,,
BMT166721380,,
BMT166721381,,
BMT166720870,,
BMT166720868,,
BMT166720870,,
BMT166720871,,
BMT166721372,,
BMT4007493B,,
BMT166721359,,
BMT166721360,,
BMT166721362,,
BMT166721363,,
BMT3252319B,,
BMT166720871,,
BMT3252319B,,
BMT166720872,,
BMT172648539,,
BMT172648541,,
BMT3252830B,,
BMT172648503,,
BMT3252928B,,
BMT166720142,,
BMT3253061B,,
BMT166720191,,
BMT166720191,,
BMT166720192,,
BMT172269806,,
BMT166720140,,
BMT3253229B,,
BMT172269804,,
BMT3253369B,,
BMT166720088,,
BMT166720194,,
BMT166720195,,
BMT166720194,,
BMT3591560B,,
BMT166720200,,
BMT166720201,,
BMT166720207,,
BMT166720209,,
BMT3253817B,,
BMT166720207,,
BMT3253831B,,
BMT3253817B,,
BMT166720202,,
BMT3253831B,,
BMT166720202,,
BMT4121040B,,
BMT3253859B,,
BMT166720202,,
BMT166759738,,
BMT166759739,,
BMT166720853,,
BMT4079194B,,
BMT166720215,,
BMT3254272B,,
BMT3254272B,,
BMT166720216,,
BMT166720217,,
BMT169287803,,
BMT166720222,,
BMT166720223,,
BMT3254433B,,
BMT3254440B,,
BMT3254440B,,
BMT166759749,,
BMT166759749,,
BMT166759750,,
BMT3546340B,,
BMT166719927,,
BMT3546389B,,
BMT166719929,,
BMT3546473B,,
BMT166719935,,
BMT3548391B,,
BMT166719923,,
BMT3548461B,,
BMT3548475B,,
BMT3548475B,,
BMT3548482B,,
BMT3548482B,,
BMT3548566B,,
BMT3548489B,,
BMT166719937,,
BMT3548566B,,
BMT3548580B,,
BMT3548580B,,
BMT3548489B,,
BMT3548622B,,
BMT166719922,,
BMT3548629B,,
BMT3548622B,,
BMT3548636B,,
BMT3548629B,,
BMT3548657B,,
BMT3548636B,,
BMT3548671B,,
BMT3548657B,,
BMT3548678B,,
BMT3548671B,,
BMT3548685B,,
BMT3548678B,,
BMT3548713B,,
BMT3548685B,,
BMT3548895B,,
BMT166719918,,
BMT166721020,,
BMT166721021,,
BMT3257709B,,
BMT3257723B,,
BMT3257723B,,
BMT166721005,,
BMT166721023,,
BMT166721024,,
BMT3257940B,,
BMT2247875B,,
BMT3258066B,,
BMT173113330,,
BMT3258136B,,
BMT173113322,,
BMT3258276B,,
BMT167489799,,
BMT3258290B,,
BMT167489801,,
BMT167489795,,
BMT167489796,,
BMT3258472B,,
BMT166721096,,
BMT3258668B,,
BMT167489805,,
BMT166721100,,
BMT166721101,,
BMT3258787B,,
BMT3258801B,,
BMT3258801B,,
BMT3258808B,,
BMT3258808B,,
BMT166721009,,
BMT3258955B,,
BMT166721028,,
BMT166721028,,
BMT166721029,,
BMT3259053B,,
BMT166721010,,
BMT3259102B,,
BMT166721012,,
BMT3259116B,,
BMT3259102B,,
BMT173113323,,
BMT173113324,,
BMT3259648B,,
BMT4072586B,,
BMT3259655B,,
BMT3259648B,,
BMT3259949B,,
BMT172773748,,
BMT3259963B,,
BMT172773750,,
BMT3260110B,,
BMT172069092,,
BMT3260341B,,
BMT166720819,,
BMT3260369B,,
BMT172069077,,
BMT3260558B,,
BMT166720237,,
BMT3260677B,,
BMT166720236,,
BMT3260691B,,
BMT3260677B,,
BMT3260761B,,
BMT166720238,,
BMT166720239,,
BMT166720240,,
BMT3260929B,,
BMT166720242,,
BMT166720242,,
BMT166720243,,
BMT166720204,,
BMT166720206,,
BMT3261181B,,
BMT169056879,,
BMT3261265B,,
BMT169056877,,
BMT3261552B,,
BMT166720092,,
BMT3261580B,,
BMT166720087,,
BMT3309943B,,
BMT172069071,,
BMT3310013B,,
BMT3310020B,,
BMT3310020B,,
BMT3310034B,,
BMT3310034B,,
BMT166720816,,
BMT3310069B,,
BMT4072516B,,
BMT3535175B,,
BMT166720666,,
BMT3535217B,,
BMT166720714,,
BMT166720714,,
BMT166720715,,
BMT3535266B,,
BMT2247028B,,
BMT3535280B,,
BMT3535266B,,
BMT3535301B,,
BMT3535280B,,
BMT3535329B,,
BMT166720670,,
BMT3535385B,,
BMT3535420B,,
BMT3535420B,,
BMT3550918B,,
BMT3536085B,,
BMT2247014B,,
BMT171199948,,
BMT171199949,,
BMT3243639B,,
BMT171199946,,
BMT3243646B,,
BMT3243639B,,
BMT3243681B,,
BMT3243730B,,
BMT3243695B,,
BMT3243709B,,
BMT3243709B,,
BMT3243723B,,
BMT3243723B,,
BMT171199942,,
BMT3243730B,,
BMT3243695B,,
BMT3243772B,,
BMT2249226B,,
BMT3243793B,,
BMT171199953,,
BMT3243884B,,
BMT3243898B,,
BMT3243898B,,
BMT3243905B,,
BMT3243905B,,
BMT171199956,,
BMT3243954B,,
BMT3243961B,,
BMT3243961B,,
BMT171199957,,
BMT171199959,,
BMT171199960,,
BMT171199959,,
BMT171199961,,
BMT3244241B,,
BMT3244248B,,
BMT3244248B,,
BMT171199966,,
BMT171199969,,
BMT171199970,,
BMT171199969,,
BMT171199971,,
BMT171199970,,
BMT171199972,,
BMT3245536B,,
BMT2248841B,,
BMT3245543B,,
BMT3245536B,,
BMT3245795B,,
BMT3245802B,,
BMT3245802B,,
BMT166720991,,
BMT3245893B,,
BMT166720986,,
BMT166720985,,
BMT3245893B,,
BMT3246509B,,
BMT3246516B,,
BMT3246516B,,
BMT3246530B,,
BMT3246530B,,
BMT3246544B,,
BMT3246544B,,
BMT3246558B,,
BMT3246558B,,
BMT166720978,,
BMT3246656B,,
BMT166720969,,
BMT3246698B,,
BMT166720970,,
BMT166720965,,
BMT166720967,,
BMT166720965,,
BMT3591910B,,
BMT166720964,,
BMT166720965,,
BMT3246754B,,
BMT166720964,,
BMT3246943B,,
BMT2247777B,,
BMT3247020B,,
BMT166720963,,
BMT3247027B,,
BMT3247020B,,
BMT166720960,,
BMT166720961,,
BMT3247293B,,
BMT166721117,,
BMT166721117,,
BMT166721118,,
BMT166721117,,
BMT3757775B,,
BMT3247440B,,
BMT173113315,,
BMT3247468B,,
BMT3247440B,,
BMT3247552B,,
BMT3247587B,,
BMT3247615B,,
BMT173113319,,
BMT173113319,,
BMT173113320,,
BMT3417295B,,
BMT172266532,,
BMT3546172B,,
BMT166719930,,
BMT3546221B,,
BMT3546228B,,
BMT3546228B,,
BMT3546256B,,
BMT3546242B,,
BMT166719931,,
BMT3548902B,,
BMT3548895B,,
BMT3548930B,,
BMT3548902B,,
BMT3548951B,,
BMT3548930B,,
BMT3548958B,,
BMT3548951B,,
BMT3548979B,,
BMT3548958B,,
BMT3549000B,,
BMT3548979B,,
BMT3549007B,,
BMT3549000B,,
BMT3549014B,,
BMT3549007B,,
BMT3549154B,,
BMT166719919,,
BMT3549203B,,
BMT3549210B,,
BMT3549210B,,
BMT3549217B,,
BMT3549217B,,
BMT166719988,,
BMT3549364B,,
BMT3549399B,,
BMT3549399B,,
BMT3549448B,,
BMT3549448B,,
BMT3549469B,,
BMT3549469B,,
BMT3549490B,,
BMT3549490B,,
BMT3549511B,,
BMT3549511B,,
BMT3549525B,,
BMT3549525B,,
BMT3549532B,,
BMT3549532B,,
BMT3549546B,,
BMT3549546B,,
BMT3549553B,,
BMT3549553B,,
BMT3549560B,,
BMT3549560B,,
BMT3549567B,,
BMT3549567B,,
BMT3549581B,,
BMT3549581B,,
BMT2249534B,,
BMT3550113B,,
BMT3550127B,,
BMT3550127B,,
BMT3550176B,,
BMT3550176B,,
BMT166720679,,
BMT166720679,,
BMT166720680,,
BMT3550386B,,
BMT166720684,,
BMT3550491B,,
BMT3550498B,,
BMT3550498B,,
BMT3550505B,,
BMT3550505B,,
BMT3550512B,,
BMT3550512B,,
BMT166720683,,
BMT3550652B,,
BMT3550659B,,
BMT3550659B,,
BMT3550666B,,
BMT3550666B,,
BMT166720673,,
BMT3550918B,,
BMT166720672,,
BMT3550946B,,
BMT3550967B,,
BMT3550967B,,
BMT3550981B,,
BMT3550981B,,
BMT166720688,,
BMT3551121B,,
BMT166720700,,
BMT3551401B,,
BMT166720702,,
BMT3551506B,,
BMT3551520B,,
BMT3551520B,,
BMT166719958,,
BMT3551576B,,
BMT166719945,,
BMT3551632B,,
BMT166719946,,
BMT166720693,,
BMT166720697,,
BMT166720693,,
BMT166720698,,
BMT3552059B,,
BMT3552066B,,
BMT3552066B,,
BMT166720694,,
BMT3552073B,,
BMT166720696,,
BMT3552094B,,
BMT166719948,,
BMT3552101B,,
BMT166719950,,
BMT3552108B,,
BMT166719952,,
BMT3552115B,,
BMT3552108B,,
BMT3552122B,,
BMT166719953,,
BMT3232614B,,
BMT166720619,,
BMT166720619,,
BMT166720620,,
BMT3232964B,,
BMT168096364,,
BMT3233055B,,
BMT3233069B,,
BMT3233069B,,
BMT166720628,,
BMT3233433B,,
BMT166720640,,
BMT3233475B,,
BMT166720638,,
BMT3233503B,,
BMT166720636,,
BMT3233510B,,
BMT3233503B,,
BMT3233524B,,
BMT3233510B,,
BMT3233545B,,
BMT166720634,,
BMT3233559B,,
BMT3233566B,,
BMT3233566B,,
BMT166720020,,
BMT3233643B,,
BMT166720644,,
BMT3233804B,,
BMT3233790B,,
BMT166719820,,
BMT166719821,,
BMT166719826,,
BMT2249121B,,
BMT166719826,,
BMT166719828,,
BMT3233972B,,
BMT166720594,,
BMT3234042B,,
BMT166720599,,
BMT3234644B,,
BMT172266537,,
BMT3234686B,,
BMT172266535,,
BMT172266530,,
BMT172266531,,
BMT172266530,,
BMT3417295B,,
BMT3234735B,,
BMT166720324,,
BMT3234770B,,
BMT172266540,,
BMT3234805B,,
BMT3234812B,,
BMT3234812B,,
BMT2248561B,,
BMT3234819B,,
BMT3234826B,,
BMT3234826B,,
BMT3234833B,,
BMT3234833B,,
BMT2248568B,,
BMT3235113B,,
BMT166720334,,
BMT3235442B,,
BMT2248526B,,
BMT3235470B,,
BMT3235484B,,
BMT3235484B,,
BMT3235491B,,
BMT3235491B,,
BMT3235512B,,
BMT3235512B,,
BMT3235533B,,
BMT3235533B,,
BMT3235540B,,
BMT3235540B,,
BMT166720341,,
BMT166720342,,
BMT3235561B,,
BMT166720342,,
BMT3765104B,,
BMT3235561B,,
BMT166720344,,
BMT3235568B,,
BMT3235575B,,
BMT3235575B,,
BMT3235582B,,
BMT3235582B,,
BMT3235589B,,
BMT3235589B,,
BMT3235596B,,
BMT3235596B,,
BMT3235603B,,
BMT3235603B,,
BMT3235757B,,
BMT3235757B,,
BMT3235778B,,
BMT166720510,,
BMT166720511,,
BMT166720510,,
BMT3337537B,,
BMT3337537B,,
BMT166720512,,
BMT166721153,,
BMT166721154,,
BMT166721152,,
BMT166721153,,
BMT3692745B,,
BMT169287803,,
BMT169287800,,
BMT3692766B,,
BMT169287800,,
BMT169287802,,
BMT3546256B,,
BMT3546242B,,
BMT3546298B,,
BMT166719925,,
BMT3546305B,,
BMT3546298B,,
BMT3546326B,,
BMT166719926,,
BMT3728130B,,
BMT168969026,,
BMT166720241,,
BMT166720244,,
BMT166720241,,
BMT3786937B,,
BMT166720241,,
BMT3786972B,,
BMT3786937B,,
BMT166720245,,
BMT3786951B,,
BMT3786958B,,
BMT3786958B,,
BMT166720246,,
BMT3786972B,,
BMT3786951B,,
BMT3867878B,,
BMT166720162,,
BMT4072292B,,
BMT166720791,,
BMT166720792,,
BMT4072306B,,
BMT4072306B,,
BMT4072313B,,
BMT4072313B,,
BMT4072320B,,
BMT4072320B,,
BMT4072327B,,
BMT4072327B,,
BMT4072334B,,
BMT4072334B,,
BMT4072341B,,
BMT4072341B,,
BMT4072348B,,
BMT4072348B,,
BMT4072355B,,
BMT4072355B,,
BMT4072362B,,
BMT4072362B,,
BMT4072369B,,
BMT4072369B,,
BMT4072467B,,
BMT4072376B,,
BMT166720793,,
BMT166720769,,
BMT166720770,,
BMT166720771,,
BMT166720772,,
BMT4072404B,,
BMT4072411B,,
BMT4072411B,,
BMT4072418B,,
BMT4072418B,,
BMT166720775,,
BMT4072425B,,
BMT166720781,,
BMT4072432B,,
BMT166720783,,
BMT4072439B,,
BMT166720784,,
BMT4072446B,,
BMT4072439B,,
BMT166720789,,
BMT166720790,,
BMT166720789,,
BMT4072292B,,
BMT4527446,,
BMT166720805,,
BMT4072467B,,
BMT4072376B,,
BMT4072495B,,
BMT172069073,,
BMT4072516B,,
BMT3260369B,,
BMT166721454,,
BMT166721455,,
BMT166721454,,
BMT166721456,,
BMT166721456,,
BMT166721457,,
BMT4072537B,,
BMT172069090,,
BMT172069090,,
BMT172069091,,
BMT172069090,,
BMT166720830,,
BMT166721447,,
BMT166721448,,
BMT166721447,,
BMT166721449,,
BMT166721449,,
BMT166721450,,
BMT4072586B,,
BMT166720834,,
BMT4072614B,,
BMT166720835,,
BMT169287799,,
BMT169287800,,
BMT169287802,,
BMT3692745B,,
BMT169287802,,
BMT169287804,,
BMT169287803,,
BMT169287805,,
BMT3552129B,,
BMT3552122B,,
BMT3552136B,,
BMT3552129B,,
BMT3552143B,,
BMT166719941,,
BMT3552150B,,
BMT166719939,,
BMT3552157B,,
BMT3552150B,,
BMT3552164B,,
BMT3552157B,,
BMT166719938,,
BMT3552164B,,
BMT3552178B,,
BMT166719916,,
BMT3552185B,,
BMT3552192B,,
BMT3552192B,,
BMT3552199B,,
BMT3552199B,,
BMT3552206B,,
BMT3552206B,,
BMT3552262B,,
BMT3552262B,,
BMT3552269B,,
BMT3552269B,,
BMT3552276B,,
BMT3552276B,,
BMT4056311B,,
BMT3552486B,,
BMT3552493B,,
BMT3552493B,,
BMT2249527B,,
BMT166720676,,
BMT166720677,,
BMT3973060B,,
BMT166720525,,
BMT3978681B,,
BMT3978688B,,
BMT3978688B,,
BMT4097604B,,
BMT169935040,,
BMT169935041,,
BMT3980144B,,
BMT166721184,,
BMT3983525B,,
BMT166719835,,
BMT3983532B,,
BMT3983525B,,
BMT3983539B,,
BMT3983532B,,
BMT3983546B,,
BMT3983539B,,
BMT166719833,,
BMT166719834,,
BMT166720009,,
BMT166720010,,
BMT3983567B,,
BMT166719833,,
BMT3983574B,,
BMT3983567B,,
BMT169287811,,
BMT169287812,,
BMT169287811,,
BMT166720858,,
BMT3988278B,,
BMT169287811,,
BMT3988285B,,
BMT3988278B,,
BMT3988292B,,
BMT3988285B,,
BMT3988299B,,
BMT3988292B,,
BMT3988306B,,
BMT3988299B,,
BMT3988313B,,
BMT3988306B,,
BMT169287813,,
BMT3988313B,,
BMT3988327B,,
BMT169287813,,
BMT3988334B,,
BMT3988327B,,
BMT169287814,,
BMT3988334B,,
BMT3988355B,,
BMT169287810,,
BMT3988362B,,
BMT3988355B,,
BMT3988369B,,
BMT3988362B,,
BMT3988376B,,
BMT3988369B,,
BMT3988383B,,
BMT166721422,,
BMT4120977B,,
BMT166721266,,
BMT166721346,,
BMT166721347,,
BMT4121040B,,
BMT166720208,,
BMT166720786,,
BMT166720787,,
BMT166721343,,
BMT166721344,,
BMT166720215,,
BMT166720218,,
BMT166759749,,
BMT4212866B,,
BMT4212866B,,
BMT4212873B,,
BMT3266963B,,
BMT166720474,,
BMT3267285B,,
BMT3267299B,,
BMT3267299B,,
BMT172758646,,
BMT3267551B,,
BMT3267572B,,
BMT3267572B,,
BMT3267600B,,
BMT3267600B,,
BMT3267614B,,
BMT3267614B,,
BMT3230584B,,
BMT166720465,,
BMT166720466,,
BMT166720465,,
BMT166720467,,
BMT166720460,,
BMT166720462,,
BMT166720460,,
BMT166720463,,
BMT3267908B,,
BMT166720399,,
BMT3267992B,,
BMT166720397,,
BMT3268069B,,
BMT166720388,,
BMT3268286B,,
BMT167188833,,
BMT3268321B,,
BMT170859443,,
BMT3268356B,,
BMT170859442,,
BMT3268363B,,
BMT166720555,,
BMT3268405B,,
BMT166720557,,
BMT3757761B,,
BMT166721119,,
BMT3757775B,,
BMT3757761B,,
BMT3988817B,,
BMT172773741,,
BMT168096368,,
BMT168096369,,
BMT168096368,,
BMT168096370,,
BMT166720580,,
BMT2593353B,,
BMT4080993B,,
BMT166720892,,
BMT4081007B,,
BMT166720878,,
BMT4087832B,,
BMT170684421,,
BMT4088042B,,
BMT2979956B,,
BMT4088049B,,
BMT4088042B,,
BMT4088063B,,
BMT166720730,,
BMT166720731,,
BMT166720739,,
BMT4088077B,,
BMT166720728,,
BMT4088084B,,
BMT4088098B,,
BMT4088105B,,
BMT4088112B,,
BMT4088112B,,
BMT4088147B,,
BMT4088147B,,
BMT4088154B,,
BMT4088154B,,
BMT4088182B,,
BMT4088182B,,
BMT4088210B,,
BMT4088210B,,
BMT4088217B,,
BMT4088217B,,
BMT4088224B,,
BMT4088224B,,
BMT4088231B,,
BMT4088231B,,
BMT4088238B,,
BMT4088238B,,
BMT166720733,,
BMT4088252B,,
BMT4088259B,,
BMT4088259B,,
BMT4088266B,,
BMT4088266B,,
BMT4088273B,,
BMT4088273B,,
BMT4088280B,,
BMT4088280B,,
BMT4088294B,,
BMT4088294B,,
BMT166720734,,
BMT4088392B,,
BMT166720741,,
BMT166720741,,
BMT166720742,,
BMT172773741,,
BMT172773742,,
BMT172773845,,
BMT4187001B,,
BMT2593353B,,
BMT166720581,,
BMT166720581,,
BMT2593360B,,
BMT172205047,,
BMT172205051,,
BMT172205044,,
BMT172205053,,
BMT172205044,,
BMT172205054,,
BMT172205054,,
BMT172205055,,
BMT172205054,,
BMT3249981B,,
BMT172205050,,
BMT172205052,,
BMT166720365,,
BMT166720366,,
BMT166720365,,
BMT166720367,,
BMT166721283,,
BMT166721284,,
BMT166721283,,
BMT166721285,,
BMT2715678B,,
BMT166719914,,
BMT166719913,,
BMT2715678B,,
BMT166719913,,
BMT166719915,,
BMT2715713B,,
BMT166719913,,
BMT166719915,,
BMT2249366B,,
BMT166719991,,
BMT2715727B,,
BMT2715727B,,
BMT2715734B,,
BMT2715734B,,
BMT2715741B,,
BMT2715741B,,
BMT2715748B,,
BMT2715748B,,
BMT2715755B,,
BMT2715755B,,
BMT2715762B,,
BMT2715762B,,
BMT166719993,,
BMT166720001,,
BMT2715776B,,
BMT2715776B,,
BMT166720003,,
BMT2715839B,,
BMT2715713B,,
BMT2716161B,,
BMT166719998,,
BMT2716217B,,
BMT2716224B,,
BMT2716224B,,
BMT2716266B,,
BMT2816079B,,
BMT3233447B,,
BMT2816660B,,
BMT166720637,,
BMT2914212B,,
BMT2914219B,,
BMT2914219B,,
BMT166720019,,
BMT166721282,,
BMT2922332B,,
BMT2922325B,,
BMT166721282,,
BMT2922332B,,
BMT166721283,,
BMT166719847,,
BMT166719848,,
BMT166719847,,
BMT166719849,,
BMT166721147,,
BMT3716118B,,
BMT3716118B,,
BMT166721148,,
BMT166721148,,
BMT166721149,,
BMT3929723B,,
BMT166720040,,
BMT168096373,,
BMT168096371,,
BMT168096371,,
BMT168096374,,
BMT168096371,,
BMT168096369,,
BMT168096369,,
BMT168096372,,
BMT166720098,,
BMT166720099,,
BMT169056884,,
BMT4233299B,,
BMT4233299B,,
BMT166720118,,
BMT166720118,,
BMT166720120,,
BMT169703238,,
BMT169703239,,
BMT169703239,,
BMT4233334B,,
BMT169703242,,
BMT169703244,,
BMT169703239,,
BMT169703241,,
BMT166720985,,
BMT166720987,,
BMT166719887,,
BMT166719888,,
BMT1222823B,,
BMT166719770,,
BMT4212873B,,
BMT166759751,,
BMT166721031,,
BMT4196304B,,
BMT166719993,,
BMT166719994,,
BMT166720011,,
BMT2788387B,,
BMT166720653,,
BMT3233790B,,
BMT166720618,,
BMT2693824B,,
BMT166720651,,
BMT3233804B,,
BMT166719952,,
BMT2532747B,,
BMT166719954,,
BMT166719956,,
BMT166720637,,
BMT2816079B,,
BMT166720597,,
BMT166720596,,
BMT166720640,,
BMT166720641,,
BMT166720640,,
BMT166720642,,
BMT166720264,,
BMT2247546B,,
BMT1240687B,,
BMT3251346B,,
BMT1240722B,,
BMT172385887,,
BMT1240729B,,
BMT1240722B,,
BMT1240743B,,
BMT1240729B,,
BMT1240757B,,
BMT1240743B,,
BMT1240764B,,
BMT1240757B,,
BMT172385886,,
BMT1240764B,,
BMT166720161,,
BMT1241247B,,
BMT1240841B,,
BMT166721128,,
BMT1240848B,,
BMT1240841B,,
BMT1240855B,,
BMT1240848B,,
BMT1240876B,,
BMT1240855B,,
BMT1240883B,,
BMT1240876B,,
BMT1240890B,,
BMT1240638B,,
BMT1240897B,,
BMT1240883B,,
BMT1240904B,,
BMT1240890B,,
BMT1240911B,,
BMT1240904B,,
BMT1240918B,,
BMT1240897B,,
BMT166720923,,
BMT1240911B,,
BMT166721127,,
BMT1240918B,,
BMT166720922,,
BMT166720923,,
BMT166720917,,
BMT166720921,,
BMT1240946B,,
BMT166720917,,
BMT166720916,,
BMT1240946B,,
BMT166720916,,
BMT166720918,,
BMT1240967B,,
BMT166720916,,
BMT1240974B,,
BMT1240967B,,
BMT1240981B,,
BMT1240974B,,
BMT166721150,,
BMT166721151,,
BMT168676960,,
BMT1241093B,,
BMT1241072B,,
BMT1241079B,,
BMT1241079B,,
BMT1241086B,,
BMT1241086B,,
BMT1241107B,,
BMT1241093B,,
BMT168676961,,
BMT1241100B,,
BMT1241072B,,
BMT1241107B,,
BMT166720161,,
BMT168676962,,
BMT1241100B,,
BMT168676961,,
BMT168676962,,
BMT1241163B,,
BMT168676964,,
BMT1241205B,,
BMT168676960,,
BMT1241247B,,
BMT3867878B,,
BMT168677094,,
BMT1241261B,,
BMT1222837B,,
BMT1222823B,,
BMT1222844B,,
BMT1222837B,,
BMT1243480B,,
BMT1243473B,,
BMT166721248,,
BMT1243480B,,
BMT1243501B,,
BMT166721248,,
BMT1243508B,,
BMT1243501B,,
BMT166721249,,
BMT1243508B,,
BMT166721266,,
BMT166721265,,
BMT166721342,,
BMT166721343,,
BMT1243550B,,
BMT4120977B,,
BMT166721268,,
BMT2708909B,,
BMT166721268,,
BMT166721269,,
BMT166721218,,
BMT1243606B,,
BMT1243606B,,
BMT1243599B,,
BMT166721226,,
BMT1243627B,,
BMT1243627B,,
BMT166721225,,
BMT166721225,,
BMT1243648B,,
BMT1243648B,,
BMT1243662B,,
BMT1243662B,,
BMT166721201,,
BMT166721200,,
BMT166721199,,
BMT166721202,,
BMT166721205,,
BMT166721199,,
BMT166721202,,
BMT166721199,,
BMT166721203,,
BMT166721199,,
BMT4080993B,,
BMT167113750,,
BMT1244201B,,
BMT166721203,,
BMT1243711B,,
BMT1243711B,,
BMT1244768B,,
BMT166720276,,
BMT166720277,,
BMT166720275,,
BMT166720276,,
BMT166720272,,
BMT167074800,,
BMT166720272,,
BMT3264429B,,
BMT166721189,,
BMT1243823B,,
BMT166721191,,
BMT1243851B,,
BMT1243907B,,
BMT166720894,,
BMT166720893,,
BMT1243907B,,
BMT1243977B,,
BMT1287314B,,
BMT1243984B,,
BMT1243977B,,
BMT1243991B,,
BMT1243984B,,
BMT1243998B,,
BMT1243991B,,
BMT166721190,,
BMT1243998B,,
BMT167113753,,
BMT1243382B,,
BMT1244061B,,
BMT167113759,,
BMT1244124B,,
BMT1244089B,,
BMT1244201B,,
BMT167113751,,
BMT167113751,,
BMT1244229B,,
BMT1244229B,,
BMT1244243B,,
BMT1244243B,,
BMT1244257B,,
BMT1244257B,,
BMT167113752,,
BMT166721216,,
BMT166721217,,
BMT167113752,,
BMT1244124B,,
BMT167113752,,
BMT166721210,,
BMT167113752,,
BMT167113754,,
BMT166721217,,
BMT1244397B,,
BMT1244383B,,
BMT166721218,,
BMT1244390B,,
BMT1244383B,,
BMT1244397B,,
BMT1244404B,,
BMT3227931B,,
BMT3227917B,,
BMT3227938B,,
BMT3227931B,,
BMT3228498B,,
BMT166719838,,
BMT166720010,,
BMT166720011,,
BMT3228799B,,
BMT3228813B,,
BMT3228813B,,
BMT3228820B,,
BMT3228820B,,
BMT3228834B,,
BMT3228834B,,
BMT3228862B,,
BMT3228862B,,
BMT166719844,,
BMT3228967B,,
BMT3228988B,,
BMT3228981B,,
BMT2249191B,,
BMT3229149B,,
BMT3229163B,,
BMT3229163B,,
BMT3229170B,,
BMT3229170B,,
BMT3552178B,,
BMT3229184B,,
BMT166719845,,
BMT3229408B,,
BMT171199941,,
BMT3268720B,,
BMT170859434,,
BMT170859438,,
BMT170859441,,
BMT170859439,,
BMT170859440,,
BMT3269000B,,
BMT168096368,,
BMT3269063B,,
BMT172640561,,
BMT4054645B,,
BMT4054652B,,
BMT4054652B,,
BMT166719986,,
BMT4056311B,,
BMT166719976,,
BMT166719976,,
BMT4056332B,,
BMT166719976,,
BMT166719978,,
BMT166719976,,
BMT4063808B,,
BMT4056332B,,
BMT166719977,,
BMT166719977,,
BMT166719980,,
BMT166719977,,
BMT4056360B,,
BMT4056360B,,
BMT166719981,,
BMT4135194B,,
BMT1292270B,,
BMT166719960,,
BMT166719961,,
BMT166719961,,
BMT166719962,,
BMT166721101,,
BMT4219425B,,
BMT4219425B,,
BMT166721102,,
BMT166721028,,
BMT166721030,,
BMT167489800,,
BMT3258472B,,
BMT166721098,,
BMT2794624B,,
BMT172758648,,
BMT3267551B,,
BMT166720459,,
BMT166720468,,
BMT166720455,,
BMT166720459,,
BMT166720455,,
BMT166720460,,
BMT166720453,,
BMT1239938B,,
BMT1239938B,,
BMT1239945B,,
BMT1239945B,,
BMT166720454,,
BMT166720454,,
BMT2764307B,,
BMT1239959B,,
BMT166720453,,
BMT1239966B,,
BMT1239959B,,
BMT166721146,,
BMT166721147,,
BMT166721137,,
BMT166721139,,
BMT166720102,,
BMT166720103,,
BMT166720412,,
BMT166720413,,
BMT166720412,,
BMT166720414,,
BMT166720251,,
BMT3261958B,,
BMT166720932,,
BMT166720933,,
BMT1240225B,,
BMT166720930,,
BMT1241261B,,
BMT168677095,,
BMT168677095,,
BMT168677096,,
BMT168677096,,
BMT167245409,,
BMT168677096,,
BMT1241303B,,
BMT168677101,,
BMT1241359B,,
BMT1241303B,,
BMT166720167,,
BMT168100360,,
BMT168100359,,
BMT166720915,,
BMT1240981B,,
BMT1241352B,,
BMT166720913,,
BMT1241359B,,
BMT168677102,,
BMT168677102,,
BMT166720168,,
BMT1241387B,,
BMT1241352B,,
BMT167192993,,
BMT1241366B,,
BMT167192993,,
BMT1241387B,,
BMT167192993,,
BMT1241415B,,
BMT167192995,,
BMT167192993,,
BMT1241415B,,
BMT1241429B,,
BMT1241429B,,
BMT1241464B,,
BMT1241464B,,
BMT167192992,,
BMT1241520B,,
BMT168100361,,
BMT1241527B,,
BMT1241520B,,
BMT168100359,,
BMT1241548B,,
BMT168100359,,
BMT1241555B,,
BMT168100359,,
BMT1241562B,,
BMT1241548B,,
BMT1241527B,,
BMT1241562B,,
BMT1241576B,,
BMT1241576B,,
BMT1241961B,,
BMT166720280,,
BMT2692102B,,
BMT1241632B,,
BMT166721173,,
BMT1241639B,,
BMT1241611B,,
BMT1241639B,,
BMT1241632B,,
BMT1241639B,,
BMT1241646B,,
BMT1241653B,,
BMT1241639B,,
BMT167192992,,
BMT167192994,,
BMT167192992,,
BMT1241730B,,
BMT1241730B,,
BMT167192991,,
BMT166720423,,
BMT2692711B,,
BMT1241772B,,
BMT166721185,,
BMT1241786B,,
BMT1241772B,,
BMT1241793B,,
BMT1241786B,,
BMT166721234,,
BMT166721236,,
BMT166721233,,
BMT166721232,,
BMT166720910,,
BMT167192991,,
BMT166721232,,
BMT166721234,,
BMT166721232,,
BMT1241898B,,
BMT166721232,,
BMT1241926B,,
BMT1241898B,,
BMT166721235,,
BMT166721237,,
BMT1241912B,,
BMT1241912B,,
BMT1241919B,,
BMT1241926B,,
BMT1242395B,,
BMT1241933B,,
BMT1241919B,,
BMT1241961B,,
BMT168100358,,
BMT168100358,,
BMT1242038B,,
BMT1242024B,,
BMT166721172,,
BMT1242031B,,
BMT1242024B,,
BMT1242038B,,
BMT168100357,,
BMT1244404B,,
BMT1244390B,,
BMT167113754,,
BMT1244425B,,
BMT1244425B,,
BMT167113755,,
BMT167113755,,
BMT3015418B,,
BMT1244481B,,
BMT166720889,,
BMT1244488B,,
BMT166720893,,
BMT166720889,,
BMT166720891,,
BMT166720889,,
BMT1244488B,,
BMT166720889,,
BMT1244502B,,
BMT1244502B,,
BMT166720888,,
BMT166720888,,
BMT166720887,,
BMT166720880,,
BMT1244544B,,
BMT1244544B,,
BMT166720879,,
BMT1244558B,,
BMT166721268,,
BMT1244565B,,
BMT1244558B,,
BMT1244572B,,
BMT1244565B,,
BMT1244579B,,
BMT1244572B,,
BMT166721270,,
BMT1244579B,,
BMT166721271,,
BMT166721270,,
BMT1244607B,,
BMT166721271,,
BMT166721272,,
BMT1244607B,,
BMT166721273,,
BMT166721272,,
BMT170691664,,
BMT170691665,,
BMT1244628B,,
BMT166721273,,
BMT166720882,,
BMT1245020B,,
BMT166720882,,
BMT1245125B,,
BMT1244663B,,
BMT166720882,,
BMT1244670B,,
BMT1244663B,,
BMT166720881,,
BMT1244670B,,
BMT166720879,,
BMT166720881,,
BMT166720879,,
BMT1244698B,,
BMT166720879,,
BMT1244705B,,
BMT1244705B,,
BMT1244719B,,
BMT1244719B,,
BMT1244726B,,
BMT1244726B,,
BMT1244733B,,
BMT1244733B,,
BMT4081007B,,
BMT1244768B,,
BMT166721204,,
BMT166721221,,
BMT1244789B,,
BMT1244789B,,
BMT166721222,,
BMT166721222,,
BMT1244866B,,
BMT1244866B,,
BMT1244929B,,
BMT1244929B,,
BMT1244943B,,
BMT1244943B,,
BMT166721223,,
BMT166721223,,
BMT166721224,,
BMT166721224,,
BMT166720877,,
BMT1245020B,,
BMT1245027B,,
BMT1245125B,,
BMT1287209B,,
BMT166721274,,
BMT1244628B,,
BMT1245153B,,
BMT166721274,,
BMT166721275,,
BMT1245153B,,
BMT166721277,,
BMT1245167B,,
BMT166721281,,
BMT1245181B,,
BMT1245181B,,
BMT1245195B,,
BMT1245188B,,
BMT166721277,,
BMT1245195B,,
BMT2922325B,,
BMT1245202B,,
BMT1245188B,,
BMT166721169,,
BMT166721170,,
BMT166721171,,
BMT1242031B,,
BMT166721168,,
BMT166721169,,
BMT1242059B,,
BMT166721164,,
BMT168100357,,
BMT1242059B,,
BMT168100357,,
BMT1242080B,,
BMT168100357,,
BMT1242087B,,
BMT1242087B,,
BMT1242101B,,
BMT1242101B,,
BMT1242990B,,
BMT167192991,,
BMT1242136B,,
BMT167192991,,
BMT167192990,,
BMT167192990,,
BMT1242192B,,
BMT1242192B,,
BMT1242227B,,
BMT1242227B,,
BMT167192989,,
BMT166720905,,
BMT1242787B,,
BMT1242269B,,
BMT1241653B,,
BMT166721172,,
BMT1242269B,,
BMT166721172,,
BMT166721174,,
BMT166721174,,
BMT1242311B,,
BMT1242311B,,
BMT1242332B,,
BMT1242332B,,
BMT1242353B,,
BMT166721231,,
BMT166721228,,
BMT1242395B,,
BMT166721231,,
BMT166721228,,
BMT1242430B,,
BMT1242430B,,
BMT1242437B,,
BMT1242437B,,
BMT1242444B,,
BMT1242444B,,
BMT166721227,,
BMT166721227,,
BMT1243200B,,
BMT166721227,,
BMT166721226,,
BMT1242458B,,
BMT1241933B,,
BMT1242493B,,
BMT1242458B,,
BMT166721238,,
BMT1242493B,,
BMT1242528B,,
BMT166721240,,
BMT166721239,,
BMT166721238,,
BMT166721239,,
BMT1242528B,,
BMT166721239,,
BMT1242542B,,
BMT1242563B,,
BMT166721239,,
BMT166721181,,
BMT166721183,,
BMT1242612B,,
BMT166721181,,
BMT1242640B,,
BMT166721179,,
BMT1242647B,,
BMT1242640B,,
BMT1242654B,,
BMT1242647B,,
BMT166721318,,
BMT170691669,,
BMT166721323,,
BMT2254791B,,
BMT166721184,,
BMT1241793B,,
BMT166721186,,
BMT166721187,,
BMT166721183,,
BMT3980144B,,
BMT1242787B,,
BMT167194288,,
BMT1242801B,,
BMT167194288,,
BMT167194289,,
BMT1242815B,,
BMT1242822B,,
BMT1242829B,,
BMT1242829B,,
BMT167194285,,
BMT167194290,,
BMT167194289,,
BMT167194290,,
BMT167194291,,
BMT167194290,,
BMT1242899B,,
BMT166720904,,
BMT167194290,,
BMT170700970,,
BMT170700971,,
BMT3536554B,,
BMT166719775,,
BMT3536645B,,
BMT3536659B,,
BMT3536659B,,
BMT166720704,,
BMT166720707,,
BMT166720708,,
BMT3536764B,,
BMT166720707,,
BMT3591560B,,
BMT166720196,,
BMT3591910B,,
BMT3591917B,,
BMT3591917B,,
BMT166720968,,
BMT3592239B,,
BMT3592246B,,
BMT3592246B,,
BMT169056885,,
BMT3777711B,,
BMT166720400,,
BMT3856202B,,
BMT172069082,,
BMT166719759,,
BMT4005155B,,
BMT4005155B,,
BMT4005162B,,
BMT4005162B,,
BMT4005169B,,
BMT4005169B,,
BMT166719760,,
BMT166719760,,
BMT166719761,,
BMT166719760,,
BMT166719762,,
BMT166719762,,
BMT166719763,,
BMT166719764,,
BMT4005197B,,
BMT4005197B,,
BMT166719765,,
BMT170700968,,
BMT4005232B,,
BMT4005232B,,
BMT4005239B,,
BMT4005239B,,
BMT4005246B,,
BMT4005246B,,
BMT4005253B,,
BMT4005253B,,
BMT4005260B,,
BMT4005260B,,
BMT4005267B,,
BMT4005267B,,
BMT166719774,,
BMT166721356,,
BMT166721357,,
BMT4007493B,,
BMT4007500B,,
BMT4007500B,,
BMT166721373,,
BMT166721373,,
BMT166721374,,
BMT166721373,,
BMT4007514B,,
BMT4007514B,,
BMT166721375,,
BMT166721375,,
BMT166721376,,
BMT166720647,,
BMT166720648,,
BMT166720647,,
BMT4014584B,,
BMT4014584B,,
BMT166720649,,
BMT166719828,,
BMT166719831,,
BMT167162601,,
BMT167162602,,
BMT167162604,,
BMT2578709D,,
BMT4097583B,,
BMT1221990B,,
BMT4097590B,,
BMT4097583B,,
BMT171199958,,
BMT171199964,,
BMT166719821,,
BMT166719823,,
BMT166719824,,
BMT166719825,,
BMT4196304B,,
BMT166721034,,
BMT3233447B,,
BMT166720639,,
BMT4269244B,,
BMT3233433B,,
BMT166720639,,
BMT4269251B,,
BMT4269251B,,
BMT4269244B,,
BMT166721425,,
BMT3151554B,,
BMT166721256,,
BMT166721257,,
BMT166721258,,
BMT1292424B,,
BMT166721253,,
BMT166721254,,
BMT3692766B,,
BMT3692773B,,
BMT3692773B,,
BMT3692780B,,
BMT3692780B,,
BMT169287801,,
BMT3765104B,,
BMT166720345,,
BMT170700969,,
BMT3536281B,,
BMT171486026,,
BMT170679810,,
BMT166721285,,
BMT166721286,,
BMT166721312,,
BMT166721313,,
BMT4104464B,,
BMT4104471B,,
BMT4104471B,,
BMT4104478B,,
BMT4104478B,,
BMT4104485B,,
BMT4104485B,,
BMT4104492B,,
BMT4104492B,,
BMT4104499B,,
BMT4104499B,,
BMT4104506B,,
BMT4104506B,,
BMT4104520B,,
BMT4104520B,,
BMT4104527B,,
BMT4104527B,,
BMT166720763,,
BMT166720764,,
BMT4104541B,,
BMT4104541B,,
BMT166720765,,
BMT166720765,,
BMT2251032D,,
BMT166720419,,
BMT3264513B,,
BMT166719988,,
BMT166719990,,
BMT166721337,,
BMT166721339,,
BMT166721339,,
BMT3250758B,,
BMT166721339,,
BMT166721341,,
BMT166720276,,
BMT4276958B,,
BMT4276958B,,
BMT4276979B,,
BMT4276979B,,
BMT4276986B,,
BMT4276986B,,
BMT166720278,,
BMT168676957,,
BMT168676959,,
BMT168676957,,
BMT1289253B,,
BMT1289246B,,
BMT168676957,,
BMT1289253B,,
BMT1289260B,,
BMT1289260B,,
BMT1241205B,,
BMT168676955,,
BMT1289246B,,
BMT168676955,,
BMT168676958,,
BMT1289323B,,
BMT168676955,,
BMT168676954,,
BMT1289323B,,
BMT168676954,,
BMT168676956,,
BMT1289456B,,
BMT168676954,,
BMT1289463B,,
BMT1289456B,,
BMT1289470B,,
BMT1289463B,,
BMT1289477B,,
BMT1289470B,,
BMT168676953,,
BMT1289484B,,
BMT168676004,,
BMT166720145,,
BMT170686680,,
BMT170686681,,
BMT170686680,,
BMT1289764B,,
BMT170686679,,
BMT170686680,,
BMT170686678,,
BMT170686679,,
BMT1289757B,,
BMT170686678,,
BMT1289764B,,
BMT1289771B,,
BMT1289771B,,
BMT1289778B,,
BMT1289778B,,
BMT1289785B,,
BMT1289785B,,
BMT1289792B,,
BMT1289792B,,
BMT1289799B,,
BMT1289799B,,
BMT1289806B,,
BMT172205038,,
BMT172205039,,
BMT172205038,,
BMT172205040,,
BMT172205038,,
BMT172205041,,
BMT172205056,,
BMT172205057,,
BMT172205056,,
BMT172205058,,
BMT166721364,,
BMT166721369,,
BMT166721364,,
BMT166721370,,
BMT3189970B,,
BMT1292396B,,
BMT3235778B,,
BMT3235820B,,
BMT3235820B,,
BMT3235834B,,
BMT3235834B,,
BMT166720347,,
BMT166720341,,
BMT166720342,,
BMT166720341,,
BMT166720343,,
BMT3236177B,,
BMT166720348,,
BMT166721151,,
BMT166721152,,
BMT171785836,,
BMT171785837,,
BMT171785836,,
BMT171785838,,
BMT166720981,,
BMT166720982,,
BMT166720981,,
BMT166720983,,
BMT166721105,,
BMT3968748B,,
BMT3968748B,,
BMT166721106,,
BMT166721106,,
BMT166721107,,
BMT166721107,,
BMT3968769B,,
BMT166721107,,
BMT3968783B,,
BMT3968769B,,
BMT3968776B,,
BMT3968776B,,
BMT3968797B,,
BMT3968783B,,
BMT166721109,,
BMT166721109,,
BMT3968853B,,
BMT3968797B,,
BMT3968804B,,
BMT3968804B,,
BMT3968811B,,
BMT3968811B,,
BMT3968818B,,
BMT3968818B,,
BMT3968825B,,
BMT3968825B,,
BMT166721108,,
BMT166721108,,
BMT166721111,,
BMT166721111,,
BMT166721113,,
BMT3968853B,,
BMT166721110,,
BMT4059461B,,
BMT166720712,,
BMT166720712,,
BMT166720713,,
BMT166720712,,
BMT4059482B,,
BMT4059482B,,
BMT4059489B,,
BMT4059489B,,
BMT3535301B,,
BMT4063808B,,
BMT166719979,,
BMT166720378,,
BMT166720379,,
BMT166720379,,
BMT166720380,,
BMT166720379,,
BMT166720381,,
BMT172266509,,
BMT172266511,,
BMT173160390,,
BMT173160391,,
BMT173160390,,
BMT1308447B,,
BMT173160389,,
BMT173160390,,
BMT1308440B,,
BMT166720758,,
BMT1308447B,,
BMT1308454B,,
BMT1308454B,,
BMT1308461B,,
BMT1308461B,,
BMT1220877B,,
BMT4252682B,,
BMT4252710B,,
BMT4252710B,,
BMT166720584,,
BMT166719754,,
BMT7405033B,,
BMT169287803,,
BMT166720853,,
BMT166759739,,
BMT166759740,,
BMT166759739,,
BMT166759741,,
BMT4079159B,,
BMT3988376B,,
BMT169287809,,
BMT4079159B,,
BMT4079173B,,
BMT169287809,,
BMT169287808,,
BMT4079173B,,
BMT169287806,,
BMT169287807,,
BMT169287806,,
BMT169287808,,
BMT4079194B,,
BMT169287806,,
BMT166720872,,
BMT166720873,,
BMT1220870B,,
BMT1318772B,,
BMT166719765,,
BMT1221136B,,
BMT166719765,,
BMT166719767,,
BMT1221136B,,
BMT1221143B,,
BMT1221143B,,
BMT1221150B,,
BMT1221150B,,
BMT166719766,,
BMT1221549B,,
BMT166720726,,
BMT1221556B,,
BMT1221549B,,
BMT166719766,,
BMT1221626B,,
BMT1221626B,,
BMT166719768,,
BMT166719769,,
BMT1221640B,,
BMT1221640B,,
BMT1221647B,,
BMT1221647B,,
BMT1221654B,,
BMT1221654B,,
BMT1222844B,,
BMT1221892B,,
BMT1308440B,,
BMT1221899B,,
BMT1221892B,,
BMT1221906B,,
BMT1221899B,,
BMT1221983B,,
BMT1221906B,,
BMT166720725,,
BMT1221556B,,
BMT1222403B,,
BMT166720725,,
BMT166720724,,
BMT1222403B,,
BMT1222424B,,
BMT166720724,,
BMT166720723,,
BMT1222424B,,
BMT172758655,,
BMT2248848B,,
BMT166720399,,
BMT166720401,,
BMT166720601,,
BMT166720602,,
BMT1318730B,,
BMT3978681B,,
BMT1318737B,,
BMT1318730B,,
BMT1318744B,,
BMT1318737B,,
BMT1318751B,,
BMT1318744B,,
BMT173160392,,
BMT1318751B,,
BMT1318765B,,
BMT173160392,,
BMT1318772B,,
BMT1318765B,,
BMT166720018,,
BMT2914212B,,
BMT167162602,,
BMT167162603,,
BMT167162603,,
BMT167162604,,
BMT166720702,,
BMT166720705,,
BMT166720098,,
BMT8106790B,,
BMT8106790B,,
BMT8106797B,,
BMT8106797B,,
BMT8106804B,,
BMT8106804B,,
BMT166720100,,
BMT166720100,,
BMT166720101,,
BMT166721080,,
BMT166721082,,
BMT166720865,,
BMT166720866,,
BMT166720865,,
BMT166720867,,
BMT166721253,,
BMT4135194B,,
BMT1292270B,,
BMT1292312B,,
BMT1292312B,,
BMT3189970B,,
BMT166721252,,
BMT166721253,,
BMT1292326B,,
BMT166721252,,
BMT1292354B,,
BMT1292326B,,
BMT1292396B,,
BMT1292403B,,
BMT1292403B,,
BMT166721255,,
BMT1292424B,,
BMT166721259,,
BMT166721192,,
BMT166721193,,
BMT166721195,,
BMT166721196,,
BMT166721196,,
BMT1294727B,,
BMT1294706B,,
BMT166721197,,
BMT1294713B,,
BMT1294706B,,
BMT1294720B,,
BMT1294713B,,
BMT1294727B,,
BMT1294720B,,
BMT166720657,,
BMT6954947B,,
BMT6954947B,,
BMT166720659,,
BMT173113316,,
BMT166720944,,
BMT166721114,,
BMT166721115,,
BMT166721279,,
BMT1245202B,,
BMT166720878,,
BMT1245230B,,
BMT172069100,,
BMT2911230B,,
BMT172069100,,
BMT172069102,,
BMT166721424,,
BMT3161550B,,
BMT166721173,,
BMT166721175,,
BMT166721175,,
BMT1241674B,,
BMT1241674B,,
BMT166721176,,
BMT172266513,,
BMT172266514,,
BMT166720918,,
BMT166720919,,
BMT166720919,,
BMT166720920,,
BMT166721155,,
BMT166721156,,
BMT166720874,,
BMT166720875,,
BMT166720875,,
BMT166720876,,
BMT166720875,,
BMT1245230B,,
BMT7405033B,,
BMT166719757,,
BMT166719757,,
BMT2246923B,,
BMT170686684,,
BMT170686685,,
BMT170686685,,
BMT166719805,,
BMT170686687,,
BMT166719807,,
BMT173127706,,
BMT8252894B,,
BMT8252894B,,
BMT173127707,,
BMT1242822B,,
BMT167194287,,
BMT1242801B,,
BMT167194287,,
BMT167194287,,
BMT1242815B,,
BMT167194287,,
BMT8575846B,,
BMT166720581,,
BMT166720583,,
BMT166720583,,
BMT4252682B,,
BMT166720687,,
BMT4313267B,,
BMT4313267B,,
BMT166720690,,
BMT168969025,,
BMT166720442,,
BMT166720446,,
BMT3266130B,,
BMT166720672,,
BMT7736896B,,
BMT7736896B,,
BMT166720674,,
BMT166721344,,
BMT4140577B,,
BMT4140577B,,
BMT4140584B,,
BMT4140584B,,
BMT8068577B,,
BMT8068577B,,
BMT8068598B,,
BMT8068598B,,
BMT8068605B,,
BMT8068605B,,
BMT8068612B,,
BMT8068612B,,
BMT166721345,,
BMT8171337B,,
BMT166720844,,
BMT4079117B,,
BMT8171393B,,
BMT8171393B,,
BMT8171337B,,
BMT166720929,,
BMT2951963B,,
BMT166720929,,
BMT2952040B,,
BMT166721132,,
BMT3065797B,,
BMT1240302B,,
BMT166721131,,
BMT166721130,,
BMT1240302B,,
BMT1240323B,,
BMT2556526B,,
BMT166721129,,
BMT1240323B,,
BMT1240344B,,
BMT166721129,,
BMT166721128,,
BMT1240344B,,
BMT166720927,,
BMT166720928,,
BMT1240414B,,
BMT166720926,,
BMT166720925,,
BMT1240414B,,
BMT1240442B,,
BMT166720925,,
BMT1240449B,,
BMT1240442B,,
BMT1240456B,,
BMT1240449B,,
BMT166720924,,
BMT1240456B,,
BMT1240638B,,
BMT166720924,,
BMT166720449,,
BMT1264767B,,
BMT1264753B,,
BMT166720449,,
BMT166720448,,
BMT1264753B,,
BMT1264767B,,
BMT166720450,,
BMT1264774B,,
BMT1264781B,,
BMT1264781B,,
BMT1264788B,,
BMT1264788B,,
BMT166720451,,
BMT166720451,,
BMT1239966B,,
BMT166720447,,
BMT166720448,,
BMT1305584B,,
BMT167074797,,
BMT166720583,,
BMT166720585,,
BMT166720585,,
BMT166720586,,
BMT172154903,,
BMT172154904,,
BMT166720935,,
BMT7984766B,,
BMT2795065B,,
BMT7984766B,,
BMT172385887,,
BMT172385888,,
BMT172385888,,
BMT1240785B,,
BMT1240785B,,
BMT1240792B,,
BMT1240792B,,
BMT172385889,,
BMT172385889,,
BMT172385891,,
BMT172385891,,
BMT172385892,,
BMT170631822,,
BMT170631823,,
BMT172266520,,
BMT172266521,,
BMT172266521,,
BMT172266525,,
BMT172266525,,
BMT2763390B,,
BMT2763390B,,
BMT2763404B,,
BMT2763404B,,
BMT172266526,,
BMT172266526,,
BMT8420334B,,
BMT172266528,,
BMT172266530,,
BMT166720455,,
BMT166720461,,
BMT1242990B,,
BMT168100356,,
BMT166721159,,
BMT1243018B,,
BMT1243018B,,
BMT166721158,,
BMT1243025B,,
BMT1242654B,,
BMT1243039B,,
BMT1243025B,,
BMT166721178,,
BMT1243039B,,
BMT166721158,,
BMT166721160,,
BMT166721158,,
BMT1243074B,,
BMT166721158,,
BMT1243081B,,
BMT166721177,,
BMT166721178,,
BMT1243081B,,
BMT166721157,,
BMT1243186B,,
BMT1242563B,,
BMT1243200B,,
BMT166721229,,
BMT166721230,,
BMT166721241,,
BMT166721241,,
BMT1243186B,,
BMT166721241,,
BMT1243235B,,
BMT1243221B,,
BMT166721241,,
BMT166721242,,
BMT1243221B,,
BMT1243242B,,
BMT166721242,,
BMT1243249B,,
BMT1243242B,,
BMT166721251,,
BMT1292354B,,
BMT166721214,,
BMT1243249B,,
BMT166721214,,
BMT166721243,,
BMT166721243,,
BMT166721244,,
BMT166721244,,
BMT166721245,,
BMT166721244,,
BMT1243340B,,
BMT1243340B,,
BMT1243445B,,
BMT1243347B,,
BMT167113758,,
BMT1243361B,,
BMT1243347B,,
BMT1243382B,,
BMT1243361B,,
BMT167194284,,
BMT1243410B,,
BMT167194282,,
BMT167194281,,
BMT166720890,,
BMT1243431B,,
BMT1243431B,,
BMT1244481B,,
BMT1243445B,,
BMT166721246,,
BMT1243473B,,
BMT166721247,,
BMT172758659,,
BMT172758660,,
BMT172266517,,
BMT2623236B,,
BMT166720884,,
BMT166720885,,
BMT1287202B,,
BMT166720884,,
BMT1287209B,,
BMT1287202B,,
BMT1287265B,,
BMT1287272B,,
BMT1287272B,,
BMT1287279B,,
BMT1287279B,,
BMT166721194,,
BMT1287314B,,
BMT1287265B,,
BMT1243557B,,
BMT166721267,,
BMT1243550B,,
BMT166721267,,
BMT166720964,,
BMT8123541B,,
BMT8123541B,,
BMT166720966,,
BMT171189527,,
BMT2956646B,,
BMT2956646B,,
BMT2956653B,,
BMT2956653B,,
BMT171189528,,
BMT166721382,,
BMT8588096B,,
BMT8588096B,,
BMT8588103B,,
BMT8588103B,,
BMT8588110B,,
BMT8588110B,,
BMT8588117B,,
BMT8588117B,,
BMT8588124B,,
BMT8588124B,,
BMT8588208B,,
BMT8588208B,,
BMT8588222B,,
BMT8588222B,,
BMT8588257B,,
BMT8588257B,,
BMT8588264B,,
BMT8588264B,,
BMT8588502B,,
BMT8588502B,,
BMT8588509B,,
BMT8588509B,,
BMT166721383,,
BMT166721399,,
BMT8588537B,,
BMT8588537B,,
BMT166721400,,
BMT166721383,,
BMT8588523B,,
BMT8588523B,,
BMT166721384,,
BMT166721397,,
BMT166721398,,
BMT1289806B,,
BMT1289813B,,
BMT1289827B,,
BMT170686677,,
BMT170686676,,
BMT1289827B,,
BMT170686676,,
BMT1289841B,,
BMT1289841B,,
BMT1289757B,,
BMT1289848B,,
BMT170686676,,
BMT170686675,,
BMT1289848B,,
BMT1289862B,,
BMT166719793,,
BMT173113319,,
BMT173113321,,
BMT166721120,,
BMT2952047B,,
BMT2952047B,,
BMT2952054B,,
BMT2952054B,,
BMT2952061B,,
BMT2952061B,,
BMT2952075B,,
BMT2952075B,,
BMT166721121,,
BMT166721121,,
BMT2556659B,,
BMT2556659B,,
BMT166721122,,
BMT166720028,,
BMT3231473B,,
BMT166721257,,
BMT166721258,,
