BMT156320326,,
BMT156320368,,
BMT156320388,,
BMT156320390,,
BMT156320393,,
BMT156320395,,
BMT156320412,,
BMT156320420,,
BMT156320421,,
BMT156320422,,
BMT156320435,,
BMT156320450,,
BMT156320453,,
BMT156320470,,
BMT156320471,,
BMT158088628,,
BMT170740223,,
BMT170740224,,
BMT170740225,,
BMT170740226,,
BMT171887232,,
BMT171907698,,
BMT171907700,,
BMT171907702,,
BMT173621578,,
BMT173695131,,
BMT174477657,,
BMT174541646,,
BMT174541651,,
BMT174541652,,
BMT174757960,,
BMT174757962,,
BMT174757963,,
BMT174877094,,
BMT174877099,,
BMT174877101,,
BMT174877104,,
BMT175392252,,
BMT175392258,,
BMT175392260,,
BMT175392261,,
BMT175875294,,
BMT176529815,,
BMT176529816,,
BMT176529826,,
BMT176529854,,
BMT1904608B,,
BMT1914779B,,
BMT2918411B,,
BMT2919762B,,
BMT2919769B,,
BMT5265133B,,
BMT880284B,,
BMT880417B,,
BMT880501B,,
BMT880578B,,
BMT880634B,,
BMT880760B,,
BMT880767B,,
BMT880781B,,
BMT880949B,,
BMT880970B,,
BMT881012B,,
BMT881187B,,
BMT881215B,,
BMT881264B,,
BMT881271B,,
BMT881348B,,
BMT881446B,,
BMT882181B,,
BMT882209B,,
BMT882251B,,
BMT882293B,,
BMT882300B,,
BMT882370B,,
BMT882447B,,
BMT882552B,,
BMT882629B,,
BMT882671B,,
BMT882727B,,
BMT882741B,,
BMT882769B,,
BMT882776B,,
BMT882783B,,
BMT882860B,,
BMT882958B,,
BMT883105B,,
BMT883112B,,
BMT883308B,,
BMT883406B,,
BMT883588B,,
BMT883644B,,
BMT883721B,,
BMT883742B,,
BMT883777B,,
BMT883868B,,
BMT883959B,,
BMT884183B,,
BMT884260B,,
BMT884330B,,
BMT885065B,,
BMT886017B,,
BMT886038B,,
BMT886199B,,
BMT886206B,,
BMT888488B,,
BMT888866B,,
BMT891309B,,
BMT891421B,,
BMT891456B,,
BMT891512B,,
BMT891596B,,
BMT891610B,,
BMT891617B,,
BMT9001905B,,
BMT9001909B,,
BMT9001951B,,
BMT906513B,,
BMT9411733B,,
BMT9411739B,,
BMT9411746B,,
BMT9411756B,,
BMT9411759B,,
BMT9411812B,,
BMT156320321,,
BMT156320330,,
BMT156320380,,
BMT156320387,,
BMT156320394,,
BMT156320396,,
BMT156320415,,
BMT156320418,,
BMT156320445,,
BMT170740222,,
BMT171907697,,
BMT171907706,,
BMT173621137,,
BMT173695126,,
BMT174541650,,
BMT174851962,,
BMT174877090,,
BMT174877093,,
BMT174877095,,
BMT174877096,,
BMT174877097,,
BMT174877100,,
BMT174877102,,
BMT174877105,,
BMT175392249,,
BMT175392250,,
BMT175392251,,
BMT175392257,,
BMT175392268,,
BMT175875297,,
BMT176529821,,
BMT176529823,,
BMT176529824,,
BMT176529825,,
BMT1905560B,,
BMT2918278B,,
BMT2918397B,,
BMT2918404B,,
BMT880431B,,
BMT880480B,,
BMT880487B,,
BMT880648B,,
BMT880746B,,
BMT880830B,,
BMT880844B,,
BMT880977B,,
BMT881257B,,
BMT881474B,,
BMT881509B,,
BMT881516B,,
BMT882153B,,
BMT882167B,,
BMT882174B,,
BMT882307B,,
BMT882356B,,
BMT882454B,,
BMT882482B,,
BMT882720B,,
BMT883154B,,
BMT883245B,,
BMT883259B,,
BMT883322B,,
BMT883385B,,
BMT883399B,,
BMT883728B,,
BMT883735B,,
BMT883889B,,
BMT883945B,,
BMT884162B,,
BMT884169B,,
BMT884239B,,
BMT884967B,,
BMT886045B,,
BMT886304B,,
BMT886311B,,
BMT886948B,,
BMT888838B,,
BMT888873B,,
BMT890441B,,
BMT891302B,,
BMT891449B,,
BMT891519B,,
BMT891561B,,
BMT891575B,,
BMT891582B,,
BMT891680B,,
BMT891792B,,
BMT891806B,,
BMT9001870B,,
BMT9001921B,,
BMT9002055B,,
BMT9002067B,,
BMT911721B,,
BMT911735B,,
BMT9411745B,,
BMT9411809B,,
BMT9439778B,,
BMT9442089B,,
BMT156320314,,
BMT156320316,,
BMT156320318,,
BMT156320320,,
BMT156320327,,
BMT156320341,,
BMT156320389,,
BMT156320392,,
BMT156320423,,
BMT156320451,,
BMT156320452,,
BMT156320454,,
BMT156320456,,
BMT156320457,,
BMT156320459,,
BMT156320472,,
BMT168464193,,
BMT170740227,,
BMT171887231,,
BMT171887233,,
BMT171907699,,
BMT171907701,,
BMT171907703,,
BMT171907704,,
BMT171907705,,
BMT173207603,,
BMT173616767,,
BMT173619127,,
BMT173619131,,
BMT173619132,,
BMT173619133,,
BMT173621585,,
BMT173695125,,
BMT173695127,,
BMT173695132,,
BMT174477658,,
BMT174541426,,
BMT174541428,,
BMT174541430,,
BMT174541643,,
BMT174541647,,
BMT174541648,,
BMT174541649,,
BMT174757964,,
BMT174757965,,
BMT174877091,,
BMT174877092,,
BMT174877103,,
BMT175392256,,
BMT175392259,,
BMT175392262,,
BMT175392263,,
BMT175392264,,
BMT175392265,,
BMT175392269,,
BMT175392270,,
BMT175875288,,
BMT175875289,,
BMT175875291,,
BMT175875293,,
BMT175875296,,
BMT176529818,,
BMT176529820,,
BMT176529853,,
BMT1905539B,,
BMT1905553B,,
BMT2918271B,,
BMT2919755B,,
BMT2923108B,,
BMT2923115B,,
BMT3068288B,,
BMT5265140B,,
BMT846761B,,
BMT8781963B,,
BMT880298B,,
BMT880305B,,
BMT880424B,,
BMT880508B,,
BMT880585B,,
BMT880655B,,
BMT880683B,,
BMT880690B,,
BMT880998B,,
BMT881201B,,
BMT881334B,,
BMT881425B,,
BMT881432B,,
BMT881523B,,
BMT881712B,,
BMT881719B,,
BMT881726B,,
BMT881810B,,
BMT881859B,,
BMT881866B,,
BMT882041B,,
BMT882055B,,
BMT882160B,,
BMT882202B,,
BMT882216B,,
BMT882342B,,
BMT882489B,,
BMT882510B,,
BMT882608B,,
BMT882615B,,
BMT882643B,,
BMT882678B,,
BMT882713B,,
BMT882734B,,
BMT882818B,,
BMT882902B,,
BMT883035B,,
BMT883119B,,
BMT883126B,,
BMT883168B,,
BMT883301B,,
BMT883315B,,
BMT883756B,,
BMT884092B,,
BMT884148B,,
BMT884190B,,
BMT884253B,,
BMT885072B,,
BMT888852B,,
BMT891435B,,
BMT891442B,,
BMT891477B,,
BMT891498B,,
BMT891547B,,
BMT891554B,,
BMT891645B,,
BMT891659B,,
BMT891722B,,
BMT891729B,,
BMT9002006B,,
BMT9002007B,,
BMT9002072B,,
BMT9002074B,,
BMT906478B,,
BMT906485B,,
BMT911749B,,
BMT9369519B,,
BMT9437842B,,
BMT120451090,,
BMT156320319,,
BMT156320322,,
BMT156320336,,
BMT156320391,,
BMT156320397,,
BMT156320417,,
BMT156320419,,
BMT156320424,,
BMT156320425,,
BMT156320449,,
BMT156320455,,
BMT156320458,,
BMT168464190,,
BMT168464191,,
BMT168464192,,
BMT170740228,,
BMT173621586,,
BMT173695128,,
BMT173695129,,
BMT173695130,,
BMT174477656,,
BMT174541423,,
BMT174541425,,
BMT174541427,,
BMT174541429,,
BMT174541431,,
BMT174541644,,
BMT174541645,,
BMT174757959,,
BMT174757961,,
BMT174877098,,
BMT175392253,,
BMT175392254,,
BMT175392255,,
BMT175392266,,
BMT175392267,,
BMT175875290,,
BMT175875292,,
BMT175875295,,
BMT176529817,,
BMT176529819,,
BMT176529822,,
BMT2356206B,,
BMT5265119B,,
BMT846733B,,
BMT846754B,,
BMT880375B,,
BMT880389B,,
BMT880396B,,
BMT880473B,,
BMT880662B,,
BMT880669B,,
BMT880774B,,
BMT880816B,,
BMT880837B,,
BMT880963B,,
BMT881005B,,
BMT881278B,,
BMT881327B,,
BMT881341B,,
BMT881390B,,
BMT882048B,,
BMT882132B,,
BMT882139B,,
BMT882146B,,
BMT882363B,,
BMT882461B,,
BMT882496B,,
BMT882503B,,
BMT882748B,,
BMT882965B,,
BMT883007B,,
BMT883091B,,
BMT883238B,,
BMT883581B,,
BMT883700B,,
BMT883707B,,
BMT883847B,,
BMT884127B,,
BMT884155B,,
BMT884337B,,
BMT884372B,,
BMT886941B,,
BMT888845B,,
BMT890434B,,
BMT891505B,,
BMT891652B,,
BMT891687B,,
BMT891715B,,
BMT9001944B,,
BMT9002063B,,
BMT911707B,,
BMT911742B,,
BMT9411734B,,
