BMT100354536,,
BMT100355096,,
BMT100355985,,
BMT100356111,,
BMT100356125,,
BMT100356195,,
BMT100356405,,
BMT104163B,,
BMT105200181,,
BMT105200216,,
BMT105200223,,
BMT106403B,,
BMT106690B,,
BMT107397B,,
BMT108284640,,
BMT108284661,,
BMT108367940,,
BMT108804B,,
BMT109805B,,
BMT114593B,,
BMT114649B,,
BMT114656B,,
BMT115118B,,
BMT116245B,,
BMT116252B,,
BMT117561B,,
BMT117568B,,
BMT119703B,,
BMT119717B,,
BMT119815B,,
BMT121908B,,
BMT121915B,,
BMT121943B,,
BMT122314B,,
BMT133437B,,
BMT133458B,,
BMT133514B,,
BMT134816C,,
BMT137707C,,
BMT140115D,,
BMT14661C,,
BMT14801B,,
BMT14815B,,
BMT148448849,,
BMT153825700,,
BMT153825702,,
BMT153827593,,
BMT163651302,,
BMT163651305,,
BMT168072628,,
BMT17041B,,
BMT17097B,,
BMT171237450,,
BMT171673979,,
BMT171673980,,
BMT171673982,,
BMT172212253,,
BMT172299536,,
BMT173437890,,
BMT173669126,,
BMT174157396,,
BMT174157398,,
BMT175946718,,
BMT175946724,,
BMT176035296,,
BMT176035300,,
BMT176035562,,
BMT176035564,,
BMT176571773,,
BMT176571780,,
BMT176571783,,
BMT18322B,,
BMT19281C,,
BMT19841B,,
BMT290342B,,
BMT290398B,,
BMT371535B,,
BMT3763581B,,
BMT3807051B,,
BMT6964582B,,
BMT6964631B,,
BMT6964673B,,
BMT73692B,,
BMT73720B,,
BMT74924B,,
BMT75974B,,
BMT76030B,,
BMT76387B,,
BMT76765B,,
BMT77633B,,
BMT79040B,,
BMT80657B,,
BMT81056B,,
BMT81091B,,
BMT81112B,,
BMT8167252B,,
BMT8167259B,,
BMT86187B,,
BMT86425B,,
BMT86726B,,
BMT86915B,,
BMT87209B,,
BMT87244B,,
BMT87265B,,
BMT8726959B,,
BMT87279B,,
BMT87839B,,
BMT8821418B,,
BMT8821431B,,
BMT8821456B,,
BMT8821474B,,
BMT88252B,,
BMT8831103B,,
BMT89393B,,
BMT89862B,,
BMT89876B,,
BMT90177B,,
BMT90261B,,
BMT90534B,,
BMT90618B,,
BMT90646B,,
BMT90660B,,
BMT91444B,,
BMT91451B,,
BMT91528B,,
BMT91920B,,
BMT92228B,,
BMT92256B,,
BMT9425792B,,
BMT95154B,,
BMT95217B,,
BMT95238B,,
BMT95252B,,
BMT96085B,,
BMT96134B,,
BMT96344B,,
BMT96435B,,
BMT96988B,,
BMT97016B,,
BMT97023B,,
BMT97030B,,
BMT97079B,,
BMT97093B,,
BMT97121B,,
BMT97135B,,
BMT98997B,,
BMT99025B,,
BMT99046B,,
BMT99760B,,
BMT99781B,,
BMT100327B,,
BMT100348B,,
BMT100354466,,
BMT100354872,,
BMT100355103,,
BMT100355866,,
BMT100356083,,
BMT100356097,,
BMT100356363,,
BMT100356454,,
BMT100376B,,
BMT103826935,,
BMT103829749,,
BMT104086B,,
BMT104114B,,
BMT105200188,,
BMT105716578,,
BMT106361B,,
BMT107390B,,
BMT108284647,,
BMT108284675,,
BMT108818B,,
BMT109101344,,
BMT110029B,,
BMT110043B,,
BMT110064B,,
BMT115062B,,
BMT116812B,,
BMT117582B,,
BMT119766B,,
BMT121964B,,
BMT121999B,,
BMT122307B,,
BMT133479B,,
BMT133493B,,
BMT134788C,,
BMT134830C,,
BMT137742D,,
BMT140129D,,
BMT140136D,,
BMT150340897,,
BMT150340898,,
BMT153825699,,
BMT16236B,,
BMT16257B,,
BMT16285C,,
BMT168072620,,
BMT168072624,,
BMT168072630,,
BMT168072631,,
BMT17069B,,
BMT170999681,,
BMT171237261,,
BMT171673981,,
BMT171890120,,
BMT172210626,,
BMT172212252,,
BMT172299539,,
BMT173656421,,
BMT173669125,,
BMT173669127,,
BMT175683433,,
BMT175946498,,
BMT176035295,,
BMT176035301,,
BMT176035303,,
BMT176035307,,
BMT176035565,,
BMT176571774,,
BMT176571775,,
BMT176571776,,
BMT18273B,,
BMT19834B,,
BMT19904B,,
BMT19911B,,
BMT290384B,,
BMT3713790B,,
BMT3746613B,,
BMT3746627B,,
BMT3764575B,,
BMT6964624B,,
BMT73713B,,
BMT73741B,,
BMT75491B,,
BMT75568B,,
BMT75939B,,
BMT76240B,,
BMT76436B,,
BMT76737B,,
BMT77598B,,
BMT79026B,,
BMT81049B,,
BMT81077B,,
BMT82057B,,
BMT83926B,,
BMT83933B,,
BMT86201B,,
BMT86208B,,
BMT86698B,,
BMT87223B,,
BMT87237B,,
BMT87314B,,
BMT87349B,,
BMT87468B,,
BMT88014B,,
BMT8821385B,,
BMT8821408B,,
BMT8821429B,,
BMT8821469D,,
BMT8821475B,,
BMT8831113B,,
BMT89379B,,
BMT90569B,,
BMT90632B,,
BMT90674B,,
BMT90709B,,
BMT91332B,,
BMT91381B,,
BMT91395B,,
BMT91409B,,
BMT91458B,,
BMT91514B,,
BMT91542B,,
BMT91675B,,
BMT91934B,,
BMT92606B,,
BMT92648B,,
BMT95133B,,
BMT95140B,,
BMT95147B,,
BMT95168B,,
BMT96372B,,
BMT96778B,,
BMT96792B,,
BMT96974B,,
BMT96995B,,
BMT97142B,,
BMT98724B,,
BMT99004B,,
BMT99788B,,
BMT100334B,,
BMT100354494,,
BMT100354564,,
BMT100354690,,
BMT100354711,,
BMT100354914,,
BMT100355054,,
BMT100355166,,
BMT100355229,,
BMT100355992,,
BMT100356104,,
BMT100356286,,
BMT100356440,,
BMT103826914,,
BMT103826942,,
BMT103826949,,
BMT104142656,,
BMT104142677,,
BMT104142684,,
BMT105716585,,
BMT106347B,,
BMT107908B,,
BMT108284605,,
BMT108284626,,
BMT108367947,,
BMT108790B,,
BMT109101323,,
BMT109101351,,
BMT110078B,,
BMT111982B,,
BMT113675788,,
BMT116259B,,
BMT116833B,,
BMT117575B,,
BMT122335B,,
BMT137665C,,
BMT140122D,,
BMT148371443,,
BMT152551678,,
BMT153825698,,
BMT163651304,,
BMT167872472,,
BMT168072615,,
BMT168072617,,
BMT168072622,,
BMT168072625,,
BMT168072632,,
BMT171237449,,
BMT171673978,,
BMT172212251,,
BMT172215040,,
BMT172215042,,
BMT172299541,,
BMT173656422,,
BMT173656423,,
BMT173669131,,
BMT174157399,,
BMT175683429,,
BMT175683431,,
BMT175683432,,
BMT175683434,,
BMT175683436,,
BMT175946715,,
BMT176035304,,
BMT176035309,,
BMT176571777,,
BMT176571778,,
BMT176571779,,
BMT19337C,,
BMT19897B,,
BMT2440028B,,
BMT2440056B,,
BMT3432299B,,
BMT3713783B,,
BMT371507B,,
BMT371521B,,
BMT371542B,,
BMT371549B,,
BMT3746585B,,
BMT3746599B,,
BMT74931B,,
BMT74945B,,
BMT75512B,,
BMT75519B,,
BMT75547B,,
BMT75589B,,
BMT75596B,,
BMT75911B,,
BMT76037B,,
BMT76317B,,
BMT76457B,,
BMT76772B,,
BMT7748386B,,
BMT77556B,,
BMT77605B,,
BMT79054B,,
BMT81042B,,
BMT81063B,,
BMT81084B,,
BMT83947B,,
BMT86404B,,
BMT86775B,,
BMT86838B,,
BMT8726951B,,
BMT8726957B,,
BMT87272B,,
BMT87286B,,
BMT87300B,,
BMT87307B,,
BMT88021B,,
BMT8821450B,,
BMT8821457B,,
BMT8821461B,,
BMT8821463B,,
BMT8821483B,,
BMT88245B,,
BMT88287B,,
BMT8831107B,,
BMT89400B,,
BMT89890B,,
BMT90212B,,
BMT90226B,,
BMT90520B,,
BMT90541B,,
BMT90667B,,
BMT91318B,,
BMT91353B,,
BMT91402B,,
BMT91549B,,
BMT91570B,,
BMT91717B,,
BMT92207B,,
BMT92221B,,
BMT92263B,,
BMT92578B,,
BMT92585B,,
BMT92599B,,
BMT95203B,,
BMT95231B,,
BMT95259B,,
BMT96036B,,
BMT96050B,,
BMT96057B,,
BMT96477B,,
BMT97086B,,
BMT97100B,,
BMT97128B,,
BMT98682B,,
BMT98710B,,
BMT98787B,,
BMT99011B,,
BMT99039B,,
BMT99774B,,
BMT100354501,,
BMT100354578,,
BMT100355082,,
BMT100355292,,
BMT100356069,,
BMT100356279,,
BMT100411B,,
BMT104100B,,
BMT104128B,,
BMT104142663,,
BMT104149B,,
BMT105200195,,
BMT105200202,,
BMT106634B,,
BMT106648B,,
BMT107404B,,
BMT107915B,,
BMT108811B,,
BMT108916B,,
BMT108979B,,
BMT109101330,,
BMT109101337,,
BMT109798B,,
BMT110113B,,
BMT113675781,,
BMT116819B,,
BMT117617B,,
BMT119731B,,
BMT120501B,,
BMT133430B,,
BMT133451B,,
BMT14808B,,
BMT14822B,,
BMT150340899,,
BMT152420544,,
BMT152474948,,
BMT153827590,,
BMT153827591,,
BMT160139264,,
BMT160139265,,
BMT163651303,,
BMT168072616,,
BMT168072618,,
BMT168072619,,
BMT168072626,,
BMT168072627,,
BMT168072635,,
BMT168072636,,
BMT170999682,,
BMT171673983,,
BMT172215041,,
BMT172215043,,
BMT172299537,,
BMT172299538,,
BMT172299543,,
BMT172299544,,
BMT173437889,,
BMT173656373,,
BMT173669123,,
BMT173669124,,
BMT173669128,,
BMT173669129,,
BMT174157401,,
BMT175683428,,
BMT175683430,,
BMT175683435,,
BMT175946631,,
BMT175946632,,
BMT175946716,,
BMT175946717,,
BMT175946719,,
BMT175946721,,
BMT176035297,,
BMT176035299,,
BMT176035305,,
BMT176035567,,
BMT176035568,,
BMT176571782,,
BMT19883B,,
BMT2314987B,,
BMT2355538B,,
BMT2440021B,,
BMT2440035B,,
BMT3602560B,,
BMT3713797B,,
BMT371500B,,
BMT371528B,,
BMT3746592B,,
BMT3746606B,,
BMT6964554B,,
BMT73685B,,
BMT73734B,,
BMT75932B,,
BMT76002B,,
BMT76233B,,
BMT76254B,,
BMT76261B,,
BMT76289B,,
BMT76324B,,
BMT76401B,,
BMT76422B,,
BMT7658583B,,
BMT7725335C,,
BMT7725342C,,
BMT77626B,,
BMT78753B,,
BMT79089B,,
BMT81105B,,
BMT81119B,,
BMT82463B,,
BMT82547B,,
BMT86159B,,
BMT86166B,,
BMT86229B,,
BMT86810B,,
BMT87230B,,
BMT87251B,,
BMT8726960B,,
BMT87342B,,
BMT87426B,,
BMT87832B,,
BMT87993B,,
BMT8821376B,,
BMT8821425B,,
BMT8821458B,,
BMT8821476B,,
BMT88259B,,
BMT8831102B,,
BMT8839340B,,
BMT90198B,,
BMT90527B,,
BMT91157B,,
BMT91164B,,
BMT91430B,,
BMT91465B,,
BMT91479B,,
BMT91668B,,
BMT91689B,,
BMT91710B,,
BMT92200B,,
BMT92242B,,
BMT9421438B,,
BMT95189B,,
BMT96092B,,
BMT96190B,,
BMT96323B,,
BMT96827B,,
BMT97009B,,
BMT97065B,,
BMT98759B,,
BMT98780B,,
BMT99032B,,
BMT99753B,,
