BMT6053644B,,
BMT101960917,,
BMT150341588,,
BMT150341589,,
BMT101960959,,
BMT101960966,,
BMT150341589,,
BMT150341590,,
BMT150341590,,
BMT150341591,,
BMT861001B,,
BMT163941697,,
BMT163941697,,
BMT163941698,,
BMT163941697,,
BMT163941699,,
BMT101960595,,
BMT169267447,,
BMT169267446,,
BMT169267447,,
BMT832203B,,
BMT158766152,,
BMT832210B,,
BMT850655B,,
BMT832217B,,
BMT832203B,,
BMT832224B,,
BMT832217B,,
BMT158766151,,
BMT832224B,,
BMT858250B,,
BMT166799704,,
BMT150341571,,
BMT150341572,,
BMT840722B,,
BMT873944B,,
BMT845475B,,
BMT845482B,,
BMT151668954,,
BMT845510B,,
BMT101958201,,
BMT101958194,,
BMT101958201,,
BMT101958208,,
BMT845510B,,
BMT852727B,,
BMT845531B,,
BMT101957977,,
BMT851005B,,
BMT851012B,,
BMT851012B,,
BMT851019B,,
BMT851019B,,
BMT101958677,,
BMT859734B,,
BMT859748B,,
BMT859748B,,
BMT859755B,,
BMT859755B,,
BMT859762B,,
BMT859762B,,
BMT150685000,,
BMT859902B,,
BMT859895B,,
BMT169274005,,
BMT169274006,,
BMT169274005,,
BMT169274007,,
BMT169274005,,
BMT859902B,,
BMT167679218,,
BMT858649B,,
BMT860035B,,
BMT860042B,,
BMT860042B,,
BMT860056B,,
BMT860056B,,
BMT150684643,,
BMT860105B,,
BMT101959160,,
BMT860196B,,
BMT150685001,,
BMT150685002,,
BMT860196B,,
BMT860224B,,
BMT150685002,,
BMT860224B,,
BMT150685003,,
BMT150685004,,
BMT860245B,,
BMT860245B,,
BMT860252B,,
BMT860252B,,
BMT860266B,,
BMT860266B,,
BMT858838B,,
BMT860294B,,
BMT151159965,,
BMT860301B,,
BMT860294B,,
BMT151159964,,
BMT860301B,,
BMT128549087,,
BMT860644B,,
BMT860336B,,
BMT128549080,,
BMT128549073,,
BMT860336B,,
BMT860357B,,
BMT128549073,,
BMT860378B,,
BMT860357B,,
BMT860385B,,
BMT860378B,,
BMT169267446,,
BMT858726B,,
BMT169267446,,
BMT101960581,,
BMT101960574,,
BMT101960560,,
BMT101960546,,
BMT860490B,,
BMT860483B,,
BMT101960560,,
BMT860490B,,
BMT101960553,,
BMT101960553,,
BMT860483B,,
BMT101960553,,
BMT860504B,,
BMT101960553,,
BMT860511B,,
BMT860511B,,
BMT101960567,,
BMT860532B,,
BMT101958607,,
BMT860539B,,
BMT860532B,,
BMT860560B,,
BMT101958579,,
BMT860588B,,
BMT151159964,,
BMT151159962,,
BMT860588B,,
BMT860602B,,
BMT151159962,,
BMT860609B,,
BMT860602B,,
BMT860616B,,
BMT860609B,,
BMT860623B,,
BMT860616B,,
BMT151159956,,
BMT851782B,,
BMT151159956,,
BMT860623B,,
BMT151159956,,
BMT860700B,,
BMT860644B,,
BMT860651B,,
BMT860651B,,
BMT128549094,,
BMT860665B,,
BMT860560B,,
BMT860679B,,
BMT860665B,,
BMT860700B,,
BMT860707B,,
BMT860707B,,
BMT151159963,,
BMT860749B,,
BMT151159956,,
BMT101957746,,
BMT2704262B,,
BMT101961512,,
BMT101961519,,
BMT860791B,,
BMT862156B,,
BMT860798B,,
BMT860791B,,
BMT860903B,,
BMT858810B,,
BMT860917B,,
BMT860903B,,
BMT860924B,,
BMT860917B,,
BMT169267441,,
BMT860924B,,
BMT860938B,,
BMT169267441,,
BMT101960777,,
BMT860938B,,
BMT101960826,,
BMT101960833,,
BMT860959B,,
BMT101960777,,
BMT860966B,,
BMT860959B,,
BMT163941696,,
BMT154605624,,
BMT101960651,,
BMT861001B,,
BMT101961078,,
BMT101961085,,
BMT101960651,,
BMT154605624,,
BMT163941698,,
BMT101960665,,
BMT101960665,,
BMT861029B,,
BMT150341592,,
BMT150341593,,
BMT861029B,,
BMT101960672,,
BMT861036B,,
BMT163941700,,
BMT101960672,,
BMT861036B,,
BMT101961050,,
BMT101961057,,
BMT101960672,,
BMT861071B,,
BMT148952431,,
BMT886110B,,
BMT886110B,,
BMT887692B,,
BMT887692B,,
BMT887699B,,
BMT887699B,,
BMT888658B,,
BMT888658B,,
BMT888665B,,
BMT888665B,,
BMT888672B,,
BMT888672B,,
BMT888679B,,
BMT888679B,,
BMT148952430,,
BMT148098677,,
BMT148098678,,
BMT842612B,,
BMT150685737,,
BMT150685735,,
BMT150685736,,
BMT150685735,,
BMT842612B,,
BMT847239B,,
BMT844299B,,
BMT847267B,,
BMT101958215,,
BMT847267B,,
BMT3305758B,,
BMT101958215,,
BMT847295B,,
BMT847323B,,
BMT845475B,,
BMT847323B,,
BMT847295B,,
BMT850991B,,
BMT850998B,,
BMT850998B,,
BMT851005B,,
BMT856283B,,
BMT173211890,,
BMT173211892,,
BMT173211893,,
BMT856920B,,
BMT856927B,,
BMT856927B,,
BMT856934B,,
BMT856934B,,
BMT150793364,,
BMT856941B,,
BMT150793367,,
BMT150793364,,
BMT150793365,,
BMT856955B,,
BMT856941B,,
BMT150793365,,
BMT101957809,,
BMT150793365,,
BMT150793366,,
BMT101957837,,
BMT101957844,,
BMT150793366,,
BMT856955B,,
BMT150793366,,
BMT861939B,,
BMT857494B,,
BMT101959118,,
BMT101959111,,
BMT857494B,,
BMT101959104,,
BMT101959111,,
BMT169274006,,
BMT101958971,,
BMT857522B,,
BMT101961288,,
BMT101961358,,
BMT857536B,,
BMT857536B,,
BMT857557B,,
BMT857557B,,
BMT857592B,,
BMT857592B,,
BMT857599B,,
BMT857599B,,
BMT857585B,,
BMT857599B,,
BMT101961365,,
BMT101961365,,
BMT857620B,,
BMT857620B,,
BMT857634B,,
BMT857634B,,
BMT857648B,,
BMT857648B,,
BMT858915B,,
BMT857690B,,
BMT863710B,,
BMT857704B,,
BMT857690B,,
BMT163749022,,
BMT163749023,,
BMT163749022,,
BMT857704B,,
BMT163749022,,
BMT857718B,,
BMT163749021,,
BMT163749022,,
BMT857739B,,
BMT101958768,,
BMT857753B,,
BMT857739B,,
BMT136413076,,
BMT863556B,,
BMT857788B,,
BMT166799703,,
BMT101959041,,
BMT857788B,,
BMT167679220,,
BMT167679223,,
BMT167679220,,
BMT857809B,,
BMT857809B,,
BMT167679224,,
BMT857858B,,
BMT857865B,,
BMT857865B,,
BMT150685008,,
BMT150685008,,
BMT857879B,,
BMT150685008,,
BMT857900B,,
BMT857879B,,
BMT857886B,,
BMT857886B,,
BMT150685010,,
BMT150685010,,
BMT857907B,,
BMT857900B,,
BMT150685011,,
BMT857907B,,
BMT857914B,,
BMT857914B,,
BMT3720501,,
BMT858201B,,
BMT858208B,,
BMT858208B,,
BMT101958600,,
BMT101958600,,
BMT858229B,,
BMT858229B,,
BMT858236B,,
BMT858236B,,
BMT858243B,,
BMT858243B,,
BMT863129B,,
BMT858278B,,
BMT166799705,,
BMT166799705,,
BMT166799706,,
BMT101959202,,
BMT101959090,,
BMT101959202,,
BMT101959209,,
BMT101959251,,
BMT101959258,,
BMT101959216,,
BMT101959202,,
BMT101959216,,
BMT101959223,,
BMT101959223,,
BMT882785C,,
BMT150341578,,
BMT150341579,,
BMT101960623,,
BMT101960630,,
BMT101960616,,
BMT101960623,,
BMT169274002,,
BMT169274004,,
BMT169274004,,
BMT101958943,,
BMT169274004,,
BMT169274005,,
BMT858369B,,
BMT101960623,,
BMT101960616,,
BMT858369B,,
BMT101960616,,
BMT858390B,,
BMT858390B,,
BMT101960609,,
BMT858418B,,
BMT858698B,,
BMT858565B,,
BMT150685006,,
BMT150685006,,
BMT858593B,,
BMT858586B,,
BMT150685009,,
BMT858593B,,
BMT150685007,,
BMT858649B,,
BMT167679219,,
BMT858656B,,
BMT167679220,,
BMT858663B,,
BMT858656B,,
BMT858698B,,
BMT858705B,,
BMT858705B,,
BMT101959020,,
BMT858726B,,
BMT101960602,,
BMT858740B,,
BMT169267443,,
BMT858747B,,
BMT858740B,,
BMT858754B,,
BMT858747B,,
BMT169267442,,
BMT858754B,,
BMT861071B,,
BMT883051B,,
BMT861309B,,
BMT860385B,,
BMT861323B,,
BMT861309B,,
BMT128549052,,
BMT861323B,,
BMT861358B,,
BMT128549052,,
BMT861372B,,
BMT861358B,,
BMT861393C,,
BMT861407B,,
BMT861407B,,
BMT136413062,,
BMT136413062,,
BMT861442B,,
BMT861442B,,
BMT861449B,,
BMT861449B,,
BMT136413069,,
BMT136413069,,
BMT857753B,,
BMT136413069,,
BMT136413076,,
BMT136413069,,
BMT861463B,,
BMT861463B,,
BMT863437B,,
BMT861757B,,
BMT107476588,,
BMT861834B,,
BMT862744B,,
BMT151159957,,
BMT861834B,,
BMT861848B,,
BMT151159957,,
BMT861925B,,
BMT150844052,,
BMT150844051,,
BMT861925B,,
BMT150844051,,
BMT101961176,,
BMT861939B,,
BMT101957830,,
BMT128549031,,
BMT861953B,,
BMT861953B,,
BMT128549038,,
BMT128549038,,
BMT861967B,,
BMT861967B,,
BMT128549045,,
BMT861981B,,
BMT861995B,,
BMT107476553,,
BMT862002B,,
BMT861995B,,
BMT863206B,,
BMT862002B,,
BMT862009B,,
BMT862009B,,
BMT863360B,,
BMT862016B,,
BMT169267444,,
BMT862023B,,
BMT862016B,,
BMT862030B,,
BMT862023B,,
BMT169267439,,
BMT862030B,,
BMT862044B,,
BMT169267439,,
BMT862051B,,
BMT862044B,,
BMT862058B,,
BMT862051B,,
BMT862065B,,
BMT862058B,,
BMT862072B,,
BMT862065B,,
BMT862114B,,
BMT151159955,,
BMT862121B,,
BMT862114B,,
BMT151159954,,
BMT862121B,,
BMT862135B,,
BMT151159954,,
BMT862142B,,
BMT862135B,,
BMT862149B,,
BMT862142B,,
BMT862156B,,
BMT862149B,,
BMT862198B,,
BMT101959181,,
BMT862205B,,
BMT862198B,,
BMT862233B,,
BMT151159960,,
BMT862240B,,
BMT862233B,,
BMT862247B,,
BMT862240B,,
BMT862275B,,
BMT862289B,,
BMT862289B,,
BMT107476602,,
BMT107476602,,
BMT107476609,,
BMT858775B,,
BMT169267442,,
BMT858782B,,
BMT858775B,,
BMT858796B,,
BMT858782B,,
BMT858810B,,
BMT858796B,,
BMT858838B,,
BMT150685005,,
BMT101961379,,
BMT859650B,,
BMT858901B,,
BMT101961372,,
BMT858908B,,
BMT858901B,,
BMT858915B,,
BMT858908B,,
BMT858943B,,
BMT862205B,,
BMT858957B,,
BMT858943B,,
BMT858964B,,
BMT858957B,,
BMT858971B,,
BMT858964B,,
BMT858978B,,
BMT858971B,,
BMT858985B,,
BMT858978B,,
BMT101959174,,
BMT858985B,,
BMT859013B,,
BMT101959174,,
BMT859020B,,
BMT859013B,,
BMT859020B,,
BMT859433B,,
BMT859048B,,
BMT101961253,,
BMT859069B,,
BMT101961120,,
BMT859076C,,
BMT859069B,,
BMT101961113,,
BMT859076C,,
BMT101961106,,
BMT101961113,,
BMT859118B,,
BMT2869847B,,
BMT859118C,,
BMT169274000,,
BMT101960630,,
BMT2869847B,,
BMT169274001,,
BMT169274002,,
BMT169274001,,
BMT169274003,,
BMT169274003,,
BMT101958929,,
BMT859272B,,
BMT859286B,,
BMT859286B,,
BMT859300B,,
BMT859300B,,
BMT859321B,,
BMT859321B,,
BMT101958796,,
BMT169273996,,
BMT169273997,,
BMT859349B,,
BMT863612C,,
BMT859356B,,
BMT169273999,,
BMT859363B,,
BMT859349B,,
BMT169273997,,
BMT859398B,,
BMT859377B,,
BMT859363B,,
BMT169273998,,
BMT859356B,,
BMT169273998,,
BMT859377B,,
BMT859391B,,
BMT169273998,,
BMT859398B,,
BMT859391B,,
BMT859412B,,
BMT863353B,,
BMT859426B,,
BMT859412B,,
BMT859454B,,
BMT101959146,,
BMT859461B,,
BMT859433B,,
BMT101959132,,
BMT859454B,,
BMT859475B,,
BMT860105B,,
BMT101959125,,
BMT859461B,,
BMT859489B,,
BMT101959132,,
BMT859503B,,
BMT859510B,,
BMT859510B,,
BMT859517B,,
BMT859517B,,
BMT101959139,,
BMT859594B,,
BMT101961386,,
BMT173211890,,
BMT173211892,,
BMT158562038,,
BMT8895395B,,
BMT8895395B,,
BMT861015B,,
BMT861015B,,
BMT154605929,,
BMT158565024,,
BMT158565025,,
BMT101958229,,
BMT834464B,,
BMT150341575,,
BMT150341576,,
BMT839385B,,
BMT101958691,,
BMT839392B,,
BMT839385B,,
BMT839399B,,
BMT839392B,,
BMT841800B,,
BMT101958719,,
BMT841807B,,
BMT841800B,,
BMT841814B,,
BMT841807B,,
BMT101958705,,
BMT841814B,,
BMT101958698,,
BMT101958705,,
BMT848303B,,
BMT101958075,,
BMT848331B,,
BMT848303B,,
BMT852104B,,
BMT151668956,,
BMT852125B,,
BMT852104B,,
BMT852461B,,
BMT151159966,,
BMT852468B,,
BMT852461B,,
BMT173141367,,
BMT878683B,,
BMT173141367,,
BMT879621B,,
BMT173141367,,
BMT882057B,,
BMT878683B,,
BMT878697B,,
BMT878697B,,
BMT173141368,,
BMT173141368,,
BMT878711B,,
BMT878711B,,
BMT878718B,,
BMT878718B,,
BMT173141370,,
BMT878844B,,
BMT101959818,,
BMT101959818,,
BMT878872B,,
BMT878872B,,
BMT878886B,,
BMT878886B,,
BMT101959825,,
BMT878942B,,
BMT163225623,,
BMT163225623,,
BMT101959510,,
BMT163225623,,
BMT101959517,,
BMT163225623,,
BMT888147B,,
BMT101959671,,
BMT101959678,,
BMT101959776,,
BMT101959783,,
BMT152833602,,
BMT878977B,,
BMT101959678,,
BMT885746B,,
BMT878977B,,
BMT152833603,,
BMT101959783,,
BMT878991B,,
BMT878991B,,
BMT878998B,,
BMT878998B,,
BMT879005B,,
BMT879005B,,
BMT888084B,,
BMT879026B,,
BMT148822836,,
BMT879033B,,
BMT101960476,,
BMT148822836,,
BMT879033B,,
BMT148822836,,
BMT879047B,,
BMT879047B,,
BMT879061B,,
BMT879061B,,
BMT879068B,,
BMT879068B,,
BMT879075B,,
BMT879075B,,
BMT148822841,,
BMT879467B,,
BMT879481B,,
BMT879481B,,
BMT879502B,,
BMT107476602,,
BMT862303B,,
BMT107476602,,
BMT862310B,,
BMT862303B,,
BMT862317B,,
BMT862317B,,
BMT863038B,,
BMT862338B,,
BMT861848B,,
BMT151159955,,
BMT860749B,,
BMT151159955,,
BMT862338B,,
BMT151159955,,
BMT151159958,,
BMT862492B,,
BMT150844051,,
BMT150844050,,
BMT862492B,,
BMT862513B,,
BMT150844050,,
BMT862527B,,
BMT862513B,,
BMT150844049,,
BMT862527B,,
BMT862562B,,
BMT101958572,,
BMT862569B,,
BMT101958586,,
BMT862744B,,
BMT862751B,,
BMT862751B,,
BMT151159959,,
BMT151159959,,
BMT862247B,,
BMT862863B,,
BMT862562B,,
BMT862891B,,
BMT862863B,,
BMT101958565,,
BMT862891B,,
BMT101958558,,
BMT101958565,,
BMT107476567,,
BMT101958551,,
BMT863038B,,
BMT107476616,,
BMT863129B,,
BMT3857981B,,
BMT107476616,,
BMT863171B,,
BMT863171B,,
BMT107476623,,
BMT863206B,,
BMT863227B,,
BMT863227B,,
BMT128549059,,
BMT128549059,,
BMT863241B,,
BMT863241B,,
BMT128549066,,
BMT863269B,,
BMT863276B,,
BMT863276B,,
BMT107476595,,
BMT863332B,,
BMT101959153,,
BMT863339B,,
BMT863332B,,
BMT863346B,,
BMT863339B,,
BMT863353B,,
BMT863346B,,
BMT863360B,,
BMT863374B,,
BMT863374B,,
BMT107476560,,
BMT863388B,,
BMT107476574,,
BMT107476581,,
BMT863423B,,
BMT107476574,,
BMT863430B,,
BMT863423B,,
BMT861757B,,
BMT863430B,,
BMT863269B,,
BMT863437B,,
BMT863444B,,
BMT863444B,,
BMT863451B,,
BMT863451B,,
BMT136413083,,
BMT136413083,,
BMT863465B,,
BMT863465B,,
BMT863472B,,
BMT863472B,,
BMT136413090,,
BMT150844048,,
BMT150844049,,
BMT150684998,,
BMT150684999,,
BMT150684999,,
BMT859048B,,
BMT150684999,,
BMT859734B,,
BMT150684642,,
BMT860035B,,
BMT101961253,,
BMT150685001,,
BMT150793362,,
BMT833113B,,
BMT150793362,,
BMT101957788,,
BMT834429B,,
BMT101958250,,
BMT101958243,,
BMT834429B,,
BMT101958243,,
BMT101958236,,
BMT101958404,,
BMT101958411,,
BMT101958236,,
BMT834457B,,
BMT834457B,,
BMT101958229,,
BMT834464B,,
BMT834471B,,
BMT836767B,,
BMT839133B,,
BMT836774B,,
BMT836767B,,
BMT836781B,,
BMT836774B,,
BMT101958012,,
BMT101958019,,
BMT101958012,,
BMT831342B,,
BMT101958012,,
BMT836781B,,
BMT836795B,,
BMT101958012,,
BMT101958005,,
BMT836795B,,
BMT836809B,,
BMT101958005,,
BMT101957998,,
BMT836809B,,
BMT836823B,,
BMT101957984,,
BMT836830B,,
BMT836823B,,
BMT836837B,,
BMT836830B,,
BMT167679221,,
BMT167679222,,
BMT167679225,,
BMT858418B,,
BMT841037B,,
BMT167801470,,
BMT167801469,,
BMT841037B,,
BMT167801329,,
BMT2704465B,,
BMT101960007,,
BMT9396116B,,
BMT9396116B,,
BMT880580B,,
BMT169267437,,
BMT883324B,,
BMT101960721,,
BMT101960742,,
BMT101960714,,
BMT101960721,,
BMT101960714,,
BMT101960728,,
BMT101960735,,
BMT884773B,,
BMT884773B,,
BMT101960840,,
BMT101961036,,
BMT101961043,,
BMT158443676,,
BMT158443677,,
BMT158443677,,
BMT3528953B,,
BMT884927B,,
BMT163818956,,
BMT163818956,,
BMT101959902,,
BMT101960280,,
BMT884955B,,
BMT884955B,,
BMT884962B,,
BMT884962B,,
BMT884969B,,
BMT884969B,,
BMT3651712B,,
BMT172498942,,
BMT172498943,,
BMT885088B,,
BMT172498944,,
BMT172498943,,
BMT885088B,,
BMT172498943,,
BMT887916B,,
BMT163225625,,
BMT163225626,,
BMT163225625,,
BMT885179B,,
BMT885172B,,
BMT163225625,,
BMT885179B,,
BMT885193B,,
BMT885186B,,
BMT885172B,,
BMT885193B,,
BMT886740B,,
BMT885312B,,
BMT163225629,,
BMT172955436,,
BMT135322427,,
BMT135322539,,
BMT135322560,,
BMT150685734,,
BMT150685735,,
BMT150685732,,
BMT150685733,,
BMT150685732,,
BMT150685734,,
BMT150685731,,
BMT150685732,,
BMT832182B,,
BMT158766153,,
BMT850648B,,
BMT158766154,,
BMT850655B,,
BMT3318645B,,
BMT852727B,,
BMT852734B,,
BMT852734B,,
BMT852741B,,
BMT852741B,,
BMT151668955,,
BMT852748B,,
BMT852125B,,
BMT852762B,,
BMT151668957,,
BMT853574B,,
BMT853581B,,
BMT853581B,,
BMT101958061,,
BMT853763B,,
BMT853763C,,
BMT853763C,,
BMT173211889,,
BMT854953B,,
BMT845531B,,
BMT101957970,,
BMT854953B,,
BMT854981B,,
BMT101957921,,
BMT854995B,,
BMT854981B,,
BMT855009B,,
BMT101958593,,
BMT101958579,,
BMT855009B,,
BMT101958579,,
BMT858201B,,
BMT101958579,,
BMT860539B,,
BMT881441B,,
BMT881448B,,
BMT881448B,,
BMT881455B,,
BMT881455B,,
BMT152833606,,
BMT881791B,,
BMT881805B,,
BMT881805B,,
BMT881819B,,
BMT881819B,,
BMT881833B,,
BMT881833B,,
BMT101959706,,
BMT101959706,,
BMT881847B,,
BMT881847B,,
BMT881854B,,
BMT881854B,,
BMT881868B,,
BMT881868B,,
BMT881889B,,
BMT881889B,,
BMT101959713,,
BMT172807992,,
BMT173141367,,
BMT882057B,,
BMT173141369,,
BMT882064B,,
BMT172955437,,
BMT882155B,,
BMT882162B,,
BMT882162B,,
BMT148822844,,
BMT148822844,,
BMT882176B,,
BMT882176B,,
BMT882183B,,
BMT882183B,,
BMT882190B,,
BMT882190B,,
BMT882197B,,
BMT882197B,,
BMT2602846B,,
BMT882274B,,
BMT172498947,,
BMT148952429,,
BMT888693B,,
BMT172498947,,
BMT101959398,,
BMT172498947,,
BMT882295B,,
BMT882295B,,
BMT172480023,,
BMT172480024,,
BMT172480025,,
BMT172480025,,
BMT882316B,,
BMT882316B,,
BMT880398B,,
BMT101960840,,
BMT101960847,,
BMT101960847,,
BMT101960854,,
BMT101961022,,
BMT101961029,,
BMT101958698,,
BMT841835B,,
BMT841835B,,
BMT841842B,,
BMT841842B,,
BMT101958712,,
BMT149197882,,
BMT149197883,,
BMT149197883,,
BMT149197884,,
BMT149197886,,
BMT149197887,,
BMT151927929,,
BMT8816794B,,
BMT8816794B,,
BMT151927930,,
BMT883394B,,
BMT163941703,,
BMT163941703,,
BMT883415B,,
BMT163941703,,
BMT883422B,,
BMT883422B,,
BMT163941705,,
BMT150793362,,
BMT3228499B,,
BMT833099B,,
BMT150793362,,
BMT150793361,,
BMT833099B,,
BMT833113B,,
BMT833127B,,
BMT173211896,,
BMT101957732,,
BMT173211896,,
BMT2704360B,,
BMT833127B,,
BMT150793363,,
BMT150793363,,
BMT833141B,,
BMT833141B,,
BMT833148B,,
BMT833148B,,
BMT833155B,,
BMT833155B,,
BMT856920B,,
BMT150685738,,
BMT150685740,,
BMT150685737,,
BMT150685738,,
BMT150685737,,
BMT150685739,,
BMT851712B,,
BMT852468B,,
BMT151159961,,
BMT851712B,,
BMT151159961,,
BMT151159967,,
BMT851782B,,
BMT151159961,,
BMT873069B,,
BMT173211891,,
BMT873090B,,
BMT842185B,,
BMT873902B,,
BMT150685741,,
BMT150685740,,
BMT873902B,,
BMT150685740,,
BMT873937B,,
BMT873930B,,
BMT150685742,,
BMT873937B,,
BMT840722B,,
BMT873944B,,
BMT873930B,,
BMT888084B,,
BMT101959790,,
BMT163225621,,
BMT886390B,,
BMT163225621,,
BMT101959475,,
BMT148952434,,
BMT888154B,,
BMT888147B,,
BMT163225621,,
BMT888154B,,
BMT148952432,,
BMT148952432,,
BMT888168B,,
BMT888168B,,
BMT886096B,,
BMT888448B,,
BMT148822835,,
BMT888462B,,
BMT888448B,,
BMT888469B,,
BMT888462B,,
BMT148822831,,
BMT148822832,,
BMT148822832,,
BMT881049B,,
BMT148822832,,
BMT888469B,,
BMT879488B,,
BMT879467B,,
BMT879502B,,
BMT163818959,,
BMT879509B,,
BMT879488B,,
BMT163818957,,
BMT879509B,,
BMT879544B,,
BMT163818957,,
BMT879551B,,
BMT879544B,,
BMT879558B,,
BMT879551B,,
BMT879565B,,
BMT879558B,,
BMT879579B,,
BMT879565B,,
BMT163818952,,
BMT879579B,,
BMT163818952,,
BMT883772B,,
BMT879621B,,
BMT879649B,,
BMT879649B,,
BMT173141366,,
BMT173141365,,
BMT173141366,,
BMT101959972,,
BMT879705B,,
BMT879705B,,
BMT172955432,,
BMT172955432,,
BMT880657B,,
BMT172955432,,
BMT101959986,,
BMT101960476,,
BMT880139B,,
BMT101960504,,
BMT880146B,,
BMT880139B,,
BMT882155B,,
BMT880146B,,
BMT101960511,,
BMT101960511,,
BMT880160B,,
BMT101960511,,
BMT101960525,,
BMT880160B,,
BMT880167B,,
BMT880167B,,
BMT2586529B,,
BMT880398B,,
BMT880405B,,
BMT880405B,,
BMT172480026,,
BMT172480026,,
BMT880419B,,
BMT880419B,,
BMT880426B,,
BMT880426B,,
BMT880433B,,
BMT880433B,,
BMT880440B,,
BMT880440B,,
BMT880447B,,
BMT880447B,,
BMT884059B,,
BMT880461B,,
BMT880468B,,
BMT880468B,,
BMT880482B,,
BMT880482B,,
BMT880510B,,
BMT880510B,,
BMT101959811,,
BMT101959811,,
BMT880545B,,
BMT880545B,,
BMT880552B,,
BMT880552B,,
BMT878844B,,
BMT151927822,,
BMT882064B,,
BMT880580B,,
BMT151927822,,
BMT172955566,,
BMT172955567,,
BMT880594B,,
BMT880601B,,
BMT880601B,,
BMT172955436,,
BMT172955435,,
BMT880594B,,
BMT172955434,,
BMT101960007,,
BMT172955434,,
BMT172955435,,
BMT172955433,,
BMT172955434,,
BMT880636B,,
BMT172955433,,
BMT101959979,,
BMT880636B,,
BMT101960140,,
BMT101960147,,
BMT880650B,,
BMT101959979,,
BMT880657B,,
BMT880650B,,
BMT172955430,,
BMT880713B,,
BMT163818959,,
BMT101959930,,
BMT163818959,,
BMT882449B,,
BMT882449B,,
BMT163818960,,
BMT163818960,,
BMT882463B,,
BMT882463B,,
BMT101959944,,
BMT101960266,,
BMT101960273,,
BMT882582B,,
BMT167426869,,
BMT169267444,,
BMT882582B,,
BMT169267444,,
BMT882596B,,
BMT882596B,,
BMT169267445,,
BMT101959230,,
BMT101959216,,
BMT882785C,,
BMT101959237,,
BMT148953560,,
BMT882799D,,
BMT882799D,,
BMT148953564,,
BMT148953564,,
BMT148953565,,
BMT148953565,,
BMT882820D,,
BMT882820D,,
BMT148953566,,
BMT883051B,,
BMT163941701,,
BMT163941701,,
BMT883065B,,
BMT883065B,,
BMT883072B,,
BMT883072B,,
BMT883373B,,
BMT883282B,,
BMT862072B,,
BMT883289B,,
BMT860966B,,
BMT883296B,,
BMT883289B,,
BMT169267438,,
BMT883282B,,
BMT169267438,,
BMT883310B,,
BMT883310B,,
BMT169267440,,
BMT169267440,,
BMT883296B,,
BMT883324B,,
BMT169267438,,
BMT883373B,,
BMT883380B,,
BMT883380B,,
BMT163941702,,
BMT163941702,,
BMT883394B,,
BMT883415B,,
BMT163941704,,
BMT163941704,,
BMT101960700,,
BMT101960707,,
BMT101960714,,
BMT883772B,,
BMT163818958,,
BMT883779B,,
BMT163818952,,
BMT883786B,,
BMT883779B,,
BMT883807B,,
BMT149197879,,
BMT149197879,,
BMT883821B,,
BMT883821B,,
BMT101960168,,
BMT883912B,,
BMT883786B,,
BMT163818951,,
BMT883912B,,
BMT163818951,,
BMT884003B,,
BMT883926B,,
BMT883933B,,
BMT883933B,,
BMT163818949,,
BMT883940B,,
BMT163818951,,
BMT883954B,,
BMT883940B,,
BMT163818949,,
BMT883975B,,
BMT163818950,,
BMT883954B,,
BMT883975B,,
BMT883982B,,
BMT883982B,,
BMT163818950,,
BMT884003B,,
BMT163818953,,
BMT163818953,,
BMT884017B,,
BMT163818953,,
BMT884199B,,
BMT884017B,,
BMT163818954,,
BMT885319B,,
BMT885186B,,
BMT163225628,,
BMT163225627,,
BMT885746B,,
BMT885753B,,
BMT885753B,,
BMT101959685,,
BMT101959685,,
BMT885767B,,
BMT885767B,,
BMT3282161B,,
BMT885774B,,
BMT884444B,,
BMT101959692,,
BMT885774B,,
BMT101959692,,
BMT885788B,,
BMT885788B,,
BMT881791B,,
BMT885802B,,
BMT885795B,,
BMT885802B,,
BMT885823B,,
BMT885809B,,
BMT885802B,,
BMT163225632,,
BMT885809B,,
BMT163225632,,
BMT885991B,,
BMT885823B,,
BMT163225631,,
BMT163225631,,
BMT885837B,,
BMT885837B,,
BMT163225630,,
BMT885844B,,
BMT163225628,,
BMT163225630,,
BMT885844B,,
BMT163225630,,
BMT101959580,,
BMT101959608,,
BMT887587B,,
BMT163225634,,
BMT163225632,,
BMT885991B,,
BMT885998B,,
BMT885998B,,
BMT163225633,,
BMT886096B,,
BMT886103B,,
BMT886103B,,
BMT148952431,,
BMT148952431,,
BMT148952433,,
BMT148952433,,
BMT101959461,,
BMT101959797,,
BMT880846B,,
BMT148953566,,
BMT101959293,,
BMT148953566,,
BMT886145B,,
BMT886145B,,
BMT148953567,,
BMT148953567,,
BMT886159B,,
BMT148953567,,
BMT148953569,,
BMT886159B,,
BMT148953568,,
BMT886390B,,
BMT886397B,,
BMT886397B,,
BMT886404B,,
BMT886404B,,
BMT886411B,,
BMT886411B,,
BMT163225622,,
BMT148953569,,
BMT886509B,,
BMT148953569,,
BMT886516B,,
BMT886509B,,
BMT148953570,,
BMT886516B,,
BMT101959328,,
BMT172498938,,
BMT886544B,,
BMT886544B,,
BMT888490B,,
BMT886740B,,
BMT886747B,,
BMT886747B,,
BMT163225624,,
BMT163225624,,
BMT101959531,,
BMT163225624,,
BMT886992B,,
BMT101959636,,
BMT101959643,,
BMT101959643,,
BMT101959650,,
BMT886775B,,
BMT884395B,,
BMT886782B,,
BMT884738B,,
BMT152833603,,
BMT886943B,,
BMT152833603,,
BMT886950B,,
BMT886943B,,
BMT886957B,,
BMT886950B,,
BMT887167B,,
BMT886957B,,
BMT152833604,,
BMT152833604,,
BMT886971B,,
BMT886971B,,
BMT886978B,,
BMT886978B,,
BMT886985B,,
BMT886985B,,
BMT888777B,,
BMT886992B,,
BMT887034B,,
BMT887013B,,
BMT101959622,,
BMT887020B,,
BMT887013B,,
BMT887034B,,
BMT878942B,,
BMT887167B,,
BMT152833605,,
BMT152833605,,
BMT887181B,,
BMT887181B,,
BMT887188B,,
BMT887188B,,
BMT881441B,,
BMT887587B,,
BMT887594B,,
BMT887594B,,
BMT101959615,,
BMT887608B,,
BMT887020B,,
BMT101959615,,
BMT887608B,,
BMT101959615,,
BMT101959629,,
BMT887916B,,
BMT172498945,,
BMT172498945,,
BMT887951B,,
BMT887951B,,
BMT172498946,,
BMT172498946,,
BMT887965B,,
BMT172498946,,
BMT101959391,,
BMT887965B,,
BMT882274B,,
BMT169274000,,
BMT169274001,,
BMT169274000,,
BMT101958908,,
BMT101961127,,
BMT101961134,,
BMT3081961B,,
BMT3081968B,,
BMT3081968B,,
BMT3081975B,,
BMT3081975B,,
BMT3081982B,,
BMT3081982B,,
BMT3081989B,,
BMT3081989B,,
BMT3082003B,,
BMT3082003B,,
BMT149197880,,
BMT149197880,,
BMT149197881,,
BMT149197880,,
BMT149197882,,
BMT101959020,,
BMT101959027,,
BMT101961092,,
BMT101961099,,
BMT3301663B,,
BMT881217B,,
BMT173141347,,
BMT2545285B,,
BMT150685003,,
BMT857522B,,
BMT150685003,,
BMT860217B,,
BMT150685003,,
BMT150685004,,
BMT150685005,,
BMT858565B,,
BMT150685005,,
BMT101961316,,
BMT150685005,,
BMT858880B,,
BMT150685007,,
BMT857858B,,
BMT150685007,,
BMT858586B,,
BMT150685007,,
BMT858607B,,
BMT101958033,,
BMT839091B,,
BMT101958033,,
BMT839098B,,
BMT101958033,,
BMT839112B,,
BMT101957977,,
BMT836837B,,
BMT101957977,,
BMT101957991,,
BMT101957977,,
BMT845538B,,
BMT831342B,,
BMT831349B,,
BMT831349B,,
BMT101958026,,
BMT842185B,,
BMT842192B,,
BMT842192B,,
BMT173211895,,
BMT173211895,,
BMT167801329,,
BMT101958628,,
BMT101958635,,
BMT101958628,,
BMT101958642,,
BMT101958628,,
BMT846441B,,
BMT101958621,,
BMT101958628,,
BMT846441B,,
BMT101958649,,
BMT101961120,,
BMT863745B,,
BMT865327B,,
BMT848331B,,
BMT865341B,,
BMT865327B,,
BMT865348B,,
BMT865341B,,
BMT865355B,,
BMT865348B,,
BMT101958068,,
BMT865355B,,
BMT865369B,,
BMT101958068,,
BMT865376B,,
BMT865369B,,
BMT101958054,,
BMT853574B,,
BMT101958054,,
BMT865376B,,
BMT865390B,,
BMT101958054,,
BMT865397B,,
BMT865390B,,
BMT866937B,,
BMT101958726,,
BMT866965B,,
BMT866937B,,
BMT101958719,,
BMT866965B,,
BMT101958733,,
BMT101958740,,
BMT2586529B,,
BMT101960518,,
BMT3282161B,,
BMT101959692,,
BMT3528953B,,
BMT3528960B,,
BMT3528960B,,
BMT3528967B,,
BMT3528967B,,
BMT158443678,,
BMT158443682,,
BMT158443683,,
BMT158443682,,
BMT6053644B,,
BMT3529142B,,
BMT101960973,,
BMT3529205B,,
BMT2545222B,,
BMT101961008,,
BMT101961015,,
BMT3529282B,,
BMT2545208B,,
BMT3788499B,,
BMT3788506B,,
BMT3788506B,,
BMT3788513B,,
BMT3788513B,,
BMT3788520B,,
BMT3788520B,,
BMT101960357,,
BMT101960357,,
BMT101960364,,
BMT101960357,,
BMT3788625B,,
BMT101960357,,
BMT3788541C,,
BMT3788541C,,
BMT3788548C,,
BMT3788548C,,
BMT101960364,,
BMT101960364,,
BMT101960427,,
BMT3788625B,,
BMT101960371,,
BMT101960371,,
BMT101960378,,
BMT101960378,,
BMT3788646B,,
BMT3788646B,,
BMT3788660B,,
BMT3788660B,,
BMT3788667B,,
BMT3788667B,,
BMT101960385,,
BMT101960385,,
BMT101960392,,
BMT101960385,,
BMT3788688B,,
BMT163818954,,
BMT884031B,,
BMT884031B,,
BMT884038B,,
BMT884038B,,
BMT884927B,,
BMT884059B,,
BMT884087B,,
BMT163818947,,
BMT163818948,,
BMT163818948,,
BMT884101B,,
BMT884080B,,
BMT101959419,,
BMT884087B,,
BMT884094B,,
BMT884094B,,
BMT884080B,,
BMT884101B,,
BMT884108B,,
BMT884108B,,
BMT884115B,,
BMT884115B,,
BMT884122B,,
BMT884122B,,
BMT884129B,,
BMT884129B,,
BMT884136B,,
BMT884136B,,
BMT883926B,,
BMT884199B,,
BMT884213B,,
BMT884213B,,
BMT884227B,,
BMT884227B,,
BMT163818955,,
BMT884395B,,
BMT884409B,,
BMT884395B,,
BMT886782B,,
BMT884409B,,
BMT884416B,,
BMT884416B,,
BMT101959664,,
BMT884444B,,
BMT101959699,,
BMT884521B,,
BMT101959657,,
BMT884535B,,
BMT884521B,,
BMT884542B,,
BMT884535B,,
BMT884549B,,
BMT884542B,,
BMT884556B,,
BMT884549B,,
BMT101959650,,
BMT884556B,,
BMT101959650,,
BMT886775B,,
BMT2602846B,,
BMT148822847,,
BMT101960168,,
BMT3081961B,,
BMT101960252,,
BMT101960259,,
BMT3318400C,,
BMT3318407C,,
BMT3318407C,,
BMT2545264C,,
BMT3318645B,,
BMT850648B,,
BMT3318645B,,
BMT850669B,,
BMT3318645B,,
BMT850676B,,
BMT128549045,,
BMT861372B,,
BMT128549045,,
BMT861981B,,
BMT128549045,,
BMT101957886,,
BMT107476560,,
BMT107476567,,
BMT107476560,,
BMT863388B,,
BMT107476560,,
BMT107476581,,
BMT167679219,,
BMT858663B,,
BMT167679219,,
BMT858677B,,
BMT167679219,,
BMT167679221,,
BMT101959237,,
BMT101959244,,
BMT101960532,,
BMT3365734C,,
BMT3365734C,,
BMT3365741C,,
BMT3365741C,,
BMT3365748C,,
BMT3365748C,,
BMT101960539,,
BMT4013360B,,
BMT4013381B,,
BMT4013381B,,
BMT4013388B,,
BMT4013388B,,
BMT4013395B,,
BMT4013395B,,
BMT171788944,,
BMT101960392,,
BMT101960420,,
BMT3788688B,,
BMT3788695B,,
BMT3788695B,,
BMT3788702B,,
BMT3788702B,,
BMT101960399,,
BMT101960385,,
BMT101960399,,
BMT101960399,,
BMT101960406,,
BMT101960399,,
BMT101960413,,
BMT101960406,,
BMT3788730B,,
BMT101959188,,
BMT101959195,,
BMT101958572,,
BMT860679B,,
BMT101958572,,
BMT862548B,,
BMT101958572,,
BMT862569B,,
BMT151668955,,
BMT852748B,,
BMT151668955,,
BMT852762B,,
BMT151668955,,
BMT852769B,,
BMT3305758B,,
BMT834471B,,
BMT3305758B,,
BMT847239B,,
BMT3305758B,,
BMT847253B,,
BMT101958208,,
BMT845468B,,
BMT101958208,,
BMT845482B,,
BMT101958208,,
BMT101958222,,
BMT128549080,,
BMT101957914,,
BMT128549080,,
BMT854995B,,
BMT128549080,,
BMT128549087,,
BMT158766152,,
BMT832182B,,
BMT158766152,,
BMT832196B,,
BMT158766152,,
BMT832210B,,
BMT4082359B,,
BMT3497327C,,
BMT888490B,,
BMT888511B,,
BMT888511B,,
BMT172498939,,
BMT172498939,,
BMT172498940,,
BMT172498939,,
BMT172498941,,
BMT888693B,,
BMT148952430,,
BMT888777B,,
BMT888784B,,
BMT888784B,,
BMT152833607,,
BMT101957648,,
BMT101957655,,
BMT2545054C,,
BMT2545061C,,
BMT2545061C,,
BMT3352931C,,
BMT101957669,,
BMT4017518,,
BMT101957669,,
BMT2545075C,,
BMT101957669,,
BMT4017518,,
BMT2545075C,,
BMT2545089C,,
BMT2545089C,,
BMT2545257C,,
BMT173211888,,
BMT2545103C,,
BMT2545103C,,
BMT3318400C,,
BMT173211889,,
BMT4017609,,
BMT173211889,,
BMT2545117B,,
BMT2545117B,,
BMT2545124B,,
BMT2545124B,,
BMT2545131B,,
BMT2545131B,,
BMT2704689B,,
BMT2545138B,,
BMT2545145B,,
BMT2545145B,,
BMT101957746,,
BMT151159953,,
BMT860798B,,
BMT101957753,,
BMT2704241B,,
BMT136413055,,
BMT2545166B,,
BMT2545166B,,
BMT861393C,,
BMT158443678,,
BMT158443679,,
BMT158443678,,
BMT158443680,,
BMT158443679,,
BMT158443684,,
BMT158443680,,
BMT1189252B,,
BMT158443680,,
BMT158443682,,
BMT2545194B,,
BMT3529142B,,
BMT101961001,,
BMT2545215B,,
BMT101960973,,
BMT3529282B,,
BMT2545208B,,
BMT101960980,,
BMT2545215B,,
BMT3529205B,,
BMT2545222B,,
BMT101961008,,
BMT101960987,,
BMT101960994,,
BMT101960980,,
BMT2545236B,,
BMT2545236B,,
BMT1200879B,,
BMT2545257C,,
BMT101957676,,
BMT2545264C,,
BMT853763B,,
BMT2545285B,,
BMT3301663B,,
BMT3352931C,,
BMT101957669,,
BMT101957662,,
BMT4082359B,,
BMT3497327C,,
BMT2545054C,,
BMT835129B,,
BMT101958698,,
BMT835136B,,
BMT839399B,,
BMT835143B,,
BMT835129B,,
BMT101958684,,
BMT835136B,,
BMT101958684,,
BMT835143B,,
BMT101958670,,
BMT101958684,,
BMT101958663,,
BMT101958670,,
BMT101958663,,
BMT835192B,,
BMT101958656,,
BMT101958663,,
BMT835192B,,
BMT850991B,,
BMT839000B,,
BMT865397B,,
BMT839028B,,
BMT839000B,,
BMT839035B,,
BMT839028B,,
BMT839042B,,
BMT839035B,,
BMT839049B,,
BMT839042B,,
BMT839056B,,
BMT839049B,,
BMT101958047,,
BMT839056B,,
BMT839084B,,
BMT101958040,,
BMT839091B,,
BMT839084B,,
BMT839098B,,
BMT101958047,,
BMT839119B,,
BMT101958033,,
BMT839126B,,
BMT839119B,,
BMT839133B,,
BMT839126B,,
BMT3651712B,,
BMT3651719B,,
BMT3651719B,,
BMT3651733B,,
BMT150341583,,
BMT150341584,,
BMT3651733B,,
BMT101960287,,
BMT101959153,,
BMT101959167,,
BMT101960966,,
BMT2545194B,,
BMT150341580,,
BMT3850554B,,
BMT3850554B,,
BMT150341581,,
BMT3965802B,,
BMT101960231,,
BMT101960231,,
BMT101960238,,
BMT101960238,,
BMT101960245,,
BMT150341586,,
BMT150341587,,
BMT150341582,,
BMT150341583,,
BMT150341584,,
BMT150341585,,
BMT150341585,,
BMT150341586,,
BMT101958852,,
BMT101958859,,
BMT107476623,,
BMT863598B,,
BMT863598B,,
BMT101958544,,
BMT863612B,,
BMT859118B,,
BMT863612B,,
BMT101960637,,
BMT863612C,,
BMT859118C,,
BMT863710B,,
BMT163749024,,
BMT163749024,,
BMT101958845,,
BMT863745B,,
BMT863738B,,
BMT1189252B,,
BMT158443681,,
BMT2704227B,,
BMT101957760,,
BMT2704234B,,
BMT2704227B,,
BMT2704241B,,
BMT2704234B,,
BMT2704255B,,
BMT101957753,,
BMT2704262B,,
BMT2704255B,,
BMT2704304B,,
BMT2545138B,,
BMT2704311B,,
BMT2704304B,,
BMT2704318B,,
BMT2704311B,,
BMT173211897,,
BMT2704318B,,
BMT2704332B,,
BMT173211897,,
BMT2704339B,,
BMT2704332B,,
BMT2704346B,,
BMT2704339B,,
BMT2704353B,,
BMT2704346B,,
BMT2704360B,,
BMT2704353B,,
BMT2704430B,,
BMT173211896,,
BMT2704437B,,
BMT2704430B,,
BMT2704444B,,
BMT2704437B,,
BMT2704451B,,
BMT2704444B,,
BMT2704458B,,
BMT2704451B,,
BMT2704465B,,
BMT2704458B,,
BMT2704591B,,
BMT873090B,,
BMT173211894,,
BMT2704591B,,
BMT2704654B,,
BMT873069B,,
BMT173211890,,
BMT2646743B,,
BMT2704675B,,
BMT856283B,,
BMT2704682B,,
BMT2704675B,,
BMT2704689B,,
BMT2704682B,,
BMT171788939,,
BMT2894123B,,
BMT2894123B,,
BMT171788940,,
BMT3675722B,,
BMT3675729B,,
BMT3675729B,,
BMT3675848B,,
BMT101960336,,
BMT3675813B,,
BMT3675813B,,
BMT3675820B,,
BMT3675820B,,
BMT3675722B,,
BMT3675848B,,
BMT101960343,,
BMT101960343,,
BMT101960350,,
BMT101960343,,
BMT3762564B,,
BMT3762564B,,
BMT3762571B,,
BMT3762571B,,
BMT3762578B,,
BMT3762578B,,
BMT3762585B,,
BMT3762585B,,
BMT3788499B,,
BMT880713B,,
BMT880720B,,
BMT880720B,,
BMT880734B,,
BMT880727B,,
BMT172955432,,
BMT880734B,,
BMT148098669,,
BMT148098669,,
BMT172955431,,
BMT172955431,,
BMT880727B,,
BMT149197878,,
BMT883807B,,
BMT880846B,,
BMT880853B,,
BMT880853B,,
BMT880860B,,
BMT880860B,,
BMT101959804,,
BMT101959804,,
BMT880874B,,
BMT880874B,,
BMT880881B,,
BMT880881B,,
BMT880888B,,
BMT880888B,,
BMT880461B,,
BMT881049B,,
BMT148822834,,
BMT881084B,,
BMT148822838,,
BMT881091B,,
BMT881084B,,
BMT148822834,,
BMT879026B,,
BMT148822834,,
BMT881091B,,
BMT173141345,,
BMT881217B,,
BMT173141345,,
BMT881231B,,
BMT881231B,,
BMT881238B,,
BMT881238B,,
BMT881245B,,
BMT881245B,,
BMT881252B,,
BMT881252B,,
BMT173141344,,
BMT173141344,,
BMT173141346,,
BMT173141344,,
BMT173141343,,
BMT2646743B,,
BMT2704654B,,
BMT136413090,,
BMT859272B,,
BMT136413090,,
BMT101958803,,
BMT136413090,,
BMT101958810,,
BMT163225627,,
BMT885312B,,
BMT163225627,,
BMT885319B,,
BMT163225627,,
BMT885340B,,
BMT166799703,,
BMT101959062,,
BMT166799703,,
BMT858250B,,
BMT166799703,,
BMT858278B,,
BMT101959118,,
BMT101959125,,
BMT101959118,,
BMT859489B,,
BMT101959118,,
BMT859503B,,
BMT101959146,,
BMT859426B,,
BMT101959146,,
BMT859440B,,
BMT101959146,,
BMT859475B,,
BMT3857981B,,
BMT101958614,,
BMT107476595,,
BMT862275B,,
BMT149197884,,
BMT101960203,,
BMT149197884,,
BMT149197885,,
BMT171788944,,
BMT4013472B,,
BMT4013472B,,
BMT4013479B,,
BMT4013479B,,
BMT4013486B,,
BMT4013486B,,
BMT4013906B,,
BMT4013906B,,
BMT4013913B,,
BMT4013913B,,
BMT171788945,,
BMT859608B,,
BMT859594B,,
BMT859629B,,
BMT859608B,,
BMT859643B,,
BMT859629B,,
BMT859650B,,
BMT859643B,,
BMT171788940,,
BMT171788941,,
BMT171788940,,
BMT2835673B,,
BMT2835589B,,
BMT2835680B,,
BMT171788943,,
BMT2835589B,,
BMT2835645B,,
BMT171788943,,
BMT2835652B,,
BMT2835645B,,
BMT171788942,,
BMT2835652B,,
BMT171788942,,
BMT2835666B,,
BMT2835666B,,
BMT4013360B,,
BMT2835673B,,
BMT171788942,,
BMT2835680B,,
BMT2835687B,,
BMT2835687B,,
BMT171788946,,
BMT101960217,,
BMT3296210B,,
BMT3296210B,,
BMT3296217B,,
BMT3296217B,,
BMT3296224B,,
BMT3296224B,,
BMT3296238B,,
BMT101960224,,
BMT3965802B,,
BMT3296238B,,
BMT101960224,,
BMT150341572,,
BMT150341573,,
BMT150341576,,
BMT150341577,,
BMT150341573,,
BMT150341574,,
