BMT168370129,,
BMT168370130,,
BMT168370129,,
BMT5991890B,,
BMT5991890B,,
BMT168370131,,
BMT172244283,,
BMT2636867B,,
BMT103623466,,
BMT6899685B,,
BMT6899685B,,
BMT103623473,,
BMT103623473,,
BMT103623480,,
BMT103623473,,
BMT6899748B,,
BMT6899748B,,
BMT103623487,,
BMT103618608,,
BMT103618622,,
BMT103618622,,
BMT6903570B,,
BMT6903570B,,
BMT6903584B,,
BMT6903584B,,
BMT6903591B,,
BMT6903591B,,
BMT6903605B,,
BMT6903605B,,
BMT6903626B,,
BMT6903626B,,
BMT6903633B,,
BMT6903633B,,
BMT6903647B,,
BMT6903647B,,
BMT6903654B,,
BMT103618629,,
BMT6903675B,,
BMT6903654B,,
BMT6903724B,,
BMT6903724B,,
BMT103618629,,
BMT103618622,,
BMT6903976B,,
BMT6903976B,,
BMT6903990B,,
BMT6903990B,,
BMT103618636,,
BMT103618629,,
BMT103618650,,
BMT103618650,,
BMT6904361B,,
BMT6904361B,,
BMT103618657,,
BMT6903675B,,
BMT103618643,,
BMT103618643,,
BMT6904669B,,
BMT6904669B,,
BMT103618664,,
BMT103618699,,
BMT6903850B,,
BMT6903850B,,
BMT6903857B,,
BMT103618706,,
BMT6904767B,,
BMT6904767B,,
BMT6904809B,,
BMT6904809B,,
BMT6904816B,,
BMT6904816B,,
BMT103618713,,
BMT103618713,,
BMT6904858B,,
BMT6904858B,,
BMT103618720,,
BMT103618720,,
BMT103618734,,
BMT103618734,,
BMT103618741,,
BMT103618664,,
BMT6904746B,,
BMT6904746B,,
BMT6904760B,,
BMT6905222B,,
BMT103618678,,
BMT6904760B,,
BMT6904795B,,
BMT6904795B,,
BMT6904823B,,
BMT6904823B,,
BMT6904830B,,
BMT6904830B,,
BMT6904879B,,
BMT6904879B,,
BMT103618671,,
BMT103618671,,
BMT6905740B,,
BMT6905740B,,
BMT103618685,,
BMT103618671,,
BMT6905810B,,
BMT6905810B,,
BMT6905817B,,
BMT6905817B,,
BMT6905824B,,
BMT6905824B,,
BMT6905831B,,
BMT6905831B,,
BMT103618692,,
BMT103618713,,
BMT103618727,,
BMT6486293B,,
BMT171462745,,
BMT172364064,,
BMT172364067,,
BMT172364067,,
BMT103619077,,
BMT3172521B,,
BMT6682657B,,
BMT6682657B,,
BMT158048513,,
BMT158048513,,
BMT158048516,,
BMT158048513,,
BMT158048517,,
BMT103620477,,
BMT6945773B,,
BMT6945773B,,
BMT6945843B,,
BMT6945843B,,
BMT103620484,,
BMT159689538,,
BMT6953501B,,
BMT6953501B,,
BMT6953515B,,
BMT6953515B,,
BMT6953536B,,
BMT6953536B,,
BMT6953543B,,
BMT6953543B,,
BMT6953550B,,
BMT6953550B,,
BMT6953578B,,
BMT6953578B,,
BMT6953599B,,
BMT6953599B,,
BMT6953641B,,
BMT6953641B,,
BMT6953648B,,
BMT6953648B,,
BMT6953655B,,
BMT6953655B,,
BMT6953662B,,
BMT6953662B,,
BMT6953697B,,
BMT6953697B,,
BMT6953704B,,
BMT6953704B,,
BMT6953732B,,
BMT6953732B,,
BMT6953746B,,
BMT159689539,,
BMT6953788B,,
BMT6953788B,,
BMT6953802B,,
BMT6953802B,,
BMT6953809B,,
BMT6953809B,,
BMT6953816B,,
BMT6953816B,,
BMT6953830B,,
BMT6953830B,,
BMT6953837B,,
BMT6953837B,,
BMT103621296,,
BMT103621296,,
BMT6953865B,,
BMT6953865B,,
BMT159689541,,
BMT159689541,,
BMT6953886B,,
BMT6953886B,,
BMT6953893B,,
BMT6953893B,,
BMT6953900B,,
BMT6953900B,,
BMT6953907B,,
BMT6953907B,,
BMT159689542,,
BMT159689542,,
BMT6953921B,,
BMT6953921B,,
BMT6953935B,,
BMT6953935B,,
BMT6953942B,,
BMT6953942B,,
BMT159689544,,
BMT159689544,,
BMT6953956B,,
BMT6953956B,,
BMT6953977B,,
BMT6953977B,,
BMT159689545,,
BMT159689545,,
BMT6954019B,,
BMT6954019B,,
BMT159689547,,
BMT159689545,,
BMT159689548,,
BMT159689544,,
BMT159689546,,
BMT159689541,,
BMT159689543,,
BMT159689539,,
BMT159689540,,
BMT103621366,,
BMT103621373,,
BMT103621373,,
BMT6957533B,,
BMT6957533B,,
BMT6957547B,,
BMT103621373,,
BMT103621387,,
BMT103622220,,
BMT103622227,,
BMT103622220,,
BMT103622234,,
BMT103619462,,
BMT6895457B,,
BMT6895457B,,
BMT103619476,,
BMT172244285,,
BMT172244290,,
BMT172244290,,
BMT103612497,,
BMT103623354,,
BMT103623368,,
BMT103621611,,
BMT7023158B,,
BMT7023158B,,
BMT103621625,,
BMT103621625,,
BMT7023179B,,
BMT7023179B,,
BMT103621632,,
BMT103621632,,
BMT103621639,,
BMT103621632,,
BMT103621646,,
BMT103621646,,
BMT7023452B,,
BMT7023452B,,
BMT103621653,,
BMT103621653,,
BMT7023522B,,
BMT103621653,,
BMT103621667,,
BMT7023522B,,
BMT7023585B,,
BMT7023585B,,
BMT7023592B,,
BMT7023592B,,
BMT103621660,,
BMT2631127B,,
BMT149762803,,
BMT149762803,,
BMT149762806,,
BMT149762803,,
BMT7261998B,,
BMT7261998B,,
BMT7262012B,,
BMT7262012B,,
BMT7262026B,,
BMT7262026B,,
BMT149762807,,
BMT103621450,,
BMT7262292B,,
BMT7262292B,,
BMT7262299B,,
BMT7262299B,,
BMT7262306B,,
BMT7262306B,,
BMT7262320B,,
BMT7262320B,,
BMT7262327B,,
BMT7262327B,,
BMT7262334B,,
BMT7262334B,,
BMT7262341B,,
BMT7262341B,,
BMT7262348B,,
BMT7262348B,,
BMT7262355B,,
BMT7262355B,,
BMT154912715,,
BMT163727217,,
BMT103621212,,
BMT103621212,,
BMT163727219,,
BMT162549837,,
BMT7264000B,,
BMT7264000B,,
BMT162549838,,
BMT162549838,,
BMT7264063B,,
BMT7264063B,,
BMT162549839,,
BMT165218768,,
BMT165218772,,
BMT165218772,,
BMT165218773,,
BMT165218772,,
BMT7264091B,,
BMT7264091B,,
BMT165218774,,
BMT162549839,,
BMT7264119B,,
BMT7264119B,,
BMT7264140B,,
BMT7264140B,,
BMT162549840,,
BMT162549840,,
BMT162549841,,
BMT162549841,,
BMT162549842,,
BMT168370145,,
BMT103614247,,
BMT103614261,,
BMT7264371B,,
BMT7264371B,,
BMT7264378B,,
BMT7264378B,,
BMT7264399B,,
BMT7264399B,,
BMT103614268,,
BMT160647791,,
BMT6664065B,,
BMT6664065B,,
BMT6664086B,,
BMT6664086B,,
BMT160647792,,
BMT149762798,,
BMT6664884B,,
BMT6664884B,,
BMT6664905B,,
BMT6664905B,,
BMT6664912B,,
BMT6664912B,,
BMT149762808,,
BMT169425188,,
BMT169425189,,
BMT169425189,,
BMT6667012B,,
BMT6667012B,,
BMT6667019B,,
BMT6667019B,,
BMT6667033B,,
BMT6667033B,,
BMT6667054B,,
BMT6667054B,,
BMT6667061B,,
BMT6667061B,,
BMT6667068B,,
BMT6667068B,,
BMT169425190,,
BMT169425190,,
BMT169425192,,
BMT169425189,,
BMT6666984B,,
BMT6666984B,,
BMT169425191,,
BMT1517014B,,
BMT6671373B,,
BMT6671373B,,
BMT1517021B,,
BMT160647786,,
BMT160647787,,
BMT160647787,,
BMT159313101,,
BMT159418350,,
BMT159418351,,
BMT159418351,,
BMT159418352,,
BMT159418351,,
BMT6868066B,,
BMT6868066B,,
BMT6868248B,,
BMT6868248B,,
BMT6868311B,,
BMT6868311B,,
BMT6868598B,,
BMT6868598B,,
BMT159418353,,
BMT159418353,,
BMT159418354,,
BMT159418353,,
BMT6868864B,,
BMT6868864B,,
BMT6868871B,,
BMT6868885B,,
BMT6868969B,,
BMT6868969B,,
BMT159418355,,
BMT103618769,,
BMT7046454B,,
BMT7046454B,,
BMT7046517B,,
BMT7046517B,,
BMT103618776,,
BMT6903857B,,
BMT103618706,,
BMT103618664,,
BMT6906832B,,
BMT103613155,,
BMT7203625B,,
BMT7203625B,,
BMT103613169,,
BMT103613155,,
BMT7203758B,,
BMT7203758B,,
BMT6763297B,,
BMT103618860,,
BMT7344808B,,
BMT7344808B,,
BMT7344815B,,
BMT7344815B,,
BMT7344822B,,
BMT7344822B,,
BMT7344829B,,
BMT7344829B,,
BMT103618881,,
BMT103613316,,
BMT103613323,,
BMT103613330,,
BMT7357156B,,
BMT7357156B,,
BMT7357163B,,
BMT7357163B,,
BMT7357170B,,
BMT7357170B,,
BMT7357177B,,
BMT7357177B,,
BMT7357212B,,
BMT7357212B,,
BMT103613337,,
BMT164369573,,
BMT104576915,,
BMT103619854,,
BMT103619861,,
BMT157961207,,
BMT157961208,,
BMT172364094,,
BMT6773580B,,
BMT6773580B,,
BMT172364096,,
BMT3524593B,,
BMT172364073,,
BMT172364073,,
BMT172364075,,
BMT172364073,,
BMT172364076,,
BMT172772728,,
BMT172772730,,
BMT170123485,,
BMT6776968B,,
BMT6776968B,,
BMT6776989B,,
BMT6777101B,,
BMT170123487,,
BMT163573644,,
BMT163573648,,
BMT163727210,,
BMT163727212,,
BMT103612952,,
BMT103612966,,
BMT163727225,,
BMT163727226,,
BMT163727226,,
BMT6973031B,,
BMT6973031B,,
BMT6973192B,,
BMT6973192B,,
BMT6973360B,,
BMT6973360B,,
BMT6973374B,,
BMT6973374B,,
BMT6973388B,,
BMT6973388B,,
BMT163727227,,
BMT158828489,,
BMT158828490,,
BMT158828490,,
BMT158828491,,
BMT158828491,,
BMT6972408B,,
BMT6972408B,,
BMT158828492,,
BMT103618202,,
BMT103618223,,
BMT103618223,,
BMT103618230,,
BMT103618223,,
BMT7276033B,,
BMT7276033B,,
BMT103618237,,
BMT159870095,,
BMT103621016,,
BMT159870095,,
BMT159870097,,
BMT103616781,,
BMT7283397B,,
BMT7283397B,,
BMT103616802,,
BMT151619146,,
BMT7453420B,,
BMT170375582,,
BMT170375584,,
BMT122936802,,
BMT122936809,,
BMT3509011B,,
BMT172578646,,
BMT122401197,,
BMT7979799B,,
BMT7979799B,,
BMT172578646,,
BMT172578645,,
BMT122401197,,
BMT3508948B,,
BMT7979834B,,
BMT7979834B,,
BMT172578645,,
BMT172578641,,
BMT172578644,,
BMT3508948B,,
BMT172578644,,
BMT161059502,,
BMT161059503,,
BMT3497545B,,
BMT122936767,,
BMT2630882B,,
BMT122936767,,
BMT122936767,,
BMT122936774,,
BMT122936774,,
BMT7985567B,,
BMT7985567B,,
BMT122936781,,
BMT172105995,,
BMT172105997,,
BMT172105997,,
BMT172105998,,
BMT172105997,,
BMT7995073B,,
BMT7995073B,,
BMT172105999,,
BMT149762788,,
BMT149762789,,
BMT149762789,,
BMT149762790,,
BMT103612938,,
BMT103612945,,
BMT103612938,,
BMT103612952,,
BMT103621849,,
BMT103621856,,
BMT103621849,,
BMT6570573B,,
BMT6570573B,,
BMT6570580B,,
BMT6570580B,,
BMT103621863,,
BMT6570622B,,
BMT103621807,,
BMT150435746,,
BMT6760112B,,
BMT6760112B,,
BMT6760119B,,
BMT6760119B,,
BMT6760126B,,
BMT6760126B,,
BMT6760133B,,
BMT6760133B,,
BMT6760140B,,
BMT6760140B,,
BMT6760147B,,
BMT6760147B,,
BMT150435747,,
BMT103613127,,
BMT103613141,,
BMT103613141,,
BMT103613148,,
BMT103613148,,
BMT6763241B,,
BMT103613148,,
BMT103613162,,
BMT6763241B,,
BMT6763248B,,
BMT6763248B,,
BMT6763255B,,
BMT6763255B,,
BMT103613155,,
BMT6763297B,,
BMT6763318B,,
BMT6763318B,,
BMT103613176,,
BMT6868871B,,
BMT7005931B,,
BMT7005931B,,
BMT6868885B,,
BMT1720896B,,
BMT103621611,,
BMT103621611,,
BMT103621618,,
BMT3338106B,,
BMT7374558B,,
BMT7374558B,,
BMT103612994,,
BMT2770693,,
BMT7568696B,,
BMT7568696B,,
BMT103611755,,
BMT161059501,,
BMT1516790B,,
BMT1516790B,,
BMT1516769B,,
BMT1516769B,,
BMT1516755B,,
BMT1516755B,,
BMT7573316B,,
BMT7573316B,,
BMT7573323B,,
BMT7573323B,,
BMT7573330B,,
BMT7573330B,,
BMT7573344B,,
BMT7573344B,,
BMT7573379B,,
BMT7573379B,,
BMT161059502,,
BMT161059502,,
BMT7573407B,,
BMT7573407B,,
BMT7573449B,,
BMT2630868B,,
BMT8087207B,,
BMT8087207B,,
BMT103623725,,
BMT131003357,,
BMT8088103B,,
BMT8088103B,,
BMT131003371,,
BMT157952180,,
BMT157952181,,
BMT157952181,,
BMT157952182,,
BMT157952181,,
BMT157952183,,
BMT157825119,,
BMT157825121,,
BMT157827213,,
BMT8993222B,,
BMT8993222B,,
BMT157827215,,
BMT157827215,,
BMT157827216,,
BMT172244262,,
BMT172244263,,
BMT172244262,,
BMT172244264,,
BMT172244264,,
BMT172244265,,
BMT103618734,,
BMT103618748,,
BMT103618741,,
BMT103618755,,
BMT103618741,,
BMT103618762,,
BMT6906832B,,
BMT6905222B,,
BMT103614296,,
BMT103614303,,
BMT103614303,,
BMT103614310,,
BMT103614303,,
BMT7222574B,,
BMT7222574B,,
BMT7222588B,,
BMT7222588B,,
BMT7222616B,,
BMT7222616B,,
BMT7222630B,,
BMT7222630B,,
BMT103614317,,
BMT157824628,,
BMT7233291B,,
BMT7233291B,,
BMT157824629,,
BMT157824629,,
BMT7233361B,,
BMT7233361B,,
BMT157824630,,
BMT104576922,,
BMT104576929,,
BMT104576929,,
BMT104576936,,
BMT104576929,,
BMT7741085B,,
BMT7741085B,,
BMT7741092B,,
BMT7741092B,,
BMT7741099B,,
BMT7741099B,,
BMT7741106B,,
BMT7741106B,,
BMT104576943,,
BMT104576943,,
BMT104576950,,
BMT7453420B,,
BMT8061594B,,
BMT4777607B,,
BMT8061594B,,
BMT171160740,,
BMT151799268,,
BMT160091482,,
BMT2631218B,,
BMT160091479,,
BMT160110253,,
BMT160110253,,
BMT160110254,,
BMT8813505B,,
BMT160110240,,
BMT160110236,,
BMT1517098B,,
BMT1517098B,,
BMT1517105B,,
BMT1517105B,,
BMT1517112B,,
BMT1517112B,,
BMT1517119B,,
BMT1517119B,,
BMT160110237,,
BMT160110237,,
BMT160110238,,
BMT160110237,,
BMT1517259B,,
BMT1517259B,,
BMT1517252B,,
BMT1517252B,,
BMT1517231B,,
BMT1517231B,,
BMT1517238B,,
BMT1517238B,,
BMT8814130B,,
BMT8814130B,,
BMT1517245B,,
BMT1517245B,,
BMT160110239,,
BMT4770061B,,
BMT8814211B,,
BMT8814211B,,
BMT8814213B,,
BMT8814213B,,
BMT170805424,,
BMT170805424,,
BMT170805425,,
BMT170805425,,
BMT170805426,,
BMT4770054B,,
BMT8814259B,,
BMT4770061B,,
BMT8814259B,,
BMT153024903,,
BMT153959884,,
BMT153024907,,
BMT153024909,,
BMT158521283,,
BMT9008908B,,
BMT9008908B,,
BMT9008924B,,
BMT9008924B,,
BMT158521285,,
BMT103618825,,
BMT103618839,,
BMT103618839,,
BMT6807397B,,
BMT6807397B,,
BMT6807404B,,
BMT6807404B,,
BMT6807411B,,
BMT6807411B,,
BMT6807418B,,
BMT6807418B,,
BMT103618846,,
BMT103618846,,
BMT6807446B,,
BMT6807446B,,
BMT6807460B,,
BMT6807460B,,
BMT6807516B,,
BMT6807516B,,
BMT6807530B,,
BMT6807530B,,
BMT103618860,,
BMT103618860,,
BMT103618874,,
BMT103618839,,
BMT103618853,,
BMT103618846,,
BMT6808209B,,
BMT6808209B,,
BMT103618867,,
BMT103620883,,
BMT6981242B,,
BMT6981242B,,
BMT6981256B,,
BMT6981256B,,
BMT6981270B,,
BMT6981270B,,
BMT6981277B,,
BMT6981277B,,
BMT103620890,,
BMT103620862,,
BMT6982369B,,
BMT6982369B,,
BMT6982383B,,
BMT6982383B,,
BMT6982418B,,
BMT6982418B,,
BMT6982439B,,
BMT6982439B,,
BMT6982460B,,
BMT6982460B,,
BMT103620869,,
BMT172939013,,
BMT172939015,,
BMT172364080,,
BMT172364082,,
BMT103619441,,
BMT7107200B,,
BMT7107200B,,
BMT103619448,,
BMT2636958B,,
BMT7659353B,,
BMT7659353B,,
BMT169203349,,
BMT2636965B,,
BMT7659388B,,
BMT2636972B,,
BMT7659395B,,
BMT7659388B,,
BMT7659395B,,
BMT3515213B,,
BMT169379414,,
BMT169379414,,
BMT169379415,,
BMT169379414,,
BMT8902027B,,
BMT8902027B,,
BMT169379416,,
BMT158828930,,
BMT9023296B,,
BMT9023296B,,
BMT9023297B,,
BMT9023297B,,
BMT158828931,,
BMT2631260B,,
BMT164376072,,
BMT164376070,,
BMT164376071,,
BMT164376069,,
BMT164376070,,
BMT170805425,,
BMT9058574B,,
BMT9058574B,,
BMT9058575B,,
BMT9058575B,,
BMT160108468,,
BMT160108468,,
BMT9058578B,,
BMT9058578B,,
BMT9058579B,,
BMT9058579B,,
BMT9058581B,,
BMT9058581B,,
BMT9058582B,,
BMT9058582B,,
BMT9058584B,,
BMT9058584B,,
BMT4745932B,,
BMT4745932B,,
BMT4745925B,,
BMT4745925B,,
BMT4745918B,,
BMT149762789,,
BMT149762791,,
BMT2634137B,,
BMT152216121,,
BMT3514065B,,
BMT152216121,,
BMT152216121,,
BMT152216123,,
BMT169379415,,
BMT156041170,,
BMT156041170,,
BMT103617110,,
BMT167920713,,
BMT8936469B,,
BMT8936469B,,
BMT8936470B,,
BMT8936470B,,
BMT8936471B,,
BMT8936471B,,
BMT167920714,,
BMT167920714,,
BMT167920715,,
BMT167920715,,
BMT8936483B,,
BMT8936483B,,
BMT167920716,,
BMT159919924,,
BMT159919926,,
BMT165218771,,
BMT165218776,,
BMT160110252,,
BMT160091479,,
BMT158071815,,
BMT9058326B,,
BMT9058326B,,
BMT8813505B,,
BMT3927359B,,
BMT163573637,,
BMT163573637,,
BMT3927366B,,
BMT172276610,,
BMT166336955,,
BMT167174645,,
BMT9204095B,,
BMT9204095B,,
BMT167174646,,
BMT167174646,,
BMT9204104B,,
BMT9204104B,,
BMT9204105B,,
BMT9204105B,,
BMT9204106B,,
BMT9204106B,,
BMT167174647,,
BMT167174647,,
BMT9204211B,,
BMT9204211B,,
BMT9204213B,,
BMT9204213B,,
BMT9204210B,,
BMT9204210B,,
BMT9204208B,,
BMT9204208B,,
BMT167174648,,
BMT167174647,,
BMT167174649,,
BMT167174649,,
BMT9204189B,,
BMT9204189B,,
BMT9204187B,,
BMT9204187B,,
BMT9204185B,,
BMT9204185B,,
BMT9204184B,,
BMT9204184B,,
BMT167174650,,
BMT167174650,,
BMT166337245,,
BMT167174649,,
BMT166334520,,
BMT166893101,,
BMT9204114B,,
BMT9204114B,,
BMT9204112B,,
BMT9204112B,,
BMT166893102,,
BMT166893102,,
BMT9204128B,,
BMT9204128B,,
BMT9204129B,,
BMT9204129B,,
BMT9204135B,,
BMT9204135B,,
BMT166893103,,
BMT3525594B,,
BMT166893987,,
BMT166893986,,
BMT166893987,,
BMT172171073,,
BMT172171075,,
BMT168373714,,
BMT168373715,,
BMT168373715,,
BMT9268223B,,
BMT9268223B,,
BMT9268224B,,
BMT9268224B,,
BMT9268226B,,
BMT168373715,,
BMT168373717,,
BMT6957547B,,
BMT6957778B,,
BMT6957778B,,
BMT6957799B,,
BMT6957799B,,
BMT103621380,,
BMT103621380,,
BMT103621394,,
BMT103621415,,
BMT103621422,,
BMT103621422,,
BMT6958128B,,
BMT6958128B,,
BMT6958142B,,
BMT6958142B,,
BMT103621429,,
BMT103621394,,
BMT103621401,,
BMT103621394,,
BMT6958443B,,
BMT6958443B,,
BMT6958450B,,
BMT6958450B,,
BMT6958457B,,
BMT6958457B,,
BMT6958478B,,
BMT6958478B,,
BMT6958492B,,
BMT6958492B,,
BMT6958499B,,
BMT6958499B,,
BMT103621408,,
BMT152216122,,
BMT152216124,,
BMT165468562,,
BMT165468564,,
BMT165468567,,
BMT103616606,,
BMT172578639,,
BMT172578640,,
BMT103623053,,
BMT103623067,,
BMT168342928,,
BMT8707763B,,
BMT8707763B,,
BMT168342929,,
BMT155906054,,
BMT155906055,,
BMT155906055,,
BMT4363725B,,
BMT155906055,,
BMT155906056,,
BMT158521285,,
BMT9014853B,,
BMT9014853B,,
BMT158521288,,
BMT169750548,,
BMT169750549,,
BMT159870092,,
BMT159870094,,
BMT159870094,,
BMT159870095,,
BMT159870094,,
BMT159870096,,
BMT172364086,,
BMT172364090,,
BMT172364090,,
BMT172364091,,
BMT168370134,,
BMT9270107B,,
BMT9270107B,,
BMT9270108B,,
BMT9270108B,,
BMT9270109B,,
BMT9270109B,,
BMT9270110B,,
BMT9270110B,,
BMT168370136,,
BMT168370136,,
BMT168370137,,
BMT168370137,,
BMT168370139,,
BMT168370136,,
BMT168370138,,
BMT168373716,,
BMT168373718,,
BMT168373718,,
BMT168373719,,
BMT168518441,,
BMT168518442,,
BMT168518442,,
BMT9271658B,,
BMT9271658B,,
BMT168518443,,
BMT1514599B,,
BMT1514592B,,
BMT1514606B,,
BMT1514599B,,
BMT1514613B,,
BMT1514606B,,
BMT1514683B,,
BMT103616109,,
BMT1514690B,,
BMT1514683B,,
BMT103616102,,
BMT1514690B,,
BMT103616102,,
BMT1514711B,,
BMT1514704B,,
BMT103616102,,
BMT1514711B,,
BMT1515145B,,
BMT1514886B,,
BMT103618986,,
BMT1514907B,,
BMT1514886B,,
BMT1514949B,,
BMT1514907B,,
BMT1515005B,,
BMT1514613B,,
BMT103618979,,
BMT1514949B,,
BMT103618979,,
BMT103618993,,
BMT103618979,,
BMT3180914B,,
BMT103618965,,
BMT1515306B,,
BMT103618965,,
BMT3180914B,,
BMT1515054B,,
BMT103618965,,
BMT1515061B,,
BMT1515068B,,
BMT1515075B,,
BMT1515068B,,
BMT1515075B,,
BMT1515082B,,
BMT1515082B,,
BMT1515089B,,
BMT1515089B,,
BMT1515096B,,
BMT1515096B,,
BMT103616039,,
BMT103616039,,
BMT1515110B,,
BMT1515110B,,
BMT1515117B,,
BMT1515117B,,
BMT1515124B,,
BMT1515124B,,
BMT1515131B,,
BMT1515131B,,
BMT1515138B,,
BMT1515138B,,
BMT1515383B,,
BMT1515145B,,
BMT103616116,,
BMT1515271B,,
BMT103618972,,
BMT1515299B,,
BMT1515271B,,
BMT1515306B,,
BMT1515299B,,
BMT1515313B,,
BMT103616046,,
BMT103616046,,
BMT1515327B,,
BMT1515327B,,
BMT1515334B,,
BMT1515334B,,
BMT1515355B,,
BMT103616060,,
BMT103616067,,
BMT103616060,,
BMT103616074,,
BMT1515348B,,
BMT1515313B,,
BMT1515355B,,
BMT1515362B,,
BMT1515362B,,
BMT103616053,,
BMT103618958,,
BMT1515054B,,
BMT103616053,,
BMT103616060,,
BMT1515376B,,
BMT1515348B,,
BMT1515383B,,
BMT1515376B,,
BMT103616095,,
BMT1514704B,,
BMT158950394,,
BMT1515005B,,
BMT1515397B,,
BMT103616095,,
BMT103616088,,
BMT1515397B,,
BMT1515425B,,
BMT3425214B,,
BMT103616081,,
BMT1515425B,,
BMT166976632,,
BMT1515446B,,
BMT1515446B,,
BMT1515453B,,
BMT1515453B,,
BMT166976633,,
BMT166976633,,
BMT1515467B,,
BMT1515467B,,
BMT1515474B,,
BMT1515474B,,
BMT1515481B,,
BMT1515481B,,
BMT1515488B,,
BMT1515488B,,
BMT1515852B,,
BMT1515516B,,
BMT167226867,,
BMT1515530B,,
BMT1515516B,,
BMT4745918B,,
BMT4745911B,,
BMT4745911B,,
BMT4745904B,,
BMT4745904B,,
BMT4745897B,,
BMT4745897B,,
BMT4745890B,,
BMT4745890B,,
BMT170805427,,
BMT160109205,,
BMT9058586B,,
BMT9058586B,,
BMT9058587B,,
BMT9058587B,,
BMT9058589B,,
BMT9058589B,,
BMT9058588B,,
BMT9058588B,,
BMT2637056B,,
BMT2637070B,,
BMT160109404,,
BMT160109404,,
BMT2637077B,,
BMT160109586,,
BMT9058608B,,
BMT9058608B,,
BMT4803080B,,
BMT2637070B,,
BMT9058607B,,
BMT169379427,,
BMT9139344B,,
BMT9139344B,,
BMT169379428,,
BMT163843106,,
BMT163843108,,
BMT165218767,,
BMT165218769,,
BMT165218769,,
BMT165218770,,
BMT172364072,,
BMT172364074,,
BMT1513885B,,
BMT3509228B,,
BMT166331994,,
BMT1513885B,,
BMT166331994,,
BMT3138312B,,
BMT1513899B,,
BMT166331994,,
BMT1513906B,,
BMT1513899B,,
BMT166331993,,
BMT1513906B,,
BMT1513920B,,
BMT166331993,,
BMT1513927B,,
BMT1513920B,,
BMT1513934B,,
BMT1513927B,,
BMT1513990B,,
BMT172276612,,
BMT1513997B,,
BMT1514011B,,
BMT1514011B,,
BMT1513990B,,
BMT1514046B,,
BMT158950400,,
BMT158950399,,
BMT1514046B,,
BMT158950399,,
BMT158950401,,
BMT158950401,,
BMT1514074B,,
BMT158950401,,
BMT158950403,,
BMT158950398,,
BMT158950399,,
BMT1514074B,,
BMT1514417B,,
BMT171216317,,
BMT171216318,,
BMT172276606,,
BMT172276607,,
BMT172276607,,
BMT172276608,,
BMT172276608,,
BMT1514130B,,
BMT1514130B,,
BMT1514137B,,
BMT1514137B,,
BMT1514144B,,
BMT1514144B,,
BMT172276609,,
BMT1514186B,,
BMT1513934B,,
BMT1514193B,,
BMT1513997B,,
BMT1514200B,,
BMT1514186B,,
BMT1514207B,,
BMT1514193B,,
BMT172276610,,
BMT1514207B,,
BMT1514221B,,
BMT172276610,,
BMT172276609,,
BMT1514221B,,
BMT172276609,,
BMT1514235B,,
BMT1514235B,,
BMT172276611,,
BMT1515544B,,
BMT1515530B,,
BMT1515607B,,
BMT1515544B,,
BMT1515649B,,
BMT1515607B,,
BMT1515670B,,
BMT1515649B,,
BMT1515684B,,
BMT1515670B,,
BMT167226866,,
BMT1515684B,,
BMT1515705B,,
BMT166976784,,
BMT166976826,,
BMT1515705B,,
BMT1515726B,,
BMT166976826,,
BMT166976825,,
BMT1515726B,,
BMT1515740B,,
BMT166976639,,
BMT1515747B,,
BMT1515754B,,
BMT1515754B,,
BMT1515775B,,
BMT166976634,,
BMT1515768B,,
BMT166976634,,
BMT166976636,,
BMT1515768B,,
BMT1515747B,,
BMT1515775B,,
BMT166976635,,
BMT166976635,,
BMT1515789B,,
BMT1515789B,,
BMT1515810B,,
BMT1515810B,,
BMT1515824B,,
BMT1515824B,,
BMT1515831B,,
BMT1515831B,,
BMT1515838B,,
BMT1515838B,,
BMT1515845B,,
BMT1515845B,,
BMT1515936B,,
BMT1515852B,,
BMT1515859B,,
BMT1515859B,,
BMT166976634,,
BMT166976636,,
BMT166976637,,
BMT166976637,,
BMT166976638,,
BMT166976638,,
BMT1515740B,,
BMT166976638,,
BMT1515887B,,
BMT1515887B,,
BMT1515978B,,
BMT119150103,,
BMT2633724B,,
BMT103616305,,
BMT103616319,,
BMT103616298,,
BMT103616305,,
BMT103616298,,
BMT1515922B,,
BMT1515922B,,
BMT1515929B,,
BMT1515929B,,
BMT4695735B,,
BMT1515936B,,
BMT103616284,,
BMT103616291,,
BMT103616298,,
BMT1515978B,,
BMT166976640,,
BMT166976640,,
BMT1515992B,,
BMT1515992B,,
BMT1515999B,,
BMT1515999B,,
BMT1516013B,,
BMT1516013B,,
BMT1668928B,,
BMT1516020B,,
BMT1516027B,,
BMT1516027B,,
BMT1516034B,,
BMT1516034B,,
BMT166976642,,
BMT166976642,,
BMT1516048B,,
BMT1516048B,,
BMT1516055B,,
BMT1516055B,,
BMT151686946,,
BMT1516069B,,
BMT160105097,,
BMT1516118B,,
BMT1516069B,,
BMT1516132B,,
BMT1516118B,,
BMT1516139B,,
BMT1516146B,,
BMT1516146B,,
BMT1516132B,,
BMT160105096,,
BMT1516258B,,
BMT151823567,,
BMT3506729B,,
BMT151823567,,
BMT151823395,,
BMT1516188B,,
BMT151823567,,
BMT1516202B,,
BMT1516244B,,
BMT1516209B,,
BMT1516202B,,
BMT1516223B,,
BMT1516209B,,
BMT1516237B,,
BMT1516223B,,
BMT1516258B,,
BMT1516139B,,
BMT1516265B,,
BMT103612203,,
BMT103612217,,
BMT3508339B,,
BMT1516279B,,
BMT1516265B,,
BMT1516286B,,
BMT1516279B,,
BMT1516293B,,
BMT1516286B,,
BMT160110431,,
BMT1516356B,,
BMT1516307B,,
BMT160110431,,
BMT1516314B,,
BMT1516307B,,
BMT151821672,,
BMT1516314B,,
BMT170805421,,
BMT1516349B,,
BMT151821634,,
BMT151821672,,
BMT1516335B,,
BMT170375587,,
BMT1516342B,,
BMT1516335B,,
BMT1516349B,,
BMT1516237B,,
BMT1516356B,,
BMT1516293B,,
BMT1516405B,,
BMT170375581,,
BMT1516412B,,
BMT1516503B,,
BMT170375582,,
BMT1516412B,,
BMT170375580,,
BMT1516405B,,
BMT170375580,,
BMT170375582,,
BMT1516433B,,
BMT170375580,,
BMT1516440B,,
BMT1516433B,,
BMT1516447B,,
BMT1516342B,,
BMT1516454B,,
BMT1516447B,,
BMT170375585,,
BMT1516454B,,
BMT1516468B,,
BMT170375585,,
BMT1516482B,,
BMT1516468B,,
BMT1516503B,,
BMT170375583,,
BMT170375583,,
BMT1516482B,,
BMT170375583,,
BMT1516517B,,
BMT1516517B,,
BMT1516552B,,
BMT1516552B,,
BMT170375586,,
BMT170375586,,
BMT1516566B,,
BMT1516566B,,
BMT103612175,,
BMT103615108,,
BMT1516699B,,
BMT170375578,,
BMT2637154B,,
BMT1516594B,,
BMT170375578,,
BMT1516601B,,
BMT1516440B,,
BMT1516608B,,
BMT1516601B,,
BMT170375579,,
BMT1516608B,,
BMT1516622B,,
BMT1516594B,,
BMT1516629B,,
BMT170375579,,
BMT1516650B,,
BMT1516629B,,
BMT1516657B,,
BMT1516650B,,
BMT170375577,,
BMT1516622B,,
BMT170375577,,
BMT3121071B,,
BMT103615115,,
BMT1516713B,,
BMT1516699B,,
BMT1516706B,,
BMT172170847,,
BMT172170849,,
BMT151619142,,
BMT8807959B,,
BMT4777558B,,
BMT8807959B,,
BMT165341632,,
BMT165341634,,
BMT157961212,,
BMT157961214,,
BMT157961214,,
BMT157961215,,
BMT157961214,,
BMT8997424B,,
BMT8997425B,,
BMT157961216,,
BMT8997424B,,
BMT8997441B,,
BMT8997441B,,
BMT8997425B,,
BMT169425190,,
BMT9000122B,,
BMT9000123B,,
BMT9000124B,,
BMT9000124B,,
BMT169425194,,
BMT158048511,,
BMT158048512,,
BMT158048512,,
BMT3172521B,,
BMT158048512,,
BMT158048514,,
BMT158048514,,
BMT158048515,,
BMT158196190,,
BMT158196202,,
BMT159314211,,
BMT9035775B,,
BMT9035775B,,
BMT159314212,,
BMT159446240,,
BMT9038139B,,
BMT9038139B,,
BMT159446242,,
BMT171462740,,
BMT9077545B,,
BMT9077545B,,
BMT171462742,,
BMT162549841,,
BMT162549843,,
BMT162549843,,
BMT9112524B,,
BMT9112524B,,
BMT162549844,,
BMT164392355,,
BMT164392357,,
BMT164392357,,
BMT164392358,,
BMT164369573,,
BMT164369574,,
BMT164369574,,
BMT158458687,,
BMT6776989B,,
BMT170123486,,
BMT170123486,,
BMT6777101B,,
BMT170123486,,
BMT170123488,,
BMT1514270B,,
BMT9354536B,,
BMT9354536B,,
BMT9354546B,,
BMT9354546B,,
BMT103615892,,
BMT172171072,,
BMT103622255,,
BMT122401330,,
BMT3508983B,,
BMT103612735,,
BMT3338036B,,
BMT103612980,,
BMT103612987,,
BMT103612987,,
BMT2636804B,,
BMT103613099,,
BMT103613106,,
BMT103613071,,
BMT2636650B,,
BMT103613085,,
BMT3335404B,,
BMT163573628,,
BMT163573629,,
BMT163573628,,
BMT3509578B,,
BMT1693757B,,
BMT2636839B,,
BMT103613386,,
BMT2636454B,,
BMT163573634,,
BMT3927471B,,
BMT163573634,,
BMT3927506B,,
BMT163573635,,
BMT3927401B,,
BMT163573635,,
BMT3927422B,,
BMT163573638,,
BMT2635103B,,
BMT163573638,,
BMT3927352B,,
BMT170805423,,
BMT4770054B,,
BMT1516706B,,
BMT103615115,,
BMT1516713B,,
BMT1516720B,,
BMT1516720B,,
BMT103615122,,
BMT1516734B,,
BMT170375577,,
BMT1516741B,,
BMT1516734B,,
BMT1516748B,,
BMT1516741B,,
BMT1516762B,,
BMT1516748B,,
BMT1516776B,,
BMT1516762B,,
BMT170375576,,
BMT1516776B,,
BMT103612091,,
BMT170375576,,
BMT1516804B,,
BMT103612091,,
BMT1516811B,,
BMT1516804B,,
BMT1516818B,,
BMT1516811B,,
BMT1516825B,,
BMT1516818B,,
BMT103615143,,
BMT103615150,,
BMT1516839B,,
BMT103615129,,
BMT103615122,,
BMT1516839B,,
BMT103615122,,
BMT103615136,,
BMT161014966,,
BMT1516860B,,
BMT1516860B,,
BMT161014967,,
BMT161014967,,
BMT1516874B,,
BMT1516874B,,
BMT1516881B,,
BMT1516881B,,
BMT1516902B,,
BMT1516902B,,
BMT1516979B,,
BMT170375575,,
BMT1516825B,,
BMT103612084,,
BMT170375575,,
BMT160110234,,
BMT1516930B,,
BMT170375574,,
BMT103612084,,
BMT1516930B,,
BMT160110235,,
BMT160110235,,
BMT1516944B,,
BMT1516944B,,
BMT1516951B,,
BMT1516951B,,
BMT1516958B,,
BMT1516958B,,
BMT1516965B,,
BMT1516965B,,
BMT1517056B,,
BMT1516972B,,
BMT1516986B,,
BMT1516979B,,
BMT1516972B,,
BMT1516986B,,
BMT1516993B,,
BMT1516993B,,
BMT161014968,,
BMT161014968,,
BMT1517007B,,
BMT1517007B,,
BMT1517014B,,
BMT1517021B,,
BMT161014969,,
BMT161014969,,
BMT161014970,,
BMT161014969,,
BMT2905331B,,
BMT161014970,,
BMT1517042B,,
BMT1517042B,,
BMT103615213,,
BMT103615213,,
BMT1517266B,,
BMT163573617,,
BMT3513085B,,
BMT1517056B,,
BMT1517070B,,
BMT1517070B,,
BMT1517077B,,
BMT1517077B,,
BMT160110236,,
BMT160110240,,
BMT1517182B,,
BMT1517182B,,
BMT1517210B,,
BMT1517210B,,
BMT1517217B,,
BMT1517217B,,
BMT160110239,,
BMT1517266B,,
BMT161014972,,
BMT163727222,,
BMT103621240,,
BMT103616781,,
BMT103616788,,
BMT103616781,,
BMT103616795,,
BMT172276610,,
BMT166331991,,
BMT166331992,,
BMT1514200B,,
BMT158196177,,
BMT158196179,,
BMT6953746B,,
BMT7244260B,,
BMT7244260B,,
BMT159689539,,
BMT3234254B,,
BMT103617964,,
BMT3234268B,,
BMT103617964,,
BMT103617964,,
BMT103617978,,
BMT159113606,,
BMT159113607,,
BMT2633528B,,
BMT168518457,,
BMT151917087,,
BMT151917090,,
BMT159523158,,
BMT9040328B,,
BMT9040328B,,
BMT159523161,,
BMT164369574,,
BMT164369575,,
BMT164392357,,
BMT164392359,,
BMT151801621,,
BMT164376073,,
BMT164376075,,
BMT103612035,,
BMT164376073,,
BMT164376074,,
BMT169203354,,
BMT9293597B,,
BMT9293597B,,
BMT9293601B,,
BMT9293601B,,
BMT169203356,,
BMT163727214,,
BMT163727215,,
BMT163727215,,
BMT3821715B,,
BMT163727215,,
BMT3879451B,,
BMT163727224,,
BMT103621254,,
BMT168370127,,
BMT168370129,,
BMT168370144,,
BMT168370143,,
BMT168370110,,
BMT168370147,,
BMT168370118,,
BMT2636069B,,
BMT168370116,,
BMT2636104B,,
BMT151619152,,
BMT148380924,,
BMT159523157,,
BMT3838900B,,
BMT159523154,,
BMT159523155,,
BMT1683733B,,
BMT4777621B,,
BMT159523147,,
BMT2636412B,,
BMT159523153,,
BMT2636300B,,
BMT159523151,,
BMT2636279B,,
BMT1683789B,,
BMT151619141,,
BMT158196197,,
BMT103613666,,
BMT168342932,,
BMT168342933,,
BMT103612763,,
BMT103612770,,
BMT158521295,,
BMT103620211,,
BMT165942614,,
BMT2632898B,,
BMT172364093,,
BMT2633696B,,
BMT157961219,,
BMT157961220,,
BMT169821440,,
BMT169821441,,
BMT103618825,,
BMT103618832,,
BMT164392360,,
BMT164392361,,
BMT164392360,,
BMT164392362,,
BMT164392362,,
BMT2633892B,,
BMT164392362,,
BMT164392364,,
BMT2633892B,,
BMT164392363,,
BMT164392364,,
BMT164392365,,
BMT164392364,,
BMT103618517,,
BMT159446240,,
BMT159446241,,
BMT119150159,,
BMT119150166,,
BMT119150159,,
BMT2633927B,,
BMT119150166,,
BMT119150180,,
BMT119150166,,
BMT119150187,,
BMT2633927B,,
BMT119150173,,
BMT119150187,,
BMT119150194,,
BMT119150187,,
BMT3508696B,,
BMT119150201,,
BMT119150208,,
BMT119150201,,
BMT103616452,,
BMT103616452,,
BMT119150215,,
BMT103618314,,
BMT103618321,,
BMT119150215,,
BMT119150222,,
BMT119150215,,
BMT119150229,,
BMT119150229,,
BMT119150236,,
BMT167555807,,
BMT3508731B,,
BMT119150236,,
BMT119150243,,
BMT119150236,,
BMT103616522,,
BMT167555808,,
BMT167555809,,
BMT167555808,,
BMT167555810,,
BMT167555808,,
BMT4369283B,,
BMT169379410,,
BMT169379411,,
BMT103616522,,
BMT103616529,,
BMT169379411,,
BMT169379412,,
BMT169379411,,
BMT2634312B,,
BMT169379411,,
BMT3515213B,,
BMT2633997B,,
BMT165468562,,
BMT165468566,,
BMT2634011B,,
BMT165468566,,
BMT3508906B,,
BMT2634011B,,
BMT165468567,,
BMT165468567,,
BMT165468569,,
BMT165468567,,
BMT2634025B,,
BMT2634025B,,
BMT165468570,,
BMT172578641,,
BMT172578643,,
BMT122401323,,
BMT122401330,,
BMT172578647,,
BMT172578648,,
BMT172578647,,
BMT2634060B,,
BMT172578648,,
BMT172578650,,
BMT172578648,,
BMT3513281B,,
BMT2634060B,,
BMT2634067B,,
BMT2634067B,,
BMT172578649,,
BMT172772724,,
BMT172772725,,
BMT2634088B,,
BMT172772726,,
BMT172772726,,
BMT172772727,,
BMT172772726,,
BMT172772728,,
BMT172772728,,
BMT172772729,,
BMT172772729,,
BMT172772731,,
BMT172772729,,
BMT103617012,,
BMT172772729,,
BMT3514205B,,
BMT152216120,,
BMT2634137B,,
BMT2634123B,,
BMT2634130B,,
BMT2634130B,,
BMT3514233B,,
BMT122401337,,
BMT122401344,,
BMT122401337,,
BMT122401351,,
BMT165468570,,
BMT165468571,,
BMT165468570,,
BMT103616620,,
BMT103616620,,
BMT165468572,,
BMT103616774,,
BMT103616781,,
BMT103616788,,
BMT103616809,,
BMT103616788,,
BMT3509060B,,
BMT165468572,,
BMT2634179B,,
BMT165468572,,
BMT165468574,,
BMT2634179B,,
BMT165468573,,
BMT165468574,,
BMT165468575,,
BMT165468574,,
BMT3514828B,,
BMT2634193B,,
BMT103616655,,
BMT103616655,,
BMT165468576,,
BMT103616669,,
BMT103616676,,
BMT103616676,,
BMT103616683,,
BMT103616676,,
BMT103616690,,
BMT103616676,,
BMT103616697,,
BMT103616697,,
BMT103616704,,
BMT103616697,,
BMT103616711,,
BMT103616711,,
BMT103616718,,
BMT103616711,,
BMT2634228B,,
BMT2634228B,,
BMT2634235B,,
BMT2634235B,,
BMT103616725,,
BMT103616725,,
BMT103616732,,
BMT103616725,,
BMT103616739,,
BMT103616739,,
BMT103616746,,
BMT103616739,,
BMT2634256B,,
BMT2634256B,,
BMT2634263B,,
BMT2634263B,,
BMT103616753,,
BMT103616753,,
BMT103616760,,
BMT103616753,,
BMT3522535B,,
BMT2634277B,,
BMT3522556B,,
BMT103616816,,
BMT103616823,,
BMT103616816,,
BMT3509417B,,
BMT103616830,,
BMT103616837,,
BMT103616830,,
BMT3509452B,,
BMT103616844,,
BMT103616851,,
BMT103616844,,
BMT4156315B,,
BMT169379415,,
BMT169379417,,
BMT2634312B,,
BMT2634319B,,
BMT2634319B,,
BMT169379413,,
BMT103617110,,
BMT169379418,,
BMT103618286,,
BMT103618293,,
BMT169379418,,
BMT169379419,,
BMT169379418,,
BMT169379420,,
BMT103618293,,
BMT103618300,,
BMT103618293,,
BMT103618307,,
BMT169379421,,
BMT169379423,,
BMT169379421,,
BMT103617145,,
BMT103617145,,
BMT169379424,,
BMT103618146,,
BMT103618153,,
BMT103617145,,
BMT169379425,,
BMT103617145,,
BMT103617166,,
BMT103617173,,
BMT2634410B,,
BMT103618062,,
BMT2634417B,,
BMT169379424,,
BMT103617348,,
BMT169379424,,
BMT2634382B,,
BMT103617362,,
BMT103617369,,
BMT158521285,,
BMT158521286,,
BMT158521285,,
BMT9008919B,,
BMT9008919B,,
BMT158521287,,
BMT167226867,,
BMT1515495B,,
BMT1515495B,,
BMT1515509B,,
BMT1515509B,,
BMT1515523B,,
BMT1515523B,,
BMT4609068B,,
BMT4609068B,,
BMT167226868,,
BMT167226868,,
BMT4609082B,,
BMT4609082B,,
BMT9226628B,,
BMT9226628B,,
BMT167226869,,
BMT167226869,,
BMT9226622B,,
BMT9226622B,,
BMT167226870,,
BMT167920715,,
BMT9257110B,,
BMT9257110B,,
BMT9257112B,,
BMT9257112B,,
BMT167920717,,
BMT103622255,,
BMT9377100B,,
BMT9377100B,,
BMT9377101B,,
BMT9377101B,,
BMT172171074,,
BMT172244294,,
BMT9378926B,,
BMT9378926B,,
BMT172244296,,
BMT172244296,,
BMT172244297,,
BMT157827214,,
BMT3128960B,,
BMT149762804,,
BMT2631148B,,
BMT103622738,,
BMT2631855B,,
BMT171462742,,
BMT171462743,,
BMT165349457,,
BMT103622815,,
BMT171462748,,
BMT171462749,,
BMT103618006,,
BMT3503418B,,
BMT103617971,,
BMT3234296B,,
BMT103617957,,
BMT3234170B,,
BMT165341631,,
BMT4518985B,,
BMT164392365,,
BMT3508668B,,
BMT103622150,,
BMT103622157,,
BMT103622150,,
BMT103622164,,
BMT103622150,,
BMT4581866B,,
BMT103622157,,
BMT103622171,,
BMT103622129,,
BMT103622136,,
BMT103622122,,
BMT103622129,,
BMT103611720,,
BMT103611727,,
BMT160109988,,
BMT2770693,,
BMT171160739,,
BMT171160740,,
BMT171160740,,
BMT3490916B,,
BMT2630637B,,
BMT103611769,,
BMT169750529,,
BMT3490923B,,
BMT169750530,,
BMT169750531,,
BMT169750530,,
BMT169750532,,
BMT169750532,,
BMT2630665B,,
BMT169750532,,
BMT3491007B,,
BMT169750532,,
BMT169750535,,
BMT2630665B,,
BMT169750533,,
BMT169750534,,
BMT169750536,,
BMT169750533,,
BMT2630686B,,
BMT169750533,,
BMT169750538,,
BMT2630686B,,
BMT3495970B,,
BMT169750537,,
BMT169750539,,
BMT2634382B,,
BMT169379437,,
BMT103617369,,
BMT103617376,,
BMT103617369,,
BMT2634396B,,
BMT2634396B,,
BMT103617383,,
BMT103618125,,
BMT103618132,,
BMT103618125,,
BMT103618139,,
BMT2634410B,,
BMT169379427,,
BMT2634417B,,
BMT103618069,,
BMT103618069,,
BMT103618076,,
BMT103618069,,
BMT2634431B,,
BMT2634431B,,
BMT3503110B,,
BMT2634438B,,
BMT103618083,,
BMT103618083,,
BMT103618090,,
BMT103618083,,
BMT103618097,,
BMT103618097,,
BMT103618104,,
BMT103618097,,
BMT4151961B,,
BMT169379427,,
BMT131003189,,
BMT131003189,,
BMT168286439,,
BMT131003350,,
BMT131003357,,
BMT169379429,,
BMT169379430,,
BMT169379429,,
BMT3503187B,,
BMT103617215,,
BMT169379431,,
BMT103617215,,
BMT169379432,,
BMT103617936,,
BMT3503243B,,
BMT169379432,,
BMT169379433,,
BMT169379432,,
BMT2634564B,,
BMT169379432,,
BMT3578297B,,
BMT103617950,,
BMT3234128B,,
BMT2634501B,,
BMT3234191B,,
BMT2634508B,,
BMT3234254B,,
BMT2634515B,,
BMT103617985,,
BMT103617985,,
BMT103617992,,
BMT103617985,,
BMT4818109B,,
BMT103618013,,
BMT2634536B,,
BMT103618041,,
BMT3466654B,,
BMT2634536B,,
BMT103618020,,
BMT103618020,,
BMT103618027,,
BMT103618020,,
BMT3503474B,,
BMT2634550B,,
BMT2634557B,,
BMT2634557B,,
BMT103618034,,
BMT2634564B,,
BMT3503565B,,
BMT2634571B,,
BMT3503593B,,
BMT2634578B,,
BMT168375929,,
BMT168375929,,
BMT169379435,,
BMT168375942,,
BMT3503642B,,
BMT169379435,,
BMT169379436,,
BMT169379435,,
BMT165341593,,
BMT168375943,,
BMT168375944,,
BMT168375943,,
BMT4041354B,,
BMT168375944,,
BMT168375946,,
BMT168375944,,
BMT168375947,,
BMT165341630,,
BMT165341631,,
BMT165341593,,
BMT3503824B,,
BMT2634620B,,
BMT2634627B,,
BMT2634627B,,
BMT2634634B,,
BMT2634634B,,
BMT3503845B,,
BMT169750537,,
BMT3496404B,,
BMT169750539,,
BMT169750540,,
BMT169750539,,
BMT3496915B,,
BMT166448086,,
BMT2630714B,,
BMT2630714B,,
BMT166448087,,
BMT166448087,,
BMT166448088,,
BMT166448087,,
BMT2630728B,,
BMT2630728B,,
BMT3496488B,,
BMT166448089,,
BMT166448090,,
BMT166448089,,
BMT5961720B,,
BMT169750541,,
BMT169750542,,
BMT169750541,,
BMT2630777B,,
BMT2630777B,,
BMT169750543,,
BMT169750543,,
BMT169750544,,
BMT169750543,,
BMT169750545,,
BMT169750543,,
BMT130894780,,
BMT169750545,,
BMT169750546,,
BMT169750545,,
BMT169750547,,
BMT157827210,,
BMT157827211,,
BMT157827211,,
BMT2630812B,,
BMT157827211,,
BMT157827213,,
BMT2630812B,,
BMT3497069B,,
BMT157827213,,
BMT2630826B,,
BMT2630826B,,
BMT3128953B,,
BMT2630833B,,
BMT3497237B,,
BMT2630840B,,
BMT2630847B,,
BMT2630847B,,
BMT3497258B,,
BMT157827217,,
BMT157827218,,
BMT157827217,,
BMT2630861B,,
BMT2630861B,,
BMT157827219,,
BMT122936760,,
BMT3497545B,,
BMT2630882B,,
BMT2630889B,,
BMT2630889B,,
BMT103623746,,
BMT167205494,,
BMT167205495,,
BMT103623746,,
BMT122936788,,
BMT167205495,,
BMT2631015B,,
BMT167205495,,
BMT167205497,,
BMT122936788,,
BMT122936795,,
BMT122936788,,
BMT3491084B,,
BMT103623767,,
BMT122936802,,
BMT103623851,,
BMT2630931B,,
BMT122936802,,
BMT103623774,,
BMT2630931B,,
BMT103623858,,
BMT103623872,,
BMT103623879,,
BMT103623858,,
BMT2630945B,,
BMT2630945B,,
BMT2630952B,,
BMT2630952B,,
BMT2630959B,,
BMT2630959B,,
BMT103623865,,
BMT103623781,,
BMT103623788,,
BMT103623788,,
BMT103623795,,
BMT103623788,,
BMT2630987B,,
BMT2630987B,,
BMT103623802,,
BMT103623802,,
BMT103623809,,
BMT103623802,,
BMT103623816,,
BMT103623816,,
BMT103623823,,
BMT103623816,,
BMT103623830,,
BMT103623830,,
BMT103623837,,
BMT103623830,,
BMT103623844,,
BMT2631015B,,
BMT167205496,,
BMT167205496,,
BMT167205498,,
BMT167205498,,
BMT167205500,,
BMT167205498,,
BMT2631043B,,
BMT167205500,,
BMT167205502,,
BMT2631043B,,
BMT167205501,,
BMT2631050B,,
BMT157827212,,
BMT169750547,,
BMT149762015,,
BMT169750547,,
BMT169750548,,
BMT149762015,,
BMT2631071B,,
BMT149762015,,
BMT3497566B,,
BMT2631071B,,
BMT103611909,,
BMT149762790,,
BMT149762792,,
BMT149762790,,
BMT3497594B,,
BMT149762793,,
BMT149762794,,
BMT149762793,,
BMT2631092B,,
BMT2631092B,,
BMT149762795,,
BMT149762795,,
BMT149762796,,
BMT149762795,,
BMT149762797,,
BMT149762797,,
BMT149762798,,
BMT149762797,,
BMT149762799,,
BMT149762799,,
BMT149762800,,
BMT149762799,,
BMT149762801,,
BMT149762801,,
BMT149762802,,
BMT149762801,,
BMT2631127B,,
BMT149762801,,
BMT2631134B,,
BMT2631134B,,
BMT2631141B,,
BMT2631141B,,
BMT149762804,,
BMT2631148B,,
BMT2631155B,,
BMT2631155B,,
BMT149762805,,
BMT103623494,,
BMT3498105B,,
BMT103611909,,
BMT103611916,,
BMT103611944,,
BMT103611937,,
BMT160102396,,
BMT160102397,,
BMT103623501,,
BMT3498119B,,
BMT103623501,,
BMT3498126B,,
BMT2631190B,,
BMT3497468B,,
BMT160091306,,
BMT3498756B,,
BMT160102399,,
BMT160102223,,
BMT160102399,,
BMT3578465B,,
BMT2631218B,,
BMT2631225B,,
BMT2631225B,,
BMT2631232B,,
BMT2631232B,,
BMT160091483,,
BMT164376070,,
BMT2631246B,,
BMT2631246B,,
BMT3506855B,,
BMT151801621,,
BMT2631260B,,
BMT151801656,,
BMT103612042,,
BMT103615451,,
BMT3507044B,,
BMT103623347,,
BMT103623354,,
BMT103612042,,
BMT4779301B,,
BMT2631281B,,
BMT4779266B,,
BMT103623354,,
BMT3506946B,,
BMT2631295B,,
BMT103623361,,
BMT103623361,,
BMT103623375,,
BMT2634641B,,
BMT153024903,,
BMT153024906,,
BMT153024907,,
BMT2634662B,,
BMT153024908,,
BMT153024909,,
BMT153024910,,
BMT153024909,,
BMT2634676B,,
BMT2634676B,,
BMT2634683B,,
BMT2634683B,,
BMT153024911,,
BMT153024911,,
BMT153024912,,
BMT153024911,,
BMT153024913,,
BMT153024914,,
BMT153024916,,
BMT166893988,,
BMT2635012B,,
BMT166893988,,
BMT2635019B,,
BMT166893988,,
BMT166893991,,
BMT2635012B,,
BMT166893989,,
BMT2635019B,,
BMT3525503B,,
BMT2635026B,,
BMT3522528B,,
BMT164376072,,
BMT152415401,,
BMT163573618,,
BMT163573619,,
BMT163573618,,
BMT163573620,,
BMT163573620,,
BMT163573621,,
BMT163573620,,
BMT163573622,,
BMT163573622,,
BMT163573623,,
BMT163573622,,
BMT163573624,,
BMT163573624,,
BMT163573625,,
BMT163573624,,
BMT3513008B,,
BMT163573626,,
BMT163573627,,
BMT163573626,,
BMT163573628,,
BMT163573630,,
BMT163573631,,
BMT163573630,,
BMT163573632,,
BMT163573630,,
BMT163573633,,
BMT163573632,,
BMT163573649,,
BMT163573632,,
BMT163573650,,
BMT163573633,,
BMT3927520B,,
BMT2635103B,,
BMT163573641,,
BMT163573641,,
BMT163573642,,
BMT163573641,,
BMT2635117B,,
BMT2635117B,,
BMT163573644,,
BMT163573644,,
BMT2635131B,,
BMT2635131B,,
BMT2635138B,,
BMT2635138B,,
BMT2635145B,,
BMT2635145B,,
BMT163573646,,
BMT103615150,,
BMT103615157,,
BMT103615150,,
BMT2635159B,,
BMT2635159B,,
BMT2635166B,,
BMT2635166B,,
BMT103615164,,
BMT103612224,,
BMT103612231,,
BMT103612224,,
BMT3508381B,,
BMT2635180B,,
BMT103612238,,
BMT103612238,,
BMT103612245,,
BMT103612238,,
BMT103612252,,
BMT172244255,,
BMT2635201B,,
BMT2635201B,,
BMT2635208B,,
BMT2635208B,,
BMT172244256,,
BMT2635215B,,
BMT172244257,,
BMT172244257,,
BMT172244258,,
BMT172244258,,
BMT172244259,,
BMT151801657,,
BMT151801658,,
BMT2631316B,,
BMT3507072B,,
BMT2631323B,,
BMT103615458,,
BMT103615458,,
BMT3507163B,,
BMT103623305,,
BMT103623312,,
BMT103615465,,
BMT103615472,,
BMT103615465,,
BMT103615479,,
BMT103615472,,
BMT103615486,,
BMT103615472,,
BMT103615493,,
BMT172170844,,
BMT2631358B,,
BMT103622255,,
BMT3507464B,,
BMT2631358B,,
BMT3507296B,,
BMT2631365B,,
BMT172171073,,
BMT103623263,,
BMT103623270,,
BMT103622262,,
BMT172171076,,
BMT172171076,,
BMT103622276,,
BMT172171076,,
BMT172171077,,
BMT172109089,,
BMT172109090,,
BMT172171077,,
BMT172171078,,
BMT172171077,,
BMT103622297,,
BMT103623249,,
BMT103623256,,
BMT103622297,,
BMT2631407B,,
BMT2631407B,,
BMT2631414B,,
BMT2631414B,,
BMT2631421B,,
BMT2631421B,,
BMT2631428B,,
BMT2631428B,,
BMT2631435B,,
BMT2631435B,,
BMT2631442B,,
BMT2631442B,,
BMT103622304,,
BMT171462721,,
BMT103622388,,
BMT103623235,,
BMT2631463B,,
BMT103622388,,
BMT103622395,,
BMT2631463B,,
BMT2631995B,,
BMT103623221,,
BMT103623228,,
BMT103622395,,
BMT2631477B,,
BMT2631477B,,
BMT2631484B,,
BMT2631484B,,
BMT171462722,,
BMT171462722,,
BMT171462723,,
BMT171462722,,
BMT103622416,,
BMT103623046,,
BMT103623053,,
BMT103622416,,
BMT103622423,,
BMT103623053,,
BMT3502396B,,
BMT103622423,,
BMT103622430,,
BMT103622423,,
BMT103622437,,
BMT103623032,,
BMT3578346B,,
BMT103622990,,
BMT2631540B,,
BMT103622430,,
BMT171462724,,
BMT103623018,,
BMT2631533B,,
BMT2631533B,,
BMT103623025,,
BMT2631540B,,
BMT103622997,,
BMT171462724,,
BMT171462725,,
BMT171462746,,
BMT3501472B,,
BMT171462725,,
BMT171462726,,
BMT171462725,,
BMT3501465B,,
BMT171462747,,
BMT2631568B,,
BMT171462747,,
BMT171462579,,
BMT2631568B,,
BMT171462748,,
BMT172244258,,
BMT172244260,,
BMT172244260,,
BMT2635243B,,
BMT172244260,,
BMT3506071B,,
BMT2635243B,,
BMT2635250B,,
BMT2635250B,,
BMT163843069,,
BMT163843105,,
BMT163843106,,
BMT163843069,,
BMT2635271B,,
BMT163843106,,
BMT163843107,,
BMT2635271B,,
BMT172244262,,
BMT172244267,,
BMT3506092B,,
BMT172244267,,
BMT172244270,,
BMT172244269,,
BMT172244271,,
BMT172244269,,
BMT3506099B,,
BMT172244271,,
BMT172244282,,
BMT172244271,,
BMT2636860B,,
BMT2635299B,,
BMT172244272,,
BMT172244272,,
BMT172244273,,
BMT172244272,,
BMT2635313B,,
BMT2635313B,,
BMT172244274,,
BMT172244274,,
BMT172244275,,
BMT172244274,,
BMT172244276,,
BMT172244274,,
BMT103612385,,
BMT172244276,,
BMT172244281,,
BMT103612385,,
BMT172244277,,
BMT103612385,,
BMT172244278,,
BMT103613344,,
BMT2635348B,,
BMT172244278,,
BMT172244279,,
BMT172244278,,
BMT3483174B,,
BMT2635348B,,
BMT2635355B,,
BMT2635355B,,
BMT103613351,,
BMT103613351,,
BMT103613358,,
BMT103613351,,
BMT3338337B,,
BMT103613365,,
BMT103613372,,
BMT103613365,,
BMT103613379,,
BMT103613379,,
BMT103613386,,
BMT103613379,,
BMT103613393,,
BMT103613393,,
BMT103613400,,
BMT103613393,,
BMT3338498B,,
BMT103613407,,
BMT103613414,,
BMT103613407,,
BMT3338540B,,
BMT2635397B,,
BMT103613421,,
BMT103613421,,
BMT103613428,,
BMT103613421,,
BMT103613435,,
BMT103613435,,
BMT103613442,,
BMT103613435,,
BMT2635418B,,
BMT2635418B,,
BMT103613449,,
BMT103613449,,
BMT103613456,,
BMT103613449,,
BMT103613463,,
BMT103614870,,
BMT103614877,,
BMT103613463,,
BMT2635446B,,
BMT103614877,,
BMT103614884,,
BMT103614877,,
BMT3338869B,,
BMT2635446B,,
BMT2635453B,,
BMT2635453B,,
BMT103613470,,
BMT158196176,,
BMT158196177,,
BMT103613470,,
BMT3589413B,,
BMT158196177,,
BMT3339107B,,
BMT158196178,,
BMT158196180,,
BMT158196178,,
BMT103613526,,
BMT103613526,,
BMT2635488B,,
BMT157825114,,
BMT2635495B,,
BMT2635488B,,
BMT2635572B,,
BMT2635495B,,
BMT157825115,,
BMT157825115,,
BMT157825116,,
BMT157825115,,
BMT2635509B,,
BMT2635509B,,
BMT157825117,,
BMT157825117,,
BMT157825118,,
BMT157825117,,
BMT157825119,,
BMT157825120,,
BMT157825122,,
BMT157825120,,
BMT2635530B,,
BMT2635530B,,
BMT157825123,,
BMT157825123,,
BMT157825124,,
BMT157825123,,
BMT157825125,,
BMT157825125,,
BMT157825126,,
BMT157825125,,
BMT2635551B,,
BMT2635551B,,
BMT157825127,,
BMT157825127,,
BMT157825128,,
BMT157825127,,
BMT157825129,,
BMT157825129,,
BMT157825130,,
BMT157825129,,
BMT157825131,,
BMT2635572B,,
BMT158196181,,
BMT158196181,,
BMT158196182,,
BMT158196181,,
BMT3813378B,,
BMT158196183,,
BMT158196184,,
BMT158196183,,
BMT158196185,,
BMT158196185,,
BMT158196186,,
BMT158196185,,
BMT158196187,,
BMT158196187,,
BMT158196188,,
BMT158196187,,
BMT158196189,,
BMT158196189,,
BMT158196190,,
BMT158196189,,
BMT158196191,,
BMT158196190,,
BMT158196200,,
BMT158196190,,
BMT158196201,,
BMT158196191,,
BMT158196192,,
BMT158196191,,
BMT158196193,,
BMT158196192,,
BMT158196199,,
BMT158196193,,
BMT158196194,,
BMT158196193,,
BMT2635656B,,
BMT158196194,,
BMT158196198,,
BMT2635656B,,
BMT158196195,,
BMT158196195,,
BMT103613638,,
BMT158196195,,
BMT3806658B,,
BMT159523142,,
BMT2636223B,,
BMT158196196,,
BMT158196197,,
BMT158196196,,
BMT103613659,,
BMT151619138,,
BMT3395156B,,
BMT160834070,,
BMT103613876,,
BMT103613876,,
BMT2635705B,,
BMT103614583,,
BMT2635712B,,
BMT2635705B,,
BMT160834071,,
BMT2635712B,,
BMT103614590,,
BMT103614590,,
BMT103614597,,
BMT171462642,,
BMT3501633B,,
BMT171462643,,
BMT171462644,,
BMT171462643,,
BMT3501766B,,
BMT171462645,,
BMT171462646,,
BMT171462646,,
BMT171462647,,
BMT171462646,,
BMT171462648,,
BMT171462749,,
BMT171462750,,
BMT171462749,,
BMT2631610B,,
BMT2631610B,,
BMT171462751,,
BMT171462727,,
BMT171462728,,
BMT171462727,,
BMT2631624B,,
BMT2631624B,,
BMT171462729,,
BMT171462729,,
BMT171462730,,
BMT171462729,,
BMT171462731,,
BMT171462731,,
BMT171462732,,
BMT171462731,,
BMT171462733,,
BMT171462733,,
BMT171462734,,
BMT171462733,,
BMT171462735,,
BMT171462734,,
BMT171462737,,
BMT171462734,,
BMT171462738,,
BMT171462735,,
BMT171462736,,
BMT171462735,,
BMT103622577,,
BMT165349449,,
BMT2631680B,,
BMT2631680B,,
BMT2631687B,,
BMT2631687B,,
BMT3500310B,,
BMT2631694B,,
BMT2631701B,,
BMT2631701B,,
BMT165349450,,
BMT165349450,,
BMT165349451,,
BMT165349450,,
BMT2631722B,,
BMT165349451,,
BMT165349458,,
BMT165349451,,
BMT165349459,,
BMT2631722B,,
BMT165349452,,
BMT165349452,,
BMT165349453,,
BMT165349452,,
BMT165349454,,
BMT165349452,,
BMT2631736B,,
BMT2631736B,,
BMT165349455,,
BMT165349455,,
BMT2631750B,,
BMT165349455,,
BMT2631757B,,
BMT2631750B,,
BMT165349456,,
BMT2631757B,,
BMT165349457,,
BMT165218764,,
BMT165218765,,
BMT165218765,,
BMT165218766,,
BMT165218765,,
BMT165218767,,
BMT165218768,,
BMT165218771,,
BMT165218771,,
BMT165218775,,
BMT171462738,,
BMT171462739,,
BMT171462738,,
BMT171462740,,
BMT171462740,,
BMT171462741,,
BMT171462743,,
BMT171462744,,
BMT171462743,,
BMT103622640,,
BMT103622731,,
BMT103622738,,
BMT103622640,,
BMT103622647,,
BMT103622661,,
BMT103622668,,
BMT103622647,,
BMT6486293B,,
BMT2631855B,,
BMT3499631B,,
BMT2631862B,,
BMT103622745,,
BMT103614590,,
BMT103614604,,
BMT103614604,,
BMT103614611,,
BMT103614604,,
BMT2635733B,,
BMT2635733B,,
BMT103614618,,
BMT160834071,,
BMT160834072,,
BMT160834071,,
BMT160834073,,
BMT160834071,,
BMT2635754B,,
BMT160834073,,
BMT160834083,,
BMT160834073,,
BMT2636146B,,
BMT2635754B,,
BMT160834074,,
BMT160834074,,
BMT160834075,,
BMT160834074,,
BMT3824130B,,
BMT160834076,,
BMT160834077,,
BMT160834076,,
BMT160834078,,
BMT160834078,,
BMT160834079,,
BMT160834078,,
BMT3824025B,,
BMT2635782B,,
BMT2635789B,,
BMT2635789B,,
BMT160834080,,
BMT160834080,,
BMT160834081,,
BMT160834080,,
BMT103613960,,
BMT160834081,,
BMT160834082,,
BMT160834081,,
BMT103613974,,
BMT168342922,,
BMT103614331,,
BMT103614569,,
BMT103614576,,
BMT103614331,,
BMT3820630B,,
BMT2635824B,,
BMT168342923,,
BMT168342923,,
BMT2635838B,,
BMT168342923,,
BMT2961954B,,
BMT2635838B,,
BMT168342924,,
BMT2635845B,,
BMT168342926,,
BMT168342924,,
BMT168342927,,
BMT168342924,,
BMT168342928,,
BMT168342928,,
BMT103614387,,
BMT103614387,,
BMT103614394,,
BMT103614387,,
BMT3819755B,,
BMT103614513,,
BMT3819839B,,
BMT103614485,,
BMT103614492,,
BMT2635880B,,
BMT103614520,,
BMT168342930,,
BMT168342931,,
BMT168342930,,
BMT168342932,,
BMT168342933,,
BMT168342934,,
BMT168342933,,
BMT168342935,,
BMT168342935,,
BMT168342936,,
BMT168342935,,
BMT168342937,,
BMT168342937,,
BMT168342938,,
BMT168342937,,
BMT3819272B,,
BMT168342939,,
BMT168342940,,
BMT168342939,,
BMT2635922B,,
BMT2635922B,,
BMT3816507B,,
BMT103614499,,
BMT103614506,,
BMT103614520,,
BMT103614527,,
BMT103614534,,
BMT103614541,,
BMT103614555,,
BMT103614562,,
BMT103614541,,
BMT2635950B,,
BMT2635950B,,
BMT103614548,,
BMT168370108,,
BMT103614002,,
BMT159919919,,
BMT2631876B,,
BMT2631876B,,
BMT159919920,,
BMT159919920,,
BMT159919921,,
BMT159919920,,
BMT159919922,,
BMT159919922,,
BMT159919923,,
BMT159919922,,
BMT2884142B,,
BMT159919924,,
BMT159919925,,
BMT103622997,,
BMT103623004,,
BMT103622997,,
BMT3502039B,,
BMT103623060,,
BMT103623074,,
BMT103623060,,
BMT2631925B,,
BMT103623207,,
BMT3578402B,,
BMT103623123,,
BMT103623130,,
BMT2631925B,,
BMT3502760B,,
BMT103623081,,
BMT2631939B,,
BMT103623081,,
BMT103623095,,
BMT2631939B,,
BMT103623088,,
BMT103623095,,
BMT2631953B,,
BMT103623193,,
BMT3578458B,,
BMT2631953B,,
BMT2631960B,,
BMT2631960B,,
BMT103623102,,
BMT103623088,,
BMT103623109,,
BMT103623172,,
BMT3578444B,,
BMT103623116,,
BMT3578451B,,
BMT103623130,,
BMT103623137,,
BMT103623158,,
BMT3578409B,,
BMT103623144,,
BMT3578430B,,
BMT2631995B,,
BMT2632002B,,
BMT2632002B,,
BMT103623242,,
BMT172109123,,
BMT172105991,,
BMT172109124,,
BMT172109125,,
BMT172109124,,
BMT103622346,,
BMT2632023B,,
BMT3507317B,,
BMT2632030B,,
BMT172170845,,
BMT172170845,,
BMT172170846,,
BMT172170845,,
BMT172170847,,
BMT172170847,,
BMT172170848,,
BMT103615493,,
BMT3508045B,,
BMT103622213,,
BMT103622220,,
BMT103615500,,
BMT103615507,,
BMT103622185,,
BMT103622192,,
BMT103615507,,
BMT103615514,,
BMT103622143,,
BMT4581852B,,
BMT103615514,,
BMT103615521,,
BMT103615514,,
BMT103615528,,
BMT103622171,,
BMT4581782B,,
BMT103615521,,
BMT103615535,,
BMT103615521,,
BMT103615542,,
BMT103622115,,
BMT103622122,,
BMT103615549,,
BMT103615556,,
BMT103615556,,
BMT103615563,,
BMT103622066,,
BMT103622073,,
BMT103615556,,
BMT3508276B,,
BMT103615563,,
BMT2632142B,,
BMT159113605,,
BMT3522577B,,
BMT103622073,,
BMT103622080,,
BMT103622073,,
BMT103622087,,
BMT103622080,,
BMT103622101,,
BMT103622080,,
BMT103622108,,
BMT103622087,,
BMT103622094,,
BMT2632142B,,
BMT103615584,,
BMT104385059,,
BMT1693939B,,
BMT103622017,,
BMT159113608,,
BMT2632156B,,
BMT2632163B,,
BMT2632163B,,
BMT159113610,,
BMT168518434,,
BMT3522661B,,
BMT168518435,,
BMT168518436,,
BMT168518435,,
BMT168518437,,
BMT168518436,,
BMT168518440,,
BMT168518436,,
BMT2632198B,,
BMT2632191B,,
BMT168518439,,
BMT2632198B,,
BMT103615640,,
BMT103615640,,
BMT168518441,,
BMT103621975,,
BMT103621982,,
BMT168518441,,
BMT2632233B,,
BMT103621982,,
BMT103621989,,
BMT103621982,,
BMT103621996,,
BMT2632226B,,
BMT3522696B,,
BMT2632233B,,
BMT2632240B,,
BMT2632240B,,
BMT2632247B,,
BMT2632247B,,
BMT103615647,,
BMT103615647,,
BMT103615654,,
BMT171608959,,
BMT2632268B,,
BMT103621933,,
BMT103621940,,
BMT103615654,,
BMT168518444,,
BMT103615654,,
BMT168518445,,
BMT103615654,,
BMT2632289B,,
BMT2632268B,,
BMT171608960,,
BMT171608960,,
BMT171608961,,
BMT171608960,,
BMT3522759B,,
BMT168518445,,
BMT2632296B,,
BMT168518445,,
BMT3522864B,,
BMT2632289B,,
BMT168518446,,
BMT2632296B,,
BMT3523284B,,
BMT103619616,,
BMT103619623,,
BMT103619623,,
BMT103619630,,
BMT103619623,,
BMT103619637,,
BMT103619630,,
BMT103619756,,
BMT103619630,,
BMT103619763,,
BMT103619637,,
BMT103619644,,
BMT103619637,,
BMT3522941B,,
BMT103619651,,
BMT103619658,,
BMT103619651,,
BMT3522962B,,
BMT103619665,,
BMT103619672,,
BMT103619665,,
BMT103619679,,
BMT103619679,,
BMT2632359B,,
BMT103619679,,
BMT103619693,,
BMT2632359B,,
BMT103619686,,
BMT103619693,,
BMT103619700,,
BMT103619693,,
BMT103619707,,
BMT103619707,,
BMT103619714,,
BMT103621870,,
BMT3523060B,,
BMT103614002,,
BMT3836758B,,
BMT168370109,,
BMT168370110,,
BMT168370109,,
BMT3834252B,,
BMT168370111,,
BMT168370112,,
BMT168370111,,
BMT168370113,,
BMT168370113,,
BMT2635992B,,
BMT168370113,,
BMT168370115,,
BMT2635992B,,
BMT2636125B,,
BMT168370115,,
BMT168370116,,
BMT168370115,,
BMT168370117,,
BMT168370117,,
BMT168370118,,
BMT168370117,,
BMT2636013B,,
BMT2636013B,,
BMT168370119,,
BMT168370119,,
BMT168370120,,
BMT168370119,,
BMT2636027B,,
BMT168370119,,
BMT2636034B,,
BMT2636027B,,
BMT168370121,,
BMT2636034B,,
BMT168370122,,
BMT168370122,,
BMT168370123,,
BMT168370122,,
BMT168370124,,
BMT168370124,,
BMT2636055B,,
BMT168370124,,
BMT3833118B,,
BMT2636055B,,
BMT168370125,,
BMT168370126,,
BMT168370127,,
BMT168370126,,
BMT168370128,,
BMT2636069B,,
BMT168370132,,
BMT168370132,,
BMT168370133,,
BMT168370132,,
BMT2636083B,,
BMT2636083B,,
BMT168370134,,
BMT168370134,,
BMT168370135,,
BMT168370135,,
BMT168370140,,
BMT2636104B,,
BMT103614198,,
BMT150435745,,
BMT2636118B,,
BMT2636118B,,
BMT150435746,,
BMT2636125B,,
BMT168370114,,
BMT168370114,,
BMT168370141,,
BMT168370114,,
BMT168370142,,
BMT168370114,,
BMT168370143,,
BMT168370142,,
BMT168370145,,
BMT168370142,,
BMT168370146,,
BMT2636146B,,
BMT160834084,,
BMT151619148,,
BMT151619149,,
BMT151619149,,
BMT151619150,,
BMT151619149,,
BMT151619151,,
BMT151619149,,
BMT2636167B,,
BMT2636167B,,
BMT2636174B,,
BMT2636174B,,
BMT151619152,,
BMT148380927,,
BMT148380928,,
BMT148380928,,
BMT2636195B,,
BMT148380928,,
BMT148380930,,
BMT2636195B,,
BMT148380929,,
BMT148380930,,
BMT148380931,,
BMT148380930,,
BMT2636209B,,
BMT2636209B,,
BMT2636216B,,
BMT2636216B,,
BMT148380932,,
BMT2636223B,,
BMT2636230B,,
BMT2636230B,,
BMT2636237B,,
BMT2636237B,,
BMT159523143,,
BMT159523143,,
BMT159523144,,
BMT159523143,,
BMT159523145,,
BMT159523145,,
BMT159523146,,
BMT159523145,,
BMT2636258B,,
BMT159523145,,
BMT3807561B,,
BMT2636258B,,
BMT2636405B,,
BMT159523149,,
BMT159523151,,
BMT159523149,,
BMT159523148,,
BMT159523148,,
BMT159523150,,
BMT2636279B,,
BMT2636286B,,
BMT2636286B,,
BMT3809913B,,
BMT2636293B,,
BMT159523153,,
BMT2636300B,,
BMT2636307B,,
BMT2636307B,,
BMT159523154,,
BMT159523155,,
BMT159523156,,
BMT159523155,,
BMT2636321B,,
BMT2636321B,,
BMT2636328B,,
BMT2636328B,,
BMT2636335B,,
BMT2636335B,,
BMT3838914B,,
BMT2636342B,,
BMT2636349B,,
BMT2636349B,,
BMT159523158,,
BMT159523158,,
BMT2636363B,,
BMT159523158,,
BMT159523160,,
BMT2636363B,,
BMT2636370B,,
BMT2636370B,,
BMT2636377B,,
BMT2636377B,,
BMT159523159,,
BMT159523159,,
BMT159523164,,
BMT159523159,,
BMT2636391B,,
BMT2636391B,,
BMT159523165,,
BMT2636405B,,
BMT159523147,,
BMT2636412B,,
BMT159523166,,
BMT103614891,,
BMT103614898,,
BMT103614891,,
BMT2636433B,,
BMT2636433B,,
BMT103614905,,
BMT103614905,,
BMT103614912,,
BMT103614905,,
BMT3338988B,,
BMT103614919,,
BMT103614926,,
BMT103614919,,
BMT103614933,,
BMT2636454B,,
BMT103613484,,
BMT172244280,,
BMT3335299B,,
BMT103612602,,
BMT103612609,,
BMT103612609,,
BMT103612616,,
BMT103612609,,
BMT103612623,,
BMT103613288,,
BMT2636489B,,
BMT103612623,,
BMT103612630,,
BMT2636489B,,
BMT1693757B,,
BMT103612637,,
BMT103612665,,
BMT103612637,,
BMT4851121B,,
BMT103612672,,
BMT103612679,,
BMT103612672,,
BMT103612686,,
BMT103613211,,
BMT2636517B,,
BMT103612686,,
BMT103612693,,
BMT2636517B,,
BMT3335348B,,
BMT103612693,,
BMT103612700,,
BMT103621877,,
BMT103621884,,
BMT103621877,,
BMT2633360B,,
BMT103621877,,
BMT103621898,,
BMT103619714,,
BMT103619721,,
BMT103619714,,
BMT3523123B,,
BMT103619728,,
BMT103619735,,
BMT103619728,,
BMT3857198B,,
BMT2632401B,,
BMT3857135B,,
BMT2632408B,,
BMT3857016B,,
BMT103619770,,
BMT103619777,,
BMT103619742,,
BMT3856834B,,
BMT103619777,,
BMT2632443B,,
BMT103621793,,
BMT3857289B,,
BMT103619777,,
BMT103619791,,
BMT103621842,,
BMT103621849,,
BMT103621800,,
BMT6570622B,,
BMT157961208,,
BMT157961209,,
BMT157961208,,
BMT157961210,,
BMT2632443B,,
BMT103619784,,
BMT103619784,,
BMT103619798,,
BMT103619784,,
BMT3856659B,,
BMT2632457B,,
BMT3856554B,,
BMT103619805,,
BMT103619812,,
BMT103621674,,
BMT103621681,,
BMT103619819,,
BMT103619833,,
BMT103619819,,
BMT3856260B,,
BMT103619896,,
BMT103619903,,
BMT103619840,,
BMT103619847,,
BMT103619861,,
BMT103619868,,
BMT103619861,,
BMT2633269B,,
BMT103619903,,
BMT103619910,,
BMT103619903,,
BMT103619917,,
BMT103619917,,
BMT103619924,,
BMT103619917,,
BMT103619931,,
BMT103619931,,
BMT103619938,,
BMT103619931,,
BMT3855882B,,
BMT103619945,,
BMT103619952,,
BMT103619945,,
BMT103619959,,
BMT103619959,,
BMT103619966,,
BMT103619959,,
BMT103619973,,
BMT2632527B,,
BMT103619987,,
BMT172435925,,
BMT103620001,,
BMT2632541B,,
BMT103620043,,
BMT103620050,,
BMT2632555B,,
BMT2632555B,,
BMT103620057,,
BMT103620057,,
BMT2632569B,,
BMT103620057,,
BMT103620071,,
BMT2632569B,,
BMT103620064,,
BMT103620071,,
BMT103620078,,
BMT103620071,,
BMT3879108B,,
BMT159870090,,
BMT2632912B,,
BMT158521276,,
BMT2632597B,,
BMT2632597B,,
BMT3879122B,,
BMT158521277,,
BMT158521278,,
BMT158521277,,
BMT158521279,,
BMT158521279,,
BMT158521280,,
BMT103612693,,
BMT2636531B,,
BMT2636531B,,
BMT2636538B,,
BMT2636538B,,
BMT2636545B,,
BMT2636545B,,
BMT2636552B,,
BMT2636552B,,
BMT103612707,,
BMT103612707,,
BMT2636566B,,
BMT103613183,,
BMT103613190,,
BMT103612707,,
BMT2636580B,,
BMT2636566B,,
BMT103612714,,
BMT103613190,,
BMT103613197,,
BMT103613190,,
BMT103613204,,
BMT2636580B,,
BMT103612721,,
BMT103612721,,
BMT103612728,,
BMT103613029,,
BMT103613036,,
BMT103612728,,
BMT103612735,,
BMT103613036,,
BMT103613043,,
BMT103613036,,
BMT2636615B,,
BMT103613043,,
BMT103613099,,
BMT2636615B,,
BMT103613050,,
BMT103613050,,
BMT103613057,,
BMT103613050,,
BMT103613064,,
BMT2636629B,,
BMT2636636B,,
BMT2636636B,,
BMT2636643B,,
BMT2636643B,,
BMT103613071,,
BMT2636650B,,
BMT2636657B,,
BMT2636657B,,
BMT103613085,,
BMT2636664B,,
BMT103613092,,
BMT103612742,,
BMT103612749,,
BMT103612931,,
BMT103612938,,
BMT103612952,,
BMT103612959,,
BMT103612749,,
BMT103612756,,
BMT103612749,,
BMT3338134B,,
BMT103612756,,
BMT103612777,,
BMT103612756,,
BMT103612784,,
BMT2636699B,,
BMT3828540B,,
BMT2636706B,,
BMT103612763,,
BMT103612784,,
BMT103612791,,
BMT103612784,,
BMT103612798,,
BMT2636720B,,
BMT103612805,,
BMT103612805,,
BMT103612812,,
BMT103612805,,
BMT103612819,,
BMT103612819,,
BMT103612826,,
BMT103612819,,
BMT103612833,,
BMT103612833,,
BMT103612840,,
BMT103612833,,
BMT3825313B,,
BMT2636748B,,
BMT3828358B,,
BMT103612840,,
BMT3825138B,,
BMT103612840,,
BMT3825236B,,
BMT2636762B,,
BMT103612854,,
BMT103612854,,
BMT103612868,,
BMT103612854,,
BMT103612875,,
BMT103612854,,
BMT2636783B,,
BMT103612875,,
BMT103612889,,
BMT103612875,,
BMT103612896,,
BMT2636783B,,
BMT103612882,,
BMT2636790B,,
BMT103612847,,
BMT158521279,,
BMT158521281,,
BMT158521281,,
BMT158521282,,
BMT158521281,,
BMT3879220B,,
BMT158521283,,
BMT158521284,,
BMT158521282,,
BMT158521289,,
BMT158521282,,
BMT2632639B,,
BMT158521282,,
BMT158521291,,
BMT2632639B,,
BMT2632905B,,
BMT158521291,,
BMT158521292,,
BMT158521291,,
BMT2632653B,,
BMT2632653B,,
BMT158521293,,
BMT158521293,,
BMT158521294,,
BMT158521293,,
BMT158521295,,
BMT158521293,,
BMT2632667B,,
BMT2632667B,,
BMT158521296,,
BMT103620211,,
BMT158521297,,
BMT165942608,,
BMT2632681B,,
BMT103620211,,
BMT158521298,,
BMT2632681B,,
BMT165942609,,
BMT158521298,,
BMT2632695B,,
BMT158521298,,
BMT158521300,,
BMT2632695B,,
BMT2632702B,,
BMT2632702B,,
BMT2632709B,,
BMT2632709B,,
BMT158521299,,
BMT2632716B,,
BMT158521301,,
BMT158521301,,
BMT158521303,,
BMT158521301,,
BMT2632730B,,
BMT2632730B,,
BMT158521304,,
BMT165942609,,
BMT165942610,,
BMT165942609,,
BMT165942611,,
BMT165942611,,
BMT165942612,,
BMT165942611,,
BMT3865605B,,
BMT2632758B,,
BMT165942613,,
BMT165942613,,
BMT165942614,,
BMT165942613,,
BMT2632772B,,
BMT2632772B,,
BMT165942615,,
BMT165942615,,
BMT165942616,,
BMT165942615,,
BMT3867124B,,
BMT2632786B,,
BMT3867117B,,
BMT165942617,,
BMT165942618,,
BMT165942617,,
BMT103620351,,
BMT165942618,,
BMT165942620,,
BMT165942618,,
BMT2632891B,,
BMT103620351,,
BMT165942619,,
BMT169821432,,
BMT2632814B,,
BMT2632814B,,
BMT2632821B,,
BMT2632821B,,
BMT169821433,,
BMT169821433,,
BMT169821434,,
BMT169821433,,
BMT2632835B,,
BMT169821433,,
BMT2632842B,,
BMT2632835B,,
BMT103620407,,
BMT2632842B,,
BMT3867971B,,
BMT169821435,,
BMT169821436,,
BMT169821435,,
BMT2632856B,,
BMT2632856B,,
BMT169821437,,
BMT169821437,,
BMT169821438,,
BMT169821437,,
BMT2632870B,,
BMT2632870B,,
BMT103620442,,
BMT103620442,,
BMT169821439,,
BMT172939005,,
BMT3870078B,,
BMT103620407,,
BMT3867516B,,
BMT103620491,,
BMT103620498,,
BMT2632891B,,
BMT165942621,,
BMT2632898B,,
BMT165942622,,
BMT2632905B,,
BMT158521290,,
BMT2632912B,,
BMT2632919B,,
BMT2632919B,,
BMT159870091,,
BMT159870092,,
BMT159870093,,
BMT159870092,,
BMT103621002,,
BMT165945694,,
BMT2633213B,,
BMT103621030,,
BMT2632947B,,
BMT2632947B,,
BMT103621037,,
BMT103621037,,
BMT103621044,,
BMT103621037,,
BMT2632961B,,
BMT2632961B,,
BMT2632968B,,
BMT2632968B,,
BMT2632975B,,
BMT2632975B,,
BMT2632982B,,
BMT2632982B,,
BMT103621051,,
BMT2632989B,,
BMT2632996B,,
BMT2632996B,,
BMT2633003B,,
BMT2633003B,,
BMT3875286B,,
BMT103621058,,
BMT103621065,,
BMT103621058,,
BMT3875251B,,
BMT2633017B,,
BMT103621072,,
BMT163727202,,
BMT2633031B,,
BMT2633031B,,
BMT2633038B,,
BMT2633038B,,
BMT163727203,,
BMT163727203,,
BMT163727204,,
BMT163727203,,
BMT3820672B,,
BMT163727205,,
BMT163727206,,
BMT163727205,,
BMT2633185B,,
BMT163727204,,
BMT163727208,,
BMT163727204,,
BMT163727209,,
BMT163727209,,
BMT163727210,,
BMT163727210,,
BMT2633080B,,
BMT2633080B,,
BMT163727211,,
BMT163727211,,
BMT163727213,,
BMT163727211,,
BMT3821351B,,
BMT2633094B,,
BMT2633101B,,
BMT2633101B,,
BMT163727214,,
BMT2633108B,,
BMT163727216,,
BMT2633115B,,
BMT163727217,,
BMT163727217,,
BMT163727218,,
BMT163727218,,
BMT2633136B,,
BMT2633136B,,
BMT2633143B,,
BMT2633143B,,
BMT163727220,,
BMT163727220,,
BMT2633157B,,
BMT163727220,,
BMT163727223,,
BMT2633157B,,
BMT2633164B,,
BMT2633164B,,
BMT163727222,,
BMT163727216,,
BMT163727224,,
BMT103621254,,
BMT163727225,,
BMT2633185B,,
BMT2633192B,,
BMT2633192B,,
BMT2633199B,,
BMT2633199B,,
BMT3817634B,,
BMT2633206B,,
BMT163727207,,
BMT2633213B,,
BMT2633220B,,
BMT2633220B,,
BMT2633227B,,
BMT2633227B,,
BMT2633234B,,
BMT2633234B,,
BMT165945695,,
BMT165945695,,
BMT165945696,,
BMT165945695,,
BMT2633248B,,
BMT2633248B,,
BMT165945697,,
BMT165945698,,
BMT2633262B,,
BMT2633262B,,
BMT165945699,,
BMT2633269B,,
BMT3855476B,,
BMT103619875,,
BMT103619882,,
BMT103619875,,
BMT2633283B,,
BMT103619875,,
BMT3855476B,,
BMT2633283B,,
BMT2633290B,,
BMT2633290B,,
BMT103619889,,
BMT157961210,,
BMT157961211,,
BMT157961210,,
BMT2633304B,,
BMT2633304B,,
BMT3858143B,,
BMT157961212,,
BMT157961213,,
BMT157961215,,
BMT157961217,,
BMT157961215,,
BMT157961218,,
BMT157961215,,
BMT157961219,,
BMT103621807,,
BMT103621814,,
BMT103621807,,
BMT2633332B,,
BMT2633332B,,
BMT2633339B,,
BMT2633339B,,
BMT103621821,,
BMT103621821,,
BMT103621828,,
BMT103621821,,
BMT3857758B,,
BMT2633353B,,
BMT103621835,,
BMT2633360B,,
BMT103621891,,
BMT103621898,,
BMT103621905,,
BMT103621898,,
BMT3523242B,,
BMT2633374B,,
BMT103621912,,
BMT103621912,,
BMT103621919,,
BMT103621912,,
BMT2633388B,,
BMT2633388B,,
BMT103621926,,
BMT103615682,,
BMT168518447,,
BMT103619455,,
BMT3523319B,,
BMT168518447,,
BMT168518448,,
BMT168518447,,
BMT3523571B,,
BMT2633416B,,
BMT103619462,,
BMT103619469,,
BMT103619483,,
BMT103619469,,
BMT3523340B,,
BMT103619490,,
BMT103619497,,
BMT103619504,,
BMT2633444B,,
BMT2633444B,,
BMT103619511,,
BMT2633451B,,
BMT103619525,,
BMT103619532,,
BMT103619539,,
BMT103619532,,
BMT103619546,,
BMT103619553,,
BMT103619560,,
BMT103619560,,
BMT103619567,,
BMT103619560,,
BMT2633479B,,
BMT2633479B,,
BMT103619574,,
BMT103619581,,
BMT103619588,,
BMT103619581,,
BMT2633493B,,
BMT2633493B,,
BMT3858738B,,
BMT2633500B,,
BMT103619595,,
BMT168518449,,
BMT103615717,,
BMT168518449,,
BMT4365405B,,
BMT168518451,,
BMT168518452,,
BMT168518451,,
BMT168518453,,
BMT168518452,,
BMT168518456,,
BMT168518452,,
BMT2633528B,,
BMT168518452,,
BMT4369066B,,
BMT151917090,,
BMT151917091,,
BMT151917090,,
BMT103615794,,
BMT103615794,,
BMT2633549B,,
BMT103615794,,
BMT151917092,,
BMT103619392,,
BMT103619399,,
BMT2633549B,,
BMT103615801,,
BMT151917092,,
BMT151917093,,
BMT103619399,,
BMT103619406,,
BMT103615801,,
BMT103615822,,
BMT103619014,,
BMT103619021,,
BMT172364061,,
BMT172364062,,
BMT172364062,,
BMT172364063,,
BMT172364062,,
BMT3525181B,,
BMT2633591B,,
BMT172364064,,
BMT172364064,,
BMT3524859B,,
BMT172364064,,
BMT3524999B,,
BMT2633605B,,
BMT3525055B,,
BMT158048510,,
BMT158048511,,
BMT172364065,,
BMT172364068,,
BMT172364065,,
BMT3524740B,,
BMT172364069,,
BMT172364070,,
BMT172364069,,
BMT103619105,,
BMT103619105,,
BMT172364071,,
BMT103619322,,
BMT103619329,,
BMT103619105,,
BMT172364072,,
BMT103619343,,
BMT103619350,,
BMT103619329,,
BMT3524628B,,
BMT172364075,,
BMT172364079,,
BMT172364075,,
BMT172364080,,
BMT172364097,,
BMT2633661B,,
BMT172364081,,
BMT103619175,,
BMT2633661B,,
BMT172364098,,
BMT170123484,,
BMT170123485,,
BMT103619175,,
BMT3524299B,,
BMT172364083,,
BMT172364084,,
BMT172364083,,
BMT3524460B,,
BMT172364088,,
BMT172364092,,
BMT172364088,,
BMT3860537B,,
BMT2633689B,,
BMT172364093,,
BMT2633696B,,
BMT172364094,,
BMT172364098,,
BMT172364099,,
BMT172364098,,
BMT172364100,,
BMT172364100,,
BMT2633717B,,
BMT172364100,,
BMT3867768B,,
BMT2633717B,,
BMT3867866B,,
BMT172276611,,
BMT1514249B,,
BMT1514249B,,
BMT1514270B,,
BMT1514277B,,
BMT1514382B,,
BMT171343030,,
BMT1514277B,,
BMT103615892,,
BMT1514291B,,
BMT1514291B,,
BMT1514298B,,
BMT1514298B,,
BMT103615899,,
BMT103616032,,
BMT1515061B,,
BMT1514368B,,
BMT171343031,,
BMT1514368B,,
BMT1514361B,,
BMT1514368B,,
BMT1514389B,,
BMT1514375B,,
BMT1514368B,,
BMT1514382B,,
BMT1514396B,,
BMT1514396B,,
BMT1514375B,,
BMT1514417B,,
BMT1514424B,,
BMT1514424B,,
BMT1514431B,,
BMT1514438B,,
BMT1514445B,,
BMT1514445B,,
BMT158950402,,
BMT1514543B,,
BMT158950398,,
BMT158950397,,
BMT1514543B,,
BMT158950396,,
BMT158950397,,
BMT1514571B,,
BMT158950396,,
BMT158950395,,
BMT1514571B,,
BMT1514585B,,
BMT158950395,,
BMT1514592B,,
BMT1514585B,,
BMT168342925,,
BMT2635845B,,
BMT172244299,,
BMT172244300,,
BMT103620526,,
BMT2921025B,,
BMT103620897,,
BMT4723364B,,
BMT2921025B,,
BMT2921032B,,
BMT2921032B,,
BMT172939006,,
BMT172939006,,
BMT172939007,,
BMT172939006,,
BMT2921053B,,
BMT2921053B,,
BMT172939008,,
BMT172939008,,
BMT172939009,,
BMT172939008,,
BMT3874985B,,
BMT2921074B,,
BMT172939012,,
BMT172939010,,
BMT3874964B,,
BMT172939010,,
BMT3874971B,,
BMT172939011,,
BMT3874950B,,
BMT2921102B,,
BMT172939013,,
BMT2921109B,,
BMT3874838B,,
BMT2921116B,,
BMT172939016,,
BMT172939016,,
BMT172939017,,
BMT172939016,,
BMT3033599B,,
BMT172939016,,
BMT3874726B,,
BMT172939019,,
BMT172939020,,
BMT172939019,,
BMT172939021,,
BMT172939021,,
BMT172939022,,
BMT172939021,,
BMT3874712B,,
BMT172939023,,
BMT172939024,,
BMT172939023,,
BMT172939025,,
BMT172939025,,
BMT172939026,,
BMT172939025,,
BMT172939027,,
BMT172939027,,
BMT172939028,,
BMT172939045,,
BMT172939046,,
BMT103612959,,
BMT103612973,,
BMT103612959,,
BMT103612980,,
BMT2636804B,,
BMT3338106B,,
BMT103613218,,
BMT103613225,,
BMT103613218,,
BMT103613232,,
BMT103613232,,
BMT103613239,,
BMT103613232,,
BMT103613246,,
BMT103613246,,
BMT103613253,,
BMT103613246,,
BMT3522647B,,
BMT103613267,,
BMT103613274,,
BMT103613267,,
BMT103613281,,
BMT2636839B,,
BMT103613295,,
BMT2636846B,,
BMT103613302,,
BMT2636853B,,
BMT103613316,,
BMT2636860B,,
BMT172244283,,
BMT2636867B,,
BMT172244284,,
BMT172244284,,
BMT172244285,,
BMT172244284,,
BMT172244286,,
BMT172244285,,
BMT2636909B,,
BMT172244286,,
BMT172244287,,
BMT172244287,,
BMT172244288,,
BMT169203348,,
BMT3506218B,,
BMT2636909B,,
BMT2636916B,,
BMT2636916B,,
BMT172244289,,
BMT172244291,,
BMT172244292,,
BMT172244291,,
BMT3506337B,,
BMT2636937B,,
BMT172244295,,
BMT2636951B,,
BMT2636958B,,
BMT2636972B,,
BMT2636979B,,
BMT2636979B,,
BMT2636986B,,
BMT2636986B,,
BMT169203350,,
BMT169203350,,
BMT169203351,,
BMT169203350,,
BMT2637000B,,
BMT2637000B,,
BMT169203352,,
BMT169203352,,
BMT169203353,,
BMT169203352,,
BMT169203354,,
BMT169203354,,
BMT169203355,,
BMT2637021B,,
BMT2637028B,,
BMT2637028B,,
BMT170805423,,
BMT2637056B,,
BMT2637063B,,
BMT2637063B,,
BMT3505798B,,
BMT2637077B,,
BMT4746002B,,
BMT2637084B,,
BMT3505847B,,
BMT160109589,,
BMT160109590,,
BMT160109589,,
BMT160109591,,
BMT160109590,,
BMT160109592,,
BMT160109590,,
BMT2637105B,,
BMT2637105B,,
BMT3505924B,,
BMT2637112B,,
BMT2637119B,,
BMT2637119B,,
BMT2637126B,,
BMT2637126B,,
BMT3506015B,,
BMT2637133B,,
BMT2637140B,,
BMT2637140B,,
BMT160109594,,
BMT2637147B,,
BMT160109206,,
BMT2637154B,,
BMT170375588,,
BMT103619973,,
BMT103619980,,
BMT9268226B,,
BMT168373716,,
BMT169379420,,
BMT9299190B,,
BMT9299190B,,
BMT169379422,,
BMT9000122B,,
BMT169425193,,
BMT169425193,,
BMT9000123B,,
BMT169425193,,
BMT9300626B,,
BMT9300626B,,
BMT9300628B,,
BMT9300628B,,
BMT9300630B,,
BMT9300630B,,
BMT9300632B,,
BMT9300632B,,
BMT169425195,,
BMT103621107,,
BMT163727205,,
BMT103621541,,
BMT103621548,,
BMT103621107,,
BMT3820672B,,
BMT103621548,,
BMT103621555,,
BMT103621548,,
BMT103621562,,
BMT158521299,,
BMT2993377B,,
BMT158521299,,
BMT158521302,,
BMT2993377B,,
BMT2632716B,,
BMT3033599B,,
BMT172939018,,
BMT103617992,,
BMT3503369B,,
BMT3416408B,,
BMT103617999,,
BMT154912711,,
BMT154912712,,
BMT154912712,,
BMT3416667B,,
BMT3416667B,,
BMT3416681B,,
BMT3416681B,,
BMT3416695B,,
BMT3416695B,,
BMT154912713,,
BMT154912713,,
BMT3416709B,,
BMT3416709B,,
BMT3416716B,,
BMT3416716B,,
BMT3416737B,,
BMT3416737B,,
BMT3416744B,,
BMT3416744B,,
BMT3416751B,,
BMT3416751B,,
BMT3416758B,,
BMT3416758B,,
BMT3416765B,,
BMT3416765B,,
BMT3416835B,,
BMT3416835B,,
BMT3416842B,,
BMT3416842B,,
BMT154912714,,
BMT154912714,,
BMT3416856B,,
BMT3416856B,,
BMT3416870B,,
BMT3416870B,,
BMT3416877B,,
BMT3416877B,,
BMT3416884B,,
BMT3416884B,,
BMT3416891B,,
BMT3416891B,,
BMT3416919B,,
BMT3416919B,,
BMT3416926B,,
BMT3416926B,,
BMT103621450,,
BMT165468563,,
BMT165468565,,
BMT165468563,,
BMT3508773B,,
BMT3419082B,,
BMT151619144,,
BMT151619145,,
BMT151619153,,
BMT151619153,,
BMT151619154,,
BMT3466633B,,
BMT3466640B,,
BMT3466640B,,
BMT3466647B,,
BMT3466647B,,
BMT103618048,,
BMT3466654B,,
BMT3466661B,,
BMT3466661B,,
BMT3466633B,,
BMT103618048,,
BMT103618055,,
BMT3506729B,,
BMT4770047B,,
BMT3506855B,,
BMT3506862B,,
BMT2633724B,,
BMT3525888B,,
BMT2633731B,,
BMT103616333,,
BMT103616333,,
BMT3525797B,,
BMT103618944,,
BMT3525846B,,
BMT2633745B,,
BMT119150110,,
BMT119150117,,
BMT119150131,,
BMT119150117,,
BMT119150138,,
BMT119150117,,
BMT2633759B,,
BMT2633759B,,
BMT119150145,,
BMT119150145,,
BMT119150152,,
BMT119150145,,
BMT2633773B,,
BMT119150145,,
BMT103616396,,
BMT2633773B,,
BMT119150159,,
BMT164369572,,
BMT164369573,,
BMT158458687,,
BMT164369576,,
BMT164392348,,
BMT164392349,,
BMT164392349,,
BMT157759208,,
BMT164392349,,
BMT3508430B,,
BMT164392349,,
BMT164392351,,
BMT157759208,,
BMT164392354,,
BMT159446237,,
BMT159446239,,
BMT159446237,,
BMT159446240,,
BMT164392354,,
BMT164392355,,
BMT164392354,,
BMT3508472B,,
BMT164392355,,
BMT3508486B,,
BMT103618783,,
BMT3508493B,,
BMT103618468,,
BMT3508563B,,
BMT2633843B,,
BMT164392360,,
BMT103618790,,
BMT103618797,,
BMT103618790,,
BMT103618804,,
BMT103618804,,
BMT103618811,,
BMT103618804,,
BMT103618818,,
BMT103618818,,
BMT103618825,,
BMT2884142B,,
BMT159919924,,
BMT3121071B,,
BMT1516657B,,
BMT153024907,,
BMT2634662B,,
BMT3501465B,,
BMT171462727,,
BMT3501472B,,
BMT3501479B,,
BMT3501479B,,
BMT171462747,,
BMT3501633B,,
BMT3501640B,,
BMT3501640B,,
BMT171462643,,
BMT3501766B,,
BMT171462645,,
BMT3502039B,,
BMT103623011,,
BMT3502396B,,
BMT3502410B,,
BMT3502410B,,
BMT103623060,,
BMT3502760B,,
BMT103623081,,
BMT169379425,,
BMT103617173,,
BMT169379425,,
BMT4155545B,,
BMT3503110B,,
BMT2634438B,,
BMT168286439,,
BMT169379429,,
BMT131003357,,
BMT131003364,,
BMT3503187B,,
BMT103617215,,
BMT3503243B,,
BMT103617943,,
BMT3503369B,,
BMT103618006,,
BMT3503418B,,
BMT103618013,,
BMT3503474B,,
BMT3503481B,,
BMT172364085,,
BMT172364087,,
BMT159446235,,
BMT159446236,,
BMT159446236,,
BMT159446237,,
BMT159446236,,
BMT159446238,,
BMT1514431B,,
BMT9026934B,,
BMT9026934B,,
BMT1514438B,,
BMT159113609,,
BMT2632156B,,
BMT159113609,,
BMT159113611,,
BMT170375580,,
BMT160590242,,
BMT9067889B,,
BMT9067888B,,
BMT9067888B,,
BMT160591636,,
BMT160591636,,
BMT160591637,,
BMT160591637,,
BMT160591639,,
BMT160591639,,
BMT160591640,,
BMT160591635,,
BMT9067933B,,
BMT9067933B,,
BMT9067889B,,
BMT160591636,,
BMT9067934B,,
BMT9067934B,,
BMT9067936B,,
BMT9067936B,,
BMT160591638,,
BMT163727218,,
BMT163727221,,
BMT167205496,,
BMT167205499,,
BMT172939046,,
BMT172939048,,
BMT158521297,,
BMT2632737B,,
BMT172435926,,
BMT1720791B,,
BMT1720791B,,
BMT1720798B,,
BMT1720798B,,
BMT1720805B,,
BMT1720805B,,
BMT1687380B,,
BMT1720812B,,
BMT172435926,,
BMT1720819B,,
BMT1720812B,,
BMT1720826B,,
BMT1720819B,,
BMT103620001,,
BMT1720826B,,
BMT103620001,,
BMT1720861B,,
BMT103621604,,
BMT1720896B,,
BMT1720847B,,
BMT172435927,,
BMT1720854B,,
BMT1720847B,,
BMT1720861B,,
BMT1720854B,,
BMT2905331B,,
BMT161014971,,
BMT172171071,,
BMT172171072,,
BMT2961947B,,
BMT168342925,,
BMT2961954B,,
BMT3820553B,,
BMT172364086,,
BMT172364088,,
BMT172364086,,
BMT2963032B,,
BMT2963032B,,
BMT172364089,,
BMT103618167,,
BMT103618174,,
BMT103618167,,
BMT3146978B,,
BMT3146978B,,
BMT103618181,,
BMT103618181,,
BMT3147062B,,
BMT103618181,,
BMT103618195,,
BMT3425214B,,
BMT103616088,,
BMT3514065B,,
BMT152216122,,
BMT3514205B,,
BMT2634123B,,
BMT3514233B,,
BMT172772732,,
BMT3514828B,,
BMT2634193B,,
BMT169379420,,
BMT169379421,,
BMT103617383,,
BMT103617390,,
BMT103617383,,
BMT4367883B,,
BMT103619973,,
BMT3856113B,,
BMT3128953B,,
BMT157827214,,
BMT3128960B,,
BMT2630833B,,
BMT3234128B,,
BMT3234135B,,
BMT3234135B,,
BMT3234142B,,
BMT3234142B,,
BMT103617957,,
BMT3234170B,,
BMT2634501B,,
BMT3234191B,,
BMT2634508B,,
BMT3234268B,,
BMT3234275B,,
BMT3234275B,,
BMT3234289B,,
BMT3234289B,,
BMT103617971,,
BMT3234296B,,
BMT3234317B,,
BMT3234317B,,
BMT3234338B,,
BMT3234338B,,
BMT2634515B,,
BMT3335040B,,
BMT5056249B,,
BMT3335047B,,
BMT2636846B,,
BMT103613302,,
BMT103613309,,
BMT103613309,,
BMT3510656B,,
BMT3335096B,,
BMT103612651,,
BMT103612644,,
BMT3335096B,,
BMT103612644,,
BMT3335215B,,
BMT3335215B,,
BMT103612658,,
BMT3335299B,,
BMT103612420,,
BMT3335348B,,
BMT103613218,,
BMT103613064,,
BMT2636629B,,
BMT103613064,,
BMT3509088B,,
BMT3335404B,,
BMT2636664B,,
BMT3495970B,,
BMT3495977B,,
BMT3495977B,,
BMT3495991B,,
BMT3495991B,,
BMT3495998B,,
BMT3495998B,,
BMT3496005B,,
BMT3496005B,,
BMT169750537,,
BMT3496404B,,
BMT103611846,,
BMT3496488B,,
BMT166448089,,
BMT3496915B,,
BMT169750541,,
BMT3497069B,,
BMT2631050B,,
BMT3497237B,,
BMT2630840B,,
BMT3497258B,,
BMT157827217,,
BMT3497440B,,
BMT2631190B,,
BMT3497468B,,
BMT3497475B,,
BMT3497475B,,
BMT103623508,,
BMT157827219,,
BMT2630868B,,
BMT157827219,,
BMT3797341B,,
BMT3497594B,,
BMT149762793,,
BMT3498098B,,
BMT103623501,,
BMT3498105B,,
BMT3498098B,,
BMT3498119B,,
BMT3497440B,,
BMT3498126B,,
BMT103623515,,
BMT103611916,,
BMT3498259B,,
BMT103611916,,
BMT3498273B,,
BMT3498273B,,
BMT3498287B,,
BMT3498287B,,
BMT169750550,,
BMT3498749B,,
BMT160102399,,
BMT3498756B,,
BMT3498749B,,
BMT3499631B,,
BMT2631862B,,
BMT3500310B,,
BMT2631694B,,
BMT165218767,,
BMT165218768,,
BMT103621072,,
BMT103621079,,
BMT103621051,,
BMT2632989B,,
BMT165945697,,
BMT165945698,,
BMT159870091,,
BMT3879087B,,
BMT172435928,,
BMT1687317B,,
BMT1687317B,,
BMT1687324B,,
BMT1687324B,,
BMT172435929,,
BMT172435929,,
BMT1687338B,,
BMT172435929,,
BMT1687345B,,
BMT1687338B,,
BMT1687443B,,
BMT1687345B,,
BMT2632541B,,
BMT1687359B,,
BMT172435928,,
BMT1687366B,,
BMT1687359B,,
BMT1687373B,,
BMT1687366B,,
BMT1687380B,,
BMT1687373B,,
BMT1687443B,,
BMT1687450B,,
BMT1687450B,,
BMT1687457B,,
BMT1687457B,,
BMT172435930,,
BMT2952812B,,
BMT1668886B,,
BMT3147062B,,
BMT3147111B,,
BMT3147111B,,
BMT103618188,,
BMT103618188,,
BMT103618202,,
BMT103618188,,
BMT103618209,,
BMT103618202,,
BMT4363466B,,
BMT103618230,,
BMT103618244,,
BMT103618230,,
BMT103618251,,
BMT103618244,,
BMT103618258,,
BMT103618244,,
BMT103618265,,
BMT103618258,,
BMT103618272,,
BMT103618258,,
BMT3147216B,,
BMT3147216B,,
BMT103618279,,
BMT103618153,,
BMT103618160,,
BMT103618153,,
BMT103618167,,
BMT3338036B,,
BMT103612742,,
BMT3338134B,,
BMT3338141B,,
BMT3338141B,,
BMT2636699B,,
BMT103612798,,
BMT2636720B,,
BMT103612903,,
BMT103612910,,
BMT3338337B,,
BMT103613365,,
BMT3338498B,,
BMT103613407,,
BMT3338540B,,
BMT2635397B,,
BMT3338869B,,
BMT3338876B,,
BMT3338876B,,
BMT103614891,,
BMT3338988B,,
BMT103614919,,
BMT3339107B,,
BMT3339121B,,
BMT3339121B,,
BMT158196178,,
BMT165468561,,
BMT2633997B,,
BMT3395156B,,
BMT151619139,,
BMT166893990,,
BMT166893993,,
BMT166893990,,
BMT4685116B,,
BMT3522528B,,
BMT166893990,,
BMT3522535B,,
BMT2634277B,,
BMT3522556B,,
BMT103616767,,
BMT159113606,,
BMT103622017,,
BMT3522577B,,
BMT159113606,,
BMT3522647B,,
BMT103613260,,
BMT3522654B,,
BMT103613267,,
BMT3506862B,,
BMT151801621,,
BMT3506946B,,
BMT2631295B,,
BMT3507044B,,
BMT2631316B,,
BMT3507072B,,
BMT2631323B,,
BMT3507163B,,
BMT3507177B,,
BMT3507177B,,
BMT103615465,,
BMT3507296B,,
BMT2632023B,,
BMT3507317B,,
BMT2632030B,,
BMT3507457B,,
BMT2631365B,,
BMT3507464B,,
BMT3507457B,,
BMT172171073,,
BMT103622262,,
BMT172105991,,
BMT172109124,,
BMT172105994,,
BMT4695406B,,
BMT3508045B,,
BMT103615500,,
BMT103615570,,
BMT103615577,,
BMT3508276B,,
BMT103615570,,
BMT3508339B,,
BMT103612224,,
BMT3508381B,,
BMT2635180B,,
BMT3508430B,,
BMT3508437B,,
BMT3508437B,,
BMT164392350,,
BMT164392351,,
BMT164392352,,
BMT164392351,,
BMT164392353,,
BMT3508472B,,
BMT164392356,,
BMT3508486B,,
BMT103618468,,
BMT3508493B,,
BMT103618790,,
BMT3508563B,,
BMT2633843B,,
BMT3508668B,,
BMT3508675B,,
BMT3508675B,,
BMT150213223,,
BMT150213224,,
BMT4753401B,,
BMT3508696B,,
BMT119150201,,
BMT3508731B,,
BMT167555808,,
BMT165468562,,
BMT165468563,,
BMT3508773B,,
BMT165468566,,
BMT3508906B,,
BMT165468568,,
BMT3508983B,,
BMT122401337,,
BMT3509011B,,
BMT172578647,,
BMT3509060B,,
BMT103616816,,
BMT3509088B,,
BMT103613078,,
BMT3509228B,,
BMT166331995,,
BMT3509417B,,
BMT103616830,,
BMT3509452B,,
BMT103616844,,
BMT3509564B,,
BMT163573630,,
BMT3509571B,,
BMT3509564B,,
BMT3509578B,,
BMT3509571B,,
BMT3510656B,,
BMT2636853B,,
BMT3513001B,,
BMT163573626,,
BMT3513008B,,
BMT3513001B,,
BMT3513085B,,
BMT163573618,,
BMT3513281B,,
BMT172578651,,
BMT3824025B,,
BMT2635782B,,
BMT3824130B,,
BMT160834076,,
BMT3825138B,,
BMT2636762B,,
BMT3825236B,,
BMT103612861,,
BMT3825313B,,
BMT2636748B,,
BMT3828358B,,
BMT2636790B,,
BMT3828540B,,
BMT2636706B,,
BMT157825119,,
BMT157825120,,
BMT3522661B,,
BMT3522668B,,
BMT3522668B,,
BMT168518435,,
BMT168518437,,
BMT168518438,,
BMT3522696B,,
BMT3522703B,,
BMT3522703B,,
BMT3522710B,,
BMT3522710B,,
BMT103622003,,
BMT3522759B,,
BMT171608962,,
BMT3522864B,,
BMT103615689,,
BMT3522941B,,
BMT3522948B,,
BMT3522948B,,
BMT103619651,,
BMT3522962B,,
BMT103619665,,
BMT3523060B,,
BMT103621877,,
BMT3523123B,,
BMT3523130B,,
BMT3523130B,,
BMT103619728,,
BMT3523242B,,
BMT3523249B,,
BMT3523249B,,
BMT2633374B,,
BMT3523284B,,
BMT3523291B,,
BMT3523291B,,
BMT103615682,,
BMT3523319B,,
BMT2633416B,,
BMT103619462,,
BMT103619469,,
BMT3523340B,,
BMT3523347B,,
BMT3523347B,,
BMT3523354B,,
BMT3523354B,,
BMT103619490,,
BMT103619518,,
BMT2633451B,,
BMT3523571B,,
BMT3523578B,,
BMT3523578B,,
BMT168518449,,
BMT103615717,,
BMT168518451,,
BMT103619413,,
BMT103619420,,
BMT172364080,,
BMT172364081,,
BMT3524299B,,
BMT172364083,,
BMT3524460B,,
BMT172364085,,
BMT172364085,,
BMT172364086,,
BMT172364072,,
BMT3524593B,,
BMT3524628B,,
BMT3524635B,,
BMT3524635B,,
BMT103619336,,
BMT3524740B,,
BMT172364069,,
BMT3524859B,,
BMT172364065,,
BMT3524999B,,
BMT2633605B,,
BMT3525055B,,
BMT172364066,,
BMT3525181B,,
BMT2633591B,,
BMT3525503B,,
BMT2635026B,,
BMT3525594B,,
BMT166893988,,
BMT166893991,,
BMT166893992,,
BMT3856554B,,
BMT103619805,,
BMT3856624B,,
BMT2632457B,,
BMT3856638B,,
BMT3856624B,,
BMT3856652B,,
BMT3856638B,,
BMT3856659B,,
BMT3856652B,,
BMT3856834B,,
BMT103619749,,
BMT3857016B,,
BMT3857030B,,
BMT3857030B,,
BMT103619742,,
BMT3857135B,,
BMT3857149B,,
BMT3857149B,,
BMT2632408B,,
BMT3857198B,,
BMT3857205B,,
BMT3857205B,,
BMT2632401B,,
BMT3857289B,,
BMT103621800,,
BMT3857758B,,
BMT3857814B,,
BMT3503481B,,
BMT2634550B,,
BMT3503565B,,
BMT3503572B,,
BMT3503572B,,
BMT3503579B,,
BMT3503579B,,
BMT2634571B,,
BMT3503593B,,
BMT3503600B,,
BMT3503600B,,
BMT2634578B,,
BMT3503642B,,
BMT168375943,,
BMT3503824B,,
BMT2634620B,,
BMT3503845B,,
BMT2634641B,,
BMT153024908,,
BMT153024914,,
BMT153024908,,
BMT153024915,,
BMT3505798B,,
BMT2637147B,,
BMT3505819B,,
BMT3505826B,,
BMT3505826B,,
BMT3505833B,,
BMT3505833B,,
BMT160109588,,
BMT3505840B,,
BMT2637084B,,
BMT3505847B,,
BMT160109589,,
BMT3505924B,,
BMT160109593,,
BMT3505959B,,
BMT2637112B,,
BMT3506015B,,
BMT2637133B,,
BMT3506071B,,
BMT172244261,,
BMT172244265,,
BMT172244267,,
BMT3506092B,,
BMT172244269,,
BMT3506099B,,
BMT2635299B,,
BMT3506218B,,
BMT2636951B,,
BMT3506337B,,
BMT3506344B,,
BMT3506344B,,
BMT172244293,,
BMT172244294,,
BMT2636937B,,
BMT103619434,,
BMT4362199B,,
BMT103619420,,
BMT103619427,,
BMT4362199B,,
BMT103619441,,
BMT4363466B,,
BMT103618216,,
BMT4363725B,,
BMT4363823B,,
BMT4363823B,,
BMT4363830B,,
BMT4363830B,,
BMT4363837B,,
BMT4363837B,,
BMT103620813,,
BMT103620813,,
BMT4364180B,,
BMT103620876,,
BMT4364929B,,
BMT4364019B,,
BMT155906057,,
BMT155906057,,
BMT155906058,,
BMT155906057,,
BMT4364453B,,
BMT4364180B,,
BMT4364019B,,
BMT4364432B,,
BMT155906059,,
BMT4364453B,,
BMT4364432B,,
BMT155906059,,
BMT4364614B,,
BMT155906059,,
BMT155906060,,
BMT4364614B,,
BMT103620841,,
BMT103620855,,
BMT103620862,,
BMT4364929B,,
BMT103620883,,
BMT4365405B,,
BMT4365419B,,
BMT4365419B,,
BMT168518450,,
BMT172939040,,
BMT172939041,,
BMT172939040,,
BMT4367645B,,
BMT4367645B,,
BMT172939042,,
BMT172939042,,
BMT4367729B,,
BMT172939042,,
BMT172939044,,
BMT4367729B,,
BMT4367743B,,
BMT103623326,,
BMT103623333,,
BMT103623326,,
BMT103623340,,
BMT103623312,,
BMT103623319,,
BMT103623312,,
BMT103623326,,
BMT3927352B,,
BMT3927359B,,
BMT3927366B,,
BMT3927373B,,
BMT3927373B,,
BMT3927380B,,
BMT3927380B,,
BMT3927387B,,
BMT3927387B,,
BMT3927394B,,
BMT3927394B,,
BMT3927401B,,
BMT3927422B,,
BMT3927429B,,
BMT3927429B,,
BMT3927436B,,
BMT3927436B,,
BMT3927443B,,
BMT3927443B,,
BMT3927450B,,
BMT3927450B,,
BMT3927457B,,
BMT3927457B,,
BMT3927471B,,
BMT3927506B,,
BMT3927513B,,
BMT3927520B,,
BMT3927513B,,
BMT165341632,,
BMT165341633,,
BMT4518985B,,
BMT165341632,,
BMT4770047B,,
BMT2637021B,,
BMT151827745,,
BMT4770075B,,
BMT4770075B,,
BMT4770082B,,
BMT4770082B,,
BMT4770089B,,
BMT4770089B,,
BMT4770096B,,
BMT4770096B,,
BMT4770103B,,
BMT4770103B,,
BMT4770110B,,
BMT4770110B,,
BMT151827746,,
BMT151619139,,
BMT151619140,,
BMT151619140,,
BMT4777537B,,
BMT4777537B,,
BMT1683789B,,
BMT151619141,,
BMT151619142,,
BMT151619141,,
BMT151619143,,
BMT4777558B,,
BMT151619144,,
BMT151619144,,
BMT151619145,,
BMT151619144,,
BMT4777572B,,
BMT4777572B,,
BMT4777579B,,
BMT4777579B,,
BMT4777586B,,
BMT4777586B,,
BMT4777593B,,
BMT4777593B,,
BMT151619146,,
BMT4777607B,,
BMT1683733B,,
BMT4777621B,,
BMT4777628B,,
BMT4777628B,,
BMT151619147,,
BMT151619147,,
BMT4777642B,,
BMT4777642B,,
BMT4777649B,,
BMT4777649B,,
BMT4777663B,,
BMT4777656B,,
BMT4777670B,,
BMT4777663B,,
BMT4777656B,,
BMT4777670B,,
BMT151619148,,
BMT4779266B,,
BMT151801657,,
BMT4779301B,,
BMT2631281B,,
BMT103618517,,
BMT164392366,,
BMT103618517,,
BMT164392367,,
BMT103618517,,
BMT5073315B,,
BMT103618573,,
BMT5077676B,,
BMT164392366,,
BMT164392369,,
BMT5073280B,,
BMT164392368,,
BMT1693939B,,
BMT104385066,,
BMT159113610,,
BMT3481340B,,
BMT172772725,,
BMT2634088B,,
BMT172244293,,
BMT172244294,,
BMT103619511,,
BMT103619518,,
BMT160109588,,
BMT3505840B,,
BMT103613260,,
BMT3522654B,,
BMT160109593,,
BMT3505959B,,
BMT103621989,,
BMT2632226B,,
BMT169203349,,
BMT2636965B,,
BMT172244289,,
BMT172244291,,
BMT168518444,,
BMT168518459,,
BMT172244256,,
BMT2635215B,,
BMT103619574,,
BMT3858647B,,
BMT3138312B,,
BMT166331996,,
BMT166331996,,
BMT3138354B,,
BMT166331996,,
BMT3138389B,,
BMT3138354B,,
BMT166331997,,
BMT3138389B,,
BMT3138396B,,
BMT3138396B,,
BMT166331998,,
BMT172244295,,
BMT172244298,,
BMT172244295,,
BMT172244299,,
BMT3481340B,,
BMT3481347B,,
BMT3481347B,,
BMT3481354B,,
BMT3481354B,,
BMT159113612,,
BMT159523160,,
BMT159523162,,
BMT159523160,,
BMT159523163,,
BMT169750550,,
BMT169750551,,
BMT169750550,,
BMT103611937,,
BMT159313101,,
BMT3481795B,,
BMT3481795B,,
BMT3481802B,,
BMT3481802B,,
BMT160647791,,
BMT3483174B,,
BMT172244280,,
BMT119150110,,
BMT119150117,,
BMT119150110,,
BMT119150124,,
BMT3525797B,,
BMT2633745B,,
BMT3525846B,,
BMT103618951,,
BMT3525888B,,
BMT2633731B,,
BMT3578297B,,
BMT169379434,,
BMT3578346B,,
BMT103623039,,
BMT3578402B,,
BMT103623214,,
BMT3578409B,,
BMT103623165,,
BMT3578430B,,
BMT103623151,,
BMT3578444B,,
BMT103623179,,
BMT3578451B,,
BMT103623186,,
BMT3578458B,,
BMT103623200,,
BMT3578465B,,
BMT160102400,,
BMT3797341B,,
BMT157827220,,
BMT3806644B,,
BMT158196196,,
BMT3806658B,,
BMT3806644B,,
BMT3807561B,,
BMT3807575B,,
BMT3807575B,,
BMT159523148,,
BMT4041354B,,
BMT168375945,,
BMT103622192,,
BMT103622199,,
BMT103622192,,
BMT103622206,,
BMT160102397,,
BMT160091306,,
BMT160102397,,
BMT160102398,,
BMT3874712B,,
BMT172939023,,
BMT3874726B,,
BMT172939019,,
BMT3874838B,,
BMT2921116B,,
BMT3874929B,,
BMT2921109B,,
BMT155905786,,
BMT3874929B,,
BMT172939013,,
BMT155905786,,
BMT3874950B,,
BMT2921102B,,
BMT3874957B,,
BMT172939011,,
BMT3874964B,,
BMT3874957B,,
BMT3874971B,,
BMT3874978B,,
BMT3874978B,,
BMT2921074B,,
BMT3874985B,,
BMT172939010,,
BMT3875237B,,
BMT2633017B,,
BMT3875251B,,
BMT3875237B,,
BMT3875286B,,
BMT103621058,,
BMT3879080B,,
BMT159870092,,
BMT3879087B,,
BMT3879080B,,
BMT3879108B,,
BMT103620085,,
BMT3879122B,,
BMT3879129B,,
BMT3879129B,,
BMT158521277,,
BMT3879220B,,
BMT158521283,,
BMT3879451B,,
BMT2633115B,,
BMT4745981B,,
BMT170805427,,
BMT4745988B,,
BMT4745981B,,
BMT4746002B,,
BMT4745988B,,
BMT150213225,,
BMT150213226,,
BMT150213225,,
BMT4753422B,,
BMT4753401B,,
BMT150213225,,
BMT4753422B,,
BMT4753457B,,
BMT4753457B,,
BMT4753492B,,
BMT4753492B,,
BMT4753499B,,
BMT4753499B,,
BMT4753506B,,
BMT4753506B,,
BMT150213227,,
BMT103618335,,
BMT103618342,,
BMT103618335,,
BMT103618349,,
BMT103618321,,
BMT103618328,,
BMT103618321,,
BMT103618335,,
BMT172244264,,
BMT172244266,,
BMT103622017,,
BMT159113609,,
BMT160647787,,
BMT160647788,,
BMT160647788,,
BMT160647789,,
BMT160647788,,
BMT9068837B,,
BMT9068837B,,
BMT160647790,,
BMT172364073,,
BMT172364077,,
BMT172364077,,
BMT172364078,,
BMT165945698,,
BMT165945700,,
BMT172244265,,
BMT172244268,,
BMT1516244B,,
BMT170805422,,
BMT170805422,,
BMT1516188B,,
BMT169750552,,
BMT169750553,,
BMT169750553,,
BMT169750554,,
BMT169750553,,
BMT169750555,,
BMT172939011,,
BMT9379828B,,
BMT9379828B,,
BMT172939014,,
BMT1668879B,,
BMT2952812B,,
BMT1668886B,,
BMT1668893B,,
BMT1668893B,,
BMT166976641,,
BMT166976641,,
BMT1668907B,,
BMT1668907B,,
BMT1668914B,,
BMT1668914B,,
BMT1668921B,,
BMT1668921B,,
BMT1516020B,,
BMT1668928B,,
BMT1668879B,,
BMT103619525,,
BMT103619532,,
BMT103619602,,
BMT2791966B,,
BMT2791966B,,
BMT2791973B,,
BMT2791973B,,
BMT103619609,,
BMT3490916B,,
BMT2630637B,,
BMT3490923B,,
BMT169750530,,
BMT3491007B,,
BMT169750534,,
BMT3491084B,,
BMT103623767,,
BMT3855882B,,
BMT103619945,,
BMT3856113B,,
BMT2632527B,,
BMT3856260B,,
BMT103619840,,
BMT103620498,,
BMT103620505,,
BMT103620498,,
BMT4715657B,,
BMT4715657B,,
BMT4715664B,,
BMT4715664B,,
BMT4715678B,,
BMT4715678B,,
BMT4715692B,,
BMT4715692B,,
BMT4715706B,,
BMT4715706B,,
BMT4715720B,,
BMT4715720B,,
BMT103620512,,
BMT4723364B,,
BMT103620904,,
BMT103620904,,
BMT103620911,,
BMT103620904,,
BMT4723385B,,
BMT103620911,,
BMT103620925,,
BMT103620946,,
BMT103620953,,
BMT4723385B,,
BMT103620918,,
BMT103620925,,
BMT103620932,,
BMT103620925,,
BMT103620939,,
BMT103620953,,
BMT103620960,,
BMT103620953,,
BMT103620967,,
BMT4367743B,,
BMT172939043,,
BMT4367883B,,
BMT4367960B,,
BMT4367911B,,
BMT4368065B,,
BMT169425187,,
BMT169425188,,
BMT4367960B,,
BMT4367911B,,
BMT4368065B,,
BMT103617397,,
BMT4369066B,,
BMT168518458,,
BMT168518453,,
BMT168518454,,
BMT168518453,,
BMT4369241B,,
BMT4369241B,,
BMT168518455,,
BMT4369283B,,
BMT4369290B,,
BMT4369290B,,
BMT4369297B,,
BMT4369297B,,
BMT4369304B,,
BMT4369304B,,
BMT167555811,,
BMT172578643,,
BMT172578652,,
BMT172578643,,
BMT172578653,,
BMT172578653,,
BMT172578654,,
BMT160109587,,
BMT3505819B,,
BMT4803080B,,
BMT160109587,,
BMT4818109B,,
BMT3416408B,,
BMT3857814B,,
BMT2633353B,,
BMT3858143B,,
BMT157961212,,
BMT3858647B,,
BMT103619581,,
BMT3858738B,,
BMT2633500B,,
BMT3860537B,,
BMT2633689B,,
BMT172364094,,
BMT172364095,,
BMT3865605B,,
BMT2632758B,,
BMT3867117B,,
BMT165942617,,
BMT3867124B,,
BMT2632786B,,
BMT103620456,,
BMT169821440,,
BMT3867516B,,
BMT103620456,,
BMT3867768B,,
BMT172364102,,
BMT172364102,,
BMT172364103,,
BMT3867866B,,
BMT172364101,,
BMT3867971B,,
BMT169821435,,
BMT3870078B,,
BMT3870092B,,
BMT3870092B,,
BMT3870113B,,
BMT3870113B,,
BMT3870246B,,
BMT3870246B,,
BMT3870253B,,
BMT3870253B,,
BMT3870260B,,
BMT3870260B,,
BMT3870267B,,
BMT3870267B,,
BMT103620526,,
BMT4151961B,,
BMT4152185B,,
BMT4152185B,,
BMT103618111,,
BMT4155545B,,
BMT169379426,,
BMT4156315B,,
BMT4156329B,,
BMT4156329B,,
BMT4156343B,,
BMT4156343B,,
BMT4156350B,,
BMT4156350B,,
BMT4156357B,,
BMT4156357B,,
BMT103616858,,
BMT103612910,,
BMT103612917,,
BMT103612910,,
BMT4400678B,,
BMT4400678B,,
BMT4400839B,,
BMT4400839B,,
BMT4400846B,,
BMT4400846B,,
BMT4400853B,,
BMT4400853B,,
BMT4400902B,,
BMT4400902B,,
BMT103612924,,
BMT168518438,,
BMT2632191B,,
BMT4581768B,,
BMT103622178,,
BMT4581782B,,
BMT4581768B,,
BMT4581852B,,
BMT103622150,,
BMT4833943B,,
BMT4833950B,,
BMT4833950B,,
BMT4833957B,,
BMT4833957B,,
BMT4833964B,,
BMT4833964B,,
BMT103621695,,
BMT103621695,,
BMT103621702,,
BMT103621681,,
BMT103621688,,
BMT103621681,,
BMT4833943B,,
BMT4851121B,,
BMT103612672,,
BMT103612630,,
BMT103612637,,
BMT103612630,,
BMT103612644,,
BMT103613295,,
BMT3335040B,,
BMT5056249B,,
BMT3335047B,,
BMT172578640,,
BMT172578641,,
BMT172578640,,
BMT172578642,,
BMT172939028,,
BMT172939029,,
BMT172939028,,
BMT172939030,,
BMT172939030,,
BMT172939031,,
BMT172939030,,
BMT3813196B,,
BMT172939032,,
BMT172939033,,
BMT172939032,,
BMT172939034,,
BMT172939034,,
BMT172939035,,
BMT172939034,,
BMT172939036,,
BMT172939036,,
BMT172939037,,
BMT172939036,,
BMT3817326B,,
BMT172939038,,
BMT172939039,,
BMT172939038,,
BMT172939040,,
BMT103619812,,
BMT103619819,,
BMT103619812,,
BMT103619826,,
BMT3589413B,,
BMT103613477,,
BMT3809913B,,
BMT3809927B,,
BMT3809927B,,
BMT159523152,,
BMT159523152,,
BMT2636293B,,
BMT3811383B,,
BMT158196183,,
BMT172939046,,
BMT172939047,,
BMT3813196B,,
BMT172939032,,
BMT3813378B,,
BMT3811383B,,
BMT3816507B,,
BMT103614478,,
BMT3817326B,,
BMT172939038,,
BMT3817606B,,
BMT2633206B,,
BMT3817634B,,
BMT3817606B,,
BMT3819272B,,
BMT168342939,,
BMT3819755B,,
BMT168342930,,
BMT3819839B,,
BMT2635880B,,
BMT3820553B,,
BMT2961947B,,
BMT3820630B,,
BMT2635824B,,
BMT3821351B,,
BMT2633094B,,
BMT3821715B,,
BMT2633108B,,
BMT103618118,,
BMT103618125,,
BMT3833111B,,
BMT168370126,,
BMT3833118B,,
BMT3833111B,,
BMT3834252B,,
BMT168370111,,
BMT3836758B,,
BMT168370109,,
BMT3838900B,,
BMT2636342B,,
BMT3838914B,,
BMT159523157,,
BMT4685116B,,
BMT166893994,,
BMT103613106,,
BMT103613113,,
BMT103613120,,
BMT103613127,,
BMT103613127,,
BMT103613134,,
BMT103622353,,
BMT4695336B,,
BMT4695336B,,
BMT4695343B,,
BMT4695343B,,
BMT103622360,,
BMT103622360,,
BMT103622367,,
BMT103622360,,
BMT4695371B,,
BMT4695371B,,
BMT103622374,,
BMT4695406B,,
BMT4695413B,,
BMT4695413B,,
BMT172105995,,
BMT172105995,,
BMT172105996,,
BMT4695735B,,
BMT103616312,,
BMT5942813B,,
BMT103618594,,
BMT103618601,,
BMT103618608,,
BMT103618608,,
BMT103618615,,
BMT5073315B,,
BMT5073280B,,
BMT5077676B,,
BMT5077683B,,
BMT5077683B,,
BMT5077690B,,
BMT5077690B,,
BMT5077697B,,
BMT5077697B,,
BMT5077704B,,
BMT5077704B,,
BMT5077711B,,
BMT5077711B,,
BMT5077718B,,
BMT5077718B,,
BMT5077725B,,
BMT5077725B,,
BMT103618580,,
BMT103618580,,
BMT103618587,,
BMT103618580,,
BMT5942813B,,
BMT5961720B,,
BMT166448091,,
