BMT154395112,,
BMT154395113,,
BMT165597330,,
BMT8856779B,,
BMT8856779B,,
BMT165597329,,
BMT165597329,,
BMT8856781B,,
BMT8856781B,,
BMT164634173,,
BMT165597331,,
BMT165597329,,
BMT8932562B,,
BMT161468467,,
BMT165638111,,
BMT165638112,,
BMT165640891,,
BMT165640892,,
BMT8933901B,,
BMT8932562B,,
BMT165637103,,
BMT8933901B,,
BMT8933906B,,
BMT164495954,,
BMT8933911B,,
BMT8933909B,,
BMT8933914B,,
BMT8933911B,,
BMT8932567B,,
BMT165638115,,
BMT164495961,,
BMT165640891,,
BMT9089524B,,
BMT8932567B,,
BMT9089537B,,
BMT9089524B,,
BMT9089540B,,
BMT9089537B,,
BMT9089543B,,
BMT9089540B,,
BMT165638112,,
BMT165638113,,
BMT165638113,,
BMT9089543B,,
BMT161468467,,
BMT164495956,,
BMT164495956,,
BMT164495957,,
BMT8963758B,,
BMT171281810,,
BMT171281810,,
BMT593951C,,
BMT593951C,,
BMT171281811,,
BMT171281811,,
BMT8933914B,,
BMT164890259,,
BMT164890260,,
BMT164890470,,
BMT164890471,,
BMT166407282,,
BMT166407283,,
BMT166407283,,
BMT166407284,,
BMT167747846,,
BMT167747847,,
BMT167747847,,
BMT167747848,,
BMT169632785,,
BMT1799582B,,
BMT158942478,,
BMT158942479,,
BMT1771211B,,
BMT158942478,,
BMT1771218B,,
BMT1878773B,,
BMT1771225B,,
BMT1771211B,,
BMT158942465,,
BMT1771218B,,
BMT158942477,,
BMT1771225B,,
BMT1771239B,,
BMT158942465,,
BMT1771246B,,
BMT1771239B,,
BMT1790314B,,
BMT169632779,,
BMT158942429,,
BMT158942428,,
BMT158942428,,
BMT1789355B,,
BMT158942428,,
BMT158942427,,
BMT158942428,,
BMT158942431,,
BMT1897883B,,
BMT1818566B,,
BMT158942452,,
BMT4685108,,
BMT158942453,,
BMT1897883B,,
BMT158942451,,
BMT158942452,,
BMT1897918B,,
BMT158942450,,
BMT1897932B,,
BMT1897918B,,
BMT98977552,,
BMT98977559,,
BMT98977559,,
BMT98977566,,
BMT150339211,,
BMT150339212,,
BMT150339212,,
BMT7054826B,,
BMT596380B,,
BMT162611422,,
BMT162611421,,
BMT162611422,,
BMT162670267,,
BMT162670268,,
BMT171043774,,
BMT171043773,,
BMT152180685,,
BMT154395112,,
BMT1873894B,,
BMT165600330,,
BMT165600329,,
BMT1873894B,,
BMT1873915B,,
BMT165600329,,
BMT1900312B,,
BMT158942444,,
BMT1900312B,,
BMT158942443,,
BMT158942443,,
BMT1900326B,,
BMT1900326B,,
BMT158942442,,
BMT158942445,,
BMT158942446,,
BMT1900340B,,
BMT158942441,,
BMT2435728B,,
BMT131441438,,
BMT99173426,,
BMT2435735B,,
BMT161669208,,
BMT161669209,,
BMT161669209,,
BMT2591135B,,
BMT2435756B,,
BMT161669210,,
BMT2435756B,,
BMT2591135B,,
BMT161669210,,
BMT2435770B,,
BMT2435770B,,
BMT2435777B,,
BMT2435777B,,
BMT2435784B,,
BMT2435784B,,
BMT2591121B,,
BMT2435791B,,
BMT99173454,,
BMT99173475,,
BMT99173482,,
BMT2435805B,,
BMT2590974B,,
BMT161669212,,
BMT161669211,,
BMT161669213,,
BMT161669212,,
BMT2435826B,,
BMT99177493,,
BMT173206643,,
BMT2435854B,,
BMT2435854B,,
BMT153551198,,
BMT99177535,,
BMT4113117B,,
BMT160562491,,
BMT160562492,,
BMT2435875B,,
BMT173206645,,
BMT173206646,,
BMT2435889B,,
BMT2435889B,,
BMT3300270B,,
BMT2435896B,,
BMT3300277B,,
BMT2435903B,,
BMT2435910B,,
BMT2435910B,,
BMT2435917B,,
BMT2435917B,,
BMT2435924B,,
BMT173206647,,
BMT2435938B,,
BMT2435945B,,
BMT3516262B,,
BMT157732577,,
BMT2435959B,,
BMT2435959B,,
BMT3516269B,,
BMT157732578,,
BMT157732579,,
BMT164495942,,
BMT164495943,,
BMT165597331,,
BMT164495923,,
BMT4113117B,,
BMT2435875B,,
BMT4122000B,,
BMT157732582,,
BMT4122007B,,
BMT4122000B,,
BMT165451396,,
BMT165451395,,
BMT165451395,,
BMT164495916,,
BMT165451395,,
BMT8880997B,,
BMT8880997B,,
BMT8881002B,,
BMT164495916,,
BMT165451394,,
BMT164495920,,
BMT165597332,,
BMT161669211,,
BMT160919093,,
BMT2393420B,,
BMT156812451,,
BMT171044100,,
BMT155912264,,
BMT171044099,,
BMT171044098,,
BMT171044098,,
BMT156816913,,
BMT148687306,,
BMT171044260,,
BMT171044260,,
BMT2393420B,,
BMT171044260,,
BMT2591303D,,
BMT2591303D,,
BMT99173412,,
BMT165640892,,
BMT165640893,,
BMT164495946,,
BMT166845115,,
BMT167041362,,
BMT167041363,,
BMT167041363,,
BMT167041364,,
BMT8885717B,,
BMT9036058B,,
BMT9036058B,,
BMT171174499,,
BMT161669185,,
BMT161669186,,
BMT161669186,,
BMT161669187,,
BMT158942490,,
BMT9114550B,,
BMT158942490,,
BMT9114551B,,
BMT1873866D,,
BMT165600381,,
BMT165600381,,
BMT3701860,,
BMT171281813,,
BMT171281814,,
BMT171281814,,
BMT171281815,,
BMT169632785,,
BMT1799596B,,
BMT1799596B,,
BMT1799603B,,
BMT1799603B,,
BMT1799617B,,
BMT1799617B,,
BMT158942422,,
BMT158942422,,
BMT169632783,,
BMT169632783,,
BMT169632781,,
BMT158942499,,
BMT158942500,,
BMT1818517B,,
BMT158942495,,
BMT158942494,,
BMT1818517B,,
BMT1818531B,,
BMT158942494,,
BMT158942493,,
BMT1818531B,,
BMT162670273,,
BMT158942492,,
BMT1818566B,,
BMT1818580B,,
BMT1818580B,,
BMT158942454,,
BMT164890222,,
BMT164890221,,
BMT1858592B,,
BMT164890222,,
BMT1858592B,,
BMT164890223,,
BMT1858620B,,
BMT1862155B,,
BMT1858620B,,
BMT98977538,,
BMT173206644,,
BMT99177535,,
BMT3300270B,,
BMT2435896B,,
BMT3300277B,,
BMT3300284B,,
BMT3300284B,,
BMT2435903B,,
BMT165597332,,
BMT165597331,,
BMT164495929,,
BMT164495930,,
BMT162201819,,
BMT6466707B,,
BMT6466707B,,
BMT162201820,,
BMT154395116,,
BMT8852688B,,
BMT8852688B,,
BMT154395117,,
BMT154395114,,
BMT154395115,,
BMT154395115,,
BMT154395116,,
BMT165639226,,
BMT165639227,,
BMT166251628,,
BMT9150001C,,
BMT9150001C,,
BMT9160550D,,
BMT9160550D,,
BMT9160564D,,
BMT9160564D,,
BMT9160573D,,
BMT9160573D,,
BMT9160574D,,
BMT9160574D,,
BMT9160593D,,
BMT9160593D,,
BMT9160601D,,
BMT9160601D,,
BMT166251629,,
BMT166251629,,
BMT166251630,,
BMT166251630,,
BMT166251631,,
BMT1789355B,,
BMT1789362B,,
BMT1789362B,,
BMT158942430,,
BMT158942430,,
BMT158942432,,
BMT158942440,,
BMT2591415B,,
BMT158942432,,
BMT138896361,,
BMT158942487,,
BMT158942488,,
BMT158942484,,
BMT158942485,,
BMT158942483,,
BMT158942484,,
BMT1806064B,,
BMT158942483,,
BMT1806085B,,
BMT158942482,,
BMT158942481,,
BMT1806085B,,
BMT158942464,,
BMT1771246B,,
BMT158942480,,
BMT158942481,,
BMT1806106B,,
BMT158942464,,
BMT165600324,,
BMT1806106B,,
BMT164890473,,
BMT99179530,,
BMT149716307,,
BMT1862197B,,
BMT165600329,,
BMT165600331,,
BMT2435924B,,
BMT8766726B,,
BMT8766726B,,
BMT3971010B,,
BMT2435938B,,
BMT150175074,,
BMT164495617,,
BMT8884587B,,
BMT167041363,,
BMT8884597B,,
BMT8884597B,,
BMT164495939,,
BMT164495611,,
BMT171174501,,
BMT8881002B,,
BMT8885703B,,
BMT165451398,,
BMT165451396,,
BMT8885703B,,
BMT165451397,,
BMT8885717B,,
BMT164495918,,
BMT153551198,,
BMT167417955,,
BMT167417955,,
BMT173206644,,
BMT167747848,,
BMT167747849,,
BMT8884595B,,
BMT164495933,,
BMT164495933,,
BMT164495936,,
BMT164495941,,
BMT164495942,,
BMT164495942,,
BMT164495944,,
BMT164495944,,
BMT8963732B,,
BMT8963732B,,
BMT164495945,,
BMT166845115,,
BMT166845116,,
BMT166845115,,
BMT166845117,,
BMT166845117,,
BMT164495950,,
BMT171281809,,
BMT8963758B,,
BMT164495968,,
BMT164495969,,
BMT159478078,,
BMT166251628,,
BMT1775992B,,
BMT1799575B,,
BMT158942442,,
BMT158942441,,
BMT1795606B,,
BMT1795613B,,
BMT1795613B,,
BMT169632780,,
BMT169632780,,
BMT1790314B,,
BMT169632780,,
BMT1795627B,,
BMT1795627B,,
BMT1795634B,,
BMT1795634B,,
BMT169632782,,
BMT1929544B,,
BMT1929551B,,
BMT1929544B,,
BMT2435728B,,
BMT1929551B,,
BMT1929558B,,
BMT1929558B,,
BMT3432444B,,
BMT164531361,,
BMT2424080B,,
BMT2424080B,,
BMT164531362,,
BMT164531362,,
BMT164531363,,
BMT2424094B,,
BMT164890219,,
BMT149815684,,
BMT595750B,,
BMT3432444B,,
BMT2435735B,,
BMT164495927,,
BMT3898175B,,
BMT3898175B,,
BMT3898217B,,
BMT3898217B,,
BMT164495928,,
BMT171174501,,
BMT171174502,,
BMT1822598B,,
BMT1822605B,,
BMT1822605B,,
BMT1822612B,,
BMT1822612B,,
BMT169632784,,
BMT164495970,,
BMT164495971,,
BMT164495971,,
BMT164495972,,
BMT2590960B,,
BMT152467973,,
BMT2590967B,,
BMT152467973,,
BMT152468011,,
BMT152468012,,
BMT158942484,,
BMT1806057B,,
BMT1806057B,,
BMT158942486,,
BMT153501711,,
BMT169632786,,
BMT169632786,,
BMT1775992B,,
BMT162201820,,
BMT162201821,,
BMT171174592,,
BMT171174593,,
BMT171174593,,
BMT9350018B,,
BMT9350018B,,
BMT171174594,,
BMT1878108B,,
BMT165600328,,
BMT165600327,,
BMT1873915B,,
BMT1878122B,,
BMT1878108B,,
BMT165600326,,
BMT165600327,,
BMT165600326,,
BMT1878122B,,
BMT165600325,,
BMT165600326,,
BMT1878731B,,
BMT158942476,,
BMT158942475,,
BMT1878731B,,
BMT1878745B,,
BMT158942475,,
BMT1878752B,,
BMT1878745B,,
BMT1878759B,,
BMT165600325,,
BMT158942474,,
BMT1878752B,,
BMT158942466,,
BMT1878759B,,
BMT1878773B,,
BMT158942466,,
BMT1936971B,,
BMT138896361,,
BMT98977545,,
BMT1862148B,,
BMT98977538,,
BMT27238983,,
BMT108491672,,
BMT595750B,,
BMT171043774,,
BMT105199691,,
BMT171043774,,
BMT2435826B,,
BMT596394B,,
BMT596380B,,
BMT596415B,,
BMT596394B,,
BMT596422B,,
BMT596415B,,
BMT596436B,,
BMT596422B,,
BMT596436B,,
BMT596450B,,
BMT596450B,,
BMT596464B,,
BMT596457B,,
BMT162611423,,
BMT596464B,,
BMT596471B,,
BMT596471B,,
BMT596499B,,
BMT596478B,,
BMT596457B,,
BMT596492B,,
BMT596478B,,
BMT596499B,,
BMT596506B,,
BMT596506B,,
BMT596492B,,
BMT150339214,,
BMT150339215,,
BMT150339215,,
BMT150339216,,
BMT150339216,,
BMT150339217,,
BMT1929544B,,
BMT8093780B,,
BMT1873866D,,
BMT149714274,,
BMT149815682,,
BMT149815683,,
BMT162670268,,
BMT162670269,,
BMT1799575B,,
BMT1799582B,,
BMT160562508,,
BMT160562509,,
BMT160562509,,
BMT8867309B,,
BMT8867309B,,
BMT160562510,,
BMT171174500,,
BMT164495611,,
BMT8884587B,,
BMT171174499,,
BMT171174499,,
BMT171174500,,
BMT171174499,,
BMT8903046B,,
BMT8933909B,,
BMT164962789,,
BMT164962789,,
BMT8933906B,,
BMT165639224,,
BMT165639225,,
BMT165639225,,
BMT165639226,,
BMT1821779B,,
BMT1785043B,,
BMT1821786B,,
BMT1821779B,,
BMT1821793B,,
BMT1821786B,,
BMT1821800B,,
BMT1821793B,,
BMT1821807B,,
BMT1821800B,,
BMT1821814B,,
BMT1821807B,,
BMT1821821B,,
BMT1821814B,,
BMT1821828B,,
BMT1821821B,,
BMT1821835B,,
BMT1821828B,,
BMT165470486,,
BMT1821835B,,
BMT171044099,,
BMT155911990,,
BMT98977573,,
BMT98977580,,
BMT164531360,,
BMT164531361,,
BMT1862148B,,
BMT98977552,,
BMT1862155B,,
BMT98977531,,
BMT98977531,,
BMT1862169B,,
BMT1862169B,,
BMT149716308,,
BMT149716308,,
BMT1862183B,,
BMT1862183B,,
BMT98977517,,
BMT98977657,,
BMT98977664,,
BMT1862197B,,
BMT98977517,,
BMT162201818,,
BMT162201819,,
BMT3055298B,,
BMT99179530,,
BMT164890472,,
BMT3055298B,,
BMT164890471,,
BMT164890472,,
BMT164890220,,
BMT164890221,,
BMT158942482,,
BMT1806064B,,
BMT158942449,,
BMT1897932B,,
BMT1897953B,,
BMT158942449,,
BMT158942448,,
BMT155218645,,
BMT158942448,,
BMT1897953B,,
BMT1897981B,,
BMT158942448,,
BMT158942447,,
BMT1897981B,,
BMT154395112,,
BMT2858073,,
BMT161669211,,
BMT2590960B,,
BMT2590967B,,
BMT2435805B,,
BMT2590974B,,
BMT99173454,,
BMT2591121B,,
BMT2435791B,,
BMT155912264,,
BMT171044099,,
BMT2591415B,,
BMT1900340B,,
BMT3360442B,,
BMT164890220,,
BMT3360442B,,
BMT3360449B,,
BMT3360449B,,
BMT2424094B,,
BMT3971010B,,
BMT173206647,,
BMT157732579,,
BMT4122021B,,
BMT4122021B,,
BMT157732580,,
BMT157732581,,
BMT4122007B,,
BMT157732580,,
BMT157732581,,
BMT7054826B,,
BMT150339213,,
BMT162670272,,
BMT158942490,,
BMT158942490,,
BMT162670273,,
BMT149815683,,
BMT99179474,,
BMT149815683,,
BMT149815684,,
BMT149815684,,
BMT99179453,,
BMT164495965,,
BMT164495966,,
BMT164495966,,
BMT164495967,,
BMT1936971B,,
BMT148649892,,
BMT171174500,,
BMT8884595B,,
BMT165638112,,
BMT165638114,,
BMT171281812,,
BMT171281813,,
BMT165600323,,
BMT165600324,,
BMT1784973B,,
BMT158942461,,
BMT1784980B,,
BMT1784973B,,
BMT1784987B,,
BMT1784980B,,
BMT1784994B,,
BMT1784987B,,
BMT1785001B,,
BMT1784994B,,
BMT158942460,,
BMT1785001B,,
BMT158942459,,
BMT158942460,,
BMT158942457,,
BMT158942459,,
BMT158942455,,
BMT158942456,,
BMT158942455,,
BMT158942454,,
BMT158942458,,
BMT158942455,,
BMT1785043B,,
BMT99173405,,
BMT158942497,,
BMT158942498,,
BMT158942496,,
BMT158942497,,
BMT158942496,,
BMT158942495,,
BMT169632781,,
BMT1795606B,,
BMT169632781,,
BMT1822591B,,
BMT1822591B,,
BMT1822598B,,
BMT157732576,,
BMT2435945B,,
BMT3516262B,,
BMT157732577,,
BMT3516269B,,
BMT157732578,,
