BMT6387719B,,
BMT148825026,,
BMT163344989,,
BMT2035538B,,
BMT2031254B,,
BMT2027509B,,
BMT2035538B,,
BMT2050903B,,
BMT165594540,,
BMT2050903B,,
BMT165866097,,
BMT165395814,,
BMT165595698,,
BMT9182835B,,
BMT9182835B,,
BMT2064735B,,
BMT165589022,,
BMT165589025,,
BMT165478966,,
BMT2002176B,,
BMT154671253,,
BMT154671254,,
BMT154671253,,
BMT1953099B,,
BMT1951706B,,
BMT154671258,,
BMT162451213,,
BMT2789991B,,
BMT154671255,,
BMT154671256,,
BMT1953064B,,
BMT154671255,,
BMT154671254,,
BMT1953064B,,
BMT1953092B,,
BMT154671253,,
BMT1953099B,,
BMT3802408,,
BMT169961045,,
BMT2862658B,,
BMT154706631,,
BMT154706633,,
BMT165589021,,
BMT165589022,,
BMT165589020,,
BMT165589021,,
BMT165581063,,
BMT165581065,,
BMT165581063,,
BMT2014713B,,
BMT2014713B,,
BMT165581062,,
BMT164344331,,
BMT2008595B,,
BMT2031303B,,
BMT165581061,,
BMT2031303B,,
BMT2043560B,,
BMT2032605B,,
BMT2032612B,,
BMT2032612B,,
BMT165044197,,
BMT99029653,,
BMT99029660,,
BMT150339734,,
BMT3970436B,,
BMT99029667,,
BMT99029674,,
BMT2050924B,,
BMT2050917B,,
BMT99029471,,
BMT99029478,,
BMT163742233,,
BMT2356369B,,
BMT163742233,,
BMT2753990B,,
BMT155000982,,
BMT2872815B,,
BMT2356348B,,
BMT2356355B,,
BMT2356355B,,
BMT2872801B,,
BMT2356362B,,
BMT2873102B,,
BMT2356369B,,
BMT163742234,,
BMT154794830,,
BMT154794832,,
BMT154794830,,
BMT2356397B,,
BMT2356397B,,
BMT2754620B,,
BMT163741734,,
BMT163741733,,
BMT172480660,,
BMT2356425B,,
BMT172480660,,
BMT172428402,,
BMT2356418B,,
BMT2718003B,,
BMT2356425B,,
BMT172480661,,
BMT2356432B,,
BMT2753010B,,
BMT2356439B,,
BMT172480662,,
BMT2356446B,,
BMT2717996B,,
BMT2356453B,,
BMT2356460B,,
BMT2356453B,,
BMT172480705,,
BMT2356460B,,
BMT172480706,,
BMT150963599,,
BMT150963600,,
BMT150963599,,
BMT2853453B,,
BMT150963599,,
BMT2853481B,,
BMT150963603,,
BMT2860040B,,
BMT150963603,,
BMT2860054B,,
BMT150963603,,
BMT2860103B,,
BMT2356481B,,
BMT2850016B,,
BMT2356488B,,
BMT99029044,,
BMT99028456,,
BMT99028463,,
BMT99028456,,
BMT2356509B,,
BMT154363320,,
BMT2658132B,,
BMT2356509B,,
BMT99028470,,
BMT118189220,,
BMT99028540,,
BMT118189220,,
BMT2529087B,,
BMT118189220,,
BMT99028477,,
BMT154589058,,
BMT154589059,,
BMT2356530B,,
BMT118189227,,
BMT2356530B,,
BMT2529080B,,
BMT118189234,,
BMT118189241,,
BMT118189234,,
BMT2765491B,,
BMT99028568,,
BMT99028575,,
BMT99028981,,
BMT2750630B,,
BMT163442621,,
BMT2356558B,,
BMT2356558B,,
BMT163442622,,
BMT2356565B,,
BMT154785781,,
BMT158869708,,
BMT2714118B,,
BMT172480708,,
BMT2356593B,,
BMT2356593B,,
BMT172480707,,
BMT172480709,,
BMT2356607B,,
BMT2356607B,,
BMT2714671B,,
BMT158869709,,
BMT2707419B,,
BMT158869709,,
BMT2707461B,,
BMT116389597,,
BMT2709162B,,
BMT2356628B,,
BMT116389604,,
BMT2356635B,,
BMT2732262B,,
BMT2356642B,,
BMT2728615B,,
BMT158869711,,
BMT2728601B,,
BMT158869711,,
BMT2728629B,,
BMT2356656B,,
BMT158869713,,
BMT2356663B,,
BMT2737022B,,
BMT158869715,,
BMT2737085B,,
BMT2356677B,,
BMT158869719,,
BMT158869719,,
BMT120897128,,
BMT158869719,,
BMT2356698B,,
BMT165866095,,
BMT165866096,,
BMT2356698B,,
BMT158869720,,
BMT165866097,,
BMT2356726B,,
BMT165866097,,
BMT2784090B,,
BMT157468966,,
BMT2356810B,,
BMT2356726B,,
BMT2789620B,,
BMT162451211,,
BMT162451212,,
BMT162451211,,
BMT2789984B,,
BMT162451212,,
BMT2356803B,,
BMT118189234,,
BMT2529094B,,
BMT2529094B,,
BMT2529101B,,
BMT2529101B,,
BMT2529115B,,
BMT2529115B,,
BMT118189248,,
BMT163742231,,
BMT8901395B,,
BMT8901395B,,
BMT4117310B,,
BMT4117310B,,
BMT2754578B,,
BMT2754578B,,
BMT154793980,,
BMT163741737,,
BMT8895226B,,
BMT8895226B,,
BMT7632648B,,
BMT7632648B,,
BMT3371292B,,
BMT163741730,,
BMT163741731,,
BMT163741731,,
BMT3090837B,,
BMT172480658,,
BMT172480659,,
BMT2050917B,,
BMT165595547,,
BMT161871565,,
BMT165594540,,
BMT165595546,,
BMT9099097B,,
BMT9099097B,,
BMT2805685B,,
BMT2805685B,,
BMT161875230,,
BMT2805699B,,
BMT165595702,,
BMT165595699,,
BMT2805699B,,
BMT165595699,,
BMT165595698,,
BMT165595698,,
BMT161879114,,
BMT160511230,,
BMT165595718,,
BMT165595698,,
BMT3807588,,
BMT154589059,,
BMT154589060,,
BMT1980581B,,
BMT3360274B,,
BMT1980602B,,
BMT1980581B,,
BMT148825026,,
BMT1980602B,,
BMT148825025,,
BMT6387719B,,
BMT154706639,,
BMT2780989B,,
BMT165589026,,
BMT99028225,,
BMT150963604,,
BMT2638245B,,
BMT99029485,,
BMT2765848B,,
BMT99028113,,
BMT2009862B,,
BMT163346855,,
BMT163346856,,
BMT163346851,,
BMT163346854,,
BMT163346851,,
BMT163346855,,
BMT2015854B,,
BMT163346851,,
BMT2015861B,,
BMT2015854B,,
BMT162361147,,
BMT162361148,,
BMT2053451B,,
BMT2041845B,,
BMT164185046,,
BMT2053451B,,
BMT2053465B,,
BMT164185046,,
BMT2053472B,,
BMT2053465B,,
BMT162361146,,
BMT162361147,,
BMT99028001,,
BMT2053472B,,
BMT99027994,,
BMT99028001,,
BMT2354661B,,
BMT2008518B,,
BMT99027784,,
BMT99027791,,
BMT154706629,,
BMT154706630,,
BMT2356068B,,
BMT2356075B,,
BMT2356075B,,
BMT154706632,,
BMT154706634,,
BMT2356089B,,
BMT154706634,,
BMT99028323,,
BMT163346847,,
BMT163346849,,
BMT2025549B,,
BMT163346849,,
BMT155392919,,
BMT1781501B,,
BMT163442622,,
BMT163442623,,
BMT1971460B,,
BMT148825028,,
BMT148825027,,
BMT1971460B,,
BMT148825027,,
BMT148825029,,
BMT1971481B,,
BMT148825027,,
BMT148825029,,
BMT3814119,,
BMT163741729,,
BMT2356782B,,
BMT154671252,,
BMT1953092B,,
BMT99027868,,
BMT99027861,,
BMT99027840,,
BMT99027847,,
BMT148825028,,
BMT99027833,,
BMT154706635,,
BMT154706636,,
BMT99029478,,
BMT2860145B,,
BMT169256016,,
BMT169256017,,
BMT165589016,,
BMT165589017,,
BMT165589016,,
BMT2009848B,,
BMT165589016,,
BMT165589018,,
BMT2009862B,,
BMT165589016,,
BMT2010856B,,
BMT165589020,,
BMT165589019,,
BMT2010856B,,
BMT165589018,,
BMT165589019,,
BMT165581062,,
BMT165581064,,
BMT165581062,,
BMT2027509B,,
BMT165044196,,
BMT2027502B,,
BMT2027502B,,
BMT2032605B,,
BMT2027922B,,
BMT2027929B,,
BMT2027929B,,
BMT163346845,,
BMT163346845,,
BMT2027943B,,
BMT2027943B,,
BMT2027950B,,
BMT2027950B,,
BMT163346846,,
BMT163346846,,
BMT163346847,,
BMT163346846,,
BMT163346848,,
BMT2638245B,,
BMT2638252B,,
BMT2638252B,,
BMT150963607,,
BMT164286912,,
BMT166139126,,
BMT2670949B,,
BMT164287705,,
BMT2707321B,,
BMT2707335B,,
BMT2707335B,,
BMT2356642B,,
BMT2707419B,,
BMT158869710,,
BMT2707461B,,
BMT99028701,,
BMT2707517B,,
BMT158869709,,
BMT2709099B,,
BMT2356635B,,
BMT2709113B,,
BMT2709099B,,
BMT2709141B,,
BMT2356628B,,
BMT2709155B,,
BMT2709141B,,
BMT2709162B,,
BMT2709155B,,
BMT2750056B,,
BMT154589064,,
BMT2750077B,,
BMT154589061,,
BMT2750084B,,
BMT154589065,,
BMT2750588B,,
BMT99028988,,
BMT2750630B,,
BMT2750588B,,
BMT2750665B,,
BMT99028568,,
BMT2356089B,,
BMT154706635,,
BMT154706640,,
BMT154706643,,
BMT99028407,,
BMT99028414,,
BMT99028414,,
BMT99028421,,
BMT99028414,,
BMT99028428,,
BMT99028414,,
BMT99028435,,
BMT99028442,,
BMT99028449,,
BMT99029009,,
BMT2766303B,,
BMT2356152B,,
BMT99029016,,
BMT2356159B,,
BMT99029023,,
BMT2356166B,,
BMT2356488B,,
BMT150963598,,
BMT2766254B,,
BMT2356180B,,
BMT99029037,,
BMT2356187B,,
BMT155013396,,
BMT2356187B,,
BMT169961046,,
BMT2356201B,,
BMT2862700B,,
BMT169961051,,
BMT169961052,,
BMT169961052,,
BMT166136315,,
BMT169961052,,
BMT2860096B,,
BMT166138883,,
BMT166138884,,
BMT166138883,,
BMT2866977B,,
BMT166138885,,
BMT166138886,,
BMT166138885,,
BMT2853551B,,
BMT166139126,,
BMT166139127,,
BMT166139126,,
BMT2670942B,,
BMT166139126,,
BMT2670949B,,
BMT2356243B,,
BMT166139128,,
BMT2356243B,,
BMT2670942B,,
BMT164287709,,
BMT2864800B,,
BMT164287709,,
BMT2866872B,,
BMT164287710,,
BMT164287712,,
BMT164287710,,
BMT2864807B,,
BMT2356271B,,
BMT166138515,,
BMT169256017,,
BMT2860068B,,
BMT169256017,,
BMT2860075B,,
BMT163742237,,
BMT2859977B,,
BMT2356313B,,
BMT163742235,,
BMT2762411B,,
BMT154589062,,
BMT2762467B,,
BMT2356831B,,
BMT2765491B,,
BMT2750686B,,
BMT2765848B,,
BMT3376738B,,
BMT2766009B,,
BMT2356166B,,
BMT2766240B,,
BMT2766009B,,
BMT2766254B,,
BMT150963599,,
BMT2766303B,,
BMT2356152B,,
BMT99028393,,
BMT99028400,,
BMT2853096B,,
BMT2578353B,,
BMT2853103B,,
BMT169961048,,
BMT2853117B,,
BMT2853103B,,
BMT2853124B,,
BMT2853117B,,
BMT137667119,,
BMT166138514,,
BMT2853453B,,
BMT150963601,,
BMT2853467B,,
BMT2578395B,,
BMT2853481B,,
BMT2853467B,,
BMT2853488B,,
BMT2853502B,,
BMT162451214,,
BMT154742153,,
BMT162451214,,
BMT154577680,,
BMT154742154,,
BMT2735013B,,
BMT2356761B,,
BMT163741728,,
BMT2356782B,,
BMT2792329B,,
BMT2356796B,,
BMT154742155,,
BMT2356803B,,
BMT162451215,,
BMT2356810B,,
BMT2782669B,,
BMT154589060,,
BMT2762390B,,
BMT154589060,,
BMT2762411B,,
BMT154589060,,
BMT2762467B,,
BMT154589061,,
BMT2750056B,,
BMT154589061,,
BMT2750084B,,
BMT154589061,,
BMT2770223B,,
BMT2356831B,,
BMT154589063,,
BMT154589065,,
BMT154589067,,
BMT154589065,,
BMT2757903B,,
BMT154363321,,
BMT154363322,,
BMT154363321,,
BMT2356852B,,
BMT2356852B,,
BMT2933043B,,
BMT154363323,,
BMT2356866B,,
BMT154363323,,
BMT2356873B,,
BMT154363323,,
BMT2658048B,,
BMT2356866B,,
BMT2780471B,,
BMT2356873B,,
BMT154363325,,
BMT2356880B,,
BMT154363324,,
BMT157096129,,
BMT2358182B,,
BMT2358182B,,
BMT157096128,,
BMT2358189B,,
BMT2792609B,,
BMT117917851,,
BMT148825297,,
BMT148825296,,
BMT148825298,,
BMT148825296,,
BMT2786918B,,
BMT2657831B,,
BMT163742239,,
BMT2657838B,,
BMT2657831B,,
BMT163742232,,
BMT2657838B,,
BMT163742231,,
BMT163742232,,
BMT2658048B,,
BMT2658055B,,
BMT2658055B,,
BMT2658160B,,
BMT2658132B,,
BMT154363321,,
BMT2658160B,,
BMT154363326,,
BMT2735006B,,
BMT2356796B,,
BMT2735013B,,
BMT2735006B,,
BMT2737015B,,
BMT158869715,,
BMT2737022B,,
BMT2737015B,,
BMT2737085B,,
BMT158869716,,
BMT2737099B,,
BMT2737120B,,
BMT2737120B,,
BMT2737134B,,
BMT2737134B,,
BMT2737155B,,
BMT2737155B,,
BMT2783992B,,
BMT2780457B,,
BMT2356880B,,
BMT2780464B,,
BMT2780457B,,
BMT2780471B,,
BMT2780464B,,
BMT2859956B,,
BMT163742238,,
BMT2859963B,,
BMT2859956B,,
BMT2859970B,,
BMT99029387,,
BMT169256017,,
BMT2856995B,,
BMT2856995B,,
BMT169256018,,
BMT163442623,,
BMT163442624,,
BMT163442624,,
BMT99028687,,
BMT161872751,,
BMT165595546,,
BMT165581062,,
BMT9172412B,,
BMT9172412B,,
BMT165044186,,
BMT165581061,,
BMT2031254B,,
BMT158869716,,
BMT2737099B,,
BMT116389604,,
BMT2709113B,,
BMT150963602,,
BMT150963603,,
BMT148825297,,
BMT148825296,,
BMT154706633,,
BMT154706634,,
BMT165589022,,
BMT165589023,,
BMT165589022,,
BMT165589024,,
BMT165589024,,
BMT165589026,,
BMT165589024,,
BMT165589027,,
BMT165589024,,
BMT165589028,,
BMT163346850,,
BMT2015861B,,
BMT163346850,,
BMT2021860B,,
BMT163346850,,
BMT163346853,,
BMT2025521B,,
BMT163346850,,
BMT2025542B,,
BMT2025521B,,
BMT2025549B,,
BMT2025542B,,
BMT2041831B,,
BMT164185048,,
BMT164185047,,
BMT155729397,,
BMT164185047,,
BMT2041831B,,
BMT2041845B,,
BMT164185047,,
BMT2043560B,,
BMT165581060,,
BMT165581060,,
BMT163343064,,
BMT163347989,,
BMT163347990,,
BMT163347990,,
BMT163347991,,
BMT2063930B,,
BMT164184810,,
BMT2063937B,,
BMT2063930B,,
BMT154318543,,
BMT2063937B,,
BMT164184809,,
BMT154318543,,
BMT165595699,,
BMT165595701,,
BMT2064735B,,
BMT165595700,,
BMT2728601B,,
BMT158869712,,
BMT2728615B,,
BMT158869711,,
BMT2728629B,,
BMT2356656B,,
BMT2732262B,,
BMT116389611,,
BMT2770216B,,
BMT154589066,,
BMT2770223B,,
BMT2770216B,,
BMT164287707,,
BMT164287708,,
BMT2850016B,,
BMT2850023B,,
BMT2850023B,,
BMT150963605,,
BMT2850044B,,
BMT2356481B,,
BMT2850051B,,
BMT2850044B,,
BMT172480656,,
BMT172480657,,
BMT172480656,,
BMT2356194B,,
BMT172480656,,
BMT172480658,,
BMT158869713,,
BMT158869714,,
BMT158869713,,
BMT2356663B,,
BMT158869713,,
BMT2734719B,,
BMT158869715,,
BMT2737029B,,
BMT2737029B,,
BMT158869717,,
BMT158869717,,
BMT158869718,,
BMT99027847,,
BMT2783082,,
BMT99027847,,
BMT99027854,,
BMT99027847,,
BMT99027861,,
BMT172480704,,
BMT2356446B,,
BMT169961047,,
BMT169961050,,
BMT154706637,,
BMT2781031B,,
BMT2021860B,,
BMT163346852,,
BMT163346844,,
BMT99028057,,
BMT2037197B,,
BMT99028043,,
BMT165413783,,
BMT2037197B,,
BMT165413783,,
BMT2783103,,
BMT2037225B,,
BMT165413783,,
BMT99028022,,
BMT2037225B,,
BMT99029639,,
BMT2037239B,,
BMT2037239B,,
BMT99029646,,
BMT99029646,,
BMT2037253B,,
BMT2037253B,,
BMT99029653,,
BMT165595546,,
BMT2050924B,,
BMT2529080B,,
BMT2529087B,,
BMT2642914B,,
BMT148825296,,
BMT2714118B,,
BMT2707517B,,
BMT172480707,,
BMT172480709,,
BMT172480705,,
BMT172480707,,
BMT172480707,,
BMT3803192B,,
BMT163442623,,
BMT2356565B,,
BMT163442623,,
BMT2356579B,,
BMT2714671B,,
BMT2714678B,,
BMT2714678B,,
BMT172480710,,
BMT2753010B,,
BMT2356439B,,
BMT172480701,,
BMT2356418B,,
BMT172480659,,
BMT172480660,,
BMT2753990B,,
BMT2753997B,,
BMT2753997B,,
BMT2356362B,,
BMT2754620B,,
BMT154794829,,
BMT154794692,,
BMT163741734,,
BMT2757049B,,
BMT172480656,,
BMT2792252B,,
BMT163741729,,
BMT2792259B,,
BMT2792252B,,
BMT2792266B,,
BMT2792259B,,
BMT163741728,,
BMT154577535,,
BMT163741728,,
BMT2792266B,,
BMT163741727,,
BMT2356761B,,
BMT2792329B,,
BMT2792350B,,
BMT2792350B,,
BMT3366189B,,
BMT2792609B,,
BMT157096130,,
BMT99029527,,
BMT99029534,,
BMT154706630,,
BMT154706631,,
BMT154706630,,
BMT2796466B,,
BMT2796466B,,
BMT2356068B,,
BMT3366189B,,
BMT163741730,,
BMT99029744,,
BMT99029751,,
BMT99029023,,
BMT99029030,,
BMT2750686B,,
BMT2750665B,,
BMT2786918B,,
BMT148825299,,
BMT2787121B,,
BMT148825300,,
BMT162451209,,
BMT162451210,,
BMT2789613B,,
BMT157154714,,
BMT2789620B,,
BMT2789613B,,
BMT2789627B,,
BMT2789683B,,
BMT2789683B,,
BMT162451211,,
BMT2789977B,,
BMT162451213,,
BMT2789984B,,
BMT2789977B,,
BMT2790320B,,
BMT2790334B,,
BMT2790334B,,
BMT2358189B,,
BMT2933043B,,
BMT154363323,,
BMT154671258,,
BMT1951720B,,
BMT1951720B,,
BMT154671259,,
BMT3090837B,,
BMT163741732,,
BMT163741733,,
BMT163741732,,
BMT163741734,,
BMT163741735,,
BMT163741735,,
BMT163741736,,
BMT163741736,,
BMT3371292B,,
BMT2008539B,,
BMT163336200,,
BMT155392921,,
BMT155392920,,
BMT165595717,,
BMT160511230,,
BMT155392919,,
BMT99027931,,
BMT155392918,,
BMT155392919,,
BMT155392917,,
BMT155392918,,
BMT154671260,,
BMT154396095,,
BMT165866096,,
BMT165866097,,
BMT158869710,,
BMT2707321B,,
BMT162451210,,
BMT2789627B,,
BMT99029016,,
BMT2356159B,,
BMT148825295,,
BMT2539251B,,
BMT148825295,,
BMT2642914B,,
BMT157096127,,
BMT157096126,,
BMT157096127,,
BMT157096128,,
BMT166138514,,
BMT2866963B,,
BMT148825298,,
BMT2787121B,,
BMT2008518B,,
BMT2002197B,,
BMT2008525B,,
BMT2354661B,,
BMT165590001,,
BMT2008525B,,
BMT165590002,,
BMT165590001,,
BMT165590003,,
BMT165590002,,
BMT165589996,,
BMT164293952,,
BMT165589997,,
BMT165589996,,
BMT2008581B,,
BMT165589997,,
BMT165589998,,
BMT2008581B,,
BMT2008595B,,
BMT165589998,,
BMT165413782,,
BMT99028022,,
BMT169961044,,
BMT2593235B,,
BMT2593235B,,
BMT169961045,,
BMT2872801B,,
BMT155000983,,
BMT2872808B,,
BMT2356348B,,
BMT2872815B,,
BMT2872808B,,
BMT2872927B,,
BMT99029485,,
BMT2873102B,,
BMT2873109B,,
BMT2873109B,,
BMT163742231,,
BMT2859977B,,
BMT163742236,,
BMT2860040B,,
BMT150963604,,
BMT2860054B,,
BMT2850051B,,
BMT2860068B,,
BMT2856911B,,
BMT2860075B,,
BMT99029233,,
BMT2860082B,,
BMT169256016,,
BMT169256015,,
BMT2860082B,,
BMT2860096B,,
BMT169256014,,
BMT2860103B,,
BMT150963606,,
BMT99028337,,
BMT154706637,,
BMT99029520,,
BMT99029527,,
BMT2860145B,,
BMT2856890B,,
BMT99029499,,
BMT99029506,,
BMT166139128,,
BMT2856680B,,
BMT2856680B,,
BMT3231012B,,
BMT3231012B,,
BMT2856694B,,
BMT165589996,,
BMT9151183B,,
BMT9151183B,,
BMT164284039,,
BMT2856694B,,
BMT166139129,,
BMT165589999,,
BMT2002176B,,
BMT154671257,,
BMT154671260,,
BMT154671256,,
BMT154671257,,
BMT154671256,,
BMT1951706B,,
BMT172480661,,
BMT2356432B,,
BMT154794831,,
BMT154794830,,
BMT164287708,,
BMT164287709,,
BMT99028057,,
BMT2027922B,,
BMT154538023,,
BMT154538024,,
BMT154538024,,
BMT2028909B,,
BMT2028909B,,
BMT2035510B,,
BMT2539251B,,
BMT148825294,,
BMT2780989B,,
BMT2780996B,,
BMT2780996B,,
BMT99028393,,
BMT154706638,,
BMT154706639,,
BMT154706638,,
BMT154706640,,
BMT154706638,,
BMT154706641,,
BMT2781031B,,
BMT154706638,,
BMT2782662B,,
BMT157468967,,
BMT2782669B,,
BMT2782662B,,
BMT2783992B,,
BMT2356677B,,
BMT2784090B,,
BMT99028778,,
BMT3360274B,,
BMT3360281B,,
BMT3360281B,,
BMT1971481B,,
BMT3970436B,,
BMT150339735,,
BMT99029023,,
BMT2356180B,,
BMT99029023,,
BMT2766240B,,
BMT2853502B,,
BMT150963602,,
BMT2853551B,,
BMT166138887,,
BMT2856890B,,
BMT2872927B,,
BMT2856904B,,
BMT165708972,,
BMT2856911B,,
BMT2856904B,,
BMT3376738B,,
BMT2765855B,,
BMT3376738B,,
BMT2820560B,,
BMT157096128,,
BMT2790320B,,
BMT157096128,,
BMT2790390B,,
BMT169961046,,
BMT2356201B,,
BMT169961046,,
BMT2853124B,,
BMT163742235,,
BMT163742233,,
BMT163742235,,
BMT155000977,,
BMT163742235,,
BMT2859984B,,
BMT163742236,,
BMT2356313B,,
BMT163742236,,
BMT2859963B,,
BMT163742236,,
BMT2859970B,,
BMT165595701,,
BMT8896850B,,
BMT8896850B,,
BMT154318514,,
BMT1781501B,,
BMT8897081B,,
BMT8897081B,,
BMT8897079B,,
BMT8897079B,,
BMT155392920,,
BMT162451214,,
BMT8899612B,,
BMT2789991B,,
BMT8899612B,,
BMT165581063,,
BMT2014664B,,
BMT2014664B,,
BMT2009834B,,
BMT2009834B,,
BMT165581066,,
BMT165590002,,
BMT2008553B,,
BMT2008553B,,
BMT2008539B,,
BMT165581060,,
BMT2043581B,,
BMT2043581B,,
BMT2043574B,,
BMT2043574B,,
BMT165581059,,
BMT163344989,,
BMT3011415B,,
BMT3011415B,,
BMT9128462B,,
BMT9128462B,,
BMT163343616,,
BMT118189227,,
BMT118189234,,
BMT99028449,,
BMT99028456,,
BMT99028995,,
BMT99029002,,
BMT154706636,,
BMT99028337,,
BMT169961048,,
BMT2853096B,,
BMT165590000,,
BMT165589999,,
BMT2002197B,,
BMT165590000,,
BMT2035510B,,
BMT154538025,,
BMT162361148,,
BMT99029716,,
BMT99029730,,
BMT99029737,,
BMT99029716,,
BMT162361149,,
BMT2578353B,,
BMT169961049,,
BMT2578395B,,
BMT2853488B,,
BMT154706641,,
BMT154706642,,
BMT166138882,,
BMT2866970B,,
BMT2717961B,,
BMT172480705,,
BMT2717996B,,
BMT172480705,,
BMT2718003B,,
BMT172480704,,
BMT2757903B,,
BMT154589068,,
BMT2762390B,,
BMT2750077B,,
BMT2820560B,,
BMT99029492,,
BMT2862658B,,
BMT169961046,,
BMT2862700B,,
BMT169961047,,
BMT172480655,,
BMT2757049B,,
BMT2862847B,,
BMT164287713,,
BMT2864800B,,
BMT164287710,,
BMT2864807B,,
BMT2862847B,,
BMT2866872B,,
BMT164287711,,
BMT2866963B,,
BMT2356271B,,
BMT2866970B,,
BMT166138883,,
BMT2866977B,,
BMT2867054B,,
BMT2867054B,,
BMT166138885,,
BMT3803192B,,
BMT2717961B,,
BMT99029506,,
BMT99029513,,
