BMT1064652B,,
BMT1064967B,,
BMT1065163B,,
BMT1065534B,,
BMT1066346B,,
BMT1066822B,,
BMT1067214B,,
BMT1067235B,,
BMT1067718B,,
BMT1067774B,,
BMT1068103B,,
BMT1068215B,,
BMT1069020B,,
BMT1069202B,,
BMT1069216B,,
BMT1069230B,,
BMT1069258B,,
BMT1069272B,,
BMT1069286B,,
BMT1069293B,,
BMT1069608B,,
BMT1069923B,,
BMT1070077B,,
BMT1070168B,,
BMT1070189B,,
BMT1070574B,,
BMT1070707B,,
BMT1071862B,,
BMT1071932B,,
BMT1072408B,,
BMT1072646B,,
BMT1072674B,,
BMT1072681B,,
BMT1073178B,,
BMT1073409B,,
BMT1073465B,,
BMT1073514B,,
BMT1073843B,,
BMT1074046B,,
BMT1074606B,,
BMT1074746B,,
BMT1074774B,,
BMT1075341B,,
BMT1076209B,,
BMT1076384B,,
BMT1077336B,,
BMT1077357B,,
BMT1077392B,,
BMT1077406B,,
BMT1077448B,,
BMT1078113B,,
BMT1078176B,,
BMT1078484B,,
BMT1078505B,,
BMT1078841B,,
BMT1078904B,,
BMT1078981B,,
BMT1079002B,,
BMT1079114B,,
BMT1079324B,,
BMT1079793B,,
BMT1080122B,,
BMT1080325B,,
BMT1080353B,,
BMT1080360B,,
BMT1080381B,,
BMT1080563B,,
BMT1080570B,,
BMT1081186B,,
BMT1082488B,,
BMT1082509B,,
BMT1082551B,,
BMT1082565B,,
BMT1083111B,,
BMT1083160B,,
BMT1083188B,,
BMT1083216B,,
BMT1083272B,,
BMT1083734B,,
BMT1083811B,,
BMT1084546B,,
BMT1084567B,,
BMT1084574B,,
BMT1084679B,,
BMT1086604B,,
BMT1087122B,,
BMT1087143B,,
BMT1087661B,,
BMT1090244B,,
BMT1090265B,,
BMT1090643B,,
BMT1091140B,,
BMT1092099B,,
BMT1095564B,,
BMT1097762B,,
BMT1097923B,,
BMT1301462B,,
BMT1301497B,,
BMT1305067B,,
BMT1310436B,,
BMT1311185B,,
BMT1319333B,,
BMT1323771B,,
BMT1324317B,,
BMT1324695B,,
BMT1324940B,,
BMT1324996B,,
BMT1328167B,,
BMT1330190B,,
BMT1333228B,,
BMT1333235B,,
BMT1333249B,,
BMT1335174B,,
BMT1335181B,,
BMT1335202B,,
BMT1335237B,,
BMT1335251B,,
BMT1335258B,,
BMT1336084B,,
BMT1336448B,,
BMT1336483B,,
BMT1336518B,,
BMT1338604B,,
BMT1338611B,,
BMT1338646B,,
BMT1338653B,,
BMT1338660B,,
BMT1338905B,,
BMT1338926B,,
BMT1338961B,,
BMT1340389B,,
BMT1340480B,,
BMT1342916B,,
BMT1342944B,,
BMT1346122B,,
BMT1346143B,,
BMT1346178B,,
BMT1347571B,,
BMT1347585B,,
BMT1347592B,,
BMT1348579B,,
BMT1348593B,,
BMT1348740B,,
BMT1348789B,,
BMT1349104B,,
BMT1349153B,,
BMT1349286B,,
BMT1349293B,,
BMT1349678B,,
BMT1349685B,,
BMT1350469B,,
BMT1350658B,,
BMT1350812B,,
BMT1350987B,,
BMT1351309B,,
BMT1351323B,,
BMT1351456B,,
BMT1351484B,,
BMT1351540B,,
BMT1352219B,,
BMT1352345B,,
BMT1352352B,,
BMT1352359B,,
BMT1352366B,,
BMT1352380B,,
BMT1352800B,,
BMT1354165B,,
BMT1354193B,,
BMT1355166B,,
BMT1355187B,,
BMT1355292B,,
BMT1355313B,,
BMT1355334B,,
BMT1355544B,,
BMT1355621B,,
BMT1355649B,,
BMT1355880B,,
BMT1355915B,,
BMT1355943B,,
BMT1355964B,,
BMT1356363B,,
BMT1356846B,,
BMT1357714B,,
BMT1358603B,,
BMT1358645B,,
BMT1358652B,,
BMT1359107B,,
BMT1359499B,,
BMT1359506B,,
BMT1359520B,,
BMT1359961B,,
BMT1359968B,,
BMT1359975B,,
BMT1360038B,,
BMT1360073B,,
BMT158163041,,
BMT158163118,,
BMT158163130,,
BMT158163144,,
BMT158163146,,
BMT158163147,,
BMT158163150,,
BMT158163152,,
BMT158163180,,
BMT158163195,,
BMT158163205,,
BMT158163206,,
BMT158163210,,
BMT158163231,,
BMT158163232,,
BMT158163243,,
BMT158163261,,
BMT158163262,,
BMT158163316,,
BMT158163390,,
BMT158163462,,
BMT158163536,,
BMT158163538,,
BMT1064981B,,
BMT1065170B,,
BMT1065555B,,
BMT1066794B,,
BMT1066836B,,
BMT1067298B,,
BMT1068124B,,
BMT1068236B,,
BMT1069013B,,
BMT1069034B,,
BMT1069118B,,
BMT1069244B,,
BMT1069496B,,
BMT1069650B,,
BMT1069699B,,
BMT1070000B,,
BMT1070042B,,
BMT1070070B,,
BMT1070098B,,
BMT1070672B,,
BMT1071400B,,
BMT1071939B,,
BMT1071946B,,
BMT1072128B,,
BMT1072429B,,
BMT1072450B,,
BMT1072548B,,
BMT1072639B,,
BMT1072660B,,
BMT1072667B,,
BMT1073199B,,
BMT1073381B,,
BMT1073395B,,
BMT1073444B,,
BMT1075068B,,
BMT1075299B,,
BMT1075481B,,
BMT1076167B,,
BMT1076195B,,
BMT1076223B,,
BMT1076237B,,
BMT1076349B,,
BMT1076531B,,
BMT1076545B,,
BMT1076552B,,
BMT1076587B,,
BMT1077434B,,
BMT1078351B,,
BMT1078610B,,
BMT1078883B,,
BMT1078925B,,
BMT1078960B,,
BMT1079282B,,
BMT1079310B,,
BMT1079786B,,
BMT1079877B,,
BMT1080129B,,
BMT1080941B,,
BMT1080948B,,
BMT1081172B,,
BMT1081606B,,
BMT1081634B,,
BMT1082537B,,
BMT1082607B,,
BMT1082901B,,
BMT1083118B,,
BMT1083167B,,
BMT1083202B,,
BMT1083209B,,
BMT1083580B,,
BMT1083692B,,
BMT1083720B,,
BMT1083762B,,
BMT1083769B,,
BMT1083776B,,
BMT1083790B,,
BMT1086625B,,
BMT1087129B,,
BMT1087171B,,
BMT1087668B,,
BMT1090237B,,
BMT1090293B,,
BMT1090657B,,
BMT1091112B,,
BMT1091119B,,
BMT1092092B,,
BMT1092120B,,
BMT1092127B,,
BMT1092134B,,
BMT1092925B,,
BMT1093779B,,
BMT1097755B,,
BMT1097825B,,
BMT1097846B,,
BMT1301539B,,
BMT1305018B,,
BMT1310450B,,
BMT1311052B,,
BMT1319305B,,
BMT1324653B,,
BMT1324982B,,
BMT1330176B,,
BMT1331366B,,
BMT1333263B,,
BMT1335216B,,
BMT1335244B,,
BMT1335279B,,
BMT1336091B,,
BMT1336098B,,
BMT1336126B,,
BMT1336182B,,
BMT1336476B,,
BMT1336497B,,
BMT1338625B,,
BMT1338688B,,
BMT1338912B,,
BMT1338919B,,
BMT1338982B,,
BMT1338989B,,
BMT1340396B,,
BMT1340452B,,
BMT1340466B,,
BMT1340473B,,
BMT1345905B,,
BMT1346129B,,
BMT1346199B,,
BMT1346213B,,
BMT1346234B,,
BMT1347564B,,
BMT1348572B,,
BMT1348761B,,
BMT1348775B,,
BMT1349125B,,
BMT1349699B,,
BMT1349706B,,
BMT1349713B,,
BMT1349727B,,
BMT1349741B,,
BMT1350441B,,
BMT1350448B,,
BMT1350630B,,
BMT1350637B,,
BMT1350644B,,
BMT1350665B,,
BMT1350749B,,
BMT1350868B,,
BMT1350875B,,
BMT1350924B,,
BMT1350980B,,
BMT1351246B,,
BMT1351281B,,
BMT1351463B,,
BMT1351526B,,
BMT1351596B,,
BMT1351610B,,
BMT1351743B,,
BMT1352177B,,
BMT1352184B,,
BMT1352205B,,
BMT1352212B,,
BMT1352226B,,
BMT1352541B,,
BMT1352548B,,
BMT1352723B,,
BMT1352863B,,
BMT1354116B,,
BMT1354123B,,
BMT1354137B,,
BMT1354186B,,
BMT1355173B,,
BMT1355278B,,
BMT1355551B,,
BMT1355558B,,
BMT1355565B,,
BMT1355572B,,
BMT1355635B,,
BMT1355733B,,
BMT1355922B,,
BMT1355957B,,
BMT1355971B,,
BMT1356335B,,
BMT1356370B,,
BMT1356377B,,
BMT1358197B,,
BMT1358596B,,
BMT1358631B,,
BMT1358659B,,
BMT1358806B,,
BMT1358932B,,
BMT1359534B,,
BMT1359716B,,
BMT1359730B,,
BMT1360052B,,
BMT1360059B,,
BMT158163007,,
BMT158163043,,
BMT158163058,,
BMT158163059,,
BMT158163069,,
BMT158163104,,
BMT158163107,,
BMT158163115,,
BMT158163116,,
BMT158163143,,
BMT158163149,,
BMT158163163,,
BMT158163165,,
BMT158163196,,
BMT158163236,,
BMT158163266,,
BMT158163307,,
BMT158163409,,
BMT158163464,,
BMT158163466,,
BMT158163467,,
BMT158163472,,
BMT158163526,,
BMT158241910,,
BMT1064645B,,
BMT1064932B,,
BMT1064946B,,
BMT1065513B,,
BMT1065590B,,
BMT1065604B,,
BMT1066353B,,
BMT1066675B,,
BMT1067732B,,
BMT1067907B,,
BMT1068117B,,
BMT1068159B,,
BMT1068887B,,
BMT1068999B,,
BMT1069195B,,
BMT1069622B,,
BMT1069636B,,
BMT1069685B,,
BMT1069692B,,
BMT1069734B,,
BMT1070056B,,
BMT1070161B,,
BMT1070175B,,
BMT1070182B,,
BMT1070749B,,
BMT1070784B,,
BMT1070910B,,
BMT1071841B,,
BMT1071848B,,
BMT1072422B,,
BMT1072653B,,
BMT1072772B,,
BMT1072800B,,
BMT1072842B,,
BMT1073185B,,
BMT1073213B,,
BMT1073507B,,
BMT1074032B,,
BMT1074053B,,
BMT1075278B,,
BMT1075334B,,
BMT1075474B,,
BMT1076230B,,
BMT1076251B,,
BMT1076265B,,
BMT1076314B,,
BMT1076328B,,
BMT1076335B,,
BMT1076356B,,
BMT1076391B,,
BMT1076510B,,
BMT1076517B,,
BMT1076559B,,
BMT1077343B,,
BMT1077364B,,
BMT1077385B,,
BMT1077399B,,
BMT1077441B,,
BMT1077455B,,
BMT1078148B,,
BMT1078463B,,
BMT1078596B,,
BMT1078967B,,
BMT1079009B,,
BMT1079023B,,
BMT1079268B,,
BMT1079317B,,
BMT1079758B,,
BMT1080542B,,
BMT1081095B,,
BMT1082572B,,
BMT1082894B,,
BMT1082929B,,
BMT1083181B,,
BMT1083195B,,
BMT1083244B,,
BMT1083251B,,
BMT1083265B,,
BMT1083741B,,
BMT1083748B,,
BMT1084329B,,
BMT1084336B,,
BMT1084539B,,
BMT1084560B,,
BMT1084588B,,
BMT1086534B,,
BMT1086541B,,
BMT1086555B,,
BMT1086583B,,
BMT1087717B,,
BMT1087745B,,
BMT1090615B,,
BMT1091133B,,
BMT1092918B,,
BMT1093814B,,
BMT1095557B,,
BMT1097776B,,
BMT1097804B,,
BMT1097811B,,
BMT1301511B,,
BMT1301525B,,
BMT1301546B,,
BMT1310366B,,
BMT1319298B,,
BMT1323764B,,
BMT1324310B,,
BMT1324646B,,
BMT1324954B,,
BMT1324961B,,
BMT1324975B,,
BMT1324989B,,
BMT1325003B,,
BMT1325010B,,
BMT1328132B,,
BMT1330183B,,
BMT1330204B,,
BMT1330211B,,
BMT1330218B,,
BMT1330225B,,
BMT1330232B,,
BMT1331324B,,
BMT1331345B,,
BMT1331359B,,
BMT1335265B,,
BMT1335272B,,
BMT1336056B,,
BMT1336133B,,
BMT1336147B,,
BMT1336154B,,
BMT1336455B,,
BMT1336462B,,
BMT1336469B,,
BMT1338667B,,
BMT1338681B,,
BMT1338884B,,
BMT1338891B,,
BMT1338947B,,
BMT1338954B,,
BMT1340424B,,
BMT1340438B,,
BMT1346108B,,
BMT1346150B,,
BMT1346206B,,
BMT1347557B,,
BMT1348628B,,
BMT1348796B,,
BMT1349097B,,
BMT1349258B,,
BMT1349307B,,
BMT1350882B,,
BMT1350896B,,
BMT1350973B,,
BMT1351022B,,
BMT1351204B,,
BMT1351211B,,
BMT1351232B,,
BMT1351316B,,
BMT1351533B,,
BMT1351603B,,
BMT1351631B,,
BMT1351757B,,
BMT1352191B,,
BMT1352198B,,
BMT1352240B,,
BMT1352247B,,
BMT1352254B,,
BMT1352338B,,
BMT1352688B,,
BMT1352856B,,
BMT1353325B,,
BMT1353332B,,
BMT1355026B,,
BMT1355033B,,
BMT1355040B,,
BMT1355145B,,
BMT1355320B,,
BMT1355327B,,
BMT1355740B,,
BMT1355894B,,
BMT1355908B,,
BMT1355929B,,
BMT1356839B,,
BMT1358519B,,
BMT1358582B,,
BMT1358589B,,
BMT1358610B,,
BMT1358624B,,
BMT1358939B,,
BMT1358946B,,
BMT1358953B,,
BMT1359086B,,
BMT1359093B,,
BMT1359527B,,
BMT1359723B,,
BMT158163062,,
BMT158163064,,
BMT158163066,,
BMT158163110,,
BMT158163111,,
BMT158163120,,
BMT158163123,,
BMT158163129,,
BMT158163133,,
BMT158163153,,
BMT158163155,,
BMT158163158,,
BMT158163185,,
BMT158163188,,
BMT158163190,,
BMT158163193,,
BMT158163197,,
BMT158163237,,
BMT158163265,,
BMT158163267,,
BMT158163308,,
BMT158163310,,
BMT158163312,,
BMT158163315,,
BMT158241907,,
BMT158241912,,
BMT159993726,,
BMT160206612,,
BMT161700819,,
BMT161700823,,
BMT161700825,,
BMT161700826,,
BMT163850455,,
BMT164629666,,
BMT164629673,,
BMT164638270,,
BMT164638272,,
BMT164638274,,
BMT165002345,,
BMT165002346,,
BMT165002347,,
BMT165235908,,
BMT165235909,,
BMT165235918,,
BMT165235920,,
BMT166547166,,
BMT166547167,,
BMT166547168,,
BMT166547169,,
BMT166547171,,
BMT166547172,,
BMT167027719,,
BMT167027721,,
BMT167202116,,
BMT167333769,,
BMT168024085,,
BMT168543227,,
BMT169485182,,
BMT169625792,,
BMT169625793,,
BMT169646332,,
BMT169646333,,
BMT169646334,,
BMT169666744,,
BMT169666745,,
BMT169666746,,
BMT170336546,,
BMT170339933,,
BMT170423139,,
BMT170423460,,
BMT170423461,,
BMT170423464,,
BMT170424076,,
BMT170424081,,
BMT170742813,,
BMT170742814,,
BMT170742815,,
BMT170742884,,
BMT171411551,,
BMT171411555,,
BMT171411556,,
BMT171962645,,
BMT172639269,,
BMT173189792,,
BMT173623647,,
BMT173623650,,
BMT173623651,,
BMT174523134,,
BMT174523139,,
BMT174903321,,
BMT176159626,,
BMT176249062,,
BMT176254078,,
BMT176254080,,
BMT176378518,,
BMT176378519,,
BMT176431071,,
BMT176431072,,
BMT176579366,,
BMT176615683,,
BMT176715142,,
BMT2516830B,,
BMT2516844B,,
BMT2811747,,
BMT2954876B,,
BMT2956248B,,
BMT2956269B,,
BMT3633386B,,
BMT6984504B,,
BMT6984532B,,
BMT6984588B,,
BMT7054350B,,
BMT7677602B,,
BMT8739344B,,
BMT8739375B,,
BMT8739503B,,
BMT8739592B,,
BMT8752084B,,
BMT8757540B,,
BMT8757541B,,
BMT8757552B,,
BMT8757556B,,
BMT8850711B,,
BMT8850712B,,
BMT8850726B,,
BMT9160454B,,
BMT9160732B,,
BMT158163322,,
BMT158163388,,
BMT158163410,,
BMT158163415,,
BMT158163418,,
BMT158163457,,
BMT158163460,,
BMT158163529,,
BMT158163537,,
BMT158241911,,
BMT158552161,,
BMT158552162,,
BMT158555368,,
BMT158555370,,
BMT160206609,,
BMT160206610,,
BMT161700817,,
BMT161700818,,
BMT161718117,,
BMT161718316,,
BMT161718317,,
BMT163850451,,
BMT163850452,,
BMT163850453,,
BMT163850454,,
BMT164629669,,
BMT164629670,,
BMT164638269,,
BMT164638273,,
BMT165235907,,
BMT165235912,,
BMT166547175,,
BMT166547177,,
BMT166547178,,
BMT167027722,,
BMT167333768,,
BMT168024082,,
BMT168024083,,
BMT168024084,,
BMT169451541,,
BMT169625786,,
BMT169625787,,
BMT169625788,,
BMT169625789,,
BMT169625796,,
BMT169625797,,
BMT169625799,,
BMT169646324,,
BMT169647889,,
BMT169647891,,
BMT170334665,,
BMT170336544,,
BMT170340265,,
BMT170423138,,
BMT170423463,,
BMT170423466,,
BMT170424080,,
BMT170424082,,
BMT171411550,,
BMT171411553,,
BMT171411554,,
BMT172639268,,
BMT173623645,,
BMT173623646,,
BMT174523128,,
BMT174523137,,
BMT174523138,,
BMT174903316,,
BMT174903322,,
BMT176159622,,
BMT176159623,,
BMT176159624,,
BMT176378517,,
BMT176431070,,
BMT176431077,,
BMT176579368,,
BMT176615690,,
BMT176715148,,
BMT2792210B,,
BMT2954890B,,
BMT2956255B,,
BMT3351825B,,
BMT3629823B,,
BMT4099502B,,
BMT6984595B,,
BMT7633670B,,
BMT7649630B,,
BMT8739501B,,
BMT8739528B,,
BMT8747982B,,
BMT8757535B,,
BMT8757538B,,
BMT8757539B,,
BMT8757553B,,
BMT8757554B,,
BMT8757697B,,
BMT8757699B,,
BMT8757733B,,
BMT8850732B,,
BMT9001505B,,
BMT9160733B,,
BMT161700816,,
BMT161700820,,
BMT164638268,,
BMT165002349,,
BMT165235916,,
BMT166547173,,
BMT166547176,,
BMT167027723,,
BMT167027724,,
BMT169451540,,
BMT169485183,,
BMT169625785,,
BMT169625795,,
BMT169647895,,
BMT169666748,,
BMT170336543,,
BMT170339932,,
BMT170339934,,
BMT170340266,,
BMT170340268,,
BMT170742812,,
BMT171962650,,
BMT171962651,,
BMT172440516,,
BMT173623641,,
BMT173623649,,
BMT174523129,,
BMT174523132,,
BMT174903317,,
BMT176249061,,
BMT176249063,,
BMT176249064,,
BMT176254079,,
BMT176378521,,
BMT176378522,,
BMT176431074,,
BMT176615687,,
BMT176715141,,
BMT176715146,,
BMT2516858B,,
BMT2954939B,,
BMT4007662B,,
BMT4007669B,,
BMT4007872B,,
BMT4198524,,
BMT6984567B,,
BMT6984581B,,
BMT7930701B,,
BMT7946332B,,
BMT8739374B,,
BMT8739502B,,
BMT8739507B,,
BMT8739548B,,
BMT8739591B,,
BMT8747946B,,
BMT8747969B,,
BMT8747988B,,
BMT8757536B,,
BMT8757537B,,
BMT8757698B,,
BMT8757700B,,
BMT8850714B,,
BMT8850727B,,
BMT8850728B,,
BMT8916791B,,
BMT8920670B,,
BMT9160736B,,
BMT9338834B,,
BMT1064659B,,
BMT1065646B,,
BMT1065709B,,
BMT1067200B,,
BMT1067228B,,
BMT1067781B,,
BMT1067914B,,
BMT1068082B,,
BMT1068089B,,
BMT1068096B,,
BMT1068229B,,
BMT1068481B,,
BMT1068894B,,
BMT1069209B,,
BMT1069223B,,
BMT1069237B,,
BMT1069279B,,
BMT1069300B,,
BMT1069643B,,
BMT1069727B,,
BMT1069895B,,
BMT1069958B,,
BMT1070035B,,
BMT1070091B,,
BMT1070119B,,
BMT1070133B,,
BMT1070147B,,
BMT1070756B,,
BMT1070763B,,
BMT1070777B,,
BMT1071890B,,
BMT1072093B,,
BMT1072212B,,
BMT1072821B,,
BMT1072856B,,
BMT1073360B,,
BMT1073423B,,
BMT1074039B,,
BMT1074410B,,
BMT1074578B,,
BMT1074599B,,
BMT1075061B,,
BMT1075670B,,
BMT1076125B,,
BMT1076139B,,
BMT1076174B,,
BMT1076181C,,
BMT1076244B,,
BMT1076300B,,
BMT1076342B,,
BMT1076377B,,
BMT1076398B,,
BMT1076538B,,
BMT1076580B,,
BMT1077350B,,
BMT1077371B,,
BMT1077413B,,
BMT1077462B,,
BMT1077518B,,
BMT1078134B,,
BMT1078274B,,
BMT1078281B,,
BMT1078288B,,
BMT1078337B,,
BMT1078638B,,
BMT1078827B,,
BMT1078855B,,
BMT1079016B,,
BMT1079898B,,
BMT1080150B,,
BMT1080549B,,
BMT1080955B,,
BMT1081088B,,
BMT1081102B,,
BMT1081165B,,
BMT1081571B,,
BMT1081592B,,
BMT1081627B,,
BMT1081641B,,
BMT1082523B,,
BMT1082579B,,
BMT1082593B,,
BMT1083125B,,
BMT1083237B,,
BMT1083258B,,
BMT1083797B,,
BMT1084581B,,
BMT1084672B,,
BMT1086653B,,
BMT1087108B,,
BMT1087654B,,
BMT1090258B,,
BMT1090629B,,
BMT1092911B,,
BMT1093772B,,
BMT1093807B,,
BMT1097769B,,
BMT1301490B,,
BMT1301532B,,
BMT1310345B,,
BMT1310422B,,
BMT1311164B,,
BMT1319326B,,
BMT1324660B,,
BMT1324674B,,
BMT1324947B,,
BMT1328181B,,
BMT1331331B,,
BMT1331338B,,
BMT1333242B,,
BMT1335188B,,
BMT1335209B,,
BMT1335230B,,
BMT1336063B,,
BMT1336070B,,
BMT1336112B,,
BMT1336161B,,
BMT1336175B,,
BMT1336504B,,
BMT1336511B,,
BMT1336539B,,
BMT1338590B,,
BMT1338597B,,
BMT1338618B,,
BMT1338632B,,
BMT1338674B,,
BMT1338975B,,
BMT1342909B,,
BMT1342923B,,
BMT1346115B,,
BMT1346157B,,
BMT1346220B,,
BMT1346227B,,
BMT1348600B,,
BMT1348614B,,
BMT1348733B,,
BMT1348754B,,
BMT1349111B,,
BMT1349146B,,
BMT1349265B,,
BMT1349720B,,
BMT1349748B,,
BMT1350455B,,
BMT1350770B,,
BMT1350798B,,
BMT1350805B,,
BMT1351218B,,
BMT1351239B,,
BMT1351267B,,
BMT1351295B,,
BMT1351491B,,
BMT1351624B,,
BMT1351750B,,
BMT1351764B,,
BMT1351771B,,
BMT1352310B,,
BMT1352317B,,
BMT1352373B,,
BMT1352695B,,
BMT1352702B,,
BMT1352709B,,
BMT1352744B,,
BMT1352751B,,
BMT1352786B,,
BMT1352793B,,
BMT1354130B,,
BMT1355082B,,
BMT1355159B,,
BMT1355271B,,
BMT1355628B,,
BMT1355887B,,
BMT1355901B,,
BMT1355936B,,
BMT1355950B,,
BMT1356342B,,
BMT1356349B,,
BMT1357721B,,
BMT1358183B,,
BMT1358190B,,
BMT1358204B,,
BMT1358575B,,
BMT1358813B,,
BMT1358820B,,
BMT1359100B,,
BMT1359541B,,
BMT1359744B,,
BMT1359989B,,
BMT1360017B,,
BMT158163034,,
BMT158163061,,
BMT158163103,,
BMT158163105,,
BMT158163109,,
BMT158163136,,
BMT158163137,,
BMT158163141,,
BMT158163154,,
BMT158163160,,
BMT158163161,,
BMT158163162,,
BMT158163184,,
BMT158163186,,
BMT158163204,,
BMT158163218,,
BMT158163224,,
BMT158163234,,
BMT158163241,,
BMT158163264,,
BMT158163275,,
BMT158163276,,
BMT158163306,,
BMT158163309,,
BMT158163313,,
BMT158163320,,
BMT158163321,,
BMT158163389,,
BMT158163411,,
BMT158163414,,
BMT158163417,,
BMT158163465,,
BMT158163469,,
BMT158241908,,
BMT158241913,,
BMT158555369,,
BMT158555500,,
BMT158555501,,
BMT158555502,,
BMT160206608,,
BMT160206613,,
BMT161700821,,
BMT161700822,,
BMT161718118,,
BMT164629667,,
BMT164629671,,
BMT165002343,,
BMT165002344,,
BMT165235913,,
BMT165235921,,
BMT167027720,,
BMT167771978,,
BMT168388303,,
BMT169625798,,
BMT169646331,,
BMT169647892,,
BMT169647898,,
BMT170339931,,
BMT170339935,,
BMT170424075,,
BMT170424077,,
BMT170424079,,
BMT170742816,,
BMT171962647,,
BMT171962648,,
BMT172639267,,
BMT173189793,,
BMT173623643,,
BMT173623644,,
BMT174523130,,
BMT174903319,,
BMT176378515,,
BMT176378516,,
BMT176378523,,
BMT176378525,,
BMT176431068,,
BMT176431069,,
BMT176431073,,
BMT176431076,,
BMT176615681,,
BMT176615682,,
BMT176615684,,
BMT176615685,,
BMT176615688,,
BMT176615689,,
BMT176715144,,
BMT176715147,,
BMT2516823B,,
BMT2516851B,,
BMT2811404,,
BMT2956283B,,
BMT4007676B,,
BMT6984539B,,
BMT6984546B,,
BMT8739376B,,
BMT8739505B,,
BMT8739522B,,
BMT8739529B,,
BMT8739530B,,
BMT8739559B,,
BMT8747993B,,
BMT8752015B,,
BMT8850730B,,
BMT8850733B,,
BMT8939531B,,
BMT9160735B,,
