BMT130448810,,
BMT165878955,,
BMT2202369B,,
BMT135631267,,
BMT2202334B,,
BMT135631267,,
BMT135631267,,
BMT135631281,,
BMT135631267,,
BMT2202341B,,
BMT161295708,,
BMT2269051B,,
BMT2269051B,,
BMT2254820B,,
BMT2254820B,,
BMT2254813B,,
BMT2254813B,,
BMT2254792B,,
BMT2254792B,,
BMT133375993,,
BMT135872872,,
BMT2223593B,,
BMT2179157B,,
BMT2179164B,,
BMT173055414,,
BMT2185443B,,
BMT168899294,,
BMT168899296,,
BMT168899057,,
BMT9284690B,,
BMT9284690B,,
BMT168900264,,
BMT168900262,,
BMT168899057,,
BMT173086939,,
BMT173086938,,
BMT173086937,,
BMT99056022,,
BMT2166893B,,
BMT3034508B,,
BMT2166900B,,
BMT2166893B,,
BMT99046691,,
BMT2166900B,,
BMT99046691,,
BMT2166914B,,
BMT2166914B,,
BMT99046705,,
BMT99046684,,
BMT99046691,,
BMT99045417,,
BMT99045424,,
BMT135631232,,
BMT103826305,,
BMT103826305,,
BMT2195488B,,
BMT2168391B,,
BMT173055416,,
BMT2168398B,,
BMT2168391B,,
BMT2168405B,,
BMT2168398B,,
BMT2168888B,,
BMT173055898,,
BMT173055898,,
BMT2168902B,,
BMT2168902B,,
BMT2168909B,,
BMT2168909B,,
BMT2168916B,,
BMT2168916B,,
BMT2186696B,,
BMT2169161B,,
BMT173055418,,
BMT2169168B,,
BMT2169161B,,
BMT2169175B,,
BMT2169168B,,
BMT2169476B,,
BMT168900260,,
BMT2169518B,,
BMT173055413,,
BMT2169525B,,
BMT2169518B,,
BMT2183875B,,
BMT135833322,,
BMT135833322,,
BMT135833329,,
BMT173055412,,
BMT2169525B,,
BMT173055412,,
BMT173055414,,
BMT2185443B,,
BMT173055415,,
BMT2185457B,,
BMT2186486B,,
BMT2186486B,,
BMT173055417,,
BMT173055417,,
BMT2169175B,,
BMT173055417,,
BMT173055419,,
BMT173055419,,
BMT2186507B,,
BMT2186507B,,
BMT99045417,,
BMT2186696B,,
BMT173055902,,
BMT2206618B,,
BMT135631288,,
BMT6278057B,,
BMT104575676,,
BMT163882625,,
BMT2264207B,,
BMT2264207B,,
BMT2264186B,,
BMT2264186B,,
BMT8224995B,,
BMT8224995B,,
BMT8225002B,,
BMT8225002B,,
BMT8225009B,,
BMT8225009B,,
BMT163882626,,
BMT163882626,,
BMT8225023B,,
BMT8225023B,,
BMT8225030B,,
BMT8225030B,,
BMT8225037B,,
BMT8225037B,,
BMT8225044B,,
BMT8225044B,,
BMT8225051B,,
BMT8225051B,,
BMT8225058B,,
BMT8225058B,,
BMT8225065B,,
BMT8225065B,,
BMT8225072B,,
BMT8225086B,,
BMT163882627,,
BMT2149344B,,
BMT168899295,,
BMT2149351B,,
BMT2149344B,,
BMT2149358B,,
BMT2149351B,,
BMT2149365B,,
BMT2149358B,,
BMT2149372B,,
BMT2149365B,,
BMT2149379B,,
BMT2149372B,,
BMT168899294,,
BMT2149379B,,
BMT2173438B,,
BMT2169476B,,
BMT2173452B,,
BMT2173438B,,
BMT2173473B,,
BMT2173452B,,
BMT2173480B,,
BMT173055900,,
BMT2173487B,,
BMT173055901,,
BMT2173494B,,
BMT99045298,,
BMT99046712,,
BMT2173515B,,
BMT173055901,,
BMT3937473,,
BMT173055929,,
BMT99045305,,
BMT2173515B,,
BMT2173522B,,
BMT2173522B,,
BMT2181215B,,
BMT2197091B,,
BMT172076706,,
BMT172076706,,
BMT2193626B,,
BMT172076706,,
BMT172076708,,
BMT172076708,,
BMT2197119B,,
BMT2197119B,,
BMT2197126B,,
BMT2197126B,,
BMT2197133B,,
BMT2197133B,,
BMT2197140B,,
BMT2197140B,,
BMT2197147B,,
BMT2197147B,,
BMT2210461B,,
BMT2198050B,,
BMT135833322,,
BMT135833336,,
BMT2198050B,,
BMT135833336,,
BMT2198085B,,
BMT2198085B,,
BMT2198106B,,
BMT2198106B,,
BMT2198113B,,
BMT2209418B,,
BMT2198113B,,
BMT2209418B,,
BMT2209446B,,
BMT2209432B,,
BMT135833343,,
BMT135833364,,
BMT2191225B,,
BMT135833364,,
BMT135833350,,
BMT135833364,,
BMT135833378,,
BMT135833378,,
BMT130530297,,
BMT3421349B,,
BMT110972591,,
BMT110972591,,
BMT110972598,,
BMT110972605,,
BMT110972612,,
BMT136586480,,
BMT136586501,,
BMT150339787,,
BMT99045151,,
BMT169934925,,
BMT2123794B,,
BMT2123794B,,
BMT169934926,,
BMT169934926,,
BMT169934927,,
BMT169934927,,
BMT4385718,,
BMT2165549B,,
BMT172617900,,
BMT172617898,,
BMT172617899,,
BMT172617898,,
BMT2165549B,,
BMT172617898,,
BMT2165570B,,
BMT2165563B,,
BMT172617898,,
BMT2165570B,,
BMT172617901,,
BMT99045249,,
BMT2165584B,,
BMT2165584B,,
BMT173055897,,
BMT2166459B,,
BMT172617934,,
BMT135833315,,
BMT2166522B,,
BMT2166522B,,
BMT2183875B,,
BMT2178380B,,
BMT2178373B,,
BMT2178380B,,
BMT135833413,,
BMT2178387B,,
BMT2178380B,,
BMT2178394B,,
BMT2178387B,,
BMT2179164B,,
BMT173055410,,
BMT172076702,,
BMT2179178B,,
BMT2179178B,,
BMT172076703,,
BMT172076703,,
BMT2179192B,,
BMT2179192B,,
BMT172076704,,
BMT172076704,,
BMT172076705,,
BMT172076704,,
BMT2179227B,,
BMT172076705,,
BMT2197091B,,
BMT135631253,,
BMT2202313B,,
BMT2202313B,,
BMT135631260,,
BMT135631260,,
BMT2202334B,,
BMT135631281,,
BMT2202362B,,
BMT2202362B,,
BMT2206618B,,
BMT2202369B,,
BMT2218357B,,
BMT173086532,,
BMT2220184B,,
BMT2220184B,,
BMT2220191B,,
BMT2220191B,,
BMT173086533,,
BMT173086533,,
BMT173086534,,
BMT164567802,,
BMT2220443B,,
BMT2220478B,,
BMT164567802,,
BMT164567801,,
BMT2220478B,,
BMT2220492B,,
BMT164567801,,
BMT2221031B,,
BMT153140004,,
BMT2221038B,,
BMT2221031B,,
BMT153140002,,
BMT2221038B,,
BMT153140002,,
BMT2227450B,,
BMT153140002,,
BMT2227457B,,
BMT2221052B,,
BMT99045844,,
BMT165878953,,
BMT2221052B,,
BMT165878950,,
BMT165878953,,
BMT165878950,,
BMT165878954,,
BMT151993775,,
BMT151993776,,
BMT151993776,,
BMT2280510B,,
BMT2280510B,,
BMT151993777,,
BMT151993777,,
BMT2274210B,,
BMT2274210B,,
BMT2280524B,,
BMT2280524B,,
BMT2278193B,,
BMT2278193B,,
BMT2278179B,,
BMT2278179B,,
BMT151993778,,
BMT163077655,,
BMT2212680B,,
BMT163077653,,
BMT2212680B,,
BMT172617897,,
BMT2165563B,,
BMT172617932,,
BMT172431481,,
BMT172617932,,
BMT2175706B,,
BMT2175706B,,
BMT172617933,,
BMT172617933,,
BMT2175720B,,
BMT2175720B,,
BMT2175727B,,
BMT2175727B,,
BMT2166459B,,
BMT2200409B,,
BMT165878959,,
BMT165878949,,
BMT2200409B,,
BMT165878948,,
BMT165878949,,
BMT165878948,,
BMT165878950,,
BMT165878948,,
BMT165878951,,
BMT165878956,,
BMT2207948B,,
BMT165878956,,
BMT2207969B,,
BMT2200444B,,
BMT165878956,,
BMT130448859,,
BMT130448866,,
BMT158874407,,
BMT158874408,,
BMT2217363B,,
BMT161489237,,
BMT2217377B,,
BMT2217363B,,
BMT2217391B,,
BMT2217377B,,
BMT2218357B,,
BMT135631274,,
BMT135619409,,
BMT2218371B,,
BMT2218371B,,
BMT135633913,,
BMT165878946,,
BMT165878947,,
BMT2218392B,,
BMT130589797,,
BMT164085912,,
BMT164085913,,
BMT164085913,,
BMT2218413B,,
BMT2218413B,,
BMT2218420B,,
BMT2218420B,,
BMT2218427B,,
BMT2218427B,,
BMT2226064B,,
BMT2218567B,,
BMT158874410,,
BMT2218574B,,
BMT2218567B,,
BMT2218581B,,
BMT2218574B,,
BMT158874409,,
BMT2218581B,,
BMT158874409,,
BMT99045942,,
BMT2238202B,,
BMT157315357,,
BMT157315356,,
BMT2238202B,,
BMT157315356,,
BMT2238216B,,
BMT2238216B,,
BMT2255975B,,
BMT2238223B,,
BMT157315356,,
BMT157315355,,
BMT2238223B,,
BMT136587859,,
BMT99045991,,
BMT136587859,,
BMT136587866,,
BMT2240169B,,
BMT99045963,,
BMT2260525B,,
BMT2260532B,,
BMT165878940,,
BMT165878941,,
BMT165878941,,
BMT165878942,,
BMT165878941,,
BMT99055931,,
BMT173086530,,
BMT2213786B,,
BMT2210454B,,
BMT172076709,,
BMT2210461B,,
BMT2210468B,,
BMT2210468B,,
BMT2210454B,,
BMT2210748B,,
BMT2210776B,,
BMT2210762B,,
BMT104575690,,
BMT104575683,,
BMT2210762B,,
BMT2210776B,,
BMT2210790B,,
BMT2210783B,,
BMT104575683,,
BMT2210790B,,
BMT2210783B,,
BMT2210811B,,
BMT104575711,,
BMT2211301B,,
BMT2189594B,,
BMT130546040,,
BMT2211301B,,
BMT2211329B,,
BMT165878943,,
BMT165878944,,
BMT130543702,,
BMT165878944,,
BMT2211329B,,
BMT153140001,,
BMT2227443B,,
BMT153140001,,
BMT2235073B,,
BMT2235073B,,
BMT2235080B,,
BMT2235080B,,
BMT153140003,,
BMT2235710B,,
BMT99056519,,
BMT136586459,,
BMT136586466,,
BMT136586466,,
BMT136586473,,
BMT136586466,,
BMT135756700,,
BMT136586473,,
BMT99056407,,
BMT99056435,,
BMT99056442,,
BMT99056407,,
BMT2236011B,,
BMT99056442,,
BMT99056449,,
BMT136575805,,
BMT2253000B,,
BMT2236025B,,
BMT136571031,,
BMT136571031,,
BMT2236039B,,
BMT2236039B,,
BMT99056351,,
BMT136586480,,
BMT2236011B,,
BMT136586480,,
BMT136586487,,
BMT136586480,,
BMT136586494,,
BMT135759136,,
BMT2237705B,,
BMT2237796B,,
BMT163077654,,
BMT2237810B,,
BMT3925510,,
BMT163077656,,
BMT2237852B,,
BMT2237852B,,
BMT99044899,,
BMT99044906,,
BMT2237866B,,
BMT2237866B,,
BMT2264424B,,
BMT2251481B,,
BMT161718984,,
BMT161718984,,
BMT161718985,,
BMT161718984,,
BMT2251523B,,
BMT2251523B,,
BMT2251537B,,
BMT2251537B,,
BMT161718986,,
BMT2251677B,,
BMT99056463,,
BMT99056463,,
BMT2251705B,,
BMT2251705B,,
BMT2249976B,,
BMT136587873,,
BMT136587894,,
BMT136587873,,
BMT99046033,,
BMT103826361,,
BMT103826368,,
BMT162665812,,
BMT7605040B,,
BMT7605040B,,
BMT99044990,,
BMT2220443B,,
BMT164567803,,
BMT164567802,,
BMT164567804,,
BMT99045844,,
BMT9014016B,,
BMT9014016B,,
BMT130448810,,
BMT8225079B,,
BMT9066676B,,
BMT9066676B,,
BMT8225086B,,
BMT8225072B,,
BMT9066678B,,
BMT9066678B,,
BMT8225079B,,
BMT167923183,,
BMT167923269,,
BMT2273643B,,
BMT99046481,,
BMT4385718,,
BMT2125887B,,
BMT2125887B,,
BMT169934928,,
BMT169934928,,
BMT169934929,,
BMT169934929,,
BMT2152221B,,
BMT2156897B,,
BMT168900263,,
BMT2193598B,,
BMT2193605B,,
BMT2193605B,,
BMT2193619B,,
BMT2193612B,,
BMT2193598B,,
BMT2193619B,,
BMT172076707,,
BMT2193626B,,
BMT2193612B,,
BMT2195488B,,
BMT2195495B,,
BMT2195495B,,
BMT135631239,,
BMT135631239,,
BMT2195509B,,
BMT2195509B,,
BMT135631246,,
BMT135631246,,
BMT99045641,,
BMT135631246,,
BMT2195537B,,
BMT2195537B,,
BMT135631253,,
BMT104575697,,
BMT104575718,,
BMT2195642B,,
BMT104575697,,
BMT2228472B,,
BMT136571024,,
BMT2228479B,,
BMT2228472B,,
BMT136571017,,
BMT2228479B,,
BMT2229172B,,
BMT136570996,,
BMT2229179B,,
BMT2229172B,,
BMT2230236B,,
BMT136571010,,
BMT136571010,,
BMT2230250B,,
BMT2230250B,,
BMT2236025B,,
BMT153139999,,
BMT2231013B,,
BMT2231013B,,
BMT153140001,,
BMT2231020B,,
BMT153140000,,
BMT2231181B,,
BMT153140005,,
BMT165878951,,
BMT2231237B,,
BMT2231237B,,
BMT2231244B,,
BMT2231244B,,
BMT165878952,,
BMT2263451B,,
BMT2263479B,,
BMT161295700,,
BMT2263444B,,
BMT2263465B,,
BMT2269114B,,
BMT2263472B,,
BMT161295700,,
BMT2263479B,,
BMT2270479B,,
BMT135649131,,
BMT99046082,,
BMT151993653,,
BMT151993655,,
BMT151993655,,
BMT151993656,,
BMT165878945,,
BMT165878944,,
BMT2207969B,,
BMT165878958,,
BMT135872851,,
BMT2232385B,,
BMT135872851,,
BMT135872865,,
BMT2232385B,,
BMT135872844,,
BMT135872865,,
BMT135673778,,
BMT167664670,,
BMT167664671,,
BMT167664671,,
BMT167664672,,
BMT167664672,,
BMT2232420B,,
BMT167664672,,
BMT2243830B,,
BMT2232420B,,
BMT2244719B,,
BMT2232553B,,
BMT2217391B,,
BMT2232560B,,
BMT2232553B,,
BMT135539497,,
BMT99056050,,
BMT164567800,,
BMT2220492B,,
BMT2232581B,,
BMT99056050,,
BMT173086939,,
BMT2232581B,,
BMT161489236,,
BMT2232560B,,
BMT2234576B,,
BMT2234590B,,
BMT2234590B,,
BMT158874409,,
BMT99045949,,
BMT99045956,,
BMT99045956,,
BMT2234618B,,
BMT2234618B,,
BMT2234632B,,
BMT2234632B,,
BMT2234639B,,
BMT2234639B,,
BMT2240169B,,
BMT135881195,,
BMT2225280B,,
BMT2244663B,,
BMT135882322,,
BMT135882329,,
BMT2244663B,,
BMT135882329,,
BMT2244691B,,
BMT2244691B,,
BMT2242444B,,
BMT2244719B,,
BMT2244726B,,
BMT2244726B,,
BMT167664673,,
BMT2245111B,,
BMT99056505,,
BMT99056505,,
BMT2245139B,,
BMT2245139B,,
BMT99056512,,
BMT99056512,,
BMT3032849B,,
BMT2247477B,,
BMT2247484B,,
BMT2247484B,,
BMT164085915,,
BMT164085915,,
BMT2247498B,,
BMT2247498B,,
BMT135644588,,
BMT136587852,,
BMT136587859,,
BMT161295705,,
BMT2254029B,,
BMT2270444B,,
BMT2270458B,,
BMT99046334,,
BMT161295705,,
BMT99046376,,
BMT2270458B,,
BMT161295703,,
BMT2260525B,,
BMT161295703,,
BMT99046334,,
BMT2270479B,,
BMT161295703,,
BMT99044955,,
BMT2286208B,,
BMT2310008B,,
BMT3929619,,
BMT99045081,,
BMT99045088,,
BMT99045081,,
BMT2310008B,,
BMT99045081,,
BMT2310029B,,
BMT99045081,,
BMT99045095,,
BMT2310029B,,
BMT99045053,,
BMT2260532B,,
BMT2260539B,,
BMT2260539B,,
BMT161295704,,
BMT2260868B,,
BMT2260875B,,
BMT2260875B,,
BMT99046383,,
BMT2261701B,,
BMT2261708B,,
BMT2261708B,,
BMT2261715B,,
BMT2261715B,,
BMT2261722B,,
BMT2261722B,,
BMT161718988,,
BMT2262632B,,
BMT151993663,,
BMT99046152,,
BMT99046159,,
BMT99046131,,
BMT151993664,,
BMT151993660,,
BMT2262632B,,
BMT151993660,,
BMT99046131,,
BMT151993660,,
BMT99046138,,
BMT151993685,,
BMT2280440B,,
BMT2262989B,,
BMT2262996B,,
BMT2262989B,,
BMT2270444B,,
BMT2262996B,,
BMT2263003B,,
BMT2263003B,,
BMT2263010B,,
BMT2263010B,,
BMT2263017B,,
BMT2263017B,,
BMT2260868B,,
BMT2263416B,,
BMT2249983B,,
BMT2263423B,,
BMT2263416B,,
BMT2263430B,,
BMT2263423B,,
BMT161295701,,
BMT2263430B,,
BMT161295701,,
BMT2263451B,,
BMT2263444B,,
BMT2880550B,,
BMT2276926B,,
BMT169515964,,
BMT169515963,,
BMT2276926B,,
BMT169515966,,
BMT99046243,,
BMT170378318,,
BMT2276954B,,
BMT2276954B,,
BMT2276961B,,
BMT2276961B,,
BMT2275330B,,
BMT2278025B,,
BMT99044920,,
BMT2278039B,,
BMT99044927,,
BMT99044934,,
BMT2278060B,,
BMT2278081B,,
BMT99044934,,
BMT99044941,,
BMT2278081B,,
BMT99044941,,
BMT99044948,,
BMT99044941,,
BMT2286208B,,
BMT162665811,,
BMT2793344,,
BMT2278109B,,
BMT2278116B,,
BMT2278116B,,
BMT2278123B,,
BMT2278123B,,
BMT152657531,,
BMT2278130B,,
BMT2278151B,,
BMT2278151B,,
BMT2278466B,,
BMT152657534,,
BMT152657535,,
BMT2278466B,,
BMT152657533,,
BMT2279362B,,
BMT170378328,,
BMT2279369B,,
BMT2279362B,,
BMT2321880B,,
BMT2321887B,,
BMT2321887B,,
BMT2321894B,,
BMT2321894B,,
BMT2321901B,,
BMT2321901B,,
BMT99045060,,
BMT99045060,,
BMT2321950B,,
BMT2263745B,,
BMT2269821B,,
BMT151993659,,
BMT2263759B,,
BMT2263759B,,
BMT2263773B,,
BMT2263773B,,
BMT2263787B,,
BMT2263787B,,
BMT2263801B,,
BMT2263801B,,
BMT2263829B,,
BMT2263829B,,
BMT151993660,,
BMT2264228B,,
BMT163882625,,
BMT2264249B,,
BMT2264228B,,
BMT99046558,,
BMT2264249B,,
BMT2264277B,,
BMT152657532,,
BMT2264424B,,
BMT99044913,,
BMT99044913,,
BMT2264459B,,
BMT2264459B,,
BMT2264480B,,
BMT2264480B,,
BMT2264508B,,
BMT2264508B,,
BMT2278025B,,
BMT2793344,,
BMT2299606B,,
BMT110972570,,
BMT110972577,,
BMT110972577,,
BMT2312472B,,
BMT110972577,,
BMT2312479B,,
BMT99044794,,
BMT2403521B,,
BMT2403521B,,
BMT171126819,,
BMT171126819,,
BMT171126820,,
BMT104575690,,
BMT2195642B,,
BMT104575690,,
BMT104575704,,
BMT104575690,,
BMT2210811B,,
BMT163077654,,
BMT2237789B,,
BMT163077654,,
BMT2237810B,,
BMT163077654,,
BMT163077656,,
BMT99044920,,
BMT2278039B,,
BMT99044920,,
BMT2278053B,,
BMT99044920,,
BMT2278060B,,
BMT99045039,,
BMT99045046,,
BMT99045025,,
BMT3421349B,,
BMT2403668B,,
BMT2235710B,,
BMT173055897,,
BMT2168881B,,
BMT173055897,,
BMT2168888B,,
BMT173055897,,
BMT173055899,,
BMT173055899,,
BMT2173480B,,
BMT173055899,,
BMT2173487B,,
BMT173055899,,
BMT2173494B,,
BMT173055415,,
BMT2168405B,,
BMT173055415,,
BMT2185457B,,
BMT173055415,,
BMT2185464B,,
BMT135633913,,
BMT130584050,,
BMT135633913,,
BMT2218392B,,
BMT135633913,,
BMT130835497,,
BMT151993686,,
BMT99046194,,
BMT151993686,,
BMT99046201,,
BMT151993686,,
BMT107463694,,
BMT152657531,,
BMT2264277B,,
BMT152657531,,
BMT2278130B,,
BMT152657531,,
BMT152657534,,
BMT169515964,,
BMT2276905B,,
BMT169515964,,
BMT2276912B,,
BMT136587894,,
BMT2252580B,,
BMT2252580B,,
BMT2252587B,,
BMT2252587B,,
BMT136587901,,
BMT2252615B,,
BMT99046355,,
BMT99046362,,
BMT99046369,,
BMT99056449,,
BMT99056456,,
BMT99056456,,
BMT2251677B,,
BMT99056456,,
BMT2258110B,,
BMT2252972B,,
BMT2252993B,,
BMT136575812,,
BMT2252972B,,
BMT2252986B,,
BMT136575812,,
BMT2252993B,,
BMT2257032B,,
BMT2253000B,,
BMT2252986B,,
BMT2253623B,,
BMT161718981,,
BMT2253637B,,
BMT2258348B,,
BMT2253651B,,
BMT2253637B,,
BMT2254008B,,
BMT161295706,,
BMT2273636B,,
BMT2279369B,,
BMT170378325,,
BMT2273636B,,
BMT170378325,,
BMT2273643B,,
BMT170378325,,
BMT170378329,,
BMT2273657B,,
BMT170378325,,
BMT170378330,,
BMT170378331,,
BMT170378330,,
BMT170378332,,
BMT99046481,,
BMT170378330,,
BMT99046509,,
BMT99046516,,
BMT99046516,,
BMT2273755B,,
BMT2273755B,,
BMT2273762B,,
BMT2273762B,,
BMT2273769B,,
BMT2273769B,,
BMT2273776B,,
BMT2273776B,,
BMT99046523,,
BMT2274231B,,
BMT170378320,,
BMT170378319,,
BMT2274231B,,
BMT170378319,,
BMT170378321,,
BMT170378323,,
BMT2273657B,,
BMT170378323,,
BMT170378326,,
BMT170378323,,
BMT2274637B,,
BMT2274623B,,
BMT170378323,,
BMT2274630B,,
BMT2274623B,,
BMT2274637B,,
BMT2274644B,,
BMT2274644B,,
BMT2274651B,,
BMT2274651B,,
BMT2274658B,,
BMT2274658B,,
BMT170378327,,
BMT2275330B,,
BMT2275344B,,
BMT2275344B,,
BMT170378319,,
BMT2275351B,,
BMT170378322,,
BMT2275358B,,
BMT2275351B,,
BMT170378321,,
BMT2275358B,,
BMT170378322,,
BMT2274630B,,
BMT170378322,,
BMT170378324,,
BMT2312927B,,
BMT99045025,,
BMT99045095,,
BMT99045102,,
BMT135833343,,
BMT2209411B,,
BMT135833343,,
BMT2209418B,,
BMT135833343,,
BMT135833357,,
BMT161295693,,
BMT161295694,,
BMT161295694,,
BMT2259839B,,
BMT161295694,,
BMT2259832B,,
BMT161295694,,
BMT2259867B,,
BMT2259867B,,
BMT2259874B,,
BMT2259874B,,
BMT161295696,,
BMT2276912B,,
BMT169515965,,
BMT169515967,,
BMT99046250,,
BMT165878942,,
BMT2209670B,,
BMT2209670B,,
BMT2211350B,,
BMT2211350B,,
BMT165878943,,
BMT2156246B,,
BMT168900262,,
BMT168900261,,
BMT2156246B,,
BMT168900260,,
BMT168900261,,
BMT104575676,,
BMT2210748B,,
BMT135833371,,
BMT2190119B,,
BMT135833371,,
BMT2191169B,,
BMT135833371,,
BMT2191190B,,
BMT2190119B,,
BMT135833385,,
BMT2191169B,,
BMT2183259B,,
BMT2191190B,,
BMT135833399,,
BMT2191204B,,
BMT135833371,,
BMT2191225B,,
BMT2191204B,,
BMT2191232B,,
BMT2191239B,,
BMT2191232B,,
BMT2209432B,,
BMT2191239B,,
BMT2191253B,,
BMT2191246B,,
BMT135833350,,
BMT2191253B,,
BMT2191246B,,
BMT165878947,,
BMT165878948,,
BMT158874408,,
BMT2222620B,,
BMT2222620B,,
BMT2222627B,,
BMT2222627B,,
BMT2234576B,,
BMT153139994,,
BMT153139995,,
BMT153139994,,
BMT153139996,,
BMT153139993,,
BMT153139994,,
BMT153139997,,
BMT153139999,,
BMT153139997,,
BMT2231020B,,
BMT2254015B,,
BMT2254008B,,
BMT2254029B,,
BMT4079195B,,
BMT2254778B,,
BMT136587880,,
BMT136587887,,
BMT2254778B,,
BMT2255681B,,
BMT99046166,,
BMT2255688B,,
BMT2255681B,,
BMT2255695B,,
BMT2255688B,,
BMT99046159,,
BMT2255695B,,
BMT99046159,,
BMT2268036B,,
BMT2255975B,,
BMT2255989B,,
BMT2255989B,,
BMT157315358,,
BMT136575819,,
BMT2257032B,,
BMT3413425B,,
BMT99056470,,
BMT173055410,,
BMT2179150B,,
BMT173055410,,
BMT99045354,,
BMT173055410,,
BMT173055412,,
BMT2321950B,,
BMT2321964B,,
BMT2321964B,,
BMT2321985C,,
BMT2321985C,,
BMT2323259C,,
BMT163077653,,
BMT2212687B,,
BMT161718981,,
BMT2253651B,,
BMT161718981,,
BMT2253665B,,
BMT161718981,,
BMT161718983,,
BMT2310043B,,
BMT99045053,,
BMT2310050B,,
BMT2310043B,,
BMT2310050B,,
BMT2310064B,,
BMT2310064B,,
BMT99045046,,
BMT99045046,,
BMT2321880B,,
BMT2312472B,,
BMT110972584,,
BMT2312479B,,
BMT2312500B,,
BMT2312500B,,
BMT2312514B,,
BMT2312514B,,
BMT2312521B,,
BMT2312521B,,
BMT2312927B,,
BMT136587866,,
BMT2237705B,,
BMT136587866,,
BMT136587873,,
BMT136587866,,
BMT136587880,,
BMT4079195B,,
BMT2254015B,,
BMT2299606B,,
BMT7705749B,,
BMT7705749B,,
BMT2299627B,,
BMT2299627B,,
BMT162665812,,
BMT2152221B,,
BMT169934930,,
BMT169934930,,
BMT99045179,,
BMT172617930,,
BMT2152249B,,
BMT2152249B,,
BMT172617931,,
BMT172617931,,
BMT2144731B,,
BMT2152270B,,
BMT2152291B,,
BMT2152291B,,
BMT2152298B,,
BMT2152298B,,
BMT2152312B,,
BMT2152312B,,
BMT2152333B,,
BMT2152333B,,
BMT172617932,,
BMT99044815,,
BMT6278057B,,
BMT2189594B,,
BMT130546047,,
BMT2225203B,,
BMT99056022,,
BMT173086936,,
BMT2225203B,,
BMT2225217B,,
BMT2229179B,,
BMT173086534,,
BMT173086535,,
BMT173086534,,
BMT99056029,,
BMT173086534,,
BMT99056036,,
BMT136570975,,
BMT136570982,,
BMT136570982,,
BMT136570989,,
BMT136570989,,
BMT2225217B,,
BMT136570989,,
BMT136571003,,
BMT2225252B,,
BMT2225273B,,
BMT2225259B,,
BMT136571017,,
BMT99056498,,
BMT2245111B,,
BMT2225273B,,
BMT2230236B,,
BMT2225280B,,
BMT136571003,,
BMT2226064B,,
BMT164085914,,
BMT164085914,,
BMT2226085B,,
BMT2226085B,,
BMT2226120B,,
BMT2226120B,,
BMT2247477B,,
BMT2227443B,,
BMT153140002,,
BMT2227450B,,
BMT2231181B,,
BMT2227457B,,
BMT2227464B,,
BMT2227464B,,
BMT153140006,,
BMT2227891B,,
BMT2227898B,,
BMT2227898B,,
BMT135872893,,
BMT2258110B,,
BMT2258124B,,
BMT2258124B,,
BMT3413425B,,
BMT2258348B,,
BMT2258355B,,
BMT2258355B,,
BMT161718982,,
BMT161718982,,
BMT2258369B,,
BMT2258369B,,
BMT2251481B,,
BMT2259797B,,
BMT161295698,,
BMT161295697,,
BMT2259797B,,
BMT2259818B,,
BMT161295697,,
BMT161295695,,
BMT2259818B,,
BMT2259839B,,
BMT161295695,,
BMT3032849B,,
BMT2403668B,,
BMT2221290B,,
BMT135872907,,
BMT2221297B,,
BMT2221290B,,
BMT2221304B,,
BMT2221297B,,
BMT2242192B,,
BMT2242199B,,
BMT2242199B,,
BMT167665441,,
BMT167665441,,
BMT2242220B,,
BMT3924264,,
BMT167665441,,
BMT2242220B,,
BMT167665442,,
BMT2242444B,,
BMT135882336,,
BMT2243830B,,
BMT167664674,,
BMT167664675,,
BMT167664674,,
BMT167665440,,
BMT156769690,,
BMT167665440,,
BMT2243886B,,
BMT167664674,,
BMT2243900B,,
BMT2243886B,,
BMT2242192B,,
BMT2243900B,,
BMT99056169,,
BMT161718980,,
BMT2243921B,,
BMT2243921B,,
BMT2253623B,,
BMT161718986,,
BMT161718987,,
BMT161718986,,
BMT2267140B,,
BMT2267140B,,
BMT2261701B,,
BMT2268036B,,
BMT99046173,,
BMT161295707,,
BMT2252615B,,
BMT161295707,,
BMT161295708,,
BMT161295699,,
BMT161295707,,
BMT2269114B,,
BMT161295699,,
BMT2269821B,,
BMT2269828B,,
BMT2269828B,,
BMT2269835B,,
BMT2269835B,,
BMT151993657,,
BMT2280440B,,
BMT2280447B,,
BMT2280447B,,
BMT2280468B,,
BMT2280468B,,
BMT151993686,,
BMT152657530,,
BMT2278109B,,
BMT151993774,,
BMT151993775,,
BMT99045088,,
BMT99045109,,
BMT2323259C,,
BMT99045067,,
BMT99045067,,
BMT99045074,,
BMT150339783,,
BMT150339784,,
BMT150339784,,
BMT150339785,,
BMT3034508B,,
BMT99046698,,
BMT3119054B,,
BMT153139998,,
BMT3119061B,,
BMT3119054B,,
BMT3119068B,,
BMT153139996,,
BMT153139996,,
BMT153139997,,
BMT153139996,,
BMT3119061B,,
BMT136571003,,
BMT2225252B,,
BMT136571003,,
BMT2225259B,,
BMT150339786,,
BMT150339787,,
BMT150339785,,
BMT150339786,,
BMT99046523,,
BMT4045063B,,
BMT4045063B,,
BMT99046530,,
BMT165878955,,
BMT2200444B,,
BMT2207948B,,
BMT165878957,,
BMT2144731B,,
BMT2152270B,,
BMT2144745B,,
BMT172617902,,
BMT2144752B,,
BMT2144745B,,
BMT172617899,,
BMT2144752B,,
BMT168900262,,
BMT2156897B,,
BMT2181215B,,
BMT2181222B,,
BMT2181222B,,
BMT2181229B,,
BMT2181229B,,
BMT2181236B,,
BMT2181236B,,
BMT99046719,,
BMT168900259,,
BMT2173473B,,
BMT173055377,,
BMT173055378,,
BMT173055408,,
BMT173055409,,
BMT173055409,,
BMT99045333,,
BMT173055409,,
BMT2183119B,,
BMT173055409,,
BMT173055411,,
BMT2183119B,,
BMT2179157B,,
BMT2183217B,,
BMT135833420,,
BMT2183224B,,
BMT2183217B,,
BMT135833406,,
BMT2178394B,,
BMT135833406,,
BMT2183224B,,
BMT135833406,,
BMT135833392,,
BMT135833392,,
BMT2183252B,,
BMT2183259B,,
BMT2183252B,,
BMT99044864,,
BMT2212596B,,
BMT2212596B,,
BMT2212638B,,
BMT2212638B,,
BMT163077652,,
BMT163077652,,
BMT163077653,,
BMT2212687B,,
BMT2212694B,,
BMT2212694B,,
BMT2237796B,,
BMT135855785,,
BMT2223593B,,
BMT2213786B,,
BMT2213793B,,
BMT2213793B,,
BMT173086531,,
BMT173086531,,
BMT2213814B,,
BMT2213814B,,
BMT173086532,,
BMT2213905B,,
BMT135872900,,
BMT135872879,,
BMT2213905B,,
BMT135872872,,
BMT135872858,,
BMT135872872,,
BMT2221304B,,
BMT135872858,,
BMT135872879,,
BMT135872858,,
BMT2213933B,,
BMT135872858,,
BMT135872886,,
BMT2213933B,,
BMT135872851,,
BMT135872886,,
BMT2227891B,,
BMT2249948B,,
BMT161295702,,
BMT2249962B,,
BMT2249948B,,
BMT2249983B,,
BMT2249962B,,
BMT2880550B,,
BMT161295701,,
BMT151993656,,
BMT2238265B,,
BMT151993656,,
BMT2263745B,,
BMT151993656,,
BMT151993659,,
BMT169515964,,
BMT169515966,,
BMT161295698,,
BMT2263465B,,
BMT161295698,,
BMT2263472B,,
BMT161295698,,
BMT2263500B,,
BMT103826368,,
BMT103826375,,
