BMT126745672,,
BMT1048605B,,
BMT157627352,,
BMT2319959B,,
BMT157627353,,
BMT157627354,,
BMT157627353,,
BMT157627355,,
BMT164705615,,
BMT126747513,,
BMT164705615,,
BMT3140779B,,
BMT171120786,,
BMT1523450B,,
BMT126747513,,
BMT3145224B,,
BMT1523450B,,
BMT2319532B,,
BMT1523450B,,
BMT3145252B,,
BMT1523457B,,
BMT3145329B,,
BMT157618481,,
BMT3145343B,,
BMT126753099,,
BMT126753106,,
BMT126747548,,
BMT171120787,,
BMT126747548,,
BMT3145350B,,
BMT171120788,,
BMT1048416B,,
BMT171120788,,
BMT2293583B,,
BMT126747618,,
BMT126747625,,
BMT126748556,,
BMT126748563,,
BMT171120791,,
BMT171120792,,
BMT171120791,,
BMT171120793,,
BMT170061412,,
BMT2318601B,,
BMT170061413,,
BMT126747653,,
BMT126747653,,
BMT170061416,,
BMT126748542,,
BMT1523527B,,
BMT126747653,,
BMT170061417,,
BMT1523527B,,
BMT2318552B,,
BMT1523534B,,
BMT126748549,,
BMT170061421,,
BMT2091395,,
BMT170061421,,
BMT2317572B,,
BMT1523548B,,
BMT170061422,,
BMT170061422,,
BMT170061423,,
BMT170061422,,
BMT126747730,,
BMT162152156,,
BMT162152157,,
BMT162152156,,
BMT126747772,,
BMT126748514,,
BMT126748521,,
BMT126747772,,
BMT1523583B,,
BMT126748521,,
BMT126748528,,
BMT126748521,,
BMT2317866B,,
BMT1523583B,,
BMT2318020B,,
BMT162152158,,
BMT162152159,,
BMT162152158,,
BMT162152160,,
BMT162152160,,
BMT162152161,,
BMT162152160,,
BMT126747807,,
BMT162152160,,
BMT162152162,,
BMT126748486,,
BMT126748493,,
BMT126747807,,
BMT2318286B,,
BMT162152162,,
BMT162152163,,
BMT162152162,,
BMT162152164,,
BMT126748493,,
BMT126748500,,
BMT126748493,,
BMT1524024B,,
BMT162152210,,
BMT2318300B,,
BMT162152165,,
BMT2318328B,,
BMT162152166,,
BMT162152167,,
BMT162152166,,
BMT162152168,,
BMT162152168,,
BMT126747870,,
BMT162152168,,
BMT2318377B,,
BMT126748465,,
BMT126748472,,
BMT126747870,,
BMT126747884,,
BMT159220734,,
BMT159220735,,
BMT126747884,,
BMT2220461B,,
BMT159220735,,
BMT126748395,,
BMT159220735,,
BMT159220736,,
BMT162152170,,
BMT162152171,,
BMT162152170,,
BMT162152172,,
BMT162152172,,
BMT162152173,,
BMT162152172,,
BMT162152174,,
BMT162152174,,
BMT162152175,,
BMT162152174,,
BMT162152176,,
BMT162152176,,
BMT162152177,,
BMT162152176,,
BMT152859454,,
BMT152859474,,
BMT1523702B,,
BMT152859454,,
BMT2314072B,,
BMT1523702B,,
BMT2314205B,,
BMT1523709B,,
BMT126747961,,
BMT126747961,,
BMT162152178,,
BMT156450898,,
BMT156450899,,
BMT162152178,,
BMT162152179,,
BMT162152178,,
BMT162152180,,
BMT156450899,,
BMT156450900,,
BMT156450899,,
BMT156450901,,
BMT153895446,,
BMT1523744B,,
BMT153895457,,
BMT2022025B,,
BMT1523744B,,
BMT1523751B,,
BMT1523751B,,
BMT1523758B,,
BMT1523758B,,
BMT156450902,,
BMT156450902,,
BMT156450903,,
BMT156450902,,
BMT156450904,,
BMT156450904,,
BMT156450905,,
BMT156450904,,
BMT152973260,,
BMT152973268,,
BMT1523786B,,
BMT152973260,,
BMT156450906,,
BMT1523786B,,
BMT1523814B,,
BMT156450906,,
BMT156450907,,
BMT156450906,,
BMT156450908,,
BMT156450908,,
BMT156450909,,
BMT156450908,,
BMT1910963B,,
BMT156450908,,
BMT156450911,,
BMT1523814B,,
BMT1523821B,,
BMT1523821B,,
BMT152973269,,
BMT152973269,,
BMT152973270,,
BMT152973269,,
BMT152973271,,
BMT152973269,,
BMT126748311,,
BMT162152180,,
BMT162152181,,
BMT162152180,,
BMT1523842B,,
BMT162152180,,
BMT2406626B,,
BMT1523842B,,
BMT126747996,,
BMT1523849B,,
BMT1523856B,,
BMT1523856B,,
BMT162152182,,
BMT126747996,,
BMT162152183,,
BMT162359982,,
BMT1523877B,,
BMT1524808B,,
BMT169718433,,
BMT169718433,,
BMT169718434,,
BMT127219838,,
BMT127219845,,
BMT127219859,,
BMT127219866,,
BMT163805434,,
BMT163805437,,
BMT163805434,,
BMT163805438,,
BMT163805442,,
BMT163805444,,
BMT163805442,,
BMT1910977B,,
BMT163805442,,
BMT2199699B,,
BMT171713753,,
BMT171713754,,
BMT171713719,,
BMT171713829,,
BMT171713754,,
BMT171713755,,
BMT171713754,,
BMT2233796B,,
BMT173266273,,
BMT173266278,,
BMT173266273,,
BMT2216744B,,
BMT171496933,,
BMT171496934,,
BMT171496304,,
BMT173266281,,
BMT173266281,,
BMT173266282,,
BMT173266281,,
BMT173266283,,
BMT173266283,,
BMT173266284,,
BMT173266283,,
BMT1524892B,,
BMT1524892B,,
BMT2216814B,,
BMT173266285,,
BMT173266286,,
BMT173266285,,
BMT2216821B,,
BMT173266288,,
BMT2216835B,,
BMT173266302,,
BMT1524927B,,
BMT1524927B,,
BMT2217115B,,
BMT169408021,,
BMT2217122B,,
BMT126751748,,
BMT2219880B,,
BMT126751762,,
BMT126751769,,
BMT126751993,,
BMT126752000,,
BMT169408024,,
BMT169408025,,
BMT169408024,,
BMT1885511B,,
BMT169408026,,
BMT169408027,,
BMT169408026,,
BMT1524962B,,
BMT1524962B,,
BMT169408028,,
BMT169408028,,
BMT169408029,,
BMT169408029,,
BMT169408036,,
BMT126752147,,
BMT1524990B,,
BMT169272776,,
BMT169272777,,
BMT1524990B,,
BMT2219439B,,
BMT169272777,,
BMT169272778,,
BMT169272777,,
BMT126752217,,
BMT169272777,,
BMT2219124B,,
BMT126752392,,
BMT126752399,,
BMT126752217,,
BMT169272780,,
BMT126752399,,
BMT126752406,,
BMT126752399,,
BMT126752413,,
BMT126752399,,
BMT2219138B,,
BMT162500383,,
BMT162500384,,
BMT126752231,,
BMT126752252,,
BMT126752231,,
BMT2219145B,,
BMT126752301,,
BMT126752308,,
BMT126752301,,
BMT126752315,,
BMT169272784,,
BMT169272785,,
BMT169272784,,
BMT169272786,,
BMT162152183,,
BMT162152184,,
BMT162152183,,
BMT162152185,,
BMT1523877B,,
BMT1523884B,,
BMT1523884B,,
BMT162359983,,
BMT162359983,,
BMT1523898B,,
BMT1523898B,,
BMT1523905B,,
BMT1523905B,,
BMT162359984,,
BMT162359984,,
BMT162359986,,
BMT162359984,,
BMT162359987,,
BMT162359987,,
BMT162359988,,
BMT162359987,,
BMT1523933B,,
BMT162359988,,
BMT162359993,,
BMT162359988,,
BMT2406339B,,
BMT1523933B,,
BMT1523940B,,
BMT1523940B,,
BMT162359989,,
BMT162359989,,
BMT162359990,,
BMT162359989,,
BMT1523954B,,
BMT1523954B,,
BMT162359991,,
BMT162359991,,
BMT162359992,,
BMT162152185,,
BMT162152186,,
BMT162152185,,
BMT162152187,,
BMT162152186,,
BMT162152195,,
BMT162152186,,
BMT162152196,,
BMT162152187,,
BMT162152188,,
BMT162152187,,
BMT162152189,,
BMT162152189,,
BMT162152190,,
BMT162152189,,
BMT2314373B,,
BMT162152191,,
BMT162152192,,
BMT162152191,,
BMT2314394B,,
BMT1524003B,,
BMT2314422B,,
BMT1524010B,,
BMT152859475,,
BMT159220737,,
BMT159220738,,
BMT159220737,,
BMT159220739,,
BMT1524024B,,
BMT1524031B,,
BMT1524031B,,
BMT2318279B,,
BMT1524038B,,
BMT126748535,,
BMT171903557,,
BMT171903559,,
BMT171903557,,
BMT126748591,,
BMT126748591,,
BMT171903560,,
BMT161718260,,
BMT160867226,,
BMT171903560,,
BMT171903561,,
BMT171903560,,
BMT126748612,,
BMT171903560,,
BMT3195932B,,
BMT169125346,,
BMT169125347,,
BMT169125347,,
BMT169125348,,
BMT169125347,,
BMT169125349,,
BMT169125347,,
BMT169125350,,
BMT169125349,,
BMT169125352,,
BMT169125349,,
BMT169125353,,
BMT169125361,,
BMT169125363,,
BMT169125361,,
BMT169125364,,
BMT169125364,,
BMT169125365,,
BMT138789956,,
BMT2215673B,,
BMT138789956,,
BMT126752686,,
BMT169125370,,
BMT169125372,,
BMT169125370,,
BMT169125373,,
BMT126752336,,
BMT126752343,,
BMT126752336,,
BMT126752350,,
BMT169408042,,
BMT169408043,,
BMT169408042,,
BMT1525053B,,
BMT1525053B,,
BMT169408044,,
BMT169408044,,
BMT169408045,,
BMT169408044,,
BMT2219873B,,
BMT126751769,,
BMT2219887B,,
BMT152918007,,
BMT2220139B,,
BMT152918008,,
BMT152918009,,
BMT152918008,,
BMT1525081B,,
BMT1525081B,,
BMT2220146B,,
BMT152918010,,
BMT152918011,,
BMT152918010,,
BMT2220153B,,
BMT1525095B,,
BMT126751818,,
BMT126751818,,
BMT152918012,,
BMT140945235,,
BMT2220160B,,
BMT1525109B,,
BMT140945242,,
BMT152918012,,
BMT152918013,,
BMT152918012,,
BMT152918014,,
BMT152918014,,
BMT152918015,,
BMT152918018,,
BMT126751853,,
BMT168923504,,
BMT168923505,,
BMT126751853,,
BMT2220174B,,
BMT138327368,,
BMT152918019,,
BMT168923506,,
BMT168923507,,
BMT152918019,,
BMT152918020,,
BMT152918019,,
BMT152918021,,
BMT140945249,,
BMT140945263,,
BMT171713829,,
BMT171713830,,
BMT171713829,,
BMT1525172B,,
BMT171713829,,
BMT2216688B,,
BMT171713829,,
BMT3148745B,,
BMT1525172B,,
BMT171713831,,
BMT150134538,,
BMT150134546,,
BMT150134538,,
BMT150134536,,
BMT150134538,,
BMT2209499B,,
BMT150134536,,
BMT150134539,,
BMT150134536,,
BMT2199958B,,
BMT1525193B,,
BMT2199951B,,
BMT150134540,,
BMT150134541,,
BMT150134540,,
BMT1525207B,,
BMT150134540,,
BMT2199965B,,
BMT1525207B,,
BMT150134542,,
BMT150134542,,
BMT150134544,,
BMT150134542,,
BMT138012382,,
BMT168200129,,
BMT126751321,,
BMT168200129,,
BMT168200128,,
BMT168200129,,
BMT2200756B,,
BMT172926693,,
BMT172926694,,
BMT172926693,,
BMT172926695,,
BMT172926695,,
BMT126750705,,
BMT172926695,,
BMT2200210B,,
BMT126751251,,
BMT126751258,,
BMT126750705,,
BMT172926697,,
BMT126751258,,
BMT126751265,,
BMT126751258,,
BMT126751272,,
BMT172926697,,
BMT172926699,,
BMT172926697,,
BMT172926700,,
BMT172926702,,
BMT172926704,,
BMT172926702,,
BMT172926705,,
BMT172926702,,
BMT172926706,,
BMT172926705,,
BMT172926708,,
BMT172926705,,
BMT2200483B,,
BMT172926709,,
BMT172926710,,
BMT172926709,,
BMT126750803,,
BMT126751230,,
BMT126751237,,
BMT126750803,,
BMT2200490B,,
BMT126750803,,
BMT2200504B,,
BMT126750817,,
BMT172926712,,
BMT152970798,,
BMT1525305B,,
BMT172926712,,
BMT172926713,,
BMT172926712,,
BMT172926714,,
BMT1525305B,,
BMT152970799,,
BMT152970799,,
BMT152970800,,
BMT152970799,,
BMT2200532B,,
BMT152970801,,
BMT152970802,,
BMT152970801,,
BMT152970803,,
BMT152970803,,
BMT152970804,,
BMT152970803,,
BMT147410827,,
BMT152970803,,
BMT2200539B,,
BMT147410827,,
BMT152970806,,
BMT147432891,,
BMT147432898,,
BMT160849908,,
BMT160849909,,
BMT160849908,,
BMT2200560B,,
BMT160849910,,
BMT160849911,,
BMT160849910,,
BMT160849912,,
BMT160849912,,
BMT160849914,,
BMT160849912,,
BMT160849915,,
BMT160849915,,
BMT160849916,,
BMT160849915,,
BMT160849917,,
BMT160849917,,
BMT160849918,,
BMT160849917,,
BMT160849919,,
BMT160849917,,
BMT1525375B,,
BMT160849917,,
BMT160849921,,
BMT1525375B,,
BMT160849920,,
BMT160849921,,
BMT160849922,,
BMT160849921,,
BMT160849923,,
BMT160849923,,
BMT160849924,,
BMT160849923,,
BMT2200574B,,
BMT160849925,,
BMT160849926,,
BMT160849925,,
BMT160849927,,
BMT160849920,,
BMT160849930,,
BMT160849920,,
BMT1525410B,,
BMT1525410B,,
BMT1525417B,,
BMT1525417B,,
BMT160849931,,
BMT172926714,,
BMT172926715,,
BMT172926714,,
BMT172926716,,
BMT172926714,,
BMT126750859,,
BMT126750859,,
BMT172926717,,
BMT173119442,,
BMT173119443,,
BMT173119443,,
BMT173119444,,
BMT173266272,,
BMT171714481,,
BMT171714481,,
BMT173266273,,
BMT171714504,,
BMT171714505,,
BMT171714481,,
BMT8846524B,,
BMT8846524B,,
BMT8846523B,,
BMT8846523B,,
BMT173266274,,
BMT147410827,,
BMT152970807,,
BMT160849907,,
BMT160849908,,
BMT169742040,,
BMT169742044,,
BMT169742044,,
BMT155236335,,
BMT164382308,,
BMT8914972B,,
BMT8914972B,,
BMT8914971B,,
BMT8914971B,,
BMT8914970B,,
BMT8914970B,,
BMT164382309,,
BMT164382309,,
BMT8914968B,,
BMT8914968B,,
BMT8914967B,,
BMT8914967B,,
BMT164382310,,
BMT164382310,,
BMT8914963B,,
BMT8914963B,,
BMT8914961B,,
BMT8914961B,,
BMT8914960B,,
BMT8914960B,,
BMT8914959B,,
BMT8914959B,,
BMT8914954B,,
BMT8914954B,,
BMT8914952B,,
BMT8914952B,,
BMT8914944B,,
BMT8914944B,,
BMT8914943B,,
BMT8914943B,,
BMT155238920,,
BMT155238920,,
BMT8914881B,,
BMT8914881B,,
BMT155238873,,
BMT155238873,,
BMT8914873B,,
BMT8914873B,,
BMT164382311,,
BMT164382311,,
BMT8914867B,,
BMT8914867B,,
BMT155236511,,
BMT160817209,,
BMT8914888B,,
BMT8914888B,,
BMT160817210,,
BMT160817210,,
BMT8914896B,,
BMT8914896B,,
BMT8914898B,,
BMT8914898B,,
BMT8914903B,,
BMT8914903B,,
BMT8914906B,,
BMT8914906B,,
BMT8914919B,,
BMT8914919B,,
BMT8914921B,,
BMT8914921B,,
BMT8914925B,,
BMT8914925B,,
BMT160817211,,
BMT160817211,,
BMT160817212,,
BMT160817211,,
BMT8914980B,,
BMT8914980B,,
BMT160817213,,
BMT160817213,,
BMT8914982B,,
BMT8914982B,,
BMT8914985B,,
BMT8914985B,,
BMT8914986B,,
BMT8914986B,,
BMT8914987B,,
BMT8914987B,,
BMT160817214,,
BMT169148551,,
BMT169148552,,
BMT160867226,,
BMT161718262,,
BMT161718262,,
BMT161718264,,
BMT157063054,,
BMT971878B,,
BMT971878B,,
BMT157063057,,
BMT169125373,,
BMT169125374,,
BMT169125373,,
BMT169125375,,
BMT126748612,,
BMT171903563,,
BMT168749915,,
BMT168749916,,
BMT126748612,,
BMT171903564,,
BMT168749918,,
BMT168749920,,
BMT171903563,,
BMT171903565,,
BMT171903563,,
BMT171903566,,
BMT171903563,,
BMT2215680B,,
BMT171903566,,
BMT171903568,,
BMT171903566,,
BMT126748668,,
BMT171713826,,
BMT171713827,,
BMT126748668,,
BMT171903569,,
BMT171713827,,
BMT171713828,,
BMT171713827,,
BMT171713719,,
BMT171903569,,
BMT171903570,,
BMT171903569,,
BMT2215694B,,
BMT171903570,,
BMT171903573,,
BMT171903570,,
BMT171903574,,
BMT171903570,,
BMT127338929,,
BMT163805430,,
BMT163805431,,
BMT163805431,,
BMT163805432,,
BMT169742034,,
BMT169742036,,
BMT169742034,,
BMT2199643B,,
BMT1524220B,,
BMT2431147B,,
BMT169742040,,
BMT169742042,,
BMT1524234B,,
BMT127226719,,
BMT960895B,,
BMT166817914,,
BMT166817914,,
BMT959075B,,
BMT126752217,,
BMT169272781,,
BMT162359995,,
BMT162359996,,
BMT162359996,,
BMT162359997,,
BMT162359996,,
BMT9108730B,,
BMT9108730B,,
BMT9108733B,,
BMT9108733B,,
BMT9108734B,,
BMT9108734B,,
BMT9108736B,,
BMT9108736B,,
BMT162359998,,
BMT1047940B,,
BMT9170538B,,
BMT9170538B,,
BMT969624B,,
BMT173266300,,
BMT9365275B,,
BMT173266288,,
BMT173266291,,
BMT173266291,,
BMT9365278B,,
BMT9365278B,,
BMT173266292,,
BMT173266292,,
BMT1060897B,,
BMT173266292,,
BMT173266294,,
BMT173266293,,
BMT173266295,,
BMT173266295,,
BMT173266299,,
BMT173266293,,
BMT9365298B,,
BMT9365299B,,
BMT9365300B,,
BMT9365300B,,
BMT9365301B,,
BMT9365301B,,
BMT9365303B,,
BMT9365301B,,
BMT9365304B,,
BMT9365303B,,
BMT9365305B,,
BMT9365305B,,
BMT9365306B,,
BMT9365306B,,
BMT9365308B,,
BMT156992946,,
BMT156992947,,
BMT171903554,,
BMT171903557,,
BMT171903554,,
BMT171903558,,
BMT171903569,,
BMT171903572,,
BMT150134534,,
BMT150134535,,
BMT150134535,,
BMT150134536,,
BMT150134535,,
BMT8765728B,,
BMT8765728B,,
BMT150134537,,
BMT2436684B,,
BMT147180562,,
BMT2022046B,,
BMT153895458,,
BMT153895458,,
BMT153895459,,
BMT8091061B,,
BMT162500387,,
BMT162500387,,
BMT162500388,,
BMT162500387,,
BMT9047069B,,
BMT9047069B,,
BMT9047072B,,
BMT9047072B,,
BMT9047077B,,
BMT9047077B,,
BMT9047086B,,
BMT9047086B,,
BMT9047091B,,
BMT9047091B,,
BMT9047094B,,
BMT9047094B,,
BMT9047099B,,
BMT9047099B,,
BMT9047104B,,
BMT9047104B,,
BMT9047107B,,
BMT9047107B,,
BMT9047108B,,
BMT9047108B,,
BMT162500389,,
BMT164344875,,
BMT164344876,,
BMT8949574B,,
BMT171714508,,
BMT171714508,,
BMT171714509,,
BMT171714508,,
BMT9119523B,,
BMT9119523B,,
BMT9119511B,,
BMT9119511B,,
BMT9119526B,,
BMT9119526B,,
BMT9119527B,,
BMT9119527B,,
BMT9119539B,,
BMT9119539B,,
BMT9119540B,,
BMT9119540B,,
BMT9119542B,,
BMT9119542B,,
BMT9119543B,,
BMT9119543B,,
BMT171714510,,
BMT169408029,,
BMT169408038,,
BMT169408038,,
BMT169408039,,
BMT169408038,,
BMT169408040,,
BMT166740855,,
BMT166740857,,
BMT166740857,,
BMT9218982B,,
BMT9218982B,,
BMT9218983B,,
BMT9218983B,,
BMT9218984B,,
BMT9218984B,,
BMT166740858,,
BMT169408030,,
BMT169408033,,
BMT169408033,,
BMT169408034,,
BMT169408033,,
BMT9282563B,,
BMT9282563B,,
BMT169408035,,
BMT169742037,,
BMT169742039,,
BMT169742039,,
BMT2431140B,,
BMT169742039,,
BMT169742041,,
BMT969113B,,
BMT170784972,,
BMT170784972,,
BMT170784973,,
BMT9365298B,,
BMT173266296,,
BMT173266296,,
BMT9365299B,,
BMT159095379,,
BMT173119447,,
BMT159095650,,
BMT2200525B,,
BMT126751272,,
BMT126751279,,
BMT126751272,,
BMT126751286,,
BMT126751286,,
BMT126751293,,
BMT126751286,,
BMT126751300,,
BMT126751321,,
BMT168200131,,
BMT126751321,,
BMT126751363,,
BMT126751559,,
BMT126751566,,
BMT1525480B,,
BMT126751573,,
BMT126751510,,
BMT126751517,,
BMT126751363,,
BMT168200132,,
BMT126751363,,
BMT2200770B,,
BMT126751363,,
BMT126751384,,
BMT126751517,,
BMT126751524,,
BMT126751517,,
BMT126751531,,
BMT126751517,,
BMT126751538,,
BMT168200132,,
BMT168200134,,
BMT168200132,,
BMT126751398,,
BMT168200132,,
BMT2200777B,,
BMT126751419,,
BMT126751426,,
BMT126751398,,
BMT168200136,,
BMT126751433,,
BMT126751440,,
BMT126751454,,
BMT2200833B,,
BMT126751454,,
BMT2200854B,,
BMT1525529B,,
BMT126751475,,
BMT126751573,,
BMT126751587,,
BMT126751573,,
BMT126751594,,
BMT168749920,,
BMT168749921,,
BMT168749920,,
BMT2319196B,,
BMT168749923,,
BMT168749924,,
BMT168749924,,
BMT168749925,,
BMT168749924,,
BMT2319231B,,
BMT160849910,,
BMT8746688B,,
BMT8746688B,,
BMT8746689B,,
BMT8746689B,,
BMT160849913,,
BMT126748745,,
BMT169742032,,
BMT169742032,,
BMT169742034,,
BMT169742032,,
BMT169742035,,
BMT2318300B,,
BMT162152211,,
BMT162152211,,
BMT162152212,,
BMT162152211,,
BMT162152213,,
BMT172040699,,
BMT172040701,,
BMT172040701,,
BMT172040702,,
BMT171713755,,
BMT1867899B,,
BMT171713755,,
BMT171713758,,
BMT1867899B,,
BMT1867906B,,
BMT1867906B,,
BMT171713757,,
BMT171713757,,
BMT1867920B,,
BMT171713757,,
BMT171713760,,
BMT1867920B,,
BMT171713759,,
BMT1948588B,,
BMT970324B,,
BMT1948595B,,
BMT1948588B,,
BMT1948602B,,
BMT1948595B,,
BMT1948637B,,
BMT173076838,,
BMT1948644B,,
BMT1948602B,,
BMT159220737,,
BMT159220740,,
BMT164650758,,
BMT164650759,,
BMT164650759,,
BMT2663120B,,
BMT2663120B,,
BMT164650760,,
BMT168749916,,
BMT168749917,,
BMT168749917,,
BMT168749918,,
BMT168749917,,
BMT168749919,,
BMT970919B,,
BMT169125767,,
BMT169125767,,
BMT169125768,,
BMT170784977,,
BMT170784976,,
BMT170784976,,
BMT126746673,,
BMT169148555,,
BMT169148556,,
BMT169148556,,
BMT169148557,,
BMT169148556,,
BMT9291824B,,
BMT9291824B,,
BMT9291827B,,
BMT9291827B,,
BMT169148558,,
BMT169148556,,
BMT9291847B,,
BMT9291847B,,
BMT9291848B,,
BMT9291848B,,
BMT169148559,,
BMT169148559,,
BMT9291878B,,
BMT9291878B,,
BMT169148560,,
BMT169148560,,
BMT169147428,,
BMT169148560,,
BMT169148561,,
BMT169718431,,
BMT169718432,,
BMT147180562,,
BMT9350300B,,
BMT9350300B,,
BMT9350302B,,
BMT9350302B,,
BMT9350304B,,
BMT9350304B,,
BMT173271499,,
BMT173192121,,
BMT173192122,,
BMT173271499,,
BMT9350306B,,
BMT9350306B,,
BMT173271500,,
BMT173271500,,
BMT173271501,,
BMT169742031,,
BMT126748745,,
BMT169742042,,
BMT169742047,,
BMT169125365,,
BMT169125367,,
BMT2215673B,,
BMT169125370,,
BMT2215680B,,
BMT2304860B,,
BMT2215694B,,
BMT171903571,,
BMT2216688B,,
BMT171713832,,
BMT2216744B,,
BMT173266279,,
BMT173266279,,
BMT171496304,,
BMT2216814B,,
BMT173266285,,
BMT2216821B,,
BMT2216828B,,
BMT2216828B,,
BMT173266287,,
BMT2216835B,,
BMT173266290,,
BMT2217115B,,
BMT126751748,,
BMT2217122B,,
BMT169408022,,
BMT169408039,,
BMT126752147,,
BMT2219124B,,
BMT169272779,,
BMT169272780,,
BMT169272789,,
BMT2219138B,,
BMT126752420,,
BMT2219145B,,
BMT169272784,,
BMT169272786,,
BMT169272787,,
BMT2219439B,,
BMT2219446B,,
BMT2219446B,,
BMT2219460B,,
BMT2219460B,,
BMT2219866B,,
BMT162354189,,
BMT3135543B,,
BMT3135543B,,
BMT3135550B,,
BMT3135550B,,
BMT8734670B,,
BMT8734670B,,
BMT162354190,,
BMT162354190,,
BMT8734675B,,
BMT8734675B,,
BMT8734678B,,
BMT8734678B,,
BMT162354191,,
BMT162354191,,
BMT8734708B,,
BMT8734708B,,
BMT8734710B,,
BMT8734710B,,
BMT162354192,,
BMT156450912,,
BMT156450913,,
BMT156450913,,
BMT156450914,,
BMT156450913,,
BMT8948663B,,
BMT8948663B,,
BMT8948664B,,
BMT8948664B,,
BMT156450915,,
BMT171714505,,
BMT8949572B,,
BMT8949572B,,
BMT8949574B,,
BMT172040698,,
BMT172040699,,
BMT172040699,,
BMT172040700,,
BMT1890250B,,
BMT3212907B,,
BMT3212907B,,
BMT3212914B,,
BMT3212914B,,
BMT8987280B,,
BMT8987280B,,
BMT164705613,,
BMT164705613,,
BMT8987311B,,
BMT8987317B,,
BMT8987321B,,
BMT8987321B,,
BMT8987323B,,
BMT8987311B,,
BMT8987317B,,
BMT8987323B,,
BMT8987325B,,
BMT8987325B,,
BMT8987327B,,
BMT8987327B,,
BMT164705614,,
BMT164705614,,
BMT8987333B,,
BMT164705614,,
BMT164705616,,
BMT3140758B,,
BMT164705617,,
BMT8987333B,,
BMT164705615,,
BMT173266274,,
BMT173266275,,
BMT173266275,,
BMT173266276,,
BMT173266275,,
BMT9292935B,,
BMT9292935B,,
BMT9292938B,,
BMT9292938B,,
BMT9292940B,,
BMT9292940B,,
BMT173266277,,
BMT169272781,,
BMT9295921B,,
BMT9295921B,,
BMT169272783,,
BMT3067888B,,
BMT172926726,,
BMT172926726,,
BMT172926727,,
BMT171496934,,
BMT171496935,,
BMT171496935,,
BMT9358982B,,
BMT9358982B,,
BMT171496936,,
BMT171496935,,
BMT171496937,,
BMT173266287,,
BMT173266288,,
BMT173266287,,
BMT173266289,,
BMT148875593,,
BMT148875594,,
BMT163805438,,
BMT163805439,,
BMT127219845,,
BMT127219852,,
BMT127219845,,
BMT127219859,,
BMT2233796B,,
BMT171713756,,
BMT173266296,,
BMT173266298,,
BMT172849468,,
BMT3093977B,,
BMT3093977B,,
BMT3093984B,,
BMT3093984B,,
BMT172849469,,
BMT1889879B,,
BMT126747373,,
BMT164705612,,
BMT1890250B,,
BMT170784967,,
BMT170784968,,
BMT1890285B,,
BMT169125774,,
BMT1890292B,,
BMT969792B,,
BMT126747436,,
BMT965515B,,
BMT126747254,,
BMT126747247,,
BMT1890362B,,
BMT126747310,,
BMT173076843,,
BMT173076844,,
BMT173076843,,
BMT173076845,,
BMT173076850,,
BMT173076851,,
BMT173076850,,
BMT2079243B,,
BMT2079243B,,
BMT173076852,,
BMT173076852,,
BMT2637094B,,
BMT2199643B,,
BMT169742037,,
BMT2199678B,,
BMT2199685B,,
BMT2199685B,,
BMT163805441,,
BMT2199699B,,
BMT163805448,,
BMT2199706B,,
BMT2199713B,,
BMT2199713B,,
BMT1910984B,,
BMT2199720B,,
BMT2199727B,,
BMT2199727B,,
BMT2199734B,,
BMT2199734B,,
BMT2199741B,,
BMT2199741B,,
BMT2199748B,,
BMT2199748B,,
BMT2199755B,,
BMT2199755B,,
BMT163805446,,
BMT2199951B,,
BMT2209492B,,
BMT2199958B,,
BMT150134540,,
BMT2199965B,,
BMT150134543,,
BMT150134544,,
BMT150134545,,
BMT150134544,,
BMT147183670,,
BMT2200210B,,
BMT172926696,,
BMT172926706,,
BMT172926707,,
BMT2200483B,,
BMT172926709,,
BMT2200490B,,
BMT172926711,,
BMT2200504B,,
BMT126750817,,
BMT2200525B,,
BMT159095651,,
BMT2200532B,,
BMT152970801,,
BMT2200539B,,
BMT152970805,,
BMT2200560B,,
BMT160849910,,
BMT2200574B,,
BMT160849925,,
BMT168200128,,
BMT168200127,,
BMT2200756B,,
BMT168200130,,
BMT2200770B,,
BMT168200133,,
BMT2200777B,,
BMT2200784B,,
BMT2200784B,,
BMT2200791B,,
BMT2200791B,,
BMT168200135,,
BMT2200826B,,
BMT126751454,,
BMT2200833B,,
BMT2200840B,,
BMT2200840B,,
BMT126751468,,
BMT2200854B,,
BMT1525529B,,
BMT126751538,,
BMT126751545,,
BMT173076836,,
BMT1948637B,,
BMT173076836,,
BMT2238276B,,
BMT2238150B,,
BMT173076836,,
BMT173076835,,
BMT2238150B,,
BMT173076835,,
BMT2238178B,,
BMT173076834,,
BMT173076835,,
BMT171120793,,
BMT126747604,,
BMT2238178B,,
BMT2238185B,,
BMT2238185B,,
BMT173076837,,
BMT2238255B,,
BMT173076839,,
BMT2238262B,,
BMT2238255B,,
BMT2238269B,,
BMT2238262B,,
BMT2238276B,,
BMT2238269B,,
BMT2314072B,,
BMT1523709B,,
BMT2314205B,,
BMT1524010B,,
BMT2314373B,,
BMT2314380B,,
BMT2314380B,,
BMT162152191,,
BMT2314394B,,
BMT1524003B,,
BMT2314422B,,
BMT162152193,,
BMT2317572B,,
BMT1523548B,,
BMT2317866B,,
BMT1524038B,,
BMT2318020B,,
BMT162152158,,
BMT2318279B,,
BMT126748507,,
BMT2318286B,,
BMT162152165,,
BMT2318328B,,
BMT162152166,,
BMT2318377B,,
BMT162152169,,
BMT2318419B,,
BMT170061421,,
BMT170061417,,
BMT170061418,,
BMT170061417,,
BMT170061419,,
BMT170061419,,
BMT170061420,,
BMT170061419,,
BMT2318419B,,
BMT2318552B,,
BMT1523534B,,
BMT2318601B,,
BMT170061413,,
BMT2318657B,,
BMT169125351,,
BMT169125353,,
BMT169125354,,
BMT169125350,,
BMT2318657B,,
BMT2319196B,,
BMT168749922,,
BMT2319203B,,
BMT168749923,,
BMT2319231B,,
BMT168749926,,
BMT2319385B,,
BMT157618481,,
BMT2319413B,,
BMT2319385B,,
BMT2319413B,,
BMT3145336B,,
BMT2319504B,,
BMT1523457B,,
BMT2319504B,,
BMT3145322B,,
BMT2319525B,,
BMT2319504B,,
BMT2319525B,,
BMT3145315B,,
BMT2319532B,,
BMT2319525B,,
BMT2319532B,,
BMT3145308B,,
BMT2319805B,,
BMT164705615,,
BMT2319959B,,
BMT157627353,,
BMT157627351,,
BMT157627352,,
BMT2431140B,,
BMT1524220B,,
BMT2431147B,,
BMT2431154B,,
BMT2431154B,,
BMT2431161B,,
BMT2431161B,,
BMT2431168B,,
BMT2431168B,,
BMT2431189B,,
BMT171120793,,
BMT8968973B,,
BMT8968973B,,
BMT157065261,,
BMT157065327,,
BMT8968986B,,
BMT8968986B,,
BMT967720B,,
BMT967720B,,
BMT8968987B,,
BMT8968987B,,
BMT157065328,,
BMT157065330,,
BMT2295501B,,
BMT2295501B,,
BMT2295508B,,
BMT2295508B,,
BMT2295515B,,
BMT2295515B,,
BMT2295522B,,
BMT2295522B,,
BMT8968995B,,
BMT8968995B,,
BMT8968997B,,
BMT8968997B,,
BMT157065331,,
BMT157065331,,
BMT8968999B,,
BMT8968999B,,
BMT157065332,,
BMT159095651,,
BMT9030412B,,
BMT9030412B,,
BMT9030410B,,
BMT9030410B,,
BMT159095652,,
BMT169125365,,
BMT169125368,,
BMT169125368,,
BMT138789956,,
BMT169125368,,
BMT169125369,,
BMT1523499B,,
BMT171903553,,
BMT171903553,,
BMT171903554,,
BMT171903553,,
BMT171903555,,
BMT171903555,,
BMT171903556,,
BMT169272781,,
BMT169272782,,
BMT169272782,,
BMT126752231,,
BMT126748745,,
BMT9309748B,,
BMT9309748B,,
BMT9309750B,,
BMT9309750B,,
BMT169742033,,
BMT171903552,,
BMT1523499B,,
BMT3093907B,,
BMT3093914B,,
BMT3093914B,,
BMT3093921B,,
BMT3093921B,,
BMT3093928B,,
BMT3093928B,,
BMT3093935B,,
BMT3093935B,,
BMT3093942B,,
BMT3093942B,,
BMT3093949B,,
BMT3093949B,,
BMT3093956B,,
BMT3093956B,,
BMT172849468,,
BMT169408028,,
BMT169408031,,
BMT166817925,,
BMT958445B,,
BMT957059B,,
BMT2068407B,,
BMT957241B,,
BMT956961B,,
BMT957248B,,
BMT957241B,,
BMT166817917,,
BMT957248B,,
BMT166817917,,
BMT166817919,,
BMT957262B,,
BMT166817917,,
BMT957388B,,
BMT957395B,,
BMT957395B,,
BMT957402B,,
BMT957402B,,
BMT166817924,,
BMT957458B,,
BMT957262B,,
BMT957465B,,
BMT957458B,,
BMT166817916,,
BMT957465B,,
BMT957479B,,
BMT166817916,,
BMT126746862,,
BMT957479B,,
BMT173099347,,
BMT957493B,,
BMT1530380B,,
BMT962232B,,
BMT126746022,,
BMT156820989,,
BMT156820989,,
BMT156820990,,
BMT156820988,,
BMT156820989,,
BMT163805431,,
BMT163805433,,
BMT163805433,,
BMT163805434,,
BMT162152193,,
BMT2315745B,,
BMT2315745B,,
BMT2315759B,,
BMT2315759B,,
BMT162152194,,
BMT160867226,,
BMT161718263,,
BMT163805433,,
BMT163805435,,
BMT163805433,,
BMT163805436,,
BMT1100881B,,
BMT168464021,,
BMT168464021,,
BMT1100888B,,
BMT168464078,,
BMT2662567B,,
BMT2662567B,,
BMT2662546B,,
BMT2662546B,,
BMT2662525B,,
BMT2662525B,,
BMT2662504B,,
BMT2662504B,,
BMT2662497B,,
BMT2662497B,,
BMT2662469B,,
BMT2662469B,,
BMT9272309B,,
BMT9272309B,,
BMT168464079,,
BMT168991606,,
BMT168477249,,
BMT1885511B,,
BMT169408026,,
BMT1885518B,,
BMT169408024,,
BMT169408022,,
BMT169408023,,
BMT169408022,,
BMT1885518B,,
BMT126751566,,
BMT1525480B,,
BMT126751566,,
BMT126751580,,
BMT2068407B,,
BMT2068414B,,
BMT2068414B,,
BMT2068421B,,
BMT2068421B,,
BMT2068428B,,
BMT2068428B,,
BMT2068435B,,
BMT2068435B,,
BMT166817926,,
BMT157063053,,
BMT126746092,,
BMT2393263B,,
BMT160849928,,
BMT2436579B,,
BMT2436593B,,
BMT2436593B,,
BMT173271497,,
BMT2436663B,,
BMT173271498,,
BMT2436684B,,
BMT2436663B,,
BMT127226747,,
BMT126750292,,
BMT127225970,,
BMT127225977,,
BMT126752000,,
BMT126752007,,
BMT126752000,,
BMT3037914B,,
BMT126752014,,
BMT126752021,,
BMT126752014,,
BMT126752028,,
BMT3067881B,,
BMT3067888B,,
BMT173266302,,
BMT173266304,,
BMT135453700,,
BMT3269236B,,
BMT3269236B,,
BMT135453714,,
BMT162359983,,
BMT3269418B,,
BMT3269418B,,
BMT162359985,,
BMT169408029,,
BMT169408037,,
BMT1060897B,,
BMT173266293,,
BMT956758B,,
BMT956765B,,
BMT956758B,,
BMT1005842B,,
BMT173266279,,
BMT8704665B,,
BMT8704665B,,
BMT173266280,,
BMT169125364,,
BMT169125366,,
BMT169125356,,
BMT169125358,,
BMT169125358,,
BMT169125359,,
BMT166740854,,
BMT166740855,,
BMT166740855,,
BMT8991384B,,
BMT8991384B,,
BMT8991385B,,
BMT8991385B,,
BMT8991429B,,
BMT8991429B,,
BMT166740856,,
BMT170784974,,
BMT2297356B,,
BMT2297356B,,
BMT2297349B,,
BMT2297349B,,
BMT170784975,,
BMT168923508,,
BMT168923509,,
BMT168923509,,
BMT9285533B,,
BMT9285533B,,
BMT9285535B,,
BMT9285535B,,
BMT168923510,,
BMT168923509,,
BMT168923511,,
BMT959817B,,
BMT9398928B,,
BMT9398928B,,
BMT960510B,,
BMT173119443,,
BMT173119445,,
BMT173119445,,
BMT159095379,,
BMT173119445,,
BMT173119446,,
BMT162500384,,
BMT162500385,,
BMT162500384,,
BMT162500386,,
BMT126752315,,
BMT126752329,,
BMT126752315,,
BMT126752336,,
BMT1910963B,,
BMT1910970B,,
BMT1910970B,,
BMT156450910,,
BMT1910977B,,
BMT2199706B,,
BMT1910984B,,
BMT2199720B,,
BMT169742037,,
BMT169742038,,
BMT169148553,,
BMT169148554,,
BMT169148553,,
BMT169148555,,
BMT2037131B,,
BMT169272788,,
BMT126752294,,
BMT126752301,,
BMT2304860B,,
BMT171903567,,
BMT171903575,,
BMT171903576,,
BMT138775599,,
BMT971101B,,
BMT126751433,,
BMT126751447,,
BMT126751447,,
BMT2200826B,,
BMT126751447,,
BMT3272106B,,
BMT3272106B,,
BMT3272113B,,
BMT3272113B,,
BMT126751461,,
BMT169125353,,
BMT169125355,,
BMT169125360,,
BMT169125361,,
BMT169125360,,
BMT3272358B,,
BMT3272358B,,
BMT3272365B,,
BMT3272365B,,
BMT169125362,,
BMT961574B,,
BMT159224364,,
BMT961581B,,
BMT961574B,,
BMT961588B,,
BMT961581B,,
BMT961595B,,
BMT961588B,,
BMT961602B,,
BMT961595B,,
BMT159224360,,
BMT159224361,,
BMT159224360,,
BMT963247B,,
BMT9365308B,,
BMT9365311B,,
BMT9365308B,,
BMT9365312B,,
BMT9365312B,,
BMT9365313B,,
BMT9365313B,,
BMT9365315B,,
BMT9365315B,,
BMT9365317B,,
BMT9365317B,,
BMT9365332B,,
BMT9365332B,,
BMT9365333B,,
BMT9365333B,,
BMT9365334B,,
BMT9365334B,,
BMT9365335B,,
BMT9365335B,,
BMT173266297,,
BMT172926718,,
BMT172926720,,
BMT172926720,,
BMT172926721,,
BMT172926720,,
BMT172926722,,
BMT9365275B,,
BMT9395434B,,
BMT9395434B,,
BMT173266301,,
BMT173266301,,
BMT9395436B,,
BMT9395436B,,
BMT173266302,,
BMT173266301,,
BMT173266303,,
BMT2022025B,,
BMT2022046B,,
BMT153895459,,
BMT153895460,,
BMT2148970B,,
BMT962225B,,
BMT2209492B,,
BMT150134547,,
BMT2209499B,,
BMT1525193B,,
BMT162152196,,
BMT162152197,,
BMT126752686,,
BMT169125371,,
BMT160868325,,
BMT160868326,,
BMT160868326,,
BMT160868327,,
BMT160868326,,
BMT2982838B,,
BMT2982838B,,
BMT2982845B,,
BMT2982845B,,
BMT160868328,,
BMT172926721,,
BMT142913355,,
BMT172926721,,
BMT172926723,,
BMT142913355,,
BMT172926728,,
BMT142913635,,
BMT142913642,,
BMT172926723,,
BMT172926724,,
BMT172926723,,
BMT172926725,,
BMT172926723,,
BMT3067881B,,
BMT172926718,,
BMT172926719,,
BMT3195932B,,
BMT171903562,,
BMT170061453,,
BMT170061454,,
BMT148858761,,
BMT969554B,,
BMT969554B,,
BMT969561B,,
BMT969561B,,
BMT148858763,,
BMT969617B,,
BMT126745735,,
BMT969624B,,
BMT969617B,,
BMT969659B,,
BMT164344873,,
BMT164344873,,
BMT969673B,,
BMT969673B,,
BMT164344874,,
BMT156820990,,
BMT1109484B,,
BMT165045049,,
BMT165045050,,
BMT969715B,,
BMT165045049,,
BMT165045048,,
BMT969715B,,
BMT969729B,,
BMT165045048,,
BMT165045047,,
BMT969729B,,
BMT168991601,,
BMT168991602,,
BMT969750B,,
BMT169125771,,
BMT2219866B,,
BMT169408042,,
BMT2219873B,,
BMT169408046,,
BMT2219880B,,
BMT126751762,,
BMT2219887B,,
BMT173266305,,
BMT2220139B,,
BMT152918008,,
BMT2220146B,,
BMT152918010,,
BMT2220153B,,
BMT1525095B,,
BMT2220160B,,
BMT1525109B,,
BMT140945242,,
BMT140945249,,
BMT2220174B,,
BMT138327368,,
BMT2220181B,,
BMT168923506,,
BMT168923507,,
BMT168923512,,
BMT168923507,,
BMT2220195B,,
BMT2220195B,,
BMT168923513,,
BMT2220461B,,
BMT162152170,,
BMT126748395,,
BMT159220737,,
BMT147201534,,
BMT2967970B,,
BMT169125376,,
BMT143057128,,
BMT162195729,,
BMT162195730,,
BMT126748318,,
BMT2971666B,,
BMT2971666B,,
BMT2971673B,,
BMT2971673B,,
BMT2971680B,,
BMT2971680B,,
BMT126748325,,
BMT3037914B,,
BMT126752014,,
BMT3122117B,,
BMT135453735,,
BMT170061413,,
BMT170061414,,
BMT170061414,,
BMT170061415,,
BMT157071856,,
BMT965655B,,
BMT965669B,,
BMT157071856,,
BMT157071855,,
BMT965669B,,
BMT157071854,,
BMT157071855,,
BMT965697B,,
BMT126747338,,
BMT965704B,,
BMT965725B,,
BMT126747338,,
BMT965718B,,
BMT965718B,,
BMT965732B,,
BMT965725B,,
BMT126747345,,
BMT965732B,,
BMT1889879B,,
BMT157419789,,
BMT157419790,,
BMT157419792,,
BMT965998B,,
BMT965998B,,
BMT966005B,,
BMT966005B,,
BMT966019B,,
BMT966019B,,
BMT157419793,,
BMT966075B,,
BMT965221B,,
BMT966075B,,
BMT126747303,,
BMT966124B,,
BMT967034B,,
BMT135453735,,
BMT135453742,,
BMT966418B,,
BMT3122117B,,
BMT966439B,,
BMT126745847,,
BMT152971343,,
BMT966439B,,
BMT152971343,,
BMT966460B,,
BMT152971341,,
BMT964612B,,
BMT152971341,,
BMT152971343,,
BMT966460B,,
BMT966467B,,
BMT966467B,,
BMT152971344,,
BMT126747345,,
BMT966124B,,
BMT126747345,,
BMT126747359,,
BMT126746694,,
BMT126746701,,
BMT164650757,,
BMT956765B,,
BMT956779B,,
BMT164650757,,
BMT956786B,,
BMT956779B,,
BMT956793B,,
BMT956786B,,
BMT166817918,,
BMT956926B,,
BMT166817918,,
BMT166817920,,
BMT166817918,,
BMT956975B,,
BMT956940B,,
BMT957010B,,
BMT956947B,,
BMT166817922,,
BMT166817922,,
BMT956940B,,
BMT166817922,,
BMT957388B,,
BMT956961B,,
BMT166817918,,
BMT166817920,,
BMT956947B,,
BMT956975B,,
BMT956982B,,
BMT956982B,,
BMT956996B,,
BMT956996B,,
BMT957710B,,
BMT957010B,,
BMT957017B,,
BMT957017B,,
BMT957024B,,
BMT957024B,,
BMT957031B,,
BMT957031B,,
BMT166817923,,
BMT166817923,,
BMT957045B,,
BMT957045B,,
BMT166817925,,
BMT166817925,,
BMT957059B,,
BMT971780B,,
BMT970919B,,
BMT157063061,,
BMT971815B,,
BMT971794B,,
BMT971780B,,
BMT169125766,,
BMT971794B,,
BMT971815B,,
BMT972641B,,
BMT169125765,,
BMT169125766,,
BMT126746092,,
BMT157063054,,
BMT157063060,,
BMT157063061,,
BMT126746071,,
BMT126746078,,
BMT157063054,,
BMT157063055,,
BMT157063054,,
BMT157063056,,
BMT971948B,,
BMT971955B,,
BMT971955B,,
BMT149192904,,
BMT971969B,,
BMT971948B,,
BMT972011B,,
BMT971969B,,
BMT972018B,,
BMT972011B,,
BMT972025B,,
BMT972018B,,
BMT149192903,,
BMT972025B,,
BMT149192903,,
BMT972746B,,
BMT972053B,,
BMT972060B,,
BMT972060B,,
BMT126746309,,
BMT972095B,,
BMT972053B,,
BMT972102B,,
BMT972109B,,
BMT972109B,,
BMT169212068,,
BMT972207B,,
BMT126746323,,
BMT972214B,,
BMT972207B,,
BMT972221B,,
BMT972214B,,
BMT972228B,,
BMT972221B,,
BMT126746183,,
BMT972634B,,
BMT156992941,,
BMT972690B,,
BMT972249B,,
BMT972403B,,
BMT972256B,,
BMT972249B,,
BMT972263B,,
BMT972256B,,
BMT972270B,,
BMT972263B,,
BMT972277B,,
BMT972270B,,
BMT1948651B,,
BMT1948644B,,
BMT173076838,,
BMT1948651B,,
BMT2293583B,,
BMT2293590B,,
BMT2293590B,,
BMT2293597B,,
BMT2293597B,,
BMT171120790,,
BMT171120790,,
BMT171120791,,
BMT2637094B,,
BMT2637101B,,
BMT2637101B,,
BMT173076853,,
BMT173076849,,
BMT173076850,,
BMT126747450,,
BMT126747457,,
BMT3140758B,,
BMT3140772B,,
BMT3140772B,,
BMT2319805B,,
BMT963499B,,
BMT963520B,,
BMT963520B,,
BMT963576B,,
BMT157501509,,
BMT963499B,,
BMT963541B,,
BMT157501509,,
BMT963562B,,
BMT126747380,,
BMT157501508,,
BMT963541B,,
BMT963576B,,
BMT157501510,,
BMT157501510,,
BMT963590B,,
BMT963590B,,
BMT157501511,,
BMT963597B,,
BMT964619B,,
BMT159224356,,
BMT159224357,,
BMT963702B,,
BMT1030916B,,
BMT963709B,,
BMT963702B,,
BMT159224358,,
BMT963709B,,
BMT159224357,,
BMT134255860,,
BMT159224357,,
BMT159224358,,
BMT964122B,,
BMT157071858,,
BMT964136B,,
BMT964122B,,
BMT157071857,,
BMT964136B,,
BMT964164B,,
BMT157071857,,
BMT964171B,,
BMT964164B,,
BMT964311B,,
BMT963562B,,
BMT964318B,,
BMT964311B,,
BMT126747331,,
BMT964318B,,
BMT964339B,,
BMT126747331,,
BMT964353B,,
BMT964339B,,
BMT126747324,,
BMT964353B,,
BMT126747324,,
BMT965697B,,
BMT126747324,,
BMT965704B,,
BMT964409B,,
BMT157419806,,
BMT157419791,,
BMT126745882,,
BMT157419790,,
BMT157419791,,
BMT157419790,,
BMT157419792,,
BMT126745882,,
BMT964409B,,
BMT126745959,,
BMT126745966,,
BMT964507B,,
BMT172200461,,
BMT172200460,,
BMT172200459,,
BMT172200459,,
BMT964528B,,
BMT964528B,,
BMT126746708,,
BMT964535B,,
BMT965508B,,
BMT126747226,,
BMT964535B,,
BMT126746708,,
BMT172200458,,
BMT172200458,,
BMT168003088,,
BMT964598B,,
BMT152971342,,
BMT964605B,,
BMT964598B,,
BMT126751538,,
BMT126751552,,
BMT2406339B,,
BMT162359994,,
BMT2406626B,,
BMT1523849B,,
BMT169408028,,
BMT169408030,,
BMT967804B,,
BMT169212069,,
BMT967818B,,
BMT967804B,,
BMT967825B,,
BMT967818B,,
BMT126745735,,
BMT967825B,,
BMT126753386,,
BMT126753393,,
BMT967839B,,
BMT152971333,,
BMT152971333,,
BMT152971334,,
BMT152971333,,
BMT126745777,,
BMT967853B,,
BMT126745749,,
BMT152971332,,
BMT967839B,,
BMT967867B,,
BMT169212070,,
BMT152971337,,
BMT967916B,,
BMT967881B,,
BMT967909B,,
BMT967888B,,
BMT152971335,,
BMT152971334,,
BMT967888B,,
BMT152971334,,
BMT1096590B,,
BMT152971335,,
BMT967881B,,
BMT967909B,,
BMT152971337,,
BMT967916B,,
BMT152971338,,
BMT968063B,,
BMT968077B,,
BMT968070B,,
BMT968063B,,
BMT968077B,,
BMT157065329,,
BMT135453700,,
BMT135453707,,
BMT148858759,,
BMT968399B,,
BMT968399B,,
BMT969533B,,
BMT968462B,,
BMT135453700,,
BMT135453693,,
BMT968462B,,
BMT968476B,,
BMT135453693,,
BMT968518B,,
BMT126752959,,
BMT968525B,,
BMT968518B,,
BMT968532B,,
BMT968525B,,
BMT126752952,,
BMT968532B,,
BMT968546B,,
BMT126752952,,
BMT968553B,,
BMT968567B,,
BMT968560B,,
BMT968546B,,
BMT968567B,,
BMT968581B,,
BMT126752945,,
BMT968560B,,
BMT968581B,,
BMT968595B,,
BMT126752938,,
BMT126752945,,
BMT968595B,,
BMT968609B,,
BMT968609B,,
BMT126752924,,
BMT173192120,,
BMT968651B,,
BMT968651B,,
BMT173192121,,
BMT968651B,,
BMT968658B,,
BMT968651B,,
BMT968665B,,
BMT169125774,,
BMT169125775,,
BMT169125774,,
BMT968777B,,
BMT968777B,,
BMT169125776,,
BMT968812B,,
BMT1890285B,,
BMT969092B,,
BMT969099B,,
BMT969099B,,
BMT969106B,,
BMT969106B,,
BMT969113B,,
BMT170784973,,
BMT969127B,,
BMT126746435,,
BMT969750B,,
BMT126753148,,
BMT970261B,,
BMT169125770,,
BMT126746435,,
BMT169125770,,
BMT969778B,,
BMT969785B,,
BMT969778B,,
BMT969792B,,
BMT969785B,,
BMT970044B,,
BMT970058B,,
BMT970051B,,
BMT970044B,,
BMT970058B,,
BMT968553B,,
BMT970065B,,
BMT970051B,,
BMT970072B,,
BMT970065B,,
BMT970079B,,
BMT970072B,,
BMT126752910,,
BMT970079B,,
BMT126752910,,
BMT970093B,,
BMT970093B,,
BMT126752931,,
BMT970100B,,
BMT126752910,,
BMT970128B,,
BMT970100B,,
BMT970226B,,
BMT970688B,,
BMT970261B,,
BMT970268B,,
BMT970268B,,
BMT126753155,,
BMT126753155,,
BMT970282B,,
BMT970282B,,
BMT970289B,,
BMT970289B,,
BMT970296B,,
BMT970296B,,
BMT970303B,,
BMT970303B,,
BMT970310B,,
BMT970310B,,
BMT971311B,,
BMT970324B,,
BMT173076840,,
BMT173076840,,
BMT970352B,,
BMT173076841,,
BMT970352B,,
BMT173076841,,
BMT173076842,,
BMT173076841,,
BMT173076843,,
BMT970653B,,
BMT168991606,,
BMT970688B,,
BMT126746050,,
BMT126752889,,
BMT126752896,,
BMT126752889,,
BMT970737B,,
BMT970737B,,
BMT971017B,,
BMT970744B,,
BMT126752889,,
BMT126752882,,
BMT970744B,,
BMT970758B,,
BMT126752868,,
BMT173076848,,
BMT970758B,,
BMT173076848,,
BMT126752875,,
BMT149192899,,
BMT972697B,,
BMT970793B,,
BMT169125773,,
BMT126746421,,
BMT1890292B,,
BMT169125769,,
BMT126746421,,
BMT169125768,,
BMT126746407,,
BMT169125768,,
BMT169125769,,
BMT173076846,,
BMT970933B,,
BMT970933B,,
BMT173076847,,
BMT173076847,,
BMT970954B,,
BMT970954B,,
BMT970961B,,
BMT970961B,,
BMT970968B,,
BMT970968B,,
BMT173076848,,
BMT970975B,,
BMT126752917,,
BMT126752903,,
BMT970128B,,
BMT126752903,,
BMT970975B,,
BMT970996B,,
BMT126752903,,
BMT972284B,,
BMT972277B,,
BMT972291B,,
BMT972319B,,
BMT169444487,,
BMT972396B,,
BMT972319B,,
BMT972284B,,
BMT972333C,,
BMT146570421,,
BMT972396B,,
BMT972291B,,
BMT972403B,,
BMT1100965B,,
BMT972410B,,
BMT972228B,,
BMT126746316,,
BMT972410B,,
BMT126746302,,
BMT972095B,,
BMT126746302,,
BMT126746316,,
BMT157063056,,
BMT126746127,,
BMT126746148,,
BMT126746155,,
BMT126746127,,
BMT157063058,,
BMT126746155,,
BMT126746162,,
BMT972529B,,
BMT149192901,,
BMT972536B,,
BMT972529B,,
BMT972543B,,
BMT972550B,,
BMT972550B,,
BMT972536B,,
BMT972571B,,
BMT126746246,,
BMT138775613,,
BMT972571B,,
BMT138775613,,
BMT138775599,,
BMT972585B,,
BMT972599B,,
BMT157627350,,
BMT157627351,,
BMT972599B,,
BMT972606B,,
BMT972606B,,
BMT972753B,,
BMT157063063,,
BMT126746183,,
BMT157063062,,
BMT157063063,,
BMT972634B,,
BMT972627B,,
BMT972641B,,
BMT157063062,,
BMT126746190,,
BMT972627B,,
BMT138775585,,
BMT972788B,,
BMT972690B,,
BMT1093769B,,
BMT972697B,,
BMT972704B,,
BMT972704B,,
BMT972711B,,
BMT972711B,,
BMT972718B,,
BMT972718B,,
BMT149192900,,
BMT149192902,,
BMT972732B,,
BMT972732B,,
BMT149192903,,
BMT149192900,,
BMT972543B,,
BMT149192900,,
BMT149192902,,
BMT972746B,,
BMT149192905,,
BMT972760B,,
BMT972753B,,
BMT126746295,,
BMT126746302,,
BMT126746211,,
BMT972760B,,
BMT126746211,,
BMT138775606,,
BMT972774B,,
BMT138775592,,
BMT972781B,,
BMT972774B,,
BMT972788B,,
BMT972781B,,
BMT138775592,,
BMT126746211,,
BMT149192905,,
BMT972851B,,
BMT972851B,,
BMT126753015,,
BMT126753015,,
BMT149192906,,
BMT172849467,,
BMT3093907B,,
BMT972865B,,
BMT972879B,,
BMT972872B,,
BMT972865B,,
BMT972879B,,
BMT972907B,,
BMT2431175B,,
BMT169742040,,
BMT2431182B,,
BMT2431175B,,
BMT2431189B,,
BMT2431182B,,
BMT3145329B,,
BMT2319413B,,
BMT3145343B,,
BMT126747548,,
BMT171120796,,
BMT126747618,,
BMT171120795,,
BMT171120796,,
BMT171120794,,
BMT171120795,,
BMT3148745B,,
BMT150134102,,
BMT3201476B,,
BMT2393263B,,
BMT126750705,,
BMT172926698,,
BMT173099348,,
BMT4298994B,,
BMT4298994B,,
BMT957507B,,
BMT959271B,,
BMT173099350,,
BMT173099350,,
BMT959285B,,
BMT959285B,,
BMT959292B,,
BMT959292B,,
BMT173099351,,
BMT959369B,,
BMT172200467,,
BMT959383B,,
BMT959369B,,
BMT959390B,,
BMT959383B,,
BMT173099351,,
BMT173099352,,
BMT173099351,,
BMT126747016,,
BMT173099351,,
BMT959817B,,
BMT126747058,,
BMT959824B,,
BMT959824B,,
BMT960349B,,
BMT960328B,,
BMT960384B,,
BMT960335B,,
BMT960328B,,
BMT126747065,,
BMT960335B,,
BMT960349B,,
BMT126747065,,
BMT960370B,,
BMT126747072,,
BMT960384B,,
BMT960370B,,
BMT960510B,,
BMT173099353,,
BMT960566B,,
BMT159224365,,
BMT960573B,,
BMT960566B,,
BMT960580B,,
BMT960573B,,
BMT960587B,,
BMT960580B,,
BMT960594B,,
BMT960587B,,
BMT960636B,,
BMT134255916,,
BMT960643B,,
BMT960636B,,
BMT960650B,,
BMT960643B,,
BMT960790B,,
BMT960797B,,
BMT960797B,,
BMT960804B,,
BMT960804B,,
BMT960811B,,
BMT960811B,,
BMT960818B,,
BMT960818B,,
BMT126747044,,
BMT126747044,,
BMT960839B,,
BMT960839B,,
BMT960853B,,
BMT960853B,,
BMT960874B,,
BMT960874B,,
BMT960881B,,
BMT960881B,,
BMT960888B,,
BMT960888B,,
BMT962169B,,
BMT166817913,,
BMT960895B,,
BMT1093720B,,
BMT1093713B,,
BMT1093727B,,
BMT1093720B,,
BMT1093734B,,
BMT1093727B,,
BMT1093741B,,
BMT1093734B,,
BMT1093748B,,
BMT1093741B,,
BMT1093755B,,
BMT1093748B,,
BMT961665B,,
BMT961679B,,
BMT961672B,,
BMT959390B,,
BMT961679B,,
BMT961672B,,
BMT90672236,,
BMT961665B,,
BMT90672236,,
BMT172200466,,
BMT172200466,,
BMT961721B,,
BMT961721B,,
BMT962932B,,
BMT961917B,,
BMT126746764,,
BMT172200464,,
BMT961917B,,
BMT961931B,,
BMT172200464,,
BMT961931B,,
BMT961938B,,
BMT961938B,,
BMT961952B,,
BMT962162B,,
BMT126747051,,
BMT962169B,,
BMT962162B,,
BMT962197B,,
BMT960650B,,
BMT962204B,,
BMT962197B,,
BMT134255909,,
BMT962204B,,
BMT962218B,,
BMT134255909,,
BMT962225B,,
BMT962218B,,
BMT962232B,,
BMT2148970B,,
BMT962239B,,
BMT963254B,,
BMT134255860,,
BMT962239B,,
BMT134255902,,
BMT1530380B,,
BMT962288B,,
BMT126753120,,
BMT126753113,,
BMT962288B,,
BMT126753113,,
BMT962309B,,
BMT962309B,,
BMT126753127,,
BMT962316B,,
BMT126753113,,
BMT126753106,,
BMT962316B,,
BMT962624B,,
BMT960594B,,
BMT962638B,,
BMT962624B,,
BMT962680B,,
BMT962638B,,
BMT159224363,,
BMT962680B,,
BMT962729B,,
BMT159224363,,
BMT962736B,,
BMT962729B,,
BMT159224361,,
BMT962736B,,
BMT962939B,,
BMT962932B,,
BMT962939B,,
BMT962946B,,
BMT962946B,,
BMT172200465,,
BMT172200465,,
BMT172200463,,
BMT172200463,,
BMT172200462,,
BMT172200462,,
BMT961952B,,
BMT172200462,,
BMT962974B,,
BMT172200462,,
BMT964507B,,
BMT962974B,,
BMT126746757,,
BMT963184B,,
BMT157501512,,
BMT157501511,,
BMT963184B,,
BMT157501511,,
BMT963597B,,
BMT963247B,,
BMT159224362,,
BMT963254B,,
BMT159224360,,
BMT1005828B,,
BMT164650758,,
BMT1005835B,,
BMT1005828B,,
BMT1005842B,,
BMT1005835B,,
BMT1007235B,,
BMT126747366,,
BMT1007242B,,
BMT1007235B,,
BMT148875595,,
BMT967370B,,
BMT1100804B,,
BMT1100811B,,
BMT1100811B,,
BMT1100818B,,
BMT170784974,,
BMT126746673,,
BMT170784971,,
BMT170784974,,
BMT966726B,,
BMT170784971,,
BMT170784970,,
BMT966726B,,
BMT170784970,,
BMT969092B,,
BMT168464080,,
BMT966901B,,
BMT966901B,,
BMT966908B,,
BMT966908B,,
BMT966915B,,
BMT966915B,,
BMT168464079,,
BMT967034B,,
BMT126747352,,
BMT126747352,,
BMT967062B,,
BMT967062B,,
BMT967076B,,
BMT967076B,,
BMT1007242B,,
BMT967146B,,
BMT966418B,,
BMT135453728,,
BMT967146B,,
BMT135453728,,
BMT967160B,,
BMT135453721,,
BMT126753309,,
BMT126753309,,
BMT967160B,,
BMT126753337,,
BMT126753344,,
BMT157419793,,
BMT157419794,,
BMT157419794,,
BMT967279B,,
BMT157419794,,
BMT157419795,,
BMT157419794,,
BMT157419797,,
BMT967279B,,
BMT126745910,,
BMT148858758,,
BMT148858759,,
BMT126745945,,
BMT126753218,,
BMT157419799,,
BMT157419801,,
BMT157419795,,
BMT157419799,,
BMT126753211,,
BMT126745945,,
BMT126753253,,
BMT126753260,,
BMT967370B,,
BMT126753211,,
BMT967384B,,
BMT170784970,,
BMT170784969,,
BMT967384B,,
BMT967398B,,
BMT170784969,,
BMT170784968,,
BMT967398B,,
BMT170784968,,
BMT126746638,,
BMT173192119,,
BMT173192120,,
BMT967419B,,
BMT967524B,,
BMT169125778,,
BMT126746498,,
BMT169125775,,
BMT967419B,,
BMT169125775,,
BMT169125778,,
BMT967524B,,
BMT169125777,,
BMT967713B,,
BMT968070B,,
BMT157065328,,
BMT967713B,,
BMT157065328,,
BMT157065330,,
BMT967734B,,
BMT967755B,,
BMT967741B,,
BMT967734B,,
BMT967748B,,
BMT967741B,,
BMT967755B,,
BMT967762B,,
BMT967762B,,
BMT967867B,,
BMT967769B,,
BMT967748B,,
BMT169212070,,
BMT967853B,,
BMT169212069,,
BMT967769B,,
BMT1030916B,,
BMT159224359,,
BMT169718433,,
BMT169718435,,
BMT169718435,,
BMT6896917B,,
BMT6896917B,,
BMT6896931B,,
BMT149192907,,
BMT972872B,,
BMT972893B,,
BMT149192907,,
BMT149192906,,
BMT972893B,,
BMT972907B,,
BMT973243B,,
BMT973243B,,
BMT973250B,,
BMT973250B,,
BMT973257B,,
BMT973257B,,
BMT149192908,,
BMT169408030,,
BMT169408032,,
BMT169125354,,
BMT169125356,,
BMT168749922,,
BMT2319203B,,
BMT127225977,,
BMT127225984,,
BMT169718432,,
BMT1524808B,,
BMT169148552,,
BMT169148553,,
BMT168923505,,
BMT2220181B,,
BMT169125374,,
BMT169125376,,
BMT169272787,,
BMT2037131B,,
BMT126751426,,
BMT126751433,,
BMT160849922,,
BMT160849929,,
BMT160849927,,
BMT3201476B,,
BMT172926715,,
BMT172926718,,
BMT163805439,,
BMT2199678B,,
BMT163805441,,
BMT163805442,,
BMT126748472,,
BMT126748479,,
BMT156450901,,
BMT153895446,,
BMT126751237,,
BMT126751244,,
BMT169125356,,
BMT169125357,,
BMT169125357,,
BMT169125360,,
BMT8533769B,,
BMT142913649,,
BMT142913642,,
BMT8533769B,,
BMT162195730,,
BMT8539201B,,
BMT8539201B,,
BMT162195731,,
BMT160867226,,
BMT161718261,,
BMT1100818B,,
BMT1100825B,,
BMT1100825B,,
BMT1100832B,,
BMT1100832B,,
BMT1100839B,,
BMT1100839B,,
BMT126745693,,
BMT126753414,,
BMT126753421,,
BMT126745693,,
BMT1100853B,,
BMT1100853B,,
BMT1100860B,,
BMT1100860B,,
BMT1100867B,,
BMT1100867B,,
BMT1100874B,,
BMT1100874B,,
BMT1100881B,,
BMT1100888B,,
BMT1100895B,,
BMT1100895B,,
BMT1100902B,,
BMT1100902B,,
BMT1100909B,,
BMT1100909B,,
BMT1100916B,,
BMT1100916B,,
BMT1100923B,,
BMT1100923B,,
BMT126745700,,
BMT169212064,,
BMT1100937B,,
BMT1100937B,,
BMT1100944B,,
BMT1100944B,,
BMT1100951B,,
BMT1100951B,,
BMT1100958B,,
BMT1100958B,,
BMT1047933B,,
BMT1100965B,,
BMT1100804B,,
BMT126751482,,
BMT126751489,,
BMT126751489,,
BMT126751496,,
BMT126751489,,
BMT126751503,,
BMT159224361,,
BMT961602B,,
BMT138086533,,
BMT138086540,,
BMT172926692,,
BMT172926693,,
BMT171713760,,
BMT171713761,,
BMT171713761,,
BMT171713762,,
BMT171713761,,
BMT171713763,,
BMT173076842,,
BMT8477538B,,
BMT8477538B,,
BMT173076846,,
BMT140945242,,
BMT140945256,,
BMT6896931B,,
BMT169718436,,
BMT169408039,,
BMT169408041,,
BMT172200364,,
BMT172200365,,
BMT172200366,,
BMT126746827,,
BMT126753162,,
BMT126753169,,
BMT166740851,,
BMT166740853,,
BMT166740853,,
BMT166740854,,
BMT171120795,,
BMT171120797,,
BMT147432898,,
BMT147432905,,
BMT969127B,,
BMT126746666,,
BMT164344871,,
BMT164344872,,
BMT164344872,,
BMT969148B,,
BMT969148B,,
BMT969659B,,
BMT135453686,,
BMT968476B,,
BMT126753197,,
BMT148875595,,
BMT148875594,,
BMT126753197,,
BMT969407B,,
BMT969400B,,
BMT969414B,,
BMT969407B,,
BMT969421B,,
BMT969414B,,
BMT158080179,,
BMT969421B,,
BMT969435B,,
BMT158080179,,
BMT158080178,,
BMT969435B,,
BMT969449B,,
BMT126746540,,
BMT168991603,,
BMT969449B,,
BMT168991603,,
BMT168991605,,
BMT168991605,,
BMT970653B,,
BMT168991602,,
BMT168991603,,
BMT168991602,,
BMT126746526,,
BMT168991602,,
BMT971115B,,
BMT969477B,,
BMT968812B,,
BMT169125772,,
BMT969477B,,
BMT169125771,,
BMT169125772,,
BMT169125771,,
BMT969505B,,
BMT969505B,,
BMT969512B,,
BMT969512B,,
BMT969519B,,
BMT969519B,,
BMT969526B,,
BMT969526B,,
BMT970793B,,
BMT969533B,,
BMT148858760,,
BMT148858760,,
BMT148858761,,
BMT148858761,,
BMT148858762,,
BMT157063058,,
BMT157063059,,
BMT126747737,,
BMT126747744,,
BMT162152155,,
BMT162152156,,
BMT173271497,,
BMT2436614B,,
BMT2436614B,,
BMT2436621B,,
BMT2436621B,,
BMT2436635B,,
BMT2436635B,,
BMT2436642B,,
BMT2436642B,,
BMT2436649B,,
BMT2436649B,,
BMT173271498,,
BMT2967970B,,
BMT147201541,,
BMT173271496,,
BMT2436579B,,
BMT957493B,,
BMT957514B,,
BMT957500B,,
BMT126746862,,
BMT957507B,,
BMT957521B,,
BMT957521B,,
BMT959271B,,
BMT173099348,,
BMT957514B,,
BMT173099348,,
BMT173099349,,
BMT173099349,,
BMT126747030,,
BMT126747037,,
BMT960790B,,
BMT126747030,,
BMT2043851B,,
BMT957710B,,
BMT166817921,,
BMT957871B,,
BMT957906B,,
BMT164650755,,
BMT957871B,,
BMT164650754,,
BMT164650755,,
BMT164650754,,
BMT957892B,,
BMT957892B,,
BMT1093958B,,
BMT957899B,,
BMT164650754,,
BMT957906B,,
BMT956793B,,
BMT958459B,,
BMT958480B,,
BMT958480B,,
BMT166817927,,
BMT166817915,,
BMT957500B,,
BMT959040B,,
BMT166817915,,
BMT164650753,,
BMT957899B,,
BMT126746848,,
BMT959040B,,
BMT959054B,,
BMT126746848,,
BMT959061B,,
BMT959054B,,
BMT959068B,,
BMT959061B,,
BMT959075B,,
BMT959068B,,
BMT168464079,,
BMT168464081,,
BMT168464079,,
BMT1004736B,,
BMT1004736B,,
BMT168464082,,
BMT152971339,,
BMT965480B,,
BMT152971339,,
BMT152971341,,
BMT152971338,,
BMT152971339,,
BMT135453714,,
BMT135453721,,
BMT156992942,,
BMT1093776B,,
BMT1093692B,,
BMT156992942,,
BMT1093699B,,
BMT1093692B,,
BMT1093706B,,
BMT1093699B,,
BMT1093713B,,
BMT1093706B,,
BMT126743243,,
BMT961686B,,
BMT961686B,,
BMT126743005,,
BMT168923506,,
BMT168923508,,
BMT162500386,,
BMT8091061B,,
BMT8601781B,,
BMT171714506,,
BMT8601781B,,
BMT171714505,,
BMT171714505,,
BMT171714507,,
BMT971017B,,
BMT970996B,,
BMT971080B,,
BMT138775620,,
BMT971087B,,
BMT971080B,,
BMT971094B,,
BMT971087B,,
BMT971101B,,
BMT971094B,,
BMT971108B,,
BMT972585B,,
BMT971108B,,
BMT138775599,,
BMT971115B,,
BMT971122B,,
BMT971122B,,
BMT168991604,,
BMT971157B,,
BMT971164B,,
BMT971164B,,
BMT156820992,,
BMT156820992,,
BMT970226B,,
BMT126746057,,
BMT126746064,,
BMT971311B,,
BMT971318B,,
BMT169212067,,
BMT972102B,,
BMT169212067,,
BMT1047975B,,
BMT1047933B,,
BMT1047947B,,
BMT1047947B,,
BMT169212065,,
BMT169212065,,
BMT169212066,,
BMT1047961B,,
BMT1047940B,,
BMT169212066,,
BMT169212067,,
BMT1047975B,,
BMT1047961B,,
BMT171120789,,
BMT171120794,,
BMT1048416B,,
BMT171120789,,
BMT1048598C,,
BMT972333C,,
BMT1048605B,,
BMT1048598C,,
BMT126746162,,
BMT126746169,,
BMT958445B,,
BMT7869406B,,
BMT152918014,,
BMT8099706B,,
BMT8099706B,,
BMT152918016,,
BMT152918016,,
BMT152918017,,
BMT169742040,,
BMT169742043,,
BMT169742043,,
BMT1524234B,,
BMT169742043,,
BMT8102919B,,
BMT8102919B,,
BMT169742045,,
BMT127226719,,
BMT2644500B,,
BMT2644500B,,
BMT169742046,,
BMT126750292,,
BMT127224675,,
BMT172926697,,
BMT172926701,,
BMT172926701,,
BMT172926702,,
BMT172926701,,
BMT172926703,,
BMT160868321,,
BMT160868322,,
BMT160868322,,
BMT160868323,,
BMT160868322,,
BMT160868324,,
BMT1093762B,,
BMT1093755B,,
BMT1093769B,,
BMT1093762B,,
BMT1093776B,,
BMT1093783B,,
BMT1093783B,,
BMT1093790B,,
BMT1093790B,,
BMT1093797B,,
BMT1093797B,,
BMT1093804B,,
BMT1093804B,,
BMT1093811B,,
BMT1093811B,,
BMT1093818B,,
BMT1093818B,,
BMT1093825B,,
BMT1093825B,,
BMT1093832B,,
BMT1093832B,,
BMT1093839B,,
BMT1093839B,,
BMT1093846B,,
BMT1093846B,,
BMT1093853B,,
BMT1093853B,,
BMT1093860B,,
BMT1093860B,,
BMT1093867B,,
BMT1093867B,,
BMT156992943,,
BMT156992943,,
BMT156992944,,
BMT156992943,,
BMT156992945,,
BMT156992944,,
BMT1093888B,,
BMT1093888B,,
BMT156992946,,
BMT156992946,,
BMT126746365,,
BMT150126484,,
BMT150126485,,
BMT1093958B,,
BMT164650756,,
BMT1096583B,,
BMT126745798,,
BMT1096590B,,
BMT152971336,,
BMT152971336,,
BMT1096583B,,
BMT126752301,,
BMT126752322,,
BMT7869406B,,
BMT958459B,,
BMT141676623,,
BMT7873515B,,
BMT7873515B,,
BMT127339531,,
BMT7873515B,,
BMT7874334B,,
BMT7873515B,,
BMT7874341B,,
BMT138327396,,
BMT138327403,,
BMT138327403,,
BMT138327410,,
BMT138327403,,
BMT8401896B,,
BMT8401896B,,
BMT138327417,,
BMT171713719,,
BMT171713783,,
BMT171714062,,
BMT171714063,,
BMT164344874,,
BMT164344875,,
BMT964612B,,
BMT964605B,,
BMT964619B,,
BMT157501513,,
BMT126747247,,
BMT965011B,,
BMT965004B,,
BMT126747254,,
BMT126747275,,
BMT965186B,,
BMT126747275,,
BMT126747296,,
BMT126747268,,
BMT126747275,,
BMT126747268,,
BMT1109015B,,
BMT126747261,,
BMT965004B,,
BMT126747261,,
BMT126747268,,
BMT965186B,,
BMT126747289,,
BMT126747296,,
BMT965200B,,
BMT965207B,,
BMT965200B,,
BMT965214B,,
BMT965207B,,
BMT965221B,,
BMT965214B,,
BMT965270B,,
BMT965277B,,
BMT965270B,,
BMT1890362B,,
BMT965277B,,
BMT126747317,,
BMT126747317,,
BMT965298B,,
BMT965298B,,
BMT965305B,,
BMT965305B,,
BMT965312B,,
BMT965312B,,
BMT965319B,,
BMT965319B,,
BMT126747324,,
BMT152971340,,
BMT152971345,,
BMT965438B,,
BMT152971340,,
BMT965445B,,
BMT965438B,,
BMT965459B,,
BMT965445B,,
BMT965466B,,
BMT965459B,,
BMT965480B,,
BMT965466B,,
BMT126747240,,
BMT965011B,,
BMT126747429,,
BMT126747436,,
BMT126747233,,
BMT126747240,,
BMT965501B,,
BMT126747233,,
BMT965508B,,
BMT965501B,,
BMT965515B,,
BMT965522B,,
BMT965522B,,
BMT126747443,,
BMT965655B,,
BMT964171B,,
BMT1109015B,,
BMT1109022B,,
BMT1109022B,,
BMT126747282,,
BMT1109484B,,
BMT156820991,,
BMT1109491B,,
BMT1109505B,,
BMT156820991,,
BMT1109491B,,
BMT1109505B,,
BMT971157B,,
BMT166740850,,
BMT7387533B,,
BMT7387533B,,
BMT7387547B,,
BMT7387547B,,
BMT7387561B,,
BMT7387561B,,
BMT7387575B,,
BMT7387575B,,
BMT7387596B,,
BMT7387596B,,
BMT7387624B,,
BMT7387624B,,
BMT166740851,,
BMT166740851,,
BMT166740852,,
BMT126753169,,
BMT126753176,,
