BMT8754523B,,
BMT8754527B,,
BMT8754527B,,
BMT8754528B,,
BMT8754528B,,
BMT8754529B,,
BMT8754529B,,
BMT8754531B,,
BMT8754531B,,
BMT160446729,,
BMT2848159B,,
BMT4097505B,,
BMT4097505B,,
BMT4097512B,,
BMT4097512B,,
BMT149813717,,
BMT154030243,,
BMT8758529B,,
BMT8758529B,,
BMT154030244,,
BMT161497297,,
BMT1042334B,,
BMT1042334B,,
BMT1042341B,,
BMT1042341B,,
BMT1042348B,,
BMT1042348B,,
BMT1042355B,,
BMT1042355B,,
BMT1042362B,,
BMT1042362B,,
BMT1042369B,,
BMT1042369B,,
BMT9090327B,,
BMT9090327B,,
BMT161497298,,
BMT164401542,,
BMT990219B,,
BMT990219B,,
BMT990198B,,
BMT990198B,,
BMT990191B,,
BMT990191B,,
BMT9153164B,,
BMT9153164B,,
BMT9153166B,,
BMT9153166B,,
BMT164401543,,
BMT164449483,,
BMT164449486,,
BMT164452112,,
BMT9155057B,,
BMT9155057B,,
BMT9155059B,,
BMT9155059B,,
BMT9155064B,,
BMT9155064B,,
BMT9155067B,,
BMT9155067B,,
BMT9155069B,,
BMT9155069B,,
BMT9155070B,,
BMT9155070B,,
BMT9155071B,,
BMT9155071B,,
BMT164452113,,
BMT994993B,,
BMT9399712B,,
BMT9399712B,,
BMT995000B,,
BMT126912391,,
BMT126912398,,
BMT163088127,,
BMT163088126,,
BMT1979319B,,
BMT2788106B,,
BMT126912468,,
BMT126912475,,
BMT126912629,,
BMT126912636,,
BMT126912629,,
BMT1979445B,,
BMT164999051,,
BMT164999052,,
BMT164999051,,
BMT1979417B,,
BMT149402568,,
BMT164999056,,
BMT126912643,,
BMT126912650,,
BMT163088126,,
BMT1979473B,,
BMT1979473B,,
BMT3115657B,,
BMT1979480B,,
BMT3115664B,,
BMT1979487B,,
BMT126912216,,
BMT135503323,,
BMT135503330,,
BMT135503330,,
BMT135503337,,
BMT126912755,,
BMT126912762,,
BMT163458874,,
BMT126911964,,
BMT135505423,,
BMT135505430,,
BMT159241834,,
BMT159241836,,
BMT159241834,,
BMT159241837,,
BMT1053639B,,
BMT8748606B,,
BMT8748606B,,
BMT172026854,,
BMT982491B,,
BMT158555355,,
BMT158555355,,
BMT982498B,,
BMT158555355,,
BMT158555356,,
BMT171501726,,
BMT171501728,,
BMT164211404,,
BMT8644761B,,
BMT8644761B,,
BMT8883369B,,
BMT8883369B,,
BMT8883370B,,
BMT8883370B,,
BMT8883371B,,
BMT8883371B,,
BMT8883373B,,
BMT8883373B,,
BMT8883374B,,
BMT8883374B,,
BMT8883375B,,
BMT8883375B,,
BMT8883377B,,
BMT8883377B,,
BMT164211405,,
BMT165796058,,
BMT986215B,,
BMT986215B,,
BMT165796060,,
BMT2588767B,,
BMT2588781B,,
BMT2588781B,,
BMT2588788B,,
BMT2588788B,,
BMT2588802B,,
BMT2588802B,,
BMT2588809B,,
BMT2588809B,,
BMT2588823B,,
BMT2588823B,,
BMT171501732,,
BMT171501732,,
BMT2588865B,,
BMT171501732,,
BMT2826543B,,
BMT2588865B,,
BMT171501734,,
BMT160446728,,
BMT160446727,,
BMT160446728,,
BMT160446730,,
BMT164177545,,
BMT2745210B,,
BMT164177548,,
BMT164177553,,
BMT164177549,,
BMT164177550,,
BMT164177549,,
BMT2745245B,,
BMT164177551,,
BMT164177552,,
BMT2745245B,,
BMT164177551,,
BMT135534515,,
BMT135534529,,
BMT135534501,,
BMT135534508,,
BMT135534501,,
BMT135534515,,
BMT135534501,,
BMT3762674B,,
BMT135534480,,
BMT135534487,,
BMT135534480,,
BMT135534494,,
BMT2826144B,,
BMT135534480,,
BMT135534466,,
BMT135534473,,
BMT135534466,,
BMT2826144B,,
BMT2826172B,,
BMT135534466,,
BMT2826186B,,
BMT2826172B,,
BMT2826193B,,
BMT2826186B,,
BMT135534452,,
BMT135534459,,
BMT135534452,,
BMT2826193B,,
BMT135534445,,
BMT135534452,,
BMT126912867,,
BMT2826242B,,
BMT135534291,,
BMT126912867,,
BMT2826242B,,
BMT2826249B,,
BMT2826249B,,
BMT2826256B,,
BMT2826256B,,
BMT2826263B,,
BMT2826263B,,
BMT126912874,,
BMT126912874,,
BMT135534298,,
BMT171501740,,
BMT171501741,,
BMT171501738,,
BMT171501739,,
BMT171501738,,
BMT126911894,,
BMT171501736,,
BMT171501737,,
BMT164449483,,
BMT164449485,,
BMT1979704B,,
BMT126913189,,
BMT166240201,,
BMT1979718B,,
BMT1979718B,,
BMT1979725B,,
BMT166240202,,
BMT166240203,,
BMT166240206,,
BMT166240207,,
BMT166240206,,
BMT1979774B,,
BMT166240208,,
BMT166240209,,
BMT166240209,,
BMT166240211,,
BMT135536706,,
BMT3560304B,,
BMT144435435,,
BMT144435442,,
BMT166240214,,
BMT126913287,,
BMT148937357,,
BMT5227270B,,
BMT171501733,,
BMT171501735,,
BMT171501733,,
BMT2588767B,,
BMT159241837,,
BMT159241838,,
BMT126912811,,
BMT1979928B,,
BMT1979956B,,
BMT135505444,,
BMT135505444,,
BMT2331587B,,
BMT1979970B,,
BMT126912048,,
BMT1979970B,,
BMT2331587B,,
BMT126912048,,
BMT135505451,,
BMT135505451,,
BMT135505458,,
BMT135505479,,
BMT1979998B,,
BMT1979998B,,
BMT2786349B,,
BMT1980005B,,
BMT135505493,,
BMT1980054B,,
BMT135503344,,
BMT126912398,,
BMT1044644B,,
BMT126912412,,
BMT126912419,,
BMT126912433,,
BMT1980089B,,
BMT1980089B,,
BMT126912447,,
BMT2547145B,,
BMT2003700B,,
BMT126911698,,
BMT1053331B,,
BMT150346375,,
BMT150346376,,
BMT2843490B,,
BMT2003749B,,
BMT2986885B,,
BMT2986892B,,
BMT2986892B,,
BMT2986899B,,
BMT2986899B,,
BMT2986976B,,
BMT2986962B,,
BMT2987032B,,
BMT2986976B,,
BMT126912692,,
BMT126912692,,
BMT2987018B,,
BMT2987018B,,
BMT2986962B,,
BMT2987032B,,
BMT2987039B,,
BMT2987039B,,
BMT2987046B,,
BMT2987046B,,
BMT2987053B,,
BMT2987053B,,
BMT2987060B,,
BMT2987060B,,
BMT2987067B,,
BMT2987067B,,
BMT2987179B,,
BMT2987179B,,
BMT126912699,,
BMT126912699,,
BMT2987242B,,
BMT2987242B,,
BMT4888715B,,
BMT149813715,,
BMT2851036B,,
BMT148938060,,
BMT8726408B,,
BMT8726408B,,
BMT8726411B,,
BMT8726411B,,
BMT8726412B,,
BMT8726412B,,
BMT8726415B,,
BMT8726415B,,
BMT8726416B,,
BMT8726416B,,
BMT8726418B,,
BMT8726418B,,
BMT8726421B,,
BMT8726421B,,
BMT8726424B,,
BMT8726424B,,
BMT8726426B,,
BMT8726426B,,
BMT148938062,,
BMT148938062,,
BMT148938063,,
BMT148938062,,
BMT8726432B,,
BMT8726432B,,
BMT8726434B,,
BMT8726434B,,
BMT148938064,,
BMT148938064,,
BMT8726436B,,
BMT8726436B,,
BMT8726437B,,
BMT8726437B,,
BMT148938065,,
BMT148938064,,
BMT8726440B,,
BMT8726440B,,
BMT8726441B,,
BMT8726441B,,
BMT8726442B,,
BMT8726442B,,
BMT8726444B,,
BMT8726444B,,
BMT148938066,,
BMT161627548,,
BMT8839867B,,
BMT8839867B,,
BMT8839868B,,
BMT8839868B,,
BMT8839870B,,
BMT8839870B,,
BMT8839874B,,
BMT8839874B,,
BMT8839876B,,
BMT8839876B,,
BMT8839878B,,
BMT8839878B,,
BMT8839881B,,
BMT8839881B,,
BMT8839884B,,
BMT8839884B,,
BMT8839886B,,
BMT8839886B,,
BMT8839888B,,
BMT8839888B,,
BMT8839889B,,
BMT8839889B,,
BMT8839890B,,
BMT8839890B,,
BMT8839892B,,
BMT8839892B,,
BMT8839894B,,
BMT8839894B,,
BMT161627549,,
BMT169728047,,
BMT169728050,,
BMT171501718,,
BMT126911740,,
BMT171501718,,
BMT126911747,,
BMT126911747,,
BMT2341723B,,
BMT2341723B,,
BMT2341730B,,
BMT2341730B,,
BMT126911754,,
BMT126911754,,
BMT2341744B,,
BMT170557008,,
BMT170557009,,
BMT2341744B,,
BMT171501719,,
BMT171501719,,
BMT2567886B,,
BMT2567886B,,
BMT171501720,,
BMT171501720,,
BMT171501721,,
BMT171501721,,
BMT126911768,,
BMT170556875,,
BMT2567977B,,
BMT2567977B,,
BMT170556876,,
BMT3886539B,,
BMT3886546B,,
BMT3886546B,,
BMT3886553B,,
BMT3886553B,,
BMT3886560B,,
BMT3886560B,,
BMT140178588,,
BMT162756567,,
BMT162756568,,
BMT160446727,,
BMT8754523B,,
BMT171501742,,
BMT171501744,,
BMT168012907,,
BMT9254908B,,
BMT9254908B,,
BMT9254910B,,
BMT9254910B,,
BMT9254911B,,
BMT9254911B,,
BMT9254912B,,
BMT126914505,,
BMT168792814,,
BMT168792816,,
BMT9281687B,,
BMT9281687B,,
BMT9281686B,,
BMT9281686B,,
BMT9281684B,,
BMT9281684B,,
BMT9281683B,,
BMT9281683B,,
BMT9281651B,,
BMT9281651B,,
BMT9281652B,,
BMT9281652B,,
BMT9281653B,,
BMT9281653B,,
BMT9281677B,,
BMT9281677B,,
BMT9281674B,,
BMT9281674B,,
BMT168792817,,
BMT171501720,,
BMT9249017B,,
BMT3115657B,,
BMT1979480B,,
BMT3115664B,,
BMT1979487B,,
BMT135534536,,
BMT3562698B,,
BMT152712078,,
BMT152712079,,
BMT161627547,,
BMT4558728B,,
BMT4097351B,,
BMT4097358B,,
BMT4097358B,,
BMT149813716,,
BMT149813716,,
BMT4097372B,,
BMT4097372B,,
BMT2848159B,,
BMT934394B,,
BMT126911404,,
BMT934401B,,
BMT934394B,,
BMT934415B,,
BMT934401B,,
BMT934989B,,
BMT172026858,,
BMT172026857,,
BMT934989B,,
BMT172026857,,
BMT988413B,,
BMT935031B,,
BMT172026857,,
BMT935038B,,
BMT935031B,,
BMT935045B,,
BMT935038B,,
BMT935052B,,
BMT935059B,,
BMT935059B,,
BMT126911369,,
BMT126911348,,
BMT935052B,,
BMT126911348,,
BMT935164B,,
BMT935101B,,
BMT126911376,,
BMT981707B,,
BMT981714B,,
BMT981714B,,
BMT981728B,,
BMT981728B,,
BMT169022808,,
BMT981826B,,
BMT126914015,,
BMT981833B,,
BMT981826B,,
BMT981840B,,
BMT981833B,,
BMT981847B,,
BMT981840B,,
BMT126914008,,
BMT981847B,,
BMT126913966,,
BMT982855B,,
BMT981938B,,
BMT981700B,,
BMT126913875,,
BMT162262935,,
BMT169022807,,
BMT981938B,,
BMT162262930,,
BMT126913875,,
BMT162262925,,
BMT162262930,,
BMT162262925,,
BMT981966B,,
BMT149402571,,
BMT8742592B,,
BMT8742592B,,
BMT149402573,,
BMT149407380,,
BMT149407381,,
BMT982302B,,
BMT8826099B,,
BMT8826099B,,
BMT152264322,,
BMT166240212,,
BMT166240213,,
BMT164999053,,
BMT9170317B,,
BMT9170317B,,
BMT164999055,,
BMT164999051,,
BMT164999054,,
BMT126913287,,
BMT166240215,,
BMT135536615,,
BMT2580122B,,
BMT2580122B,,
BMT2580129B,,
BMT2580129B,,
BMT2580136B,,
BMT2580136B,,
BMT2580143B,,
BMT2580143B,,
BMT2580171B,,
BMT2580171B,,
BMT2580199B,,
BMT2580199B,,
BMT2580213B,,
BMT2580213B,,
BMT2580241B,,
BMT2580241B,,
BMT2580255B,,
BMT2580255B,,
BMT2580262B,,
BMT2580262B,,
BMT2580269B,,
BMT2580269B,,
BMT2580283B,,
BMT2580283B,,
BMT2580290B,,
BMT2580290B,,
BMT2580297B,,
BMT2580297B,,
BMT2580311B,,
BMT2580311B,,
BMT2580318B,,
BMT2580318B,,
BMT2580332B,,
BMT2580332B,,
BMT2580339B,,
BMT2580339B,,
BMT135536622,,
BMT2786349B,,
BMT135505486,,
BMT2788106B,,
BMT2788113B,,
BMT2788113B,,
BMT2788120B,,
BMT2788120B,,
BMT126912678,,
BMT126914288,,
BMT997331B,,
BMT126914302,,
BMT126914309,,
BMT4884221B,,
BMT4884228B,,
BMT4884228B,,
BMT4884235B,,
BMT4884235B,,
BMT4884256B,,
BMT4884256B,,
BMT163088134,,
BMT135534494,,
BMT135534501,,
BMT4888715B,,
BMT4888722B,,
BMT4888722B,,
BMT126912706,,
BMT126912706,,
BMT4888736B,,
BMT4888736B,,
BMT126912713,,
BMT935150B,,
BMT935101B,,
BMT935157B,,
BMT935150B,,
BMT935164B,,
BMT935157B,,
BMT935234B,,
BMT126911439,,
BMT935241B,,
BMT935234B,,
BMT935248B,,
BMT935241B,,
BMT935255B,,
BMT935248B,,
BMT126911432,,
BMT935255B,,
BMT152264316,,
BMT152264317,,
BMT152264316,,
BMT152264318,,
BMT164999046,,
BMT164999047,,
BMT164999047,,
BMT164999049,,
BMT140195633,,
BMT126910907,,
BMT135534354,,
BMT2826277B,,
BMT126912874,,
BMT2826333B,,
BMT2826277B,,
BMT2826284B,,
BMT2826284B,,
BMT2826291B,,
BMT2826291B,,
BMT2826298B,,
BMT2826298B,,
BMT135534361,,
BMT2826305B,,
BMT2826319B,,
BMT135534361,,
BMT135534368,,
BMT135534361,,
BMT135534375,,
BMT135534361,,
BMT2826305B,,
BMT2826319B,,
BMT126912972,,
BMT126912972,,
BMT135534382,,
BMT140178581,,
BMT3886539B,,
BMT2826333B,,
BMT2826340B,,
BMT2826340B,,
BMT2826347B,,
BMT2826347B,,
BMT2826354B,,
BMT2826354B,,
BMT2826361B,,
BMT2826361B,,
BMT2826368B,,
BMT2826368B,,
BMT2826375B,,
BMT2826375B,,
BMT2826382B,,
BMT2826382B,,
BMT135534305,,
BMT135534305,,
BMT135534312,,
BMT135534305,,
BMT126912902,,
BMT126912902,,
BMT2826403B,,
BMT152712077,,
BMT152712078,,
BMT2826403B,,
BMT2826410B,,
BMT2826410B,,
BMT2826417B,,
BMT2826417B,,
BMT2826424B,,
BMT2826424B,,
BMT135534319,,
BMT2826543B,,
BMT2826550B,,
BMT2826550B,,
BMT2826557B,,
BMT2826557B,,
BMT2826564B,,
BMT2826564B,,
BMT2826620B,,
BMT2826620B,,
BMT2826627B,,
BMT2826627B,,
BMT2826641B,,
BMT2826641B,,
BMT2826648B,,
BMT2826662B,,
BMT171501731,,
BMT4898613B,,
BMT135536727,,
BMT5140414B,,
BMT2849230B,,
BMT5140421B,,
BMT5140428B,,
BMT5140428B,,
BMT5140414B,,
BMT163458871,,
BMT163458873,,
BMT135505423,,
BMT135505437,,
BMT126911390,,
BMT126911397,,
BMT126911390,,
BMT977640B,,
BMT977640B,,
BMT934415B,,
BMT977654B,,
BMT126911390,,
BMT984892B,,
BMT159496729,,
BMT159496729,,
BMT984906B,,
BMT984906B,,
BMT159496730,,
BMT162628151,,
BMT162628150,,
BMT162628150,,
BMT984927B,,
BMT985144B,,
BMT1060639B,,
BMT985151B,,
BMT985144B,,
BMT126911418,,
BMT985151B,,
BMT985165B,,
BMT126911306,,
BMT126911411,,
BMT126911418,,
BMT164211399,,
BMT164211402,,
BMT164211402,,
BMT9147918B,,
BMT9147918B,,
BMT164211403,,
BMT9254912B,,
BMT168012908,,
BMT168012908,,
BMT168012909,,
BMT168012908,,
BMT9259661B,,
BMT9259661B,,
BMT9259665B,,
BMT9259665B,,
BMT168012910,,
BMT126910900,,
BMT2003686B,,
BMT2003686B,,
BMT2003693B,,
BMT2003693B,,
BMT2547145B,,
BMT2003700B,,
BMT140195633,,
BMT171221982,,
BMT982064B,,
BMT171221982,,
BMT126913931,,
BMT171221982,,
BMT982099B,,
BMT2003714B,,
BMT984927B,,
BMT2003721B,,
BMT2844890B,,
BMT126914526,,
BMT126914533,,
BMT126914526,,
BMT126914540,,
BMT126914533,,
BMT126914547,,
BMT126914533,,
BMT126914554,,
BMT126914554,,
BMT126914561,,
BMT2003749B,,
BMT172026851,,
BMT171501712,,
BMT171501713,,
BMT171501712,,
BMT5140421B,,
BMT2003763B,,
BMT171501714,,
BMT171501714,,
BMT2849237B,,
BMT2003777B,,
BMT2851309B,,
BMT2003784B,,
BMT2851281B,,
BMT2328682B,,
BMT163458871,,
BMT2844862B,,
BMT2844869B,,
BMT2844869B,,
BMT2844876B,,
BMT2844876B,,
BMT2844883B,,
BMT2844883B,,
BMT2003721B,,
BMT2844890B,,
BMT2844897B,,
BMT2844897B,,
BMT2844911B,,
BMT2844904B,,
BMT997982B,,
BMT2844911B,,
BMT2844904B,,
BMT2849230B,,
BMT2003763B,,
BMT2849237B,,
BMT2003777B,,
BMT2850007B,,
BMT984318B,,
BMT2851036B,,
BMT4097351B,,
BMT2851281B,,
BMT126911698,,
BMT2851288B,,
BMT2003784B,,
BMT2851295B,,
BMT2851288B,,
BMT2851302B,,
BMT2851295B,,
BMT2851309B,,
BMT2851302B,,
BMT126913798,,
BMT985613B,,
BMT169728043,,
BMT169728045,,
BMT126913798,,
BMT126913812,,
BMT126913812,,
BMT986824B,,
BMT986817B,,
BMT126913798,,
BMT986824B,,
BMT986831B,,
BMT986831B,,
BMT988966B,,
BMT986845B,,
BMT986817B,,
BMT986859B,,
BMT986845B,,
BMT162262925,,
BMT162262932,,
BMT981966B,,
BMT981973B,,
BMT981973B,,
BMT981980B,,
BMT981980B,,
BMT981987B,,
BMT981987B,,
BMT126913861,,
BMT171221979,,
BMT171221980,,
BMT171221980,,
BMT982050B,,
BMT982050B,,
BMT171221981,,
BMT171221981,,
BMT982071B,,
BMT982064B,,
BMT171221984,,
BMT982071B,,
BMT171221982,,
BMT165796055,,
BMT982813B,,
BMT982099B,,
BMT171221985,,
BMT171221985,,
BMT982113B,,
BMT982113B,,
BMT982120B,,
BMT982120B,,
BMT982127B,,
BMT982127B,,
BMT126913945,,
BMT148468488,,
BMT982302B,,
BMT152264319,,
BMT152264320,,
BMT152264319,,
BMT148468488,,
BMT152264319,,
BMT1061262B,,
BMT982323B,,
BMT152264319,,
BMT982330B,,
BMT982323B,,
BMT982414B,,
BMT162262928,,
BMT162262927,,
BMT982414B,,
BMT982428B,,
BMT126910963,,
BMT162262920,,
BMT162262923,,
BMT162262923,,
BMT162262925,,
BMT162262923,,
BMT162262927,,
BMT982477B,,
BMT982491B,,
BMT150190750,,
BMT2850007B,,
BMT982498B,,
BMT126910942,,
BMT158555356,,
BMT982519B,,
BMT158555355,,
BMT126910956,,
BMT982519B,,
BMT982526B,,
BMT982526B,,
BMT158555357,,
BMT158555357,,
BMT982547B,,
BMT159496725,,
BMT159496726,,
BMT982547B,,
BMT982554B,,
BMT982554B,,
BMT982561B,,
BMT982561B,,
BMT982568B,,
BMT982568B,,
BMT982428B,,
BMT159496726,,
BMT982764B,,
BMT159496726,,
BMT159496728,,
BMT982764B,,
BMT982771B,,
BMT982771B,,
BMT159496727,,
BMT159496728,,
BMT984892B,,
BMT982813B,,
BMT982820B,,
BMT982820B,,
BMT165796056,,
BMT165796056,,
BMT126913966,,
BMT982855B,,
BMT982876B,,
BMT982876B,,
BMT982883B,,
BMT982883B,,
BMT982890B,,
BMT982890B,,
BMT982897B,,
BMT982897B,,
BMT165796057,,
BMT996953B,,
BMT995112B,,
BMT996960B,,
BMT996953B,,
BMT166241002,,
BMT9201319B,,
BMT9201319B,,
BMT9201331B,,
BMT9201331B,,
BMT9201333B,,
BMT9201333B,,
BMT9201334B,,
BMT9201334B,,
BMT9201335B,,
BMT9201335B,,
BMT9201337B,,
BMT9201337B,,
BMT166241003,,
BMT9249017B,,
BMT9249020B,,
BMT9249020B,,
BMT9249022B,,
BMT9249022B,,
BMT9249023B,,
BMT9249023B,,
BMT9249037B,,
BMT9249037B,,
BMT9249039B,,
BMT9249039B,,
BMT9249041B,,
BMT9249041B,,
BMT171501722,,
BMT171501722,,
BMT171501723,,
BMT171501726,,
BMT171501729,,
BMT169728042,,
BMT169728043,,
BMT169728043,,
BMT2833690B,,
BMT2833690B,,
BMT169728044,,
BMT169728044,,
BMT169728046,,
BMT169728044,,
BMT168012879,,
BMT168012879,,
BMT169728047,,
BMT169728047,,
BMT169728048,,
BMT169728047,,
BMT2833718B,,
BMT2833718B,,
BMT169728049,,
BMT169728049,,
BMT169728051,,
BMT169728049,,
BMT169728052,,
BMT135495525,,
BMT3079054B,,
BMT3079054B,,
BMT3079061B,,
BMT3079061B,,
BMT3079068B,,
BMT3079068B,,
BMT3079075B,,
BMT3079075B,,
BMT135495532,,
BMT135495532,,
BMT135495539,,
BMT150346376,,
BMT150346377,,
BMT150346377,,
BMT150346378,,
BMT4558728B,,
BMT4558735B,,
BMT4558735B,,
BMT161627548,,
BMT152264322,,
BMT985298B,,
BMT985298B,,
BMT3255055B,,
BMT3255055B,,
BMT3255062B,,
BMT172026851,,
BMT5647165B,,
BMT5647165B,,
BMT172026852,,
BMT172026851,,
BMT5647179B,,
BMT5647179B,,
BMT126911586,,
BMT988553B,,
BMT985529B,,
BMT126911453,,
BMT988553B,,
BMT988588B,,
BMT126911194,,
BMT126911446,,
BMT126911453,,
BMT126911187,,
BMT988588B,,
BMT126911187,,
BMT988609B,,
BMT126911173,,
BMT126911187,,
BMT988609B,,
BMT126911201,,
BMT988812B,,
BMT2843490B,,
BMT988819B,,
BMT988812B,,
BMT172026850,,
BMT988819B,,
BMT988840B,,
BMT172026850,,
BMT126911306,,
BMT985179B,,
BMT985179B,,
BMT152264328,,
BMT152264325,,
BMT126911292,,
BMT152264325,,
BMT985277B,,
BMT985228B,,
BMT985284B,,
BMT152264326,,
BMT985291B,,
BMT152264326,,
BMT1058735B,,
BMT152264323,,
BMT152264325,,
BMT152264322,,
BMT152264323,,
BMT985277B,,
BMT985228B,,
BMT985284B,,
BMT152264326,,
BMT985291B,,
BMT985165B,,
BMT985375B,,
BMT126911663,,
BMT985382B,,
BMT985375B,,
BMT985389B,,
BMT985382B,,
BMT985396B,,
BMT985389B,,
BMT126911656,,
BMT985396B,,
BMT126913546,,
BMT986915B,,
BMT172026860,,
BMT126911656,,
BMT985417B,,
BMT172026860,,
BMT985424B,,
BMT985417B,,
BMT985431B,,
BMT985424B,,
BMT985438B,,
BMT985431B,,
BMT985501B,,
BMT126911467,,
BMT126911460,,
BMT985501B,,
BMT126911460,,
BMT126911474,,
BMT126911481,,
BMT126911488,,
BMT985529B,,
BMT126911460,,
BMT985599B,,
BMT126913805,,
BMT985613B,,
BMT985599B,,
BMT165796057,,
BMT985774B,,
BMT985774B,,
BMT985781B,,
BMT985781B,,
BMT985788B,,
BMT985788B,,
BMT986236B,,
BMT985809B,,
BMT162628152,,
BMT985816B,,
BMT985809B,,
BMT985879B,,
BMT2003714B,,
BMT985886B,,
BMT985879B,,
BMT986096B,,
BMT984689B,,
BMT986103B,,
BMT986096B,,
BMT162628146,,
BMT162628147,,
BMT162628146,,
BMT986103B,,
BMT986117B,,
BMT162628146,,
BMT162628145,,
BMT986117B,,
BMT986131B,,
BMT162628145,,
BMT986138B,,
BMT986131B,,
BMT986145B,,
BMT986138B,,
BMT162628144,,
BMT986145B,,
BMT986222B,,
BMT165796058,,
BMT986229B,,
BMT986222B,,
BMT986236B,,
BMT986229B,,
BMT165796058,,
BMT986250B,,
BMT986250B,,
BMT165796059,,
BMT165796059,,
BMT126913987,,
BMT150886752,,
BMT150886753,,
BMT150886752,,
BMT986390B,,
BMT986390B,,
BMT986404B,,
BMT986404B,,
BMT986411B,,
BMT164449482,,
BMT164449484,,
BMT8579395B,,
BMT156625256,,
BMT156625256,,
BMT156625257,,
BMT156625258,,
BMT8954002B,,
BMT8954002B,,
BMT8954003B,,
BMT8954003B,,
BMT8954011B,,
BMT8954011B,,
BMT8954014B,,
BMT8954014B,,
BMT8954016B,,
BMT8954016B,,
BMT8954019B,,
BMT8954019B,,
BMT8954021B,,
BMT8954021B,,
BMT156625259,,
BMT163088137,,
BMT9123048B,,
BMT9123048B,,
BMT9123055B,,
BMT9123055B,,
BMT9123059B,,
BMT9123059B,,
BMT163088138,,
BMT169943082,,
BMT170556806,,
BMT3560304B,,
BMT3560311B,,
BMT3560311B,,
BMT3560318B,,
BMT3560318B,,
BMT3560325B,,
BMT3560325B,,
BMT3560332B,,
BMT3560332B,,
BMT3560339B,,
BMT3560339B,,
BMT3560346B,,
BMT3560346B,,
BMT3560353B,,
BMT3560353B,,
BMT135536713,,
BMT135536713,,
BMT3560367B,,
BMT135536713,,
BMT4898613B,,
BMT3560367B,,
BMT3560374B,,
BMT3560374B,,
BMT3560381B,,
BMT3560381B,,
BMT3560388B,,
BMT977969B,,
BMT171501712,,
BMT171501711,,
BMT977983B,,
BMT977983B,,
BMT977969B,,
BMT126911341,,
BMT126911348,,
BMT126911341,,
BMT978347B,,
BMT978347B,,
BMT978354B,,
BMT978354B,,
BMT978361B,,
BMT978361B,,
BMT978375B,,
BMT126911334,,
BMT126911341,,
BMT978375B,,
BMT978382B,,
BMT978382B,,
BMT984472B,,
BMT978389B,,
BMT126911334,,
BMT978403B,,
BMT978389B,,
BMT978431B,,
BMT978403B,,
BMT126911327,,
BMT978431B,,
BMT999179B,,
BMT150188553,,
BMT999186B,,
BMT999179B,,
BMT999361B,,
BMT999368B,,
BMT999368B,,
BMT126914414,,
BMT126914414,,
BMT999410B,,
BMT999410B,,
BMT999417B,,
BMT999417B,,
BMT126914421,,
BMT126914421,,
BMT126914358,,
BMT126914421,,
BMT999438B,,
BMT126914421,,
BMT999445B,,
BMT999445B,,
BMT126914435,,
BMT126914428,,
BMT999438B,,
BMT150188551,,
BMT150188552,,
BMT986915B,,
BMT986929B,,
BMT986929B,,
BMT987853B,,
BMT986943B,,
BMT126913602,,
BMT986950B,,
BMT986943B,,
BMT986957B,,
BMT986950B,,
BMT986964B,,
BMT986957B,,
BMT126913595,,
BMT986964B,,
BMT126913574,,
BMT988364B,,
BMT126914022,,
BMT126914029,,
BMT170489621,,
BMT126914106,,
BMT170489621,,
BMT986999B,,
BMT170489621,,
BMT126914113,,
BMT170489620,,
BMT170489621,,
BMT987048B,,
BMT126914085,,
BMT126914071,,
BMT987048B,,
BMT126914190,,
BMT994412B,,
BMT126914064,,
BMT987041B,,
BMT126914064,,
BMT126914071,,
BMT126914036,,
BMT126914064,,
BMT126914029,,
BMT126914036,,
BMT126914029,,
BMT987118B,,
BMT987118B,,
BMT126914043,,
BMT126914078,,
BMT126914064,,
BMT173131731,,
BMT994979B,,
BMT987223B,,
BMT126913756,,
BMT987230B,,
BMT989162B,,
BMT126913749,,
BMT987223B,,
BMT126913749,,
BMT987230B,,
BMT126914043,,
BMT987692B,,
BMT126914043,,
BMT126914057,,
BMT987692B,,
BMT126914050,,
BMT150886748,,
BMT150886749,,
BMT150886749,,
BMT987713B,,
BMT987713B,,
BMT987720B,,
BMT987720B,,
BMT994349B,,
BMT161623345,,
BMT987734B,,
BMT987734B,,
BMT987741B,,
BMT987741B,,
BMT995343B,,
BMT987755B,,
BMT126911117,,
BMT987769B,,
BMT987755B,,
BMT172027328,,
BMT172026520,,
BMT987790B,,
BMT987769B,,
BMT172027327,,
BMT172027328,,
BMT172027281,,
BMT126911516,,
BMT172027326,,
BMT987790B,,
BMT172027326,,
BMT172027327,,
BMT172027325,,
BMT172027326,,
BMT987853B,,
BMT987874B,,
BMT987867B,,
BMT126913553,,
BMT987874B,,
BMT987867B,,
BMT987993B,,
BMT126911096,,
BMT988014B,,
BMT987993B,,
BMT988028B,,
BMT988014B,,
BMT988070B,,
BMT982330B,,
BMT988077B,,
BMT988070B,,
BMT988084B,,
BMT988077B,,
BMT152264318,,
BMT988084B,,
BMT172026849,,
BMT988840B,,
BMT988966B,,
BMT988980B,,
BMT988980B,,
BMT126913819,,
BMT989162B,,
BMT126913763,,
BMT126913742,,
BMT126913749,,
BMT989190B,,
BMT126911089,,
BMT989197B,,
BMT126913742,,
BMT126911082,,
BMT989190B,,
BMT126913735,,
BMT989197B,,
BMT126911075,,
BMT126911082,,
BMT989246B,,
BMT126911075,,
BMT989323B,,
BMT126911173,,
BMT989449B,,
BMT989323B,,
BMT989456B,,
BMT989449B,,
BMT989463B,,
BMT989456B,,
BMT126911159,,
BMT126911166,,
BMT126911159,,
BMT989463B,,
BMT126911159,,
BMT989477B,,
BMT989477B,,
BMT989484B,,
BMT989484B,,
BMT126911180,,
BMT164401541,,
BMT990240B,,
BMT989498B,,
BMT126911159,,
BMT126911152,,
BMT989498B,,
BMT989575B,,
BMT986859B,,
BMT126913791,,
BMT989575B,,
BMT989596B,,
BMT126913791,,
BMT989610B,,
BMT989596B,,
BMT989918B,,
BMT150874633,,
BMT989925B,,
BMT989918B,,
BMT989939B,,
BMT989925B,,
BMT172026852,,
BMT1053660B,,
BMT990037B,,
BMT126913630,,
BMT990044B,,
BMT990037B,,
BMT126913609,,
BMT990121B,,
BMT990121B,,
BMT990128B,,
BMT990128B,,
BMT126913616,,
BMT126913616,,
BMT126913623,,
BMT126913623,,
BMT990044B,,
BMT164177544,,
BMT990149B,,
BMT990149B,,
BMT990156B,,
BMT990156B,,
BMT990163B,,
BMT990163B,,
BMT990170B,,
BMT990170B,,
BMT990177B,,
BMT990177B,,
BMT164177545,,
BMT990240B,,
BMT990247B,,
BMT990247B,,
BMT990254B,,
BMT990254B,,
BMT164401542,,
BMT126911061,,
BMT988028B,,
BMT990324B,,
BMT989246B,,
BMT990331B,,
BMT126911061,,
BMT126911068,,
BMT990324B,,
BMT126911054,,
BMT990331B,,
BMT126911054,,
BMT126911068,,
BMT126911047,,
BMT126911054,,
BMT150874630,,
BMT990562B,,
BMT990562B,,
BMT150874631,,
BMT990576B,,
BMT989939B,,
BMT150874631,,
BMT990576B,,
BMT140178588,,
BMT3886574B,,
BMT140178588,,
BMT140178602,,
BMT3886574B,,
BMT3886581B,,
BMT3886581B,,
BMT3886588B,,
BMT3886588B,,
BMT140178595,,
BMT3886595B,,
BMT3886609B,,
BMT140178595,,
BMT3886595B,,
BMT140178595,,
BMT140178616,,
BMT3886609B,,
BMT3886616B,,
BMT3886616B,,
BMT3886623B,,
BMT3886623B,,
BMT140178609,,
BMT140178609,,
BMT3886637B,,
BMT3886637B,,
BMT3886644B,,
BMT3886644B,,
BMT3886651B,,
BMT3886651B,,
BMT140178623,,
BMT140178623,,
BMT3886672B,,
BMT140178623,,
BMT140178637,,
BMT3886672B,,
BMT140178630,,
BMT148937358,,
BMT148937359,,
BMT5227256B,,
BMT148937358,,
BMT5227263B,,
BMT5227256B,,
BMT5227270B,,
BMT5227263B,,
BMT171184385,,
BMT991143B,,
BMT991143B,,
BMT991150B,,
BMT991150B,,
BMT171184387,,
BMT126914799,,
BMT991955B,,
BMT991955B,,
BMT991962B,,
BMT991962B,,
BMT991976B,,
BMT991976B,,
BMT991997B,,
BMT991997B,,
BMT992011B,,
BMT992011B,,
BMT126914806,,
BMT1042285B,,
BMT161497297,,
BMT1042292B,,
BMT1042285B,,
BMT1042320B,,
BMT1042292B,,
BMT161497296,,
BMT1042320B,,
BMT161496678,,
BMT1043804B,,
BMT163088132,,
BMT1042586B,,
BMT1042551B,,
BMT163088132,,
BMT1042558B,,
BMT1042551B,,
BMT1042586B,,
BMT1042663B,,
BMT1042663B,,
BMT163088135,,
BMT1042726B,,
BMT163088136,,
BMT163088135,,
BMT1042726B,,
BMT163088135,,
BMT1042740B,,
BMT1042740B,,
BMT1042747B,,
BMT1042747B,,
BMT163088137,,
BMT163088137,,
BMT126912321,,
BMT163088133,,
BMT1042901B,,
BMT1042901B,,
BMT1042908B,,
BMT1042908B,,
BMT4884221B,,
BMT163088131,,
BMT1042558B,,
BMT163088131,,
BMT163088133,,
BMT1042992B,,
BMT163088131,,
BMT1042999B,,
BMT1042992B,,
BMT1043006B,,
BMT1042999B,,
BMT1043013B,,
BMT1043006B,,
BMT163088140,,
BMT1043587B,,
BMT1043587B,,
BMT1044707B,,
BMT996967B,,
BMT996960B,,
BMT154030240,,
BMT996967B,,
BMT996981B,,
BMT154030240,,
BMT154030239,,
BMT996981B,,
BMT996995B,,
BMT126914211,,
BMT997331B,,
BMT997338B,,
BMT997338B,,
BMT149407380,,
BMT997982B,,
BMT126914491,,
BMT126914491,,
BMT997996B,,
BMT126914568,,
BMT126914575,,
BMT997996B,,
BMT171184386,,
BMT171184386,,
BMT998010B,,
BMT998010B,,
BMT126914505,,
BMT126914519,,
BMT126914526,,
BMT161623348,,
BMT161623349,,
BMT161623348,,
BMT998066B,,
BMT998066B,,
BMT998080B,,
BMT998080B,,
BMT998885B,,
BMT998213B,,
BMT998220B,,
BMT998220B,,
BMT126914204,,
BMT998227B,,
BMT996995B,,
BMT126914204,,
BMT998227B,,
BMT126914204,,
BMT998241B,,
BMT126914204,,
BMT998248B,,
BMT998248B,,
BMT998262B,,
BMT998262B,,
BMT126914218,,
BMT126914218,,
BMT998276B,,
BMT998276B,,
BMT998283B,,
BMT998283B,,
BMT998332B,,
BMT998332B,,
BMT126914225,,
BMT126914225,,
BMT126914232,,
BMT998647B,,
BMT148509629,,
BMT148509629,,
BMT148509630,,
BMT148509630,,
BMT126914400,,
BMT126914407,,
BMT998696B,,
BMT998696B,,
BMT998724B,,
BMT998724B,,
BMT999361B,,
BMT998885B,,
BMT998892B,,
BMT998892B,,
BMT998899B,,
BMT998899B,,
BMT998878B,,
BMT998899B,,
BMT998934B,,
BMT998934B,,
BMT161623350,,
BMT161623350,,
BMT998962B,,
BMT998962B,,
BMT999004B,,
BMT999004B,,
BMT999753B,,
BMT126911145,,
BMT126911152,,
BMT1068962B,,
BMT163088124,,
BMT1068969B,,
BMT1068962B,,
BMT163088123,,
BMT1068969B,,
BMT163088123,,
BMT1068983B,,
BMT1068983B,,
BMT1068990B,,
BMT1069004B,,
BMT163088123,,
BMT1069011B,,
BMT1069004B,,
BMT1069018B,,
BMT1069011B,,
BMT163088125,,
BMT1069032B,,
BMT1069032B,,
BMT1069018B,,
BMT126912216,,
BMT163088125,,
BMT126912685,,
BMT2986885B,,
BMT150190678,,
BMT990800B,,
BMT150190732,,
BMT126910998,,
BMT150190731,,
BMT150190732,,
BMT984318B,,
BMT126910977,,
BMT984472B,,
BMT126911355,,
BMT126911383,,
BMT977654B,,
BMT126911355,,
BMT984493B,,
BMT984493B,,
BMT126911362,,
BMT984647B,,
BMT985816B,,
BMT984654B,,
BMT984647B,,
BMT984661B,,
BMT984654B,,
BMT162628149,,
BMT984661B,,
BMT984675B,,
BMT162628149,,
BMT162628148,,
BMT984675B,,
BMT162628148,,
BMT985886B,,
BMT984689B,,
BMT162628148,,
BMT995098B,,
BMT154030243,,
BMT995105B,,
BMT154030241,,
BMT995112B,,
BMT995105B,,
BMT995154B,,
BMT995161B,,
BMT995161B,,
BMT995168B,,
BMT995168B,,
BMT995175B,,
BMT995175B,,
BMT126914792,,
BMT995343B,,
BMT161623346,,
BMT161623346,,
BMT995350B,,
BMT161623346,,
BMT995364B,,
BMT161623346,,
BMT995399B,,
BMT161623347,,
BMT995364B,,
BMT161623347,,
BMT995385B,,
BMT995385B,,
BMT995763B,,
BMT995399B,,
BMT995406B,,
BMT995406B,,
BMT995420B,,
BMT995420B,,
BMT995434B,,
BMT995434B,,
BMT161623348,,
BMT126914582,,
BMT995595B,,
BMT126914484,,
BMT2844862B,,
BMT995595B,,
BMT995602B,,
BMT995602B,,
BMT995623B,,
BMT995623B,,
BMT995630B,,
BMT995630B,,
BMT995637B,,
BMT995637B,,
BMT126914589,,
BMT126914589,,
BMT995658B,,
BMT995658B,,
BMT995665B,,
BMT995665B,,
BMT995609B,,
BMT995665B,,
BMT995672B,,
BMT995665B,,
BMT995679B,,
BMT995679B,,
BMT995707B,,
BMT995707B,,
BMT995714B,,
BMT995714B,,
BMT995721B,,
BMT995721B,,
BMT995728B,,
BMT995728B,,
BMT126914596,,
BMT995763B,,
BMT995770B,,
BMT995770B,,
BMT161623359,,
BMT1058735B,,
BMT1058742B,,
BMT1058742B,,
BMT1058763B,,
BMT1058756B,,
BMT1058749B,,
BMT1058756B,,
BMT152264327,,
BMT1058763B,,
BMT1058756B,,
BMT3560388B,,
BMT135536720,,
BMT3562698B,,
BMT3562705B,,
BMT3562705B,,
BMT3562712B,,
BMT3562712B,,
BMT3562719B,,
BMT3562719B,,
BMT135534543,,
BMT3762674B,,
BMT135534522,,
BMT158555352,,
BMT158555353,,
BMT158555353,,
BMT981294B,,
BMT158555353,,
BMT982477B,,
BMT981294B,,
BMT981308B,,
BMT981308B,,
BMT981315B,,
BMT981315B,,
BMT158555354,,
BMT981700B,,
BMT981707B,,
BMT994349B,,
BMT150886750,,
BMT150886750,,
BMT150886751,,
BMT150886751,,
BMT986425B,,
BMT150886751,,
BMT126914743,,
BMT994412B,,
BMT994419B,,
BMT994419B,,
BMT994426B,,
BMT994426B,,
BMT994433B,,
BMT994433B,,
BMT126914197,,
BMT126914197,,
BMT994461B,,
BMT994461B,,
BMT998213B,,
BMT994580B,,
BMT154030242,,
BMT994587B,,
BMT994580B,,
BMT154030241,,
BMT994587B,,
BMT154030241,,
BMT995098B,,
BMT994811B,,
BMT994818B,,
BMT994818B,,
BMT126914757,,
BMT126914757,,
BMT994832B,,
BMT126914785,,
BMT994860B,,
BMT994832B,,
BMT994839B,,
BMT994839B,,
BMT994846B,,
BMT994846B,,
BMT150886754,,
BMT150886754,,
BMT994867B,,
BMT994860B,,
BMT995154B,,
BMT994867B,,
BMT994874B,,
BMT994874B,,
BMT994881B,,
BMT994881B,,
BMT994888B,,
BMT994888B,,
BMT994895B,,
BMT994979B,,
BMT173131732,,
BMT173131732,,
BMT994993B,,
BMT995000B,,
BMT995007B,,
BMT995007B,,
BMT995014B,,
BMT995014B,,
BMT995021B,,
BMT995021B,,
BMT148374656,,
BMT148509628,,
BMT998647B,,
BMT126914274,,
BMT154030245,,
BMT149407379,,
BMT995091B,,
BMT995063B,,
BMT126914274,,
BMT995070B,,
BMT995063B,,
BMT995077B,,
BMT995070B,,
BMT154030243,,
BMT995077B,,
BMT995091B,,
BMT126914288,,
BMT171501733,,
BMT6853510B,,
BMT6853510B,,
BMT6853538B,,
BMT6853538B,,
BMT6853580B,,
BMT6853643B,,
BMT6853692B,,
BMT163088141,,
BMT163088140,,
BMT160446727,,
BMT126912356,,
BMT163088130,,
BMT1043818B,,
BMT1043804B,,
BMT163088130,,
BMT1043811B,,
BMT161496678,,
BMT1043818B,,
BMT1043825B,,
BMT1043825B,,
BMT1043839B,,
BMT1043839B,,
BMT1043013B,,
BMT126912405,,
BMT1044651B,,
BMT1044644B,,
BMT126912405,,
BMT1044651B,,
BMT126912412,,
BMT163088139,,
BMT1044714B,,
BMT1044686B,,
BMT163088139,,
BMT1044693B,,
BMT1044686B,,
BMT1044700B,,
BMT1044693B,,
BMT1044707B,,
BMT1044700B,,
BMT1044714B,,
BMT1044721B,,
BMT1044721B,,
BMT1044728B,,
BMT1044728B,,
BMT1044735B,,
BMT1044735B,,
BMT1044742B,,
BMT1044742B,,
BMT1044749B,,
BMT1044749B,,
BMT1044805B,,
BMT163088129,,
BMT1044833B,,
BMT1044784B,,
BMT163088129,,
BMT1044791B,,
BMT1044784B,,
BMT126912328,,
BMT1044791B,,
BMT126912384,,
BMT126912391,,
BMT1044805B,,
BMT126912328,,
BMT1044833B,,
BMT163088128,,
BMT163088128,,
BMT1044847B,,
BMT163088128,,
BMT1044896B,,
BMT1044847B,,
BMT1044854B,,
BMT1044854B,,
BMT1044861B,,
BMT1044861B,,
BMT1044868B,,
BMT1044868B,,
BMT1044931B,,
BMT1044896B,,
BMT1044903B,,
BMT1044903B,,
BMT1044910B,,
BMT1044910B,,
BMT1044917B,,
BMT1044917B,,
BMT1044924B,,
BMT1044924B,,
BMT163088127,,
BMT1044931B,,
BMT1043811B,,
BMT3255062B,,
BMT152264324,,
BMT126912839,,
BMT6974295B,,
BMT6974295B,,
BMT135534284,,
BMT1979627B,,
BMT6974456B,,
BMT6974456B,,
BMT6974379B,,
BMT6974379B,,
BMT6974386B,,
BMT6974386B,,
BMT6974393B,,
BMT6974393B,,
BMT171501742,,
BMT171501742,,
BMT6974414B,,
BMT6974414B,,
BMT6974428B,,
BMT6974428B,,
BMT171501743,,
BMT135505409,,
BMT135505416,,
BMT135505416,,
BMT6974904B,,
BMT6974904B,,
BMT135505423,,
BMT135505423,,
BMT6975373B,,
BMT6975373B,,
BMT6975380B,,
BMT988098B,,
BMT152264316,,
BMT988105B,,
BMT988098B,,
BMT988112B,,
BMT988105B,,
BMT152264315,,
BMT988112B,,
BMT126911642,,
BMT985438B,,
BMT988315B,,
BMT126911642,,
BMT150874629,,
BMT126913574,,
BMT988329B,,
BMT988315B,,
BMT988336B,,
BMT988329B,,
BMT988343B,,
BMT988336B,,
BMT988357B,,
BMT988343B,,
BMT988364B,,
BMT150874630,,
BMT988378B,,
BMT988357B,,
BMT172026859,,
BMT988378B,,
BMT988413B,,
BMT172026859,,
BMT170557061,,
BMT170557062,,
BMT164449481,,
BMT6959630B,,
BMT6959630B,,
BMT6959651B,,
BMT6959651B,,
BMT6959672B,,
BMT6959672B,,
BMT6959693B,,
BMT6959693B,,
BMT6959728B,,
BMT6959728B,,
BMT164449482,,
BMT164449482,,
BMT6959805B,,
BMT6959805B,,
BMT6959826B,,
BMT6959826B,,
BMT164449483,,
BMT1979725B,,
BMT6961254B,,
BMT6961254B,,
BMT6961282B,,
BMT6961282B,,
BMT6961289B,,
BMT6961289B,,
BMT6961310B,,
BMT6961310B,,
BMT6961317B,,
BMT6961317B,,
BMT166240202,,
BMT166240202,,
BMT6962038B,,
BMT6962038B,,
BMT6962066B,,
BMT6962066B,,
BMT6962080B,,
BMT6962080B,,
BMT6962087B,,
BMT6962087B,,
BMT6962101B,,
BMT6962101B,,
BMT166240204,,
BMT166240204,,
BMT6962332B,,
BMT6962332B,,
BMT166240205,,
BMT166240205,,
BMT166240216,,
BMT166240204,,
BMT6962381B,,
BMT6962381B,,
BMT1979753B,,
BMT1979753B,,
BMT6962416B,,
BMT6962416B,,
BMT6962423B,,
BMT6962423B,,
BMT166240206,,
BMT1979774B,,
BMT6962780B,,
BMT6962780B,,
BMT6962787B,,
BMT6962787B,,
BMT6962801B,,
BMT6962801B,,
BMT6962808B,,
BMT6962808B,,
BMT6962836B,,
BMT6962836B,,
BMT166240208,,
BMT166240208,,
BMT6962864B,,
BMT6962864B,,
BMT166240210,,
BMT166240209,,
BMT6967435B,,
BMT6967435B,,
BMT126913273,,
BMT126913273,,
BMT6967463B,,
BMT6967463B,,
BMT6967470B,,
BMT6967470B,,
BMT6967477B,,
BMT6967477B,,
BMT1979816B,,
BMT1979816B,,
BMT6967491B,,
BMT6967491B,,
BMT6967505B,,
BMT6967505B,,
BMT6967526B,,
BMT6967526B,,
BMT6967547B,,
BMT6967547B,,
BMT6967561B,,
BMT6967561B,,
BMT6967575B,,
BMT6967575B,,
BMT166240212,,
BMT166240212,,
BMT6967596B,,
BMT6967596B,,
BMT1979823B,,
BMT1979823B,,
BMT6967736B,,
BMT6967736B,,
BMT6967813B,,
BMT6967813B,,
BMT126913280,,
BMT126913280,,
BMT6967834B,,
BMT6967834B,,
BMT166240214,,
BMT144435428,,
BMT6967918B,,
BMT6967918B,,
BMT6967925B,,
BMT6967925B,,
BMT6967946B,,
BMT6967946B,,
BMT144435435,,
BMT144435435,,
BMT6968051B,,
BMT6968051B,,
BMT6968065B,,
BMT6968065B,,
BMT6968072B,,
BMT6968072B,,
BMT6968079B,,
BMT6968079B,,
BMT1979865B,,
BMT1979865B,,
BMT6968093B,,
BMT6968093B,,
BMT6968100B,,
BMT6968100B,,
BMT6968107B,,
BMT6968107B,,
BMT6968114B,,
BMT6968114B,,
BMT144435449,,
BMT144435449,,
BMT126913350,,
BMT126913350,,
BMT6968310B,,
BMT6968310B,,
BMT144435463,,
BMT6860307B,,
BMT6968408B,,
BMT6968408B,,
BMT6968401B,,
BMT6968401B,,
BMT6968555B,,
BMT6968555B,,
BMT171501738,,
BMT126911894,,
BMT6968590B,,
BMT6968590B,,
BMT6968611B,,
BMT6968611B,,
BMT6968639B,,
BMT6968639B,,
BMT6968660B,,
BMT6968660B,,
BMT6968681B,,
BMT6968681B,,
BMT6968702B,,
BMT6968702B,,
BMT171501740,,
BMT171501740,,
BMT6969465B,,
BMT6969465B,,
BMT6969486B,,
BMT6969486B,,
BMT126911915,,
BMT159241832,,
BMT6969542B,,
BMT6969542B,,
BMT159241833,,
BMT159241833,,
BMT159241834,,
BMT159241837,,
BMT6969962B,,
BMT6969962B,,
BMT6969969B,,
BMT6969969B,,
BMT6969976B,,
BMT6969976B,,
BMT6969983B,,
BMT6969983B,,
BMT6969997B,,
BMT6969997B,,
BMT6970004B,,
BMT6970004B,,
BMT6970018B,,
BMT6975380B,,
BMT1979956B,,
BMT135505479,,
BMT6975975B,,
BMT6975975B,,
BMT126912097,,
BMT126912097,,
BMT6976080B,,
BMT6976080B,,
BMT1980005B,,
BMT163458874,,
BMT6976332B,,
BMT6976332B,,
BMT6976353B,,
BMT6976353B,,
BMT1979585B,,
BMT2331664B,,
BMT6976745B,,
BMT6976745B,,
BMT6976759B,,
BMT6976759B,,
BMT6976773B,,
BMT6976773B,,
BMT163458876,,
BMT163458876,,
BMT1979571B,,
BMT1979571B,,
BMT6976815B,,
BMT6976815B,,
BMT6976829B,,
BMT6976829B,,
BMT1979550B,,
BMT1979550B,,
BMT6976843B,,
BMT6976843B,,
BMT6976857B,,
BMT6976857B,,
BMT135436158,,
BMT135503743,,
BMT6977172B,,
BMT6977172B,,
BMT6977186B,,
BMT6977186B,,
BMT6977193B,,
BMT6977193B,,
BMT6977207B,,
BMT6977207B,,
BMT1979557B,,
BMT1979557B,,
BMT6977235B,,
BMT6977235B,,
BMT6977256B,,
BMT6977256B,,
BMT6977270B,,
BMT6977270B,,
BMT135503750,,
BMT126912461,,
BMT7097593B,,
BMT7097593B,,
BMT7097600B,,
BMT7097600B,,
BMT7097614B,,
BMT7097614B,,
BMT7097621B,,
BMT7097621B,,
BMT7097642B,,
BMT7097642B,,
BMT7097656B,,
BMT7097656B,,
BMT7097663B,,
BMT7097663B,,
BMT7097684B,,
BMT7097684B,,
BMT7097691B,,
BMT7097691B,,
BMT126912468,,
BMT126912622,,
BMT7097712B,,
BMT7097712B,,
BMT7097740B,,
BMT7097740B,,
BMT7097761B,,
BMT7097761B,,
BMT7097768B,,
BMT7097768B,,
BMT7097789B,,
BMT7097789B,,
BMT7097796B,,
BMT7097796B,,
BMT7097810B,,
BMT7097810B,,
BMT7097817B,,
BMT7097817B,,
BMT126912629,,
BMT1979445B,,
BMT7098335B,,
BMT7098335B,,
BMT7098342B,,
BMT7098342B,,
BMT7098356B,,
BMT7098356B,,
BMT126912643,,
BMT126912657,,
BMT7098391B,,
BMT7098391B,,
BMT7098398B,,
BMT7098398B,,
BMT7098405B,,
BMT7098405B,,
BMT7098412B,,
BMT7098412B,,
BMT7098419B,,
BMT7098419B,,
BMT7098426B,,
BMT7098426B,,
BMT126912664,,
BMT164999043,,
BMT7099399B,,
BMT7099399B,,
BMT7099413B,,
BMT7099413B,,
BMT7099434B,,
BMT7099434B,,
BMT7099441B,,
BMT7099441B,,
BMT7099455B,,
BMT7099455B,,
BMT7099469B,,
BMT7099469B,,
BMT164999044,,
BMT164999044,,
BMT7099490B,,
BMT7099490B,,
BMT7099511B,,
BMT7099511B,,
BMT7099518B,,
BMT7099518B,,
BMT164999045,,
BMT164999044,,
BMT7100127B,,
BMT7100127B,,
BMT164999046,,
BMT164999046,,
BMT5478213B,,
BMT5478213B,,
BMT164999048,,
BMT164999047,,
BMT7100267B,,
BMT7100267B,,
BMT164999050,,
BMT164999050,,
BMT7100274B,,
BMT7100274B,,
BMT164999051,,
BMT1979417B,,
BMT164999053,,
BMT164999053,,
BMT1979424B,,
BMT1979424B,,
BMT7100526B,,
BMT7100526B,,
BMT149402568,,
BMT149402570,,
BMT7100533B,,
BMT7100533B,,
BMT7100540B,,
BMT7100540B,,
BMT149402571,,
BMT149402571,,
BMT149402572,,
BMT126912475,,
BMT7100582B,,
BMT7100582B,,
BMT7100589B,,
BMT7100589B,,
BMT7100596B,,
BMT7100596B,,
BMT7100603B,,
BMT7100603B,,
BMT7100610B,,
BMT7100610B,,
BMT7100624B,,
BMT7100624B,,
BMT7100631B,,
BMT7100631B,,
BMT126912482,,
BMT126912517,,
BMT7101569B,,
BMT7101569B,,
BMT7101576B,,
BMT7101576B,,
BMT7101583B,,
BMT7101583B,,
BMT7101590B,,
BMT7101590B,,
BMT7101597B,,
BMT7101597B,,
BMT7101604B,,
BMT7101604B,,
BMT7101611B,,
BMT7101611B,,
BMT1979368B,,
BMT1979368B,,
BMT7101639B,,
BMT7101639B,,
BMT126912524,,
BMT126912482,,
BMT7101702B,,
BMT7101702B,,
BMT7101709B,,
BMT7101709B,,
BMT126912489,,
BMT126912489,,
BMT7101744B,,
BMT7101744B,,
BMT126912496,,
BMT126912503,,
BMT7101779B,,
BMT7101779B,,
BMT7101786B,,
BMT7101786B,,
BMT7101800B,,
BMT7101800B,,
BMT7101807B,,
BMT7101807B,,
BMT1979389B,,
BMT1979389B,,
BMT7101814B,,
BMT999648B,,
BMT999186B,,
BMT150188552,,
BMT999648B,,
BMT150188552,,
BMT150188554,,
BMT150188554,,
BMT999683B,,
BMT999683B,,
BMT150188555,,
BMT150188555,,
BMT999697B,,
BMT150188555,,
BMT999711B,,
BMT999697B,,
BMT999704B,,
BMT999704B,,
BMT150188556,,
BMT999753B,,
BMT999767B,,
BMT999767B,,
BMT161623351,,
BMT161623351,,
BMT161623352,,
BMT161623351,,
BMT999837B,,
BMT999837B,,
BMT161623353,,
BMT161623353,,
BMT999851B,,
BMT161623353,,
BMT999858B,,
BMT999851B,,
BMT1000019B,,
BMT999858B,,
BMT161623355,,
BMT999935B,,
BMT161623357,,
BMT999942B,,
BMT161623358,,
BMT161623356,,
BMT999935B,,
BMT161623356,,
BMT999942B,,
BMT999956B,,
BMT161623356,,
BMT999963B,,
BMT999956B,,
BMT1000005B,,
BMT999963B,,
BMT161623354,,
BMT1000005B,,
BMT1000019B,,
BMT161623354,,
BMT1000110B,,
BMT999711B,,
BMT1000124B,,
BMT1000110B,,
BMT1000124B,,
BMT150188557,,
BMT1000173B,,
BMT171184382,,
BMT171184380,,
BMT1000369B,,
BMT1000369B,,
BMT171184381,,
BMT171184381,,
BMT1000383B,,
BMT171184381,,
BMT1000397B,,
BMT1000383B,,
BMT1000390B,,
BMT1000390B,,
BMT1000173B,,
BMT1000397B,,
BMT171184383,,
BMT171184383,,
BMT171184384,,
BMT171184384,,
BMT1000432B,,
BMT171184384,,
BMT1000439B,,
BMT1000432B,,
BMT171184385,,
BMT1000439B,,
BMT1000446B,,
BMT1000446B,,
BMT1000460B,,
BMT1000453B,,
BMT126914484,,
BMT1000460B,,
BMT1000453B,,
BMT1060639B,,
BMT126911425,,
BMT1061262B,,
BMT1061276B,,
BMT1061276B,,
BMT152264321,,
BMT144435449,,
BMT7609321B,,
BMT7609321B,,
BMT7609328B,,
BMT7609328B,,
BMT7609335B,,
BMT7609335B,,
BMT7609342B,,
BMT7609342B,,
BMT7609349B,,
BMT7609349B,,
BMT7609363B,,
BMT7609363B,,
BMT7609370B,,
BMT7609370B,,
BMT144435456,,
BMT986411B,,
BMT986418B,,
BMT986418B,,
BMT986432B,,
BMT986425B,,
BMT150886752,,
BMT986432B,,
BMT986439B,,
BMT986439B,,
BMT994811B,,
BMT126913756,,
BMT987188B,,
BMT987188B,,
BMT987174B,,
BMT987174B,,
BMT987139B,,
BMT987139B,,
BMT5906186B,,
BMT5906186B,,
BMT5906200B,,
BMT5906200B,,
BMT5906214B,,
BMT172027328,,
BMT987762B,,
BMT987762B,,
BMT987748B,,
BMT987748B,,
BMT5905997B,,
BMT5905997B,,
BMT172027329,,
BMT5906214B,,
BMT5907635B,,
BMT5907635B,,
BMT126913770,,
BMT171501717,,
BMT126911726,,
BMT1053317B,,
BMT171501717,,
BMT1053324B,,
BMT1053317B,,
BMT1053331B,,
BMT1053324B,,
BMT126911726,,
BMT171501718,,
BMT170557150,,
BMT170557151,,
BMT126911740,,
BMT1053352B,,
BMT170557114,,
BMT170557115,,
BMT1053352B,,
BMT171501724,,
BMT171501724,,
BMT126911775,,
BMT126911775,,
BMT171501725,,
BMT160091972,,
BMT160091973,,
BMT171501725,,
BMT171501726,,
BMT171501725,,
BMT171501727,,
BMT172026855,,
BMT935045B,,
BMT172026854,,
BMT172026855,,
BMT172026854,,
BMT172026856,,
BMT1053646B,,
BMT172026853,,
BMT1053660B,,
BMT1053646B,,
BMT172026853,,
BMT1053639B,,
BMT160446728,,
BMT59276452,,
BMT2745210B,,
BMT164177546,,
BMT164177546,,
BMT164177547,,
BMT164177547,,
BMT6958307B,,
BMT6958307B,,
BMT164177548,,
BMT164177547,,
BMT6958349B,,
BMT6958349B,,
BMT6958370B,,
BMT6958370B,,
BMT164177549,,
BMT164449483,,
BMT6959875B,,
BMT6959875B,,
BMT1979704B,,
BMT1979501B,,
BMT126911999,,
BMT163088121,,
BMT163088122,,
BMT163088122,,
BMT1068990B,,
BMT171501736,,
BMT126911859,,
BMT126911915,,
BMT1979627B,,
BMT171501714,,
BMT7412950B,,
BMT7412950B,,
BMT7412971B,,
BMT7412971B,,
BMT171501715,,
BMT171501715,,
BMT171501716,,
BMT150874630,,
BMT990555B,,
BMT990555B,,
BMT150874632,,
BMT150874631,,
BMT990604B,,
BMT990604B,,
BMT150874634,,
BMT159241833,,
BMT159241835,,
BMT165393600,,
BMT165393601,,
BMT164211401,,
BMT7817977B,,
BMT7817977B,,
BMT7818061B,,
BMT7818061B,,
BMT8608515B,,
BMT8608515B,,
BMT8644740B,,
BMT8644740B,,
BMT8644747B,,
BMT8644747B,,
BMT164211404,,
BMT6970018B,,
BMT6970025B,,
BMT6970025B,,
BMT6970039B,,
BMT6970039B,,
BMT126912811,,
BMT135534263,,
BMT6970228B,,
BMT6970228B,,
BMT1979935B,,
BMT1979935B,,
BMT6970256B,,
BMT6970256B,,
BMT6970270B,,
BMT6970270B,,
BMT6970305B,,
BMT6970305B,,
BMT6970319B,,
BMT6970319B,,
BMT6970340B,,
BMT6970340B,,
BMT126912825,,
BMT126912825,,
BMT6970788B,,
BMT6970788B,,
BMT135534270,,
BMT135534270,,
BMT6970802B,,
BMT6970802B,,
BMT6970809B,,
BMT6970809B,,
BMT6970823B,,
BMT6970823B,,
BMT6970830B,,
BMT6970830B,,
BMT6970844B,,
BMT6970844B,,
BMT6970851B,,
BMT6970851B,,
BMT126912839,,
BMT2826662B,,
BMT2826648B,,
BMT144435463,,
BMT6772975B,,
BMT6772975B,,
BMT6773080B,,
BMT6773080B,,
BMT6773087B,,
BMT6773087B,,
BMT6773101B,,
BMT6773101B,,
BMT6773122B,,
BMT6773122B,,
BMT6773164B,,
BMT6773164B,,
BMT6773171B,,
BMT6773171B,,
BMT144435470,,
BMT144435470,,
BMT6773192B,,
BMT6773192B,,
BMT144435477,,
BMT7101814B,,
BMT126912510,,
BMT2328682B,,
BMT163458872,,
BMT163458872,,
BMT163458874,,
BMT135505472,,
BMT135505479,,
BMT135505451,,
BMT135505465,,
BMT1979585B,,
BMT163458875,,
BMT163458875,,
BMT2331664B,,
BMT164211397,,
BMT7817942B,,
BMT7817942B,,
BMT164211399,,
BMT164211399,,
BMT7817956B,,
BMT7817956B,,
BMT7817963B,,
BMT7817963B,,
BMT164211401,,
BMT171221981,,
BMT171221983,,
BMT135534270,,
BMT135534277,,
BMT126912454,,
BMT7395282B,,
BMT7395282B,,
BMT7395303B,,
BMT7395303B,,
BMT7395359B,,
BMT7395359B,,
BMT7395387B,,
BMT7395387B,,
BMT7395394B,,
BMT7395394B,,
BMT126912461,,
BMT171501731,,
BMT171501730,,
BMT171501726,,
BMT171501656,,
BMT6853692B,,
BMT6853755B,,
BMT171501736,,
BMT6853790B,,
BMT6853755B,,
BMT6853790B,,
BMT6853580B,,
BMT6853643B,,
BMT126911859,,
BMT6860307B,,
BMT150874625,,
BMT150874626,,
BMT150874628,,
BMT150874629,,
BMT126912671,,
BMT7395562B,,
BMT7395562B,,
BMT7395569B,,
BMT7395569B,,
BMT1979319B,,
BMT126912412,,
BMT126912426,,
BMT126912426,,
BMT126912433,,
BMT126912426,,
BMT7396255B,,
BMT7396255B,,
BMT7396269B,,
BMT7396269B,,
BMT7396283B,,
BMT7396283B,,
BMT126912440,,
BMT990674B,,
BMT989610B,,
BMT990681B,,
BMT126911040,,
BMT126913784,,
BMT990674B,,
BMT150190680,,
BMT990681B,,
BMT126913777,,
BMT126913784,,
BMT126911019,,
BMT150190680,,
BMT126911019,,
BMT150190681,,
BMT990730B,,
BMT126911019,,
BMT150190679,,
BMT990730B,,
BMT990758B,,
BMT150190679,,
BMT990779B,,
BMT990758B,,
BMT990786B,,
BMT990779B,,
BMT990800B,,
BMT990786B,,
BMT135436158,,
BMT6995841B,,
BMT6995841B,,
BMT6995848B,,
BMT6995848B,,
BMT1979536B,,
BMT1979536B,,
BMT6995862B,,
BMT6995862B,,
BMT6995869B,,
BMT6995869B,,
BMT6995876B,,
BMT6995876B,,
BMT126911985,,
BMT126912748,,
BMT6995960B,,
BMT6995960B,,
BMT6995988B,,
BMT6995988B,,
BMT126912755,,
BMT126912755,,
BMT6996009B,,
BMT6996009B,,
BMT6996016B,,
BMT6996016B,,
BMT6996037B,,
BMT6996037B,,
BMT1980033B,,
BMT1980033B,,
BMT6996065B,,
BMT6996065B,,
BMT126912769,,
BMT126911985,,
BMT6996100B,,
BMT6996100B,,
BMT6996107B,,
BMT6996107B,,
BMT6996114B,,
BMT6996114B,,
BMT126911992,,
BMT135503330,,
BMT6996352B,,
BMT6996352B,,
BMT1980054B,,
BMT126911992,,
BMT6996415B,,
BMT6996415B,,
BMT6996422B,,
BMT6996422B,,
BMT1979501B,,
BMT6974624B,,
BMT8323923B,,
BMT6974631B,,
BMT8323923B,,
BMT6974631B,,
BMT8324000B,,
BMT8324000B,,
BMT163458871,,
BMT163458870,,
BMT8324007B,,
BMT6974624B,,
BMT8324007B,,
BMT126911929,,
BMT163458870,,
BMT126911530,,
BMT172027317,,
BMT172027314,,
BMT172027315,,
BMT172027318,,
BMT126911544,,
BMT172027318,,
BMT126911530,,
BMT172027318,,
BMT172027319,,
BMT148938059,,
BMT7121967B,,
BMT7121967B,,
BMT148938060,,
BMT148938060,,
BMT148938061,,
BMT156625255,,
BMT8579381B,,
BMT8579381B,,
BMT8579388B,,
BMT8579388B,,
BMT8579395B,,
BMT165393601,,
BMT165393602,,
BMT172027315,,
BMT172027316,,
