BMT172530519,,
BMT6954054B,,
BMT6954054B,,
BMT6954061B,,
BMT6954061B,,
BMT6954075B,,
BMT6954075B,,
BMT6954082B,,
BMT6954082B,,
BMT6954089B,,
BMT6954089B,,
BMT172530523,,
BMT167714929,,
BMT7489617B,,
BMT7489617B,,
BMT170969957,,
BMT169507107,,
BMT7959548B,,
BMT7959548B,,
BMT169507110,,
BMT169507112,,
BMT7959555B,,
BMT7959555B,,
BMT169507114,,
BMT169507121,,
BMT7960591B,,
BMT7960591B,,
BMT169507124,,
BMT169507125,,
BMT169507128,,
BMT169507128,,
BMT7961116B,,
BMT7961116B,,
BMT167715094,,
BMT169507130,,
BMT7961123B,,
BMT7961123B,,
BMT7961130B,,
BMT7961130B,,
BMT167715097,,
BMT169507133,,
BMT7961158B,,
BMT7961158B,,
BMT169507137,,
BMT169507141,,
BMT169507142,,
BMT169507141,,
BMT169507143,,
BMT169507143,,
BMT7962544B,,
BMT7962544B,,
BMT7962551B,,
BMT7962551B,,
BMT7962558B,,
BMT7962558B,,
BMT7962565B,,
BMT7962565B,,
BMT169507144,,
BMT169507144,,
BMT7962572B,,
BMT7962572B,,
BMT7962579B,,
BMT7962579B,,
BMT7962586B,,
BMT7962586B,,
BMT169507147,,
BMT169507143,,
BMT169507145,,
BMT169507147,,
BMT7962593B,,
BMT7962593B,,
BMT169507149,,
BMT2502201B,,
BMT7962600B,,
BMT7962600B,,
BMT169507150,,
BMT2502236B,,
BMT7963979B,,
BMT7963979B,,
BMT7964007B,,
BMT7964007B,,
BMT7964014B,,
BMT7964014B,,
BMT7964021B,,
BMT7964021B,,
BMT7964028B,,
BMT7964028B,,
BMT2502243B,,
BMT167715128,,
BMT7964035B,,
BMT7964035B,,
BMT167715130,,
BMT167715130,,
BMT7964042B,,
BMT7964042B,,
BMT7964056B,,
BMT7964056B,,
BMT167715132,,
BMT5645859B,,
BMT7964378B,,
BMT7964378B,,
BMT2505470B,,
BMT171724129,,
BMT5648106B,,
BMT5648106B,,
BMT171724131,,
BMT167715833,,
BMT167715835,,
BMT167714222,,
BMT8998640B,,
BMT167714876,,
BMT6041765B,,
BMT6041765B,,
BMT6041772B,,
BMT6041772B,,
BMT6041779B,,
BMT6041779B,,
BMT6041786B,,
BMT6041786B,,
BMT6041793B,,
BMT6041793B,,
BMT6041807B,,
BMT6041807B,,
BMT167714877,,
BMT167714877,,
BMT167714879,,
BMT167714877,,
BMT6546129B,,
BMT172398435,,
BMT172398436,,
BMT6356926B,,
BMT168952475,,
BMT167714885,,
BMT167714886,,
BMT167714886,,
BMT6874219B,,
BMT6874219B,,
BMT167714887,,
BMT167714886,,
BMT167714888,,
BMT167715904,,
BMT167715906,,
BMT167715671,,
BMT7354958B,,
BMT7354958B,,
BMT7354965B,,
BMT7354965B,,
BMT7358094B,,
BMT7358094B,,
BMT167715673,,
BMT171724132,,
BMT3547315B,,
BMT3547315B,,
BMT7890535B,,
BMT7890535B,,
BMT3547322B,,
BMT3547322B,,
BMT3547343B,,
BMT3547343B,,
BMT171724133,,
BMT7849508B,,
BMT1137579B,,
BMT2503783B,,
BMT8735876B,,
BMT5600709B,,
BMT8735876B,,
BMT167714223,,
BMT8856401B,,
BMT8856401B,,
BMT167714226,,
BMT5614310B,,
BMT167714202,,
BMT171724127,,
BMT9087139B,,
BMT1141114B,,
BMT167716033,,
BMT167716033,,
BMT1141128B,,
BMT167716162,,
BMT167716163,,
BMT167714568,,
BMT167714570,,
BMT167715933,,
BMT167715934,,
BMT167715934,,
BMT9195581B,,
BMT9195581B,,
BMT9195579B,,
BMT9195579B,,
BMT9195582B,,
BMT9195582B,,
BMT9195584B,,
BMT9195584B,,
BMT9195585B,,
BMT9195585B,,
BMT167715935,,
BMT170668797,,
BMT170668799,,
BMT170668799,,
BMT5647266B,,
BMT170668882,,
BMT170668883,,
BMT170668883,,
BMT9195796B,,
BMT9195796B,,
BMT170668884,,
BMT168377629,,
BMT168377631,,
BMT6536420B,,
BMT168440245,,
BMT168440245,,
BMT168440246,,
BMT168440245,,
BMT9271418B,,
BMT9271418B,,
BMT9271419B,,
BMT9271419B,,
BMT9271420B,,
BMT9271420B,,
BMT9271421B,,
BMT9271421B,,
BMT168440247,,
BMT167715304,,
BMT5633434B,,
BMT167715304,,
BMT167715306,,
BMT6541803B,,
BMT6541810B,,
BMT6541810B,,
BMT6541817B,,
BMT6541817B,,
BMT167715743,,
BMT6542510B,,
BMT6542517B,,
BMT6542517B,,
BMT167714868,,
BMT6542545B,,
BMT167714593,,
BMT6546129B,,
BMT6546136B,,
BMT6546136B,,
BMT167714880,,
BMT167715172,,
BMT167715174,,
BMT167715460,,
BMT167715462,,
BMT167715858,,
BMT167715860,,
BMT167714446,,
BMT167714447,,
BMT167714447,,
BMT167714448,,
BMT167714447,,
BMT167714449,,
BMT167715426,,
BMT167715429,,
BMT167715425,,
BMT167715427,,
BMT167716127,,
BMT167716130,,
BMT167716130,,
BMT7544371B,,
BMT7544371B,,
BMT7544378B,,
BMT7544378B,,
BMT7544385B,,
BMT7544385B,,
BMT167716131,,
BMT167716130,,
BMT167716132,,
BMT167714214,,
BMT167714215,,
BMT167714215,,
BMT2477064B,,
BMT1138279B,,
BMT167715985,,
BMT1138286B,,
BMT167715988,,
BMT167715984,,
BMT7752572B,,
BMT7752572B,,
BMT1138188B,,
BMT1138188B,,
BMT1138202B,,
BMT1138202B,,
BMT1138195B,,
BMT1138195B,,
BMT167715986,,
BMT168515661,,
BMT168515663,,
BMT167715331,,
BMT168536077,,
BMT168536077,,
BMT168536078,,
BMT168536077,,
BMT9274347B,,
BMT9274347B,,
BMT168536079,,
BMT169655587,,
BMT169655590,,
BMT169655590,,
BMT169655591,,
BMT169655590,,
BMT169655592,,
BMT170755451,,
BMT170755453,,
BMT170755453,,
BMT4685207B,,
BMT170755453,,
BMT170755454,,
BMT170812623,,
BMT9340658B,,
BMT9340658B,,
BMT170812625,,
BMT172652205,,
BMT172652209,,
BMT172652209,,
BMT172652210,,
BMT9385981B,,
BMT173260585,,
BMT173260585,,
BMT9385982B,,
BMT173260585,,
BMT173260588,,
BMT167716054,,
BMT1144509B,,
BMT167716054,,
BMT167716058,,
BMT1144523B,,
BMT167716056,,
BMT167716057,,
BMT167716063,,
BMT8998640B,,
BMT8998637B,,
BMT8998637B,,
BMT8998641B,,
BMT8998641B,,
BMT167714224,,
BMT171724151,,
BMT3547511B,,
BMT3547511B,,
BMT171724153,,
BMT167715878,,
BMT167715896,,
BMT167715896,,
BMT167715897,,
BMT167715896,,
BMT167715898,,
BMT167715680,,
BMT9223956B,,
BMT9223956B,,
BMT167715683,,
BMT172652205,,
BMT172652208,,
BMT173260583,,
BMT173260586,,
BMT172797415,,
BMT172797416,,
BMT172797416,,
BMT8724803B,,
BMT172797416,,
BMT172797418,,
BMT167716183,,
BMT1137551B,,
BMT167715979,,
BMT1137698B,,
BMT1137551B,,
BMT167716184,,
BMT1137698B,,
BMT1137705B,,
BMT1137705B,,
BMT167715980,,
BMT167715980,,
BMT1137733B,,
BMT1137733B,,
BMT1137740B,,
BMT1137740B,,
BMT167715981,,
BMT167715982,,
BMT1137838B,,
BMT1137838B,,
BMT1137845B,,
BMT1137845B,,
BMT167715983,,
BMT167715983,,
BMT1137859B,,
BMT1137859B,,
BMT1137866B,,
BMT1137866B,,
BMT1137873B,,
BMT1137873B,,
BMT167715984,,
BMT1137880B,,
BMT1138279B,,
BMT1137943B,,
BMT167716182,,
BMT1137950B,,
BMT1137943B,,
BMT167716181,,
BMT1137950B,,
BMT1138223B,,
BMT167716181,,
BMT167716180,,
BMT1138223B,,
BMT1138237B,,
BMT167716180,,
BMT167716176,,
BMT167716177,,
BMT167716176,,
BMT167716178,,
BMT167716179,,
BMT1138237B,,
BMT1138286B,,
BMT167715989,,
BMT167715989,,
BMT167715990,,
BMT167715991,,
BMT1138307B,,
BMT1138307B,,
BMT167715992,,
BMT1138314B,,
BMT167716176,,
BMT167716175,,
BMT1138314B,,
BMT167716174,,
BMT167716175,,
BMT167715992,,
BMT1138335B,,
BMT1138335B,,
BMT1138811B,,
BMT1138524B,,
BMT167715998,,
BMT1138531B,,
BMT1138524B,,
BMT1138538B,,
BMT1138531B,,
BMT1138545B,,
BMT1138538B,,
BMT1138811B,,
BMT167715993,,
BMT167715993,,
BMT167715994,,
BMT168377629,,
BMT168377630,,
BMT168377629,,
BMT6478537B,,
BMT6478537B,,
BMT167715669,,
BMT167715670,,
BMT167715671,,
BMT167715671,,
BMT167715672,,
BMT173104497,,
BMT1144600B,,
BMT1144600B,,
BMT173104498,,
BMT167715881,,
BMT167715884,,
BMT167714442,,
BMT167714445,,
BMT167715557,,
BMT167715559,,
BMT167715559,,
BMT167715560,,
BMT167715559,,
BMT167715561,,
BMT167714352,,
BMT167714354,,
BMT167715715,,
BMT167715716,,
BMT167715716,,
BMT167715717,,
BMT167715716,,
BMT167715718,,
BMT167715548,,
BMT167715551,,
BMT5597951B,,
BMT167715551,,
BMT167716126,,
BMT7786732B,,
BMT1146931B,,
BMT7786732B,,
BMT167714964,,
BMT167714967,,
BMT167714967,,
BMT167714968,,
BMT167716136,,
BMT167716137,,
BMT167716120,,
BMT167716122,,
BMT167714248,,
BMT167714249,,
BMT167715985,,
BMT167715987,,
BMT2505589B,,
BMT167714542,,
BMT167714542,,
BMT5645747B,,
BMT167714571,,
BMT167714572,,
BMT167714288,,
BMT9181086B,,
BMT9181086B,,
BMT9181094B,,
BMT9181094B,,
BMT167714290,,
BMT168953576,,
BMT168953577,,
BMT168953577,,
BMT168953578,,
BMT168953577,,
BMT9286386B,,
BMT9286386B,,
BMT168953579,,
BMT169828037,,
BMT169828040,,
BMT172530502,,
BMT9384205B,,
BMT9384205B,,
BMT9384206B,,
BMT9384206B,,
BMT9384207B,,
BMT9384207B,,
BMT9384208B,,
BMT9384208B,,
BMT9384209B,,
BMT9384209B,,
BMT9384210B,,
BMT9384210B,,
BMT9384211B,,
BMT9384211B,,
BMT9384212B,,
BMT9384212B,,
BMT172530504,,
BMT2502593B,,
BMT173260582,,
BMT173260582,,
BMT9385977B,,
BMT9385977B,,
BMT9385978B,,
BMT9385978B,,
BMT173260583,,
BMT173260583,,
BMT9385981B,,
BMT9385982B,,
BMT173260587,,
BMT173260582,,
BMT173260584,,
BMT1136095B,,
BMT171724154,,
BMT1136102B,,
BMT1136095B,,
BMT6566758B,,
BMT167715399,,
BMT167715250,,
BMT167715252,,
BMT167715252,,
BMT167715253,,
BMT167715253,,
BMT6962356B,,
BMT6962356B,,
BMT6962363B,,
BMT6962363B,,
BMT167715255,,
BMT167715252,,
BMT167715254,,
BMT167715253,,
BMT167715256,,
BMT167715289,,
BMT167715291,,
BMT1137572B,,
BMT7849508B,,
BMT7849508B,,
BMT3560762B,,
BMT7849508B,,
BMT1137586B,,
BMT1137586B,,
BMT1137593B,,
BMT1137593B,,
BMT1137600B,,
BMT1137600B,,
BMT1137607B,,
BMT1137607B,,
BMT1137614B,,
BMT167715267,,
BMT167715268,,
BMT167715267,,
BMT167715269,,
BMT167715526,,
BMT167715527,,
BMT167715527,,
BMT167715528,,
BMT167715527,,
BMT167715529,,
BMT167714219,,
BMT9153138B,,
BMT9153138B,,
BMT167714220,,
BMT167715616,,
BMT167715618,,
BMT169229276,,
BMT9294336B,,
BMT9294336B,,
BMT9294330B,,
BMT9294330B,,
BMT9294331B,,
BMT9294331B,,
BMT169229278,,
BMT171558790,,
BMT171558791,,
BMT167716031,,
BMT167716032,,
BMT167716032,,
BMT1141093B,,
BMT1141093B,,
BMT1141107B,,
BMT1141107B,,
BMT1141114B,,
BMT167716163,,
BMT1141716B,,
BMT1141128B,,
BMT1141912B,,
BMT1141135B,,
BMT167716169,,
BMT1141191B,,
BMT170613192,,
BMT170613192,,
BMT1141205B,,
BMT170613192,,
BMT167716009,,
BMT1141205B,,
BMT1141212B,,
BMT1141212B,,
BMT170613193,,
BMT167716010,,
BMT1141233B,,
BMT1141233B,,
BMT167716011,,
BMT167716011,,
BMT1141247B,,
BMT1141247B,,
BMT1141254B,,
BMT1141254B,,
BMT1141275B,,
BMT1141275B,,
BMT1141282B,,
BMT1141282B,,
BMT1141975B,,
BMT1141569B,,
BMT167716165,,
BMT1141576B,,
BMT1141569B,,
BMT1141716B,,
BMT1141730B,,
BMT1141730B,,
BMT167716164,,
BMT167716164,,
BMT1141744B,,
BMT1141744B,,
BMT1141576B,,
BMT1141870B,,
BMT167716104,,
BMT167715993,,
BMT1138846B,,
BMT167715994,,
BMT1138545B,,
BMT167715994,,
BMT1139252B,,
BMT1138846B,,
BMT167715995,,
BMT167715995,,
BMT1138860B,,
BMT1138860B,,
BMT167715996,,
BMT167715996,,
BMT1138874B,,
BMT167716170,,
BMT1138881B,,
BMT1138874B,,
BMT1139329B,,
BMT1138881B,,
BMT4675792B,,
BMT1138958B,,
BMT167716018,,
BMT1138965B,,
BMT1138958B,,
BMT1138972B,,
BMT1138965B,,
BMT1139252B,,
BMT167715999,,
BMT167716000,,
BMT1139266B,,
BMT1139266B,,
BMT1139273B,,
BMT1139273B,,
BMT1139280B,,
BMT1139280B,,
BMT1139287B,,
BMT1139287B,,
BMT167716001,,
BMT167716001,,
BMT1139301B,,
BMT1139301B,,
BMT1139308B,,
BMT1139308B,,
BMT1139315B,,
BMT1139315B,,
BMT1139322B,,
BMT1139322B,,
BMT167716002,,
BMT1139329B,,
BMT167715997,,
BMT167716016,,
BMT167716017,,
BMT167716017,,
BMT1138972B,,
BMT167716017,,
BMT1139364B,,
BMT167716017,,
BMT1139371B,,
BMT1139364B,,
BMT167716019,,
BMT167716019,,
BMT1139399B,,
BMT1139399B,,
BMT1139406B,,
BMT1139406B,,
BMT1139658B,,
BMT1139658B,,
BMT167716020,,
BMT167716020,,
BMT1139707B,,
BMT1139707B,,
BMT167716021,,
BMT167716022,,
BMT1139742B,,
BMT1139742B,,
BMT1139749B,,
BMT1139749B,,
BMT1139756B,,
BMT1139756B,,
BMT167716023,,
BMT1139798B,,
BMT1139805B,,
BMT1139805B,,
BMT1139812B,,
BMT1139812B,,
BMT167716015,,
BMT167716024,,
BMT167716029,,
BMT167716024,,
BMT1233843B,,
BMT1140071B,,
BMT167716024,,
BMT167716023,,
BMT1140071B,,
BMT167716023,,
BMT1140386B,,
BMT167716023,,
BMT1140414B,,
BMT1140099B,,
BMT167716172,,
BMT167716172,,
BMT1140113B,,
BMT1140113B,,
BMT167716173,,
BMT167716013,,
BMT167716014,,
BMT167716002,,
BMT1140183B,,
BMT167716014,,
BMT1139798B,,
BMT1141877B,,
BMT1141898B,,
BMT167716104,,
BMT1141877B,,
BMT1141891B,,
BMT1141870B,,
BMT1141898B,,
BMT1142129B,,
BMT1141905B,,
BMT1141891B,,
BMT1141912B,,
BMT167716034,,
BMT167716034,,
BMT1141926B,,
BMT167716034,,
BMT167716036,,
BMT1141926B,,
BMT1141954B,,
BMT167716036,,
BMT1141940B,,
BMT1141940B,,
BMT1141947B,,
BMT1141947B,,
BMT1142430B,,
BMT1141954B,,
BMT167716035,,
BMT1141975B,,
BMT167716012,,
BMT1141996B,,
BMT167716097,,
BMT167716096,,
BMT1141996B,,
BMT1142010B,,
BMT1142024B,,
BMT167716088,,
BMT167716096,,
BMT167716098,,
BMT1142010B,,
BMT1142024B,,
BMT1142353B,,
BMT1142031B,,
BMT167716088,,
BMT1142038B,,
BMT1142031B,,
BMT1142045B,,
BMT1142038B,,
BMT1142052B,,
BMT1142045B,,
BMT1142129B,,
BMT167716105,,
BMT1142220B,,
BMT167716091,,
BMT1142227B,,
BMT1142220B,,
BMT1142234B,,
BMT1142227B,,
BMT1142241B,,
BMT1142234B,,
BMT167716103,,
BMT1142423B,,
BMT1142346B,,
BMT167716100,,
BMT1142353B,,
BMT3642151B,,
BMT167716099,,
BMT1142346B,,
BMT167716099,,
BMT167716101,,
BMT167716101,,
BMT1142395B,,
BMT1142395B,,
BMT1142528B,,
BMT1142423B,,
BMT1141905B,,
BMT1142430B,,
BMT167716037,,
BMT167716037,,
BMT1142444B,,
BMT1142444B,,
BMT1142458B,,
BMT1142458B,,
BMT1142479B,,
BMT1142479B,,
BMT167716038,,
BMT167716039,,
BMT167716040,,
BMT1142528B,,
BMT1142535B,,
BMT1142535B,,
BMT167716102,,
BMT1142612B,,
BMT167716161,,
BMT167716160,,
BMT1142612B,,
BMT1142626B,,
BMT167716160,,
BMT167716159,,
BMT1142626B,,
BMT167716040,,
BMT167716041,,
BMT167716040,,
BMT1143193B,,
BMT1142871B,,
BMT1142052B,,
BMT1142892B,,
BMT1142871B,,
BMT1142927B,,
BMT167716084,,
BMT1142934B,,
BMT1142927B,,
BMT1136109B,,
BMT1136102B,,
BMT1136116B,,
BMT1136109B,,
BMT1136242B,,
BMT1136249B,,
BMT1136249B,,
BMT1136256B,,
BMT1136256B,,
BMT1136270B,,
BMT1136270B,,
BMT171724125,,
BMT171724125,,
BMT1136298B,,
BMT1136298B,,
BMT1136305B,,
BMT1136305B,,
BMT1136312B,,
BMT1136312B,,
BMT1136319B,,
BMT1136319B,,
BMT1136326B,,
BMT1136326B,,
BMT1136333B,,
BMT1136333B,,
BMT1390475B,,
BMT1136564B,,
BMT1136116B,,
BMT1136571B,,
BMT1136564B,,
BMT1136578B,,
BMT1136571B,,
BMT171724152,,
BMT1136578B,,
BMT1136592B,,
BMT171724152,,
BMT1136599B,,
BMT1136592B,,
BMT1136606B,,
BMT1136599B,,
BMT1136753B,,
BMT3547602B,,
BMT1136760B,,
BMT1136774B,,
BMT171724150,,
BMT167715961,,
BMT1136774B,,
BMT1136788B,,
BMT171724128,,
BMT167715959,,
BMT1136788B,,
BMT171724127,,
BMT1136795B,,
BMT171724128,,
BMT171724127,,
BMT1136795B,,
BMT171724127,,
BMT1136809B,,
BMT1136809B,,
BMT1136816B,,
BMT1136816B,,
BMT171724129,,
BMT1136823B,,
BMT1136830B,,
BMT1136830B,,
BMT1136837B,,
BMT1136837B,,
BMT171724130,,
BMT171724130,,
BMT171724132,,
BMT1136851B,,
BMT1136858B,,
BMT1136858B,,
BMT167715957,,
BMT167715969,,
BMT1136872B,,
BMT1136872B,,
BMT1137012B,,
BMT1136984B,,
BMT1136998B,,
BMT1136998B,,
BMT2741006,,
BMT167715970,,
BMT1136984B,,
BMT167715970,,
BMT1137019B,,
BMT1137012B,,
BMT167715970,,
BMT1137019B,,
BMT167715971,,
BMT167715972,,
BMT167715973,,
BMT167715973,,
BMT167715974,,
BMT167715974,,
BMT167715975,,
BMT167715975,,
BMT1137054B,,
BMT1137054B,,
BMT1137061B,,
BMT1137061B,,
BMT1137229B,,
BMT1137229B,,
BMT1137236B,,
BMT1137236B,,
BMT1137250B,,
BMT1137250B,,
BMT1137257B,,
BMT1137257B,,
BMT167715976,,
BMT167716140,,
BMT1144544B,,
BMT1144544B,,
BMT1144551B,,
BMT1144551B,,
BMT1145398B,,
BMT167716071,,
BMT1143851B,,
BMT167716108,,
BMT167716109,,
BMT1144565B,,
BMT167716071,,
BMT1144586B,,
BMT1144565B,,
BMT173104497,,
BMT1144586B,,
BMT173104496,,
BMT173104497,,
BMT1144621B,,
BMT173104496,,
BMT173104495,,
BMT1144621B,,
BMT1144635B,,
BMT167716065,,
BMT167716065,,
BMT167716066,,
BMT167716065,,
BMT167716067,,
BMT167716110,,
BMT1144656B,,
BMT1144656B,,
BMT2981141B,,
BMT1144663B,,
BMT1145251B,,
BMT167716063,,
BMT167716064,,
BMT167716138,,
BMT1144726B,,
BMT167716064,,
BMT1144719B,,
BMT1144719B,,
BMT1144635B,,
BMT1144726B,,
BMT1144733B,,
BMT1144733B,,
BMT1144740B,,
BMT1144740B,,
BMT1145482B,,
BMT1145167B,,
BMT1145174B,,
BMT1145174B,,
BMT1145181B,,
BMT1145181B,,
BMT1145188B,,
BMT1145188B,,
BMT167716062,,
BMT1145251B,,
BMT1145272B,,
BMT1145272B,,
BMT167716111,,
BMT167716111,,
BMT1145286B,,
BMT1145286B,,
BMT1145293B,,
BMT1145293B,,
BMT1145573B,,
BMT1145398B,,
BMT1145405B,,
BMT1145405B,,
BMT1145433B,,
BMT1145433B,,
BMT1145447B,,
BMT1145447B,,
BMT167716141,,
BMT167716141,,
BMT1145468B,,
BMT1145468B,,
BMT1145475B,,
BMT1145475B,,
BMT167716142,,
BMT1145482B,,
BMT1145489B,,
BMT1145489B,,
BMT1145503B,,
BMT1145503B,,
BMT1145510B,,
BMT1145510B,,
BMT1145517B,,
BMT1145517B,,
BMT167716139,,
BMT1145573B,,
BMT167716112,,
BMT167716112,,
BMT167716113,,
BMT167716114,,
BMT167716115,,
BMT167716115,,
BMT1145559B,,
BMT167716115,,
BMT167716116,,
BMT167716115,,
BMT1145608B,,
BMT1145608B,,
BMT167716117,,
BMT167716117,,
BMT1145629B,,
BMT1145629B,,
BMT1146329B,,
BMT1146049B,,
BMT1146056B,,
BMT1142941B,,
BMT1142241B,,
BMT1142948B,,
BMT1142941B,,
BMT1142955B,,
BMT167716092,,
BMT1142962B,,
BMT1142955B,,
BMT1142969B,,
BMT167716093,,
BMT167716093,,
BMT1142983B,,
BMT1142983B,,
BMT1142990B,,
BMT1142990B,,
BMT167716094,,
BMT1143011B,,
BMT167716087,,
BMT167716086,,
BMT1143011B,,
BMT167716083,,
BMT167716086,,
BMT1143032B,,
BMT167716082,,
BMT167716081,,
BMT1143032B,,
BMT167716106,,
BMT167716107,,
BMT1143046B,,
BMT167716081,,
BMT1143053B,,
BMT1143046B,,
BMT1143060B,,
BMT1142892B,,
BMT1143067B,,
BMT1143060B,,
BMT1143074B,,
BMT1143375B,,
BMT1143081B,,
BMT1143074B,,
BMT1143193B,,
BMT1143200B,,
BMT1143200B,,
BMT167716042,,
BMT167716042,,
BMT1143214B,,
BMT1143214B,,
BMT1143242B,,
BMT1143242B,,
BMT1143263B,,
BMT1143263B,,
BMT1143270B,,
BMT1143270B,,
BMT167716043,,
BMT167716044,,
BMT167716045,,
BMT1143375B,,
BMT1143382B,,
BMT1143382B,,
BMT167716089,,
BMT1143585B,,
BMT173104502,,
BMT1143585B,,
BMT1143592B,,
BMT1143592B,,
BMT1143599B,,
BMT1143641B,,
BMT167716047,,
BMT167716045,,
BMT167716046,,
BMT167716046,,
BMT1143641B,,
BMT167716046,,
BMT1143690B,,
BMT167716046,,
BMT1389712B,,
BMT1143690B,,
BMT167716048,,
BMT167716051,,
BMT1144103B,,
BMT167716144,,
BMT167716145,,
BMT167716144,,
BMT167716146,,
BMT167716144,,
BMT167716147,,
BMT167716145,,
BMT167716154,,
BMT167716145,,
BMT167716155,,
BMT167716156,,
BMT167716157,,
BMT167716148,,
BMT1143921B,,
BMT167716148,,
BMT1143928B,,
BMT167716152,,
BMT1143767B,,
BMT167716146,,
BMT167716152,,
BMT167716077,,
BMT1278125B,,
BMT173104501,,
BMT1143599B,,
BMT173104500,,
BMT167716076,,
BMT173104499,,
BMT173104500,,
BMT1143809B,,
BMT173104499,,
BMT167715872,,
BMT2477344B,,
BMT167715872,,
BMT167715874,,
BMT167714949,,
BMT167714951,,
BMT167715290,,
BMT167715294,,
BMT167714876,,
BMT167714878,,
BMT167715188,,
BMT167715190,,
BMT167715218,,
BMT7402145B,,
BMT7402145B,,
BMT167715236,,
BMT167715277,,
BMT167715279,,
BMT167715483,,
BMT7403664B,,
BMT7403664B,,
BMT7403692B,,
BMT7403692B,,
BMT167715485,,
BMT167715486,,
BMT7405323B,,
BMT7405323B,,
BMT167715490,,
BMT167715707,,
BMT167715708,,
BMT167715708,,
BMT167715709,,
BMT167715708,,
BMT167715710,,
BMT167715710,,
BMT167715711,,
BMT167715565,,
BMT167715566,,
BMT5599155B,,
BMT167715566,,
BMT167715566,,
BMT167715568,,
BMT168529048,,
BMT168529050,,
BMT167714480,,
BMT167714481,,
BMT167714481,,
BMT7415291B,,
BMT7415291B,,
BMT167714482,,
BMT167715726,,
BMT167715728,,
BMT167715724,,
BMT167715725,,
BMT167715724,,
BMT7419792B,,
BMT7419792B,,
BMT167715726,,
BMT167716094,,
BMT1143004B,,
BMT1143004B,,
BMT167716095,,
BMT1143767B,,
BMT167716153,,
BMT167716184,,
BMT1137565B,,
BMT1137565B,,
BMT1137572B,,
BMT167715710,,
BMT167715712,,
BMT167715713,,
BMT167715714,,
BMT167714913,,
BMT9172761B,,
BMT9172761B,,
BMT167714916,,
BMT165098858,,
BMT165098859,,
BMT167715180,,
BMT167715182,,
BMT167715606,,
BMT167715608,,
BMT167715608,,
BMT167715609,,
BMT167715608,,
BMT167715610,,
BMT170969966,,
BMT170969968,,
BMT170969968,,
BMT170969969,,
BMT170969968,,
BMT9344472B,,
BMT9344472B,,
BMT170969970,,
BMT171721169,,
BMT171721166,,
BMT171721169,,
BMT167714434,,
BMT167714484,,
BMT167714485,,
BMT167714671,,
BMT5644095B,,
BMT167714671,,
BMT5644116B,,
BMT167714693,,
BMT167714696,,
BMT167714771,,
BMT167714772,,
BMT167714758,,
BMT4910054B,,
BMT169507157,,
BMT169507158,,
BMT167715863,,
BMT7143516B,,
BMT7143516B,,
BMT167715865,,
BMT167715862,,
BMT167715864,,
BMT167714567,,
BMT167714568,,
BMT167714568,,
BMT167714569,,
BMT167714979,,
BMT167714980,,
BMT167714980,,
BMT167714981,,
BMT167714980,,
BMT167714982,,
BMT172530514,,
BMT172530516,,
BMT172530516,,
BMT171132721,,
BMT172530516,,
BMT172530517,,
BMT167714325,,
BMT167714327,,
BMT3627689B,,
BMT167714308,,
BMT167714308,,
BMT3627703B,,
BMT167714308,,
BMT9023571B,,
BMT9023571B,,
BMT167714311,,
BMT167714440,,
BMT167714441,,
BMT167714441,,
BMT167714442,,
BMT167714441,,
BMT167714443,,
BMT167715203,,
BMT167715204,,
BMT167715204,,
BMT167715205,,
BMT167715206,,
BMT167715207,,
BMT168840086,,
BMT168840090,,
BMT167714807,,
BMT167714808,,
BMT167715491,,
BMT9177996B,,
BMT9177996B,,
BMT167715494,,
BMT167716080,,
BMT167716085,,
BMT167716085,,
BMT167680097,,
BMT2505631B,,
BMT168840078,,
BMT168840078,,
BMT168840081,,
BMT168840078,,
BMT168840082,,
BMT171133277,,
BMT171133278,,
BMT171133278,,
BMT171133279,,
BMT171133278,,
BMT171133280,,
BMT171136606,,
BMT171136608,,
BMT171136608,,
BMT171136609,,
BMT172345968,,
BMT9380939B,,
BMT9380939B,,
BMT9380941B,,
BMT9380941B,,
BMT172345970,,
BMT172345991,,
BMT9380956B,,
BMT9380956B,,
BMT7704762B,,
BMT172652203,,
BMT172652204,,
BMT172652204,,
BMT172652205,,
BMT172652204,,
BMT9382591B,,
BMT9382591B,,
BMT172652206,,
BMT167714350,,
BMT167714349,,
BMT167714350,,
BMT4687629B,,
BMT1285461B,,
BMT4858093B,,
BMT167714500,,
BMT167714501,,
BMT167714574,,
BMT3512259B,,
BMT167714574,,
BMT167714576,,
BMT167714586,,
BMT4343698B,,
BMT167714797,,
BMT167714798,,
BMT1286287B,,
BMT167716151,,
BMT6505585B,,
BMT6505592B,,
BMT6505592B,,
BMT167714912,,
BMT167714964,,
BMT6505676B,,
BMT167714964,,
BMT167714966,,
BMT6505676B,,
BMT167714965,,
BMT170668803,,
BMT170668804,,
BMT170668803,,
BMT170668805,,
BMT6506845B,,
BMT6506852B,,
BMT6506852B,,
BMT6506859B,,
BMT6506859B,,
BMT6506866B,,
BMT6506866B,,
BMT172398427,,
BMT167714804,,
BMT167714805,,
BMT167714804,,
BMT167714806,,
BMT167715793,,
BMT6719281B,,
BMT6719281B,,
BMT6719288B,,
BMT6719288B,,
BMT6719302B,,
BMT6719302B,,
BMT6719309B,,
BMT6719309B,,
BMT6719316B,,
BMT6719316B,,
BMT6719330B,,
BMT6719330B,,
BMT167715795,,
BMT167714578,,
BMT167714580,,
BMT172345971,,
BMT172345969,,
BMT172345969,,
BMT7704643B,,
BMT7704643B,,
BMT172345968,,
BMT172345968,,
BMT7704664B,,
BMT172345969,,
BMT172345972,,
BMT7704762B,,
BMT172345992,,
BMT167714359,,
BMT7704671B,,
BMT167715295,,
BMT167715298,,
BMT167715878,,
BMT167715895,,
BMT167715873,,
BMT167715876,,
BMT8724803B,,
BMT172797417,,
BMT172530514,,
BMT172530515,,
BMT167714718,,
BMT167714720,,
BMT167714720,,
BMT167714721,,
BMT167714720,,
BMT9197647B,,
BMT9197647B,,
BMT167714722,,
BMT173049629,,
BMT173049631,,
BMT169507128,,
BMT169507129,,
BMT170668883,,
BMT170668885,,
BMT7704664B,,
BMT172345967,,
BMT172345967,,
BMT7704671B,,
BMT167716080,,
BMT1142934B,,
BMT1278097B,,
BMT167716080,,
BMT1278104B,,
BMT1278097B,,
BMT167716079,,
BMT1278104B,,
BMT167716079,,
BMT1278139B,,
BMT167716078,,
BMT167716079,,
BMT1278125B,,
BMT1278132B,,
BMT1278132B,,
BMT167716078,,
BMT1278139B,,
BMT1143053B,,
BMT167714193,,
BMT2740922,,
BMT2740922,,
BMT167714194,,
BMT2740922,,
BMT3189006B,,
BMT167714196,,
BMT167714197,,
BMT167715945,,
BMT167715946,,
BMT167714197,,
BMT3189034B,,
BMT2476966B,,
BMT167714195,,
BMT171724124,,
BMT3188971B,,
BMT167715947,,
BMT3188978B,,
BMT2476987B,,
BMT2476994B,,
BMT2476994B,,
BMT1136242B,,
BMT167716087,,
BMT1143067B,,
BMT167716087,,
BMT1143081B,,
BMT167716087,,
BMT167716090,,
BMT167716090,,
BMT1142948B,,
BMT167716090,,
BMT1142962B,,
BMT167716090,,
BMT1142969B,,
BMT167714199,,
BMT2477022B,,
BMT2477022B,,
BMT167714200,,
BMT167714201,,
BMT2477036B,,
BMT2477036B,,
BMT5614310B,,
BMT167714212,,
BMT167714213,,
BMT167714202,,
BMT167714203,,
BMT167714202,,
BMT167714204,,
BMT2477064B,,
BMT2477071B,,
BMT2477071B,,
BMT167714216,,
BMT167714216,,
BMT5604475B,,
BMT167714250,,
BMT5608430B,,
BMT167714217,,
BMT167714218,,
BMT167714217,,
BMT5604496B,,
BMT2477092B,,
BMT2477099B,,
BMT2477099B,,
BMT5608465B,,
BMT2477106B,,
BMT5608724B,,
BMT2477113B,,
BMT167714252,,
BMT167714252,,
BMT167714254,,
BMT167714252,,
BMT5608871B,,
BMT2477127B,,
BMT5608927B,,
BMT167714255,,
BMT167714256,,
BMT167714255,,
BMT5609046B,,
BMT167714257,,
BMT167714258,,
BMT167714257,,
BMT5609137B,,
BMT167714258,,
BMT167714260,,
BMT2477155B,,
BMT5609193B,,
BMT2477162B,,
BMT167714262,,
BMT167714262,,
BMT2489363C,,
BMT167715936,,
BMT5611006B,,
BMT2477176B,,
BMT2477834B,,
BMT2477176B,,
BMT167715940,,
BMT167714264,,
BMT167714265,,
BMT167714266,,
BMT3611743B,,
BMT167714269,,
BMT4846109B,,
BMT167714269,,
BMT5609767B,,
BMT2477204B,,
BMT167714272,,
BMT167714273,,
BMT5604426B,,
BMT2477218B,,
BMT5604405B,,
BMT2477225B,,
BMT167714274,,
BMT167715839,,
BMT2477239B,,
BMT167715838,,
BMT167715837,,
BMT2477239B,,
BMT167715840,,
BMT2477246B,,
BMT5616781B,,
BMT2477253B,,
BMT5616795B,,
BMT167715844,,
BMT167715845,,
BMT167715844,,
BMT5616956B,,
BMT167715846,,
BMT4759470B,,
BMT167715846,,
BMT4759477B,,
BMT167715849,,
BMT5617054B,,
BMT2477274B,,
BMT5617159B,,
BMT167715850,,
BMT5617299B,,
BMT167715852,,
BMT5617369B,,
BMT2477288B,,
BMT5617432B,,
BMT167715868,,
BMT5617656B,,
BMT167715853,,
BMT167715854,,
BMT167715856,,
BMT167715857,,
BMT167715856,,
BMT2477421B,,
BMT2477309B,,
BMT5617712B,,
BMT167715926,,
BMT167715927,,
BMT167715869,,
BMT5617845B,,
BMT167715927,,
BMT167715928,,
BMT167715927,,
BMT5617789B,,
BMT2477330B,,
BMT5617852B,,
BMT167715870,,
BMT167715871,,
BMT167715870,,
BMT167715872,,
BMT2477344B,,
BMT5618286B,,
BMT167715875,,
BMT167715877,,
BMT167715879,,
BMT3612569B,,
BMT167715891,,
BMT167715892,,
BMT167715880,,
BMT3612695B,,
BMT167715880,,
BMT3979215B,,
BMT167715897,,
BMT167715899,,
BMT167715923,,
BMT167715924,,
BMT167715900,,
BMT167715901,,
BMT167715900,,
BMT167715902,,
BMT167715900,,
BMT3612541B,,
BMT167715909,,
BMT3612338B,,
BMT167715907,,
BMT3612401B,,
BMT167715907,,
BMT167715908,,
BMT167715892,,
BMT167715893,,
BMT167715892,,
BMT2477400B,,
BMT2477400B,,
BMT167715894,,
BMT167715929,,
BMT167715930,,
BMT167715929,,
BMT2477414B,,
BMT2477414B,,
BMT167715931,,
BMT2477421B,,
BMT167715858,,
BMT167715859,,
BMT167715861,,
BMT167715859,,
BMT5618188B,,
BMT2477435B,,
BMT167715862,,
BMT167715862,,
BMT5618279B,,
BMT167715866,,
BMT5627617B,,
BMT167714278,,
BMT167714279,,
BMT167714278,,
BMT167714280,,
BMT167714280,,
BMT167714281,,
BMT167714280,,
BMT5610075B,,
BMT168952465,,
BMT5607744B,,
BMT167714282,,
BMT5610649B,,
BMT167714283,,
BMT167714284,,
BMT167715744,,
BMT5610726B,,
BMT168952466,,
BMT168952467,,
BMT168952466,,
BMT5607730B,,
BMT2477484B,,
BMT2477491B,,
BMT2477491B,,
BMT2477498B,,
BMT2477498B,,
BMT5605644B,,
BMT2477505B,,
BMT5606099B,,
BMT168952468,,
BMT168952469,,
BMT168952468,,
BMT5606162B,,
BMT168952469,,
BMT168952471,,
BMT168952469,,
BMT5606330B,,
BMT167715828,,
BMT167715829,,
BMT167715754,,
BMT5606449B,,
BMT2477533B,,
BMT5606498B,,
BMT167715798,,
BMT167715799,,
BMT167715755,,
BMT168952472,,
BMT167715799,,
BMT167715800,,
BMT167715799,,
BMT5606736B,,
BMT168952472,,
BMT5608185B,,
BMT2477561B,,
BMT168952474,,
BMT168952474,,
BMT168952476,,
BMT168952474,,
BMT167715762,,
BMT167715796,,
BMT167715797,,
BMT167715762,,
BMT168952477,,
BMT168952477,,
BMT168952478,,
BMT168952477,,
BMT5608444B,,
BMT2477589B,,
BMT5608458B,,
BMT167715791,,
BMT167715792,,
BMT167715791,,
BMT5609130B,,
BMT2477603B,,
BMT5609088B,,
BMT171136600,,
BMT1235810B,,
BMT171136600,,
BMT167715774,,
BMT171136600,,
BMT5609900B,,
BMT171136601,,
BMT171136602,,
BMT171136601,,
BMT167715777,,
BMT167715777,,
BMT171136603,,
BMT167715777,,
BMT5603810B,,
BMT167715784,,
BMT5610096B,,
BMT2477631B,,
BMT171136606,,
BMT167715785,,
BMT167715786,,
BMT167715785,,
BMT167715787,,
BMT167715787,,
BMT167715788,,
BMT167715787,,
BMT5610131B,,
BMT2477652B,,
BMT5610145B,,
BMT2477659B,,
BMT167715789,,
BMT2477666B,,
BMT5603936B,,
BMT167715801,,
BMT167715802,,
BMT167715801,,
BMT167715803,,
BMT167715801,,
BMT167715804,,
BMT167715803,,
BMT167715805,,
BMT167715803,,
BMT167715806,,
BMT167715807,,
BMT167715809,,
BMT167715807,,
BMT167715810,,
BMT2477694B,,
BMT5610803B,,
BMT2477701B,,
BMT3627269B,,
BMT167714289,,
BMT3627297B,,
BMT1143823B,,
BMT1143809B,,
BMT1143830B,,
BMT1143823B,,
BMT1143837B,,
BMT1143830B,,
BMT1143851B,,
BMT1143837B,,
BMT1143858B,,
BMT1143865B,,
BMT1143865B,,
BMT167716158,,
BMT167716157,,
BMT1143858B,,
BMT167716147,,
BMT167716148,,
BMT167716147,,
BMT1389733B,,
BMT167716147,,
BMT167716149,,
BMT1143921B,,
BMT1143935B,,
BMT1143928B,,
BMT1143949B,,
BMT1143935B,,
BMT1143942B,,
BMT1143942B,,
BMT167716150,,
BMT1143949B,,
BMT1286287B,,
BMT1144103B,,
BMT1144110B,,
BMT1144110B,,
BMT167716052,,
BMT167716052,,
BMT1144124B,,
BMT1144124B,,
BMT1144131B,,
BMT1144131B,,
BMT1144488B,,
BMT1144229B,,
BMT167716061,,
BMT1144236B,,
BMT1144229B,,
BMT1144243B,,
BMT1144236B,,
BMT167716060,,
BMT1144243B,,
BMT167716060,,
BMT1145167B,,
BMT167716059,,
BMT167716060,,
BMT1144488B,,
BMT167716053,,
BMT167716053,,
BMT1144502B,,
BMT1144502B,,
BMT167716054,,
BMT1144509B,,
BMT1144523B,,
BMT167716054,,
BMT167716055,,
BMT1233815B,,
BMT167716030,,
BMT1233822B,,
BMT1140687B,,
BMT1233829B,,
BMT1233822B,,
BMT1233836B,,
BMT1233829B,,
BMT1233843B,,
BMT1233836B,,
BMT167715930,,
BMT167715932,,
BMT167715916,,
BMT167715917,,
BMT167715910,,
BMT167715911,,
BMT1350589B,,
BMT167715309,,
BMT167715201,,
BMT4917747B,,
BMT167715271,,
BMT4909165B,,
BMT167715264,,
BMT4909186B,,
BMT168529052,,
BMT2504077B,,
BMT167715524,,
BMT4650935B,,
BMT167714341,,
BMT167714342,,
BMT167714345,,
BMT4930788B,,
BMT167715701,,
BMT4389107B,,
BMT173260581,,
BMT2502593B,,
BMT167715244,,
BMT5632699B,,
BMT167715245,,
BMT167715246,,
BMT167715245,,
BMT5632874B,,
BMT2502607B,,
BMT4684654B,,
BMT167715247,,
BMT167715248,,
BMT167715247,,
BMT167715249,,
BMT167715247,,
BMT4954105B,,
BMT2502628B,,
BMT167715238,,
BMT2502635B,,
BMT167715136,,
BMT167715136,,
BMT167715137,,
BMT167715136,,
BMT167715138,,
BMT167715139,,
BMT167715141,,
BMT167715165,,
BMT5661021B,,
BMT171798214,,
BMT171798215,,
BMT2502663B,,
BMT167715166,,
BMT167715167,,
BMT167715168,,
BMT167715168,,
BMT167715169,,
BMT167715168,,
BMT5661035B,,
BMT167715170,,
BMT167715171,,
BMT167715170,,
BMT167715172,,
BMT167715173,,
BMT167715175,,
BMT167715173,,
BMT5661105B,,
BMT167715176,,
BMT2502705B,,
BMT167715176,,
BMT167715178,,
BMT2502705B,,
BMT167715177,,
BMT167715177,,
BMT167715179,,
BMT167715177,,
BMT5661119B,,
BMT167715180,,
BMT167715181,,
BMT167715181,,
BMT167715183,,
BMT167715181,,
BMT167715184,,
BMT167715185,,
BMT167715187,,
BMT167715185,,
BMT167715188,,
BMT167715189,,
BMT167715191,,
BMT167715189,,
BMT5661147B,,
BMT167715191,,
BMT167715193,,
BMT167715191,,
BMT5661154B,,
BMT167715195,,
BMT167715196,,
BMT167715195,,
BMT5661224B,,
BMT2502761B,,
BMT5661238B,,
BMT167715197,,
BMT167715198,,
BMT167715197,,
BMT2502775B,,
BMT2502775B,,
BMT167715199,,
BMT171798215,,
BMT5660797B,,
BMT171798215,,
BMT5660804B,,
BMT2502789B,,
BMT167715144,,
BMT167715144,,
BMT171798217,,
BMT167715163,,
BMT5660818B,,
BMT171798217,,
BMT171798218,,
BMT171798217,,
BMT5660825B,,
BMT171798219,,
BMT171798220,,
BMT171798219,,
BMT5660867B,,
BMT171798221,,
BMT171798222,,
BMT171798221,,
BMT171798223,,
BMT171798221,,
BMT5660916B,,
BMT167715157,,
BMT4685109B,,
BMT167715153,,
BMT5660993B,,
BMT167715159,,
BMT167715161,,
BMT167715159,,
BMT5660958B,,
BMT2502838B,,
BMT171798224,,
BMT171798224,,
BMT171798225,,
BMT168515659,,
BMT168515660,,
BMT168515659,,
BMT2502859B,,
BMT2502859B,,
BMT168515661,,
BMT168515661,,
BMT168515662,,
BMT168515662,,
BMT168515664,,
BMT168515662,,
BMT5629395B,,
BMT167715422,,
BMT167715423,,
BMT167715316,,
BMT167715317,,
BMT167715423,,
BMT167715424,,
BMT167715423,,
BMT2503251B,,
BMT2502894B,,
BMT5641757B,,
BMT168536069,,
BMT2502908B,,
BMT168536069,,
BMT168536071,,
BMT2502908B,,
BMT168536070,,
BMT168536070,,
BMT168536072,,
BMT168536070,,
BMT5641827B,,
BMT173049624,,
BMT5641883B,,
BMT167715323,,
BMT5641918B,,
BMT173049625,,
BMT173049626,,
BMT173049625,,
BMT5641925B,,
BMT167715400,,
BMT167715401,,
BMT167715325,,
BMT167715327,,
BMT167715401,,
BMT167715402,,
BMT167715401,,
BMT5642352B,,
BMT167715396,,
BMT167715397,,
BMT167715327,,
BMT168536075,,
BMT167715397,,
BMT167715398,,
BMT167715397,,
BMT6566758B,,
BMT168536075,,
BMT167715329,,
BMT168536075,,
BMT5642583B,,
BMT167715329,,
BMT167715331,,
BMT167715394,,
BMT5642485B,,
BMT2502978B,,
BMT5642499B,,
BMT168536052,,
BMT168536053,,
BMT168536053,,
BMT168536054,,
BMT168536053,,
BMT5642632B,,
BMT168536078,,
BMT168536080,,
BMT168536078,,
BMT167715334,,
BMT167715334,,
BMT168536081,,
BMT167715347,,
BMT2503020B,,
BMT168536081,,
BMT168536082,,
BMT168536081,,
BMT167715337,,
BMT2503020B,,
BMT167715348,,
BMT167715348,,
BMT167715349,,
BMT167715348,,
BMT167715350,,
BMT167715350,,
BMT167715351,,
BMT167715350,,
BMT2503041B,,
BMT2503041B,,
BMT167715352,,
BMT167715352,,
BMT167715353,,
BMT167715352,,
BMT5640546B,,
BMT167715377,,
BMT167715378,,
BMT167715354,,
BMT167715355,,
BMT167715378,,
BMT167715379,,
BMT167715378,,
BMT167715380,,
BMT167715355,,
BMT167715356,,
BMT167715355,,
BMT167715357,,
BMT167715357,,
BMT167715358,,
BMT167715357,,
BMT5640644B,,
BMT167715357,,
BMT167715360,,
BMT2503083B,,
BMT167715359,,
BMT167715358,,
BMT167715362,,
BMT167715358,,
BMT167715363,,
BMT167715373,,
BMT167715374,,
BMT167715363,,
BMT167715364,,
BMT167715374,,
BMT167715375,,
BMT167715374,,
BMT5641176B,,
BMT167715364,,
BMT167715365,,
BMT167715364,,
BMT167715366,,
BMT167715366,,
BMT167715367,,
BMT167715368,,
BMT2503125B,,
BMT2503125B,,
BMT167715369,,
BMT167715369,,
BMT167715370,,
BMT167715369,,
BMT2503139B,,
BMT167715369,,
BMT167715372,,
BMT2503139B,,
BMT5641645B,,
BMT2503146B,,
BMT167715376,,
BMT167715379,,
BMT167715382,,
BMT167715383,,
BMT2503160B,,
BMT2503160B,,
BMT167715384,,
BMT167715385,,
BMT167715388,,
BMT167715385,,
BMT167715389,,
BMT167715337,,
BMT168536083,,
BMT167715337,,
BMT168536084,,
BMT167715341,,
BMT167715342,,
BMT168536084,,
BMT168536085,,
BMT167715342,,
BMT2503195B,,
BMT167715342,,
BMT167715344,,
BMT2503195B,,
BMT167715343,,
BMT167715344,,
BMT167715345,,
BMT167715344,,
BMT167715346,,
BMT173049627,,
BMT173049628,,
BMT173049627,,
BMT167715409,,
BMT167715418,,
BMT167715419,,
BMT167715409,,
BMT173049629,,
BMT167715419,,
BMT167715420,,
BMT167715419,,
BMT5642170B,,
BMT173049630,,
BMT173049632,,
BMT173049630,,
BMT173049633,,
BMT173049633,,
BMT173049634,,
BMT173049633,,
BMT2503244B,,
BMT2503244B,,
BMT1350351B,,
BMT2503251B,,
BMT167715425,,
BMT167715425,,
BMT5629626B,,
BMT167715428,,
BMT167715430,,
BMT167715428,,
BMT167715431,,
BMT167715428,,
BMT5629843B,,
BMT167715432,,
BMT167715433,,
BMT167715432,,
BMT5629892B,,
BMT167715431,,
BMT167715436,,
BMT167715431,,
BMT5630004B,,
BMT167715437,,
BMT167715438,,
BMT167715437,,
BMT5630403B,,
BMT2503293B,,
BMT167715439,,
BMT167715439,,
BMT167715440,,
BMT167715439,,
BMT167715441,,
BMT167715441,,
BMT167715442,,
BMT167715441,,
BMT5630557B,,
BMT167715443,,
BMT167715444,,
BMT167715443,,
BMT167715445,,
BMT167715445,,
BMT167715446,,
BMT167715445,,
BMT167715447,,
BMT167715447,,
BMT167715448,,
BMT167715447,,
BMT2503335B,,
BMT2503335B,,
BMT167715449,,
BMT167715450,,
BMT167715452,,
BMT167715450,,
BMT167715453,,
BMT167715453,,
BMT167715454,,
BMT167715453,,
BMT5631012B,,
BMT167715434,,
BMT167715435,,
BMT2503363B,,
BMT167715460,,
BMT167715461,,
BMT167715463,,
BMT167715461,,
BMT167715464,,
BMT167715464,,
BMT167715465,,
BMT167715464,,
BMT5629241B,,
BMT167715467,,
BMT167715469,,
BMT167715467,,
BMT167715470,,
BMT167715469,,
BMT167715471,,
BMT167715469,,
BMT5629269B,,
BMT167715473,,
BMT167715474,,
BMT167715476,,
BMT5142013B,,
BMT167715476,,
BMT167715478,,
BMT167715479,,
BMT167715481,,
BMT167715479,,
BMT5627911B,,
BMT167715479,,
BMT5627988B,,
BMT167715483,,
BMT167715484,,
BMT167715486,,
BMT167715488,,
BMT167715486,,
BMT167715489,,
BMT167715489,,
BMT167715491,,
BMT167715489,,
BMT167715492,,
BMT167715491,,
BMT167715493,,
BMT167714333,,
BMT167714335,,
BMT167714333,,
BMT167714331,,
BMT167714333,,
BMT5620449B,,
BMT167714331,,
BMT167714334,,
BMT167714331,,
BMT2503461B,,
BMT2503461B,,
BMT167714330,,
BMT167714330,,
BMT167714332,,
BMT168529044,,
BMT168529045,,
BMT167714329,,
BMT5620099B,,
BMT168529045,,
BMT168529046,,
BMT168529045,,
BMT5620092B,,
BMT168529045,,
BMT168529048,,
BMT167714326,,
BMT167714328,,
BMT167714326,,
BMT5620050B,,
BMT167714328,,
BMT167714339,,
BMT167714323,,
BMT167714324,,
BMT167714323,,
BMT167714325,,
BMT167714319,,
BMT167714320,,
BMT167714319,,
BMT167714317,,
BMT167714319,,
BMT167714321,,
BMT167714319,,
BMT5619175B,,
BMT1146056B,,
BMT1146063B,,
BMT1146063B,,
BMT167716143,,
BMT1146329B,,
BMT1146336B,,
BMT1146336B,,
BMT1146343B,,
BMT1146343B,,
BMT1146350B,,
BMT1146350B,,
BMT167716118,,
BMT167716118,,
BMT1146364B,,
BMT1146364B,,
BMT1146371B,,
BMT1146371B,,
BMT1146378B,,
BMT1146378B,,
BMT1146385B,,
BMT1146385B,,
BMT1146798B,,
BMT1146798B,,
BMT167716119,,
BMT167716119,,
BMT167716120,,
BMT167716120,,
BMT1146847B,,
BMT1146847B,,
BMT167716121,,
BMT167716121,,
BMT1146861B,,
BMT1146861B,,
BMT167716123,,
BMT167716124,,
BMT1146882B,,
BMT1146882B,,
BMT1146889B,,
BMT1146889B,,
BMT167716125,,
BMT167716125,,
BMT1146903B,,
BMT1146903B,,
BMT1146910B,,
BMT1146910B,,
BMT167716126,,
BMT167716127,,
BMT167716129,,
BMT167716126,,
BMT167716127,,
BMT1146931B,,
BMT1146938B,,
BMT1146938B,,
BMT1146966B,,
BMT1146966B,,
BMT1146973B,,
BMT1146973B,,
BMT167716128,,
BMT167716133,,
BMT167716134,,
BMT167716134,,
BMT1146994B,,
BMT1146994B,,
BMT1147001B,,
BMT1147001B,,
BMT1147008B,,
BMT1147008B,,
BMT1147015B,,
BMT1147015B,,
BMT1147022B,,
BMT1147022B,,
BMT1147029B,,
BMT1147029B,,
BMT1147036B,,
BMT1147036B,,
BMT1147043B,,
BMT1147043B,,
BMT1147057B,,
BMT1147050B,,
BMT167716135,,
BMT1147057B,,
BMT1147050B,,
BMT171721172,,
BMT1285461B,,
BMT171721170,,
BMT171721172,,
BMT171721170,,
BMT3613794B,,
BMT171721170,,
BMT4862090B,,
BMT171721166,,
BMT171721164,,
BMT171721164,,
BMT171721167,,
BMT171721164,,
BMT2501634B,,
BMT171721164,,
BMT171721163,,
BMT2501634B,,
BMT5646097B,,
BMT171721163,,
BMT171721165,,
BMT167714426,,
BMT167714425,,
BMT167714479,,
BMT5645943B,,
BMT167714426,,
BMT5645978B,,
BMT167714483,,
BMT5646209B,,
BMT167714317,,
BMT2503552B,,
BMT167715530,,
BMT167715531,,
BMT167714340,,
BMT167714341,,
BMT167714342,,
BMT167714343,,
BMT167714342,,
BMT167714344,,
BMT167714343,,
BMT167714345,,
BMT167714343,,
BMT167714346,,
BMT167715532,,
BMT167715534,,
BMT167715535,,
BMT167715536,,
BMT2503552B,,
BMT167714316,,
BMT167715540,,
BMT167715541,,
BMT167714314,,
BMT5619021B,,
BMT167715547,,
BMT167715548,,
BMT167715733,,
BMT167715734,,
BMT2503573B,,
BMT167715735,,
BMT167715548,,
BMT167715549,,
BMT167715548,,
BMT167715550,,
BMT167715552,,
BMT167715553,,
BMT167715552,,
BMT167715554,,
BMT167715552,,
BMT167715555,,
BMT167715554,,
BMT167715556,,
BMT167715554,,
BMT167715557,,
BMT167715557,,
BMT167715558,,
BMT167715560,,
BMT167715562,,
BMT167715560,,
BMT167715563,,
BMT167715567,,
BMT167715569,,
BMT167715567,,
BMT5599337B,,
BMT167715570,,
BMT167715571,,
BMT167715570,,
BMT167715572,,
BMT167715572,,
BMT167715573,,
BMT167715574,,
BMT167715576,,
BMT167715574,,
BMT5600387B,,
BMT167715577,,
BMT167715578,,
BMT167715577,,
BMT2503657B,,
BMT2503657B,,
BMT167715579,,
BMT167715579,,
BMT167715580,,
BMT167715579,,
BMT167715581,,
BMT167715579,,
BMT5600646B,,
BMT167715584,,
BMT5600856B,,
BMT167715585,,
BMT167715586,,
BMT167715585,,
BMT167715587,,
BMT167715585,,
BMT167715588,,
BMT167715587,,
BMT167715589,,
BMT167715587,,
BMT167715590,,
BMT167715587,,
BMT167715591,,
BMT167715704,,
BMT167715705,,
BMT167715590,,
BMT167715592,,
BMT167715590,,
BMT167715593,,
BMT167715705,,
BMT5601472B,,
BMT167715592,,
BMT5599589B,,
BMT167715592,,
BMT5601367B,,
BMT167715689,,
BMT2503720B,,
BMT167715700,,
BMT5601619B,,
BMT167715689,,
BMT5691597B,,
BMT2503720B,,
BMT5601899B,,
BMT167715691,,
BMT167715693,,
BMT171721158,,
BMT167714418,,
BMT171721158,,
BMT171721161,,
BMT171721158,,
BMT5646125B,,
BMT171721158,,
BMT5646153B,,
BMT167714418,,
BMT171721157,,
BMT167714418,,
BMT5645285B,,
BMT167714590,,
BMT167714591,,
BMT171721159,,
BMT171721160,,
BMT171721159,,
BMT167714422,,
BMT167714592,,
BMT167714594,,
BMT172246360,,
BMT167714596,,
BMT167714608,,
BMT167714609,,
BMT167714413,,
BMT167714412,,
BMT167714413,,
BMT167714415,,
BMT167714609,,
BMT167714610,,
BMT167714609,,
BMT167714611,,
BMT167714412,,
BMT167714414,,
BMT167714412,,
BMT2501718B,,
BMT2501718B,,
BMT167714411,,
BMT167714411,,
BMT2501732B,,
BMT167714617,,
BMT167714618,,
BMT167714407,,
BMT167714410,,
BMT167714407,,
BMT5664066B,,
BMT167714405,,
BMT167714404,,
BMT167714405,,
BMT4680860B,,
BMT167714405,,
BMT4930522B,,
BMT167714405,,
BMT5664087B,,
BMT167714404,,
BMT5663982B,,
BMT2501760B,,
BMT167714401,,
BMT2501760B,,
BMT5663940B,,
BMT167714401,,
BMT167714400,,
BMT167714621,,
BMT5642786B,,
BMT167714622,,
BMT167714623,,
BMT167714624,,
BMT2505337B,,
BMT167714400,,
BMT2501788B,,
BMT167714400,,
BMT5663863B,,
BMT167714400,,
BMT5663898B,,
BMT2501788B,,
BMT167714399,,
BMT167714396,,
BMT167714397,,
BMT167714396,,
BMT167714393,,
BMT167714675,,
BMT167714676,,
BMT167714393,,
BMT167714392,,
BMT171558787,,
BMT5620015B,,
BMT167714392,,
BMT167714394,,
BMT167714392,,
BMT167714395,,
BMT167714392,,
BMT167714391,,
BMT172398412,,
BMT172398413,,
BMT167714969,,
BMT167714970,,
BMT167714390,,
BMT167714389,,
BMT167714390,,
BMT5619700B,,
BMT167714973,,
BMT5619714B,,
BMT2501844B,,
BMT167714974,,
BMT167714983,,
BMT5619595B,,
BMT167714985,,
BMT167714986,,
BMT167714386,,
BMT167714385,,
BMT167715691,,
BMT2503734B,,
BMT2503734B,,
BMT167715694,,
BMT167715695,,
BMT167715697,,
BMT167715695,,
BMT167715698,,
BMT167715698,,
BMT167715699,,
BMT167715594,,
BMT167715596,,
BMT167715594,,
BMT167715597,,
BMT167715596,,
BMT167715598,,
BMT167715596,,
BMT5599778B,,
BMT167715674,,
BMT167715675,,
BMT167715599,,
BMT5601388B,,
BMT167715675,,
BMT167715676,,
BMT167715675,,
BMT5600989B,,
BMT167715675,,
BMT167715678,,
BMT2503790B,,
BMT5600737B,,
BMT167715602,,
BMT167715603,,
BMT167715602,,
BMT167715604,,
BMT167715604,,
BMT3400840B,,
BMT172530497,,
BMT172530498,,
BMT167715604,,
BMT5619427B,,
BMT172530499,,
BMT172530501,,
BMT172530499,,
BMT5602319B,,
BMT2503818B,,
BMT167715606,,
BMT167715606,,
BMT167715607,,
BMT167715612,,
BMT167715613,,
BMT167715612,,
BMT4388351B,,
BMT167715613,,
BMT167715615,,
BMT167715613,,
BMT167715616,,
BMT2503846B,,
BMT2503853B,,
BMT2503853B,,
BMT5619644B,,
BMT2503860B,,
BMT5619665B,,
BMT167715617,,
BMT167715619,,
BMT167715617,,
BMT5619686B,,
BMT167715621,,
BMT167715623,,
BMT167715621,,
BMT2503881B,,
BMT167715621,,
BMT5619798B,,
BMT2503881B,,
BMT2503888B,,
BMT2503888B,,
BMT167715624,,
BMT2503895B,,
BMT5620008B,,
BMT2503902B,,
BMT5620036B,,
BMT2503909B,,
BMT167715628,,
BMT172530502,,
BMT172530503,,
BMT172530502,,
BMT2503923B,,
BMT2503923B,,
BMT167715638,,
BMT167715638,,
BMT172530505,,
BMT168377628,,
BMT168377629,,
BMT172530505,,
BMT172530506,,
BMT172530505,,
BMT172530507,,
BMT172530505,,
BMT5603439B,,
BMT167715664,,
BMT2503951B,,
BMT167715644,,
BMT172530510,,
BMT2503951B,,
BMT5603383B,,
BMT172530510,,
BMT172530511,,
BMT172530510,,
BMT2503965B,,
BMT2503965B,,
BMT2503972B,,
BMT2503972B,,
BMT2503979B,,
BMT167714386,,
BMT5619581B,,
BMT167714986,,
BMT167714987,,
BMT167714988,,
BMT167714989,,
BMT167714385,,
BMT167714387,,
BMT167714385,,
BMT167714384,,
BMT167714385,,
BMT167714388,,
BMT167714996,,
BMT167714997,,
BMT167714997,,
BMT167714998,,
BMT167714997,,
BMT167714999,,
BMT2501893B,,
BMT2501900B,,
BMT2501893B,,
BMT5620428B,,
BMT2501900B,,
BMT167714383,,
BMT167714382,,
BMT167714381,,
BMT167715034,,
BMT167715035,,
BMT167715035,,
BMT167715036,,
BMT167715035,,
BMT167715037,,
BMT167715035,,
BMT5620463B,,
BMT172345989,,
BMT172345990,,
BMT172345989,,
BMT5620407B,,
BMT172345986,,
BMT172345988,,
BMT172345986,,
BMT5620393B,,
BMT172345982,,
BMT172345984,,
BMT172345982,,
BMT172345980,,
BMT172345982,,
BMT172345985,,
BMT172345980,,
BMT172345983,,
BMT172345976,,
BMT172345974,,
BMT172345976,,
BMT172345978,,
BMT172345976,,
BMT172345979,,
BMT172345974,,
BMT172345977,,
BMT172345974,,
BMT2501970B,,
BMT2501970B,,
BMT172345973,,
BMT172345973,,
BMT5620127B,,
BMT172345992,,
BMT172345993,,
BMT172345992,,
BMT4685319B,,
BMT167714358,,
BMT167714357,,
BMT167715065,,
BMT4665446B,,
BMT167714355,,
BMT4665621B,,
BMT167714355,,
BMT4675099B,,
BMT167715066,,
BMT4665474B,,
BMT167714348,,
BMT167714338,,
BMT167714349,,
BMT167714351,,
BMT169507105,,
BMT2502047B,,
BMT2502047B,,
BMT169507106,,
BMT2502054B,,
BMT169507107,,
BMT169507107,,
BMT169507109,,
BMT169507110,,
BMT169507111,,
BMT169507110,,
BMT169507112,,
BMT169507112,,
BMT169507113,,
BMT169507114,,
BMT169507115,,
BMT169507114,,
BMT169507116,,
BMT169507114,,
BMT169507117,,
BMT169507116,,
BMT169507119,,
BMT169507116,,
BMT169507120,,
BMT169507121,,
BMT169507123,,
BMT169507125,,
BMT169507127,,
BMT2503979B,,
BMT2503986B,,
BMT2503986B,,
BMT3319836B,,
BMT167715677,,
BMT5601311B,,
BMT167715684,,
BMT5601822B,,
BMT2504000B,,
BMT167715685,,
BMT167715722,,
BMT167715723,,
BMT167715722,,
BMT167715724,,
BMT167715726,,
BMT5598574B,,
BMT167715727,,
BMT167715729,,
BMT167715727,,
BMT5598728B,,
BMT167715727,,
BMT5598756B,,
BMT2504028B,,
BMT5598791B,,
BMT167715731,,
BMT167715732,,
BMT167715735,,
BMT167715737,,
BMT167715537,,
BMT167715538,,
BMT167715538,,
BMT167715539,,
BMT2504063B,,
BMT168529049,,
BMT168529049,,
BMT168529051,,
BMT168529049,,
BMT168529052,,
BMT2504077B,,
BMT168529053,,
BMT168529053,,
BMT168529054,,
BMT168529053,,
BMT168529055,,
BMT168529055,,
BMT168529056,,
BMT168529055,,
BMT4650606B,,
BMT168529055,,
BMT5620148B,,
BMT168529058,,
BMT168529059,,
BMT168529058,,
BMT2504105B,,
BMT2504105B,,
BMT168529060,,
BMT168529060,,
BMT168529061,,
BMT168529060,,
BMT5620330B,,
BMT2504119B,,
BMT5620337B,,
BMT168529062,,
BMT168529063,,
BMT168529062,,
BMT168529064,,
BMT168529064,,
BMT168529065,,
BMT168529064,,
BMT168529066,,
BMT167715523,,
BMT167715524,,
BMT167715518,,
BMT168529068,,
BMT172345995,,
BMT172345997,,
BMT172345995,,
BMT5655092B,,
BMT172345998,,
BMT172345999,,
BMT172345998,,
BMT5655134B,,
BMT172346000,,
BMT172346001,,
BMT167715038,,
BMT167715039,,
BMT167715040,,
BMT2504182B,,
BMT2504182B,,
BMT5620470B,,
BMT2504189B,,
BMT2504196B,,
BMT2504196B,,
BMT167715041,,
BMT167715041,,
BMT2504210B,,
BMT167715041,,
BMT167715043,,
BMT2504210B,,
BMT167715042,,
BMT167715043,,
BMT167715044,,
BMT167715043,,
BMT5620645B,,
BMT167715046,,
BMT167715048,,
BMT167715046,,
BMT2504231B,,
BMT167715046,,
BMT167715045,,
BMT2504231B,,
BMT167715049,,
BMT167715094,,
BMT169507130,,
BMT167715475,,
BMT5627729B,,
BMT2502117B,,
BMT167715476,,
BMT169507130,,
BMT169507131,,
BMT167715097,,
BMT169507132,,
BMT167715457,,
BMT5629024B,,
BMT167715458,,
BMT167715459,,
BMT167715458,,
BMT2503363B,,
BMT169507133,,
BMT2978376B,,
BMT169507133,,
BMT169507136,,
BMT169507137,,
BMT169507138,,
BMT169507137,,
BMT169507139,,
BMT169507139,,
BMT169507140,,
BMT169507139,,
BMT2813505B,,
BMT169507144,,
BMT169507146,,
BMT169507147,,
BMT169507148,,
BMT169507149,,
BMT2502201B,,
BMT169507149,,
BMT169507151,,
BMT169507152,,
BMT169507154,,
BMT169507152,,
BMT169507155,,
BMT169507155,,
BMT169507156,,
BMT169507155,,
BMT167715123,,
BMT169507155,,
BMT169507157,,
BMT168515658,,
BMT5629262B,,
BMT167715127,,
BMT2502236B,,
BMT2502243B,,
BMT2502250B,,
BMT2502250B,,
BMT4684304B,,
BMT167715128,,
BMT167715129,,
BMT167715130,,
BMT167715131,,
BMT167715132,,
BMT2502278B,,
BMT167715307,,
BMT167715308,,
BMT2502278B,,
BMT5660685B,,
BMT167715133,,
BMT167715134,,
BMT167715133,,
BMT167715135,,
BMT167715208,,
BMT2502306B,,
BMT167715135,,
BMT5660727B,,
BMT2502299B,,
BMT2502635B,,
BMT2502306B,,
BMT5660699B,,
BMT167715209,,
BMT167715210,,
BMT167715209,,
BMT2502320B,,
BMT2502320B,,
BMT5661287B,,
BMT167715211,,
BMT167715212,,
BMT167715211,,
BMT167715213,,
BMT167715215,,
BMT167715216,,
BMT167715215,,
BMT2502341B,,
BMT2502341B,,
BMT5661301B,,
BMT167715217,,
BMT167715218,,
BMT167715217,,
BMT167715219,,
BMT167715218,,
BMT167715235,,
BMT167715239,,
BMT5661336B,,
BMT167715219,,
BMT167715220,,
BMT167715219,,
BMT167715221,,
BMT167715221,,
BMT167715222,,
BMT167715221,,
BMT2502376B,,
BMT2502376B,,
BMT167715223,,
BMT167715223,,
BMT167715224,,
BMT167715052,,
BMT167715053,,
BMT167715052,,
BMT167715051,,
BMT167714999,,
BMT5621989B,,
BMT167715001,,
BMT5622059B,,
BMT167715002,,
BMT167715003,,
BMT167715002,,
BMT2504266B,,
BMT2504266B,,
BMT5622080B,,
BMT167715004,,
BMT167715005,,
BMT167715004,,
BMT5622087B,,
BMT167715030,,
BMT167715031,,
BMT167715006,,
BMT167715007,,
BMT167715031,,
BMT167715032,,
BMT167715031,,
BMT5622703B,,
BMT167715007,,
BMT167715008,,
BMT167715022,,
BMT5624481B,,
BMT167715026,,
BMT167715027,,
BMT167715023,,
BMT5625125B,,
BMT2504308B,,
BMT167715010,,
BMT167715015,,
BMT2504322B,,
BMT167715011,,
BMT167715012,,
BMT2504322B,,
BMT167715016,,
BMT167715016,,
BMT167715017,,
BMT167715016,,
BMT167715018,,
BMT167715018,,
BMT5624082B,,
BMT167715018,,
BMT5624236B,,
BMT2504343B,,
BMT167715020,,
BMT167715020,,
BMT167715021,,
BMT2504357B,,
BMT5619448B,,
BMT167715027,,
BMT167715028,,
BMT167715027,,
BMT2504371B,,
BMT2504371B,,
BMT2504378B,,
BMT2504378B,,
BMT167715029,,
BMT2504385B,,
BMT5619455B,,
BMT2504392B,,
BMT167715024,,
BMT167715024,,
BMT167715025,,
BMT2504406B,,
BMT5622731B,,
BMT167714975,,
BMT167714976,,
BMT167714975,,
BMT167714977,,
BMT172398413,,
BMT172398414,,
BMT172398413,,
BMT5644459B,,
BMT172398415,,
BMT172398416,,
BMT172398415,,
BMT2504441B,,
BMT2504441B,,
BMT167714814,,
BMT172398417,,
BMT172398418,,
BMT172398417,,
BMT5644662B,,
BMT172398418,,
BMT172398445,,
BMT172398419,,
BMT172398420,,
BMT172398419,,
BMT172398421,,
BMT172398421,,
BMT172398422,,
BMT172398421,,
BMT2504483B,,
BMT2504483B,,
BMT2811958B,,
BMT2504490B,,
BMT5644802B,,
BMT167714821,,
BMT3378384B,,
BMT167714821,,
BMT5622500B,,
BMT167714952,,
BMT167714953,,
BMT167714955,,
BMT167714956,,
BMT167714955,,
BMT2504805B,,
BMT172398424,,
BMT5622563B,,
BMT172398424,,
BMT172398426,,
BMT172398425,,
BMT172398444,,
BMT167714897,,
BMT167714898,,
BMT167714826,,
BMT3480885B,,
BMT167714826,,
BMT172398429,,
BMT172398431,,
BMT172398433,,
BMT172398431,,
BMT167714834,,
BMT167714898,,
BMT167714899,,
BMT167714898,,
BMT2504546B,,
BMT2504546B,,
BMT5629864B,,
BMT167714900,,
BMT167714901,,
BMT167714900,,
BMT5629920B,,
BMT2504560B,,
BMT5629955B,,
BMT2504567B,,
BMT167714902,,
BMT167714902,,
BMT167714903,,
BMT167714902,,
BMT167714904,,
BMT167714904,,
BMT167714905,,
BMT167714904,,
BMT167714906,,
BMT167714909,,
BMT167714911,,
BMT167714909,,
BMT6505585B,,
BMT167714905,,
BMT167714913,,
BMT167714927,,
BMT167714928,,
BMT167714905,,
BMT5630711B,,
BMT167714913,,
BMT2504679B,,
BMT167714929,,
BMT170969956,,
BMT170969956,,
BMT170969958,,
BMT170969956,,
BMT170969959,,
BMT170969959,,
BMT5631859B,,
BMT170969959,,
BMT5632146B,,
BMT2504630B,,
BMT170969961,,
BMT170969960,,
BMT170969971,,
BMT170969961,,
BMT170969962,,
BMT170969961,,
BMT167714937,,
BMT167714937,,
BMT167714938,,
BMT167714948,,
BMT167714949,,
BMT167714938,,
BMT170969963,,
BMT167714946,,
BMT4728446B,,
BMT167714938,,
BMT4728467B,,
BMT170969963,,
BMT170969965,,
BMT170969963,,
BMT170969966,,
BMT2504679B,,
BMT167714915,,
BMT169229270,,
BMT169229271,,
BMT2504693B,,
BMT167714921,,
BMT169229274,,
BMT169229275,,
BMT169229274,,
BMT169229276,,
BMT167714835,,
BMT172398434,,
BMT167714889,,
BMT167714890,,
BMT167714835,,
BMT172398435,,
BMT172398434,,
BMT172398437,,
BMT172398434,,
BMT167714840,,
BMT172398434,,
BMT2504728B,,
BMT167714854,,
BMT167714855,,
BMT2504728B,,
BMT167714841,,
BMT167714881,,
BMT2811895B,,
BMT167714841,,
BMT5623312B,,
BMT167714841,,
BMT5623396B,,
BMT172398439,,
BMT172398440,,
BMT172398439,,
BMT5623669B,,
BMT172398441,,
BMT172398442,,
BMT172398441,,
BMT167714848,,
BMT167714848,,
BMT172398443,,
BMT167714869,,
BMT167714870,,
BMT167714870,,
BMT167714871,,
BMT167714870,,
BMT167714872,,
BMT167714872,,
BMT167714873,,
BMT167714872,,
BMT5624075B,,
BMT167714855,,
BMT167714856,,
BMT167714855,,
BMT5629493B,,
BMT167714857,,
BMT167714858,,
BMT167714857,,
BMT167714859,,
BMT167714860,,
BMT167714861,,
BMT167714860,,
BMT5629654B,,
BMT2504798B,,
BMT167714862,,
BMT2504805B,,
BMT5645075B,,
BMT2504812B,,
BMT5645096B,,
BMT2504819B,,
BMT5645124B,,
BMT167714957,,
BMT167714958,,
BMT172652205,,
BMT172652207,,
BMT2504840B,,
BMT171558788,,
BMT171558788,,
BMT171558789,,
BMT171558788,,
BMT5620022B,,
BMT167714691,,
BMT167714692,,
BMT167714680,,
BMT5633126B,,
BMT171558790,,
BMT2505281B,,
BMT167714692,,
BMT2504875B,,
BMT167714692,,
BMT5633196B,,
BMT2504875B,,
BMT167714693,,
BMT167714697,,
BMT2504889B,,
BMT2504889B,,
BMT2504896B,,
BMT2504896B,,
BMT167714698,,
BMT167714700,,
BMT167714701,,
BMT167714700,,
BMT5634547B,,
BMT167714702,,
BMT167714703,,
BMT167714702,,
BMT2504917B,,
BMT2504917B,,
BMT5634694B,,
BMT2504924B,,
BMT167714704,,
BMT167714787,,
BMT5634778B,,
BMT167714704,,
BMT5634911B,,
BMT167714704,,
BMT167714706,,
BMT167714780,,
BMT167714781,,
BMT167714780,,
BMT167714782,,
BMT2504945B,,
BMT5634862B,,
BMT167714705,,
BMT5634911B,,
BMT167714705,,
BMT5634932B,,
BMT167714773,,
BMT5634946B,,
BMT167714774,,
BMT167714775,,
BMT167714774,,
BMT5636178B,,
BMT167714707,,
BMT167714708,,
BMT167714707,,
BMT167714709,,
BMT167714745,,
BMT167714746,,
BMT167714709,,
BMT5635072B,,
BMT167714746,,
BMT167714747,,
BMT167714746,,
BMT5635303B,,
BMT167714710,,
BMT167714711,,
BMT167714710,,
BMT5647749B,,
BMT167714710,,
BMT5684786B,,
BMT167714711,,
BMT167714734,,
BMT2505001B,,
BMT167714712,,
BMT167714712,,
BMT167714714,,
BMT167714712,,
BMT167714715,,
BMT167714715,,
BMT2505029B,,
BMT167714738,,
BMT5647819B,,
BMT167714739,,
BMT167714740,,
BMT167714739,,
BMT2505127B,,
BMT2505029B,,
BMT5647966B,,
BMT2505036B,,
BMT167714716,,
BMT167714716,,
BMT167714717,,
BMT167714716,,
BMT5647952B,,
BMT167714718,,
BMT167714719,,
BMT167714721,,
BMT167714723,,
BMT167714721,,
BMT167714724,,
BMT167714724,,
BMT167714725,,
BMT167714724,,
BMT167714726,,
BMT167714726,,
BMT167714727,,
BMT167714726,,
BMT167714728,,
BMT167714728,,
BMT167714729,,
BMT167714728,,
BMT5648274B,,
BMT2505085B,,
BMT2505120B,,
BMT167714729,,
BMT167714731,,
BMT167714729,,
BMT167714732,,
BMT167714735,,
BMT2505106B,,
BMT167714731,,
BMT5648260B,,
BMT2505106B,,
BMT2505113B,,
BMT2505113B,,
BMT167714736,,
BMT2505120B,,
BMT5648295B,,
BMT2505127B,,
BMT167714741,,
BMT167714741,,
BMT167714742,,
BMT167714741,,
BMT5647917B,,
BMT2505141B,,
BMT167714743,,
BMT167714743,,
BMT167714744,,
BMT167714748,,
BMT167714749,,
BMT167714748,,
BMT2505169B,,
BMT167714761,,
BMT167714762,,
BMT167714749,,
BMT167714751,,
BMT167714749,,
BMT167714752,,
BMT2505169B,,
BMT167714750,,
BMT167714764,,
BMT167714765,,
BMT167714770,,
BMT167714771,,
BMT167714764,,
BMT5636570B,,
BMT167714754,,
BMT167714755,,
BMT167714756,,
BMT5636710B,,
BMT2505190B,,
BMT2505197B,,
BMT2505197B,,
BMT167714757,,
BMT167714775,,
BMT167714777,,
BMT167714775,,
BMT5636654B,,
BMT2505211B,,
BMT167714778,,
BMT167714788,,
BMT167714789,,
BMT167714788,,
BMT5634967B,,
BMT167714790,,
BMT5634988B,,
BMT2505232B,,
BMT167714791,,
BMT167714792,,
BMT167714794,,
BMT167714792,,
BMT5635135B,,
BMT167714795,,
BMT167714796,,
BMT167714795,,
BMT2505253B,,
BMT2505253B,,
BMT167714797,,
BMT167714800,,
BMT167714801,,
BMT167714798,,
BMT5633798B,,
BMT167714801,,
BMT5634162B,,
BMT167714803,,
BMT167714804,,
BMT2505274B,,
BMT167714783,,
BMT2505281B,,
BMT2505288B,,
BMT2505288B,,
BMT2505295B,,
BMT2505295B,,
BMT167714681,,
BMT167714681,,
BMT171558792,,
BMT167714681,,
BMT5633567B,,
BMT168428777,,
BMT5633637B,,
BMT2505309B,,
BMT5633665B,,
BMT2505316B,,
BMT168428778,,
BMT168428778,,
BMT168428779,,
BMT168428778,,
BMT5633910B,,
BMT2505330B,,
BMT168428780,,
BMT2505337B,,
BMT2505344B,,
BMT2505344B,,
BMT5642877B,,
BMT2505351B,,
BMT2505358B,,
BMT2505358B,,
BMT2505365B,,
BMT2505365B,,
BMT5642947B,,
BMT167714625,,
BMT167714626,,
BMT167714625,,
BMT167714627,,
BMT167714627,,
BMT167714628,,
BMT167714627,,
BMT4910019B,,
BMT170755450,,
BMT5643003B,,
BMT2505386B,,
BMT5643416B,,
BMT167714632,,
BMT170755455,,
BMT167714635,,
BMT2505400B,,
BMT2505400B,,
BMT167714636,,
BMT2505407B,,
BMT5643626B,,
BMT167714639,,
BMT167714641,,
BMT167714639,,
BMT167714642,,
BMT167714642,,
BMT167714643,,
BMT167714642,,
BMT5643871B,,
BMT167714643,,
BMT167714645,,
BMT167714643,,
BMT167714646,,
BMT167714645,,
BMT167714647,,
BMT167714645,,
BMT167714648,,
BMT167714670,,
BMT167714671,,
BMT167714611,,
BMT167714612,,
BMT167714611,,
BMT5645831B,,
BMT167714615,,
BMT2505463B,,
BMT167714613,,
BMT5645838B,,
BMT2505463B,,
BMT5645859B,,
BMT2505470B,,
BMT167714616,,
BMT167714596,,
BMT2505491B,,
BMT167714604,,
BMT5646069B,,
BMT2505484B,,
BMT167714605,,
BMT2505491B,,
BMT5645915B,,
BMT172246361,,
BMT172246362,,
BMT172246361,,
BMT2505505B,,
BMT2505505B,,
BMT2505512B,,
BMT2505512B,,
BMT5645971B,,
BMT172246363,,
BMT3079008B,,
BMT172246363,,
BMT5645999B,,
BMT172246365,,
BMT172246366,,
BMT172246365,,
BMT4231866B,,
BMT167714605,,
BMT167714606,,
BMT167714605,,
BMT5646083B,,
BMT167714529,,
BMT167714530,,
BMT167714529,,
BMT3732675B,,
BMT167714530,,
BMT167714532,,
BMT167714530,,
BMT167714533,,
BMT168840065,,
BMT168840066,,
BMT168840066,,
BMT168840067,,
BMT168840066,,
BMT5645495B,,
BMT2505568B,,
BMT5645516B,,
BMT167714573,,
BMT167714574,,
BMT167714537,,
BMT168840068,,
BMT168840069,,
BMT168840071,,
BMT168840069,,
BMT5645712B,,
BMT168840072,,
BMT168840073,,
BMT168840072,,
BMT2505610B,,
BMT2505610B,,
BMT168840074,,
BMT168840074,,
BMT168840075,,
BMT168840074,,
BMT168840076,,
BMT168840076,,
BMT168840077,,
BMT168840076,,
BMT2505631B,,
BMT168840076,,
BMT168840079,,
BMT168840081,,
BMT168840083,,
BMT168840081,,
BMT168840084,,
BMT167714487,,
BMT167714488,,
BMT167714485,,
BMT5646223B,,
BMT2505652B,,
BMT5646244B,,
BMT167714490,,
BMT167714491,,
BMT167714497,,
BMT167714498,,
BMT167714490,,
BMT167714492,,
BMT167714494,,
BMT5646258B,,
BMT167714494,,
BMT167714496,,
BMT2505673B,,
BMT167714500,,
BMT170668796,,
BMT5647259B,,
BMT2505687B,,
BMT167714455,,
BMT2505687B,,
BMT5627225B,,
BMT2505694B,,
BMT5627470B,,
BMT2505701B,,
BMT3613829B,,
BMT2505708B,,
BMT3613990B,,
BMT167714457,,
BMT167714458,,
BMT167714457,,
BMT3614046B,,
BMT2505722B,,
BMT2505729B,,
BMT2505729B,,
BMT167714459,,
BMT167714470,,
BMT167714471,,
BMT167714459,,
BMT3789473B,,
BMT167715223,,
BMT167715225,,
BMT167715225,,
BMT167715226,,
BMT167715225,,
BMT5661595B,,
BMT167715226,,
BMT167715228,,
BMT167715226,,
BMT167715229,,
BMT167715226,,
BMT5661602B,,
BMT167715288,,
BMT2502411B,,
BMT167715229,,
BMT167715231,,
BMT2502411B,,
BMT2502488B,,
BMT167715273,,
BMT167715274,,
BMT167715231,,
BMT167715232,,
BMT167715231,,
BMT5661623B,,
BMT167715274,,
BMT167715275,,
BMT167715274,,
BMT167715276,,
BMT167715274,,
BMT167715277,,
BMT167715259,,
BMT167715260,,
BMT167715232,,
BMT5684254B,,
BMT167715270,,
BMT167715271,,
BMT167715260,,
BMT5631299B,,
BMT167715261,,
BMT167715262,,
BMT167715261,,
BMT2502453B,,
BMT2502453B,,
BMT5631733B,,
BMT167715266,,
BMT167715267,,
BMT167715263,,
BMT167715264,,
BMT167715278,,
BMT167715280,,
BMT167715278,,
BMT5661658B,,
BMT167715278,,
BMT167715282,,
BMT167715284,,
BMT167715285,,
BMT167715285,,
BMT167715286,,
BMT167715285,,
BMT5661672B,,
BMT2502488B,,
BMT5661609B,,
BMT167715290,,
BMT167715292,,
BMT167715290,,
BMT167715293,,
BMT2502502B,,
BMT2502509B,,
BMT2502509B,,
BMT2502516B,,
BMT2502516B,,
BMT5633259B,,
BMT167715297,,
BMT167715299,,
BMT167715297,,
BMT167715300,,
BMT167715300,,
BMT167715301,,
BMT167715300,,
BMT167715302,,
BMT2502537B,,
BMT5633427B,,
BMT2502544B,,
BMT167715305,,
BMT167715235,,
BMT167715237,,
BMT167715235,,
BMT5661420B,,
BMT2502558B,,
BMT5632426B,,
BMT167715241,,
BMT167715242,,
BMT167715242,,
BMT167715243,,
BMT167715242,,
BMT5632510B,,
BMT2502579B,,
BMT167715244,,
BMT167715138,,
BMT167715139,,
BMT167715138,,
BMT167715140,,
BMT172530512,,
BMT172530513,,
BMT172530512,,
BMT167715649,,
BMT3319836B,,
BMT172530512,,
BMT167715660,,
BMT3319969B,,
BMT167715649,,
BMT172530514,,
BMT167714289,,
BMT5611293B,,
BMT2477715B,,
BMT167714291,,
BMT167714291,,
BMT167714293,,
BMT167714291,,
BMT3627409B,,
BMT167714295,,
BMT2477736B,,
BMT167714295,,
BMT5611433B,,
BMT2477736B,,
BMT3627521B,,
BMT2477743B,,
BMT5611615B,,
BMT167714299,,
BMT3627591B,,
BMT167715738,,
BMT5611685B,,
BMT167715739,,
BMT167715740,,
BMT167715739,,
BMT167715741,,
BMT167714302,,
BMT167714303,,
BMT167714302,,
BMT2477771B,,
BMT2477771B,,
BMT167714304,,
BMT167714304,,
BMT167714305,,
BMT167714304,,
BMT2477785B,,
BMT2477785B,,
BMT2477792B,,
BMT2477792B,,
BMT2477799B,,
BMT2477799B,,
BMT167714306,,
BMT2477806B,,
BMT167714301,,
BMT167714301,,
BMT167714307,,
BMT167714301,,
BMT3627668B,,
BMT167714307,,
BMT2477827B,,
BMT167714307,,
BMT5618832B,,
BMT2477827B,,
BMT167714312,,
BMT2477834B,,
BMT2477841B,,
BMT2477841B,,
BMT3612268B,,
BMT173076422,,
BMT173076423,,
BMT167714221,,
BMT5603642B,,
BMT167714222,,
BMT2477897B,,
BMT2477897B,,
BMT5603915B,,
BMT173076423,,
BMT173076424,,
BMT173076887,,
BMT173076888,,
BMT173076424,,
BMT3641759B,,
BMT173076424,,
BMT5604797B,,
BMT173076426,,
BMT173076429,,
BMT173076426,,
BMT167714237,,
BMT167714238,,
BMT167714239,,
BMT167714672,,
BMT167714674,,
BMT167714637,,
BMT2505407B,,
BMT167714637,,
BMT167714640,,
BMT167715541,,
BMT167715542,,
BMT167715541,,
BMT167715543,,
BMT3225042B,,
BMT3225056B,,
BMT3225056B,,
BMT3225070B,,
BMT3225070B,,
BMT3225084B,,
BMT3225084B,,
BMT5607107B,,
BMT3225091B,,
BMT167715817,,
BMT167715817,,
BMT167715818,,
BMT167715817,,
BMT167715819,,
BMT168840068,,
BMT168840069,,
BMT168840068,,
BMT3339499B,,
BMT3339499B,,
BMT168840070,,
BMT3340563B,,
BMT167715421,,
BMT3400840B,,
BMT167715605,,
BMT3319969B,,
BMT5618888B,,
BMT167715661,,
BMT167715662,,
BMT171724132,,
BMT1136851B,,
BMT3547602B,,
BMT1136760B,,
BMT3611743B,,
BMT3611771B,,
BMT3611771B,,
BMT167714267,,
BMT167714267,,
BMT167714268,,
BMT167714267,,
BMT3611792B,,
BMT3611792B,,
BMT3611799B,,
BMT3611799B,,
BMT3611827B,,
BMT3611820B,,
BMT3611848B,,
BMT3611827B,,
BMT3611834B,,
BMT3611834B,,
BMT3611820B,,
BMT3611841B,,
BMT3611869B,,
BMT3611848B,,
BMT3611841B,,
BMT3611862B,,
BMT5609683B,,
BMT3611869B,,
BMT3611862B,,
BMT3611897B,,
BMT167714263,,
BMT3612268B,,
BMT5614275B,,
BMT3612338B,,
BMT167715910,,
BMT3612366B,,
BMT3612415B,,
BMT3612373B,,
BMT3612366B,,
BMT3612380B,,
BMT3612373B,,
BMT3612387B,,
BMT3612380B,,
BMT3612394B,,
BMT3612387B,,
BMT3612401B,,
BMT3612394B,,
BMT167715915,,
BMT167715916,,
BMT3612415B,,
BMT167715905,,
BMT3612429B,,
BMT167715904,,
BMT3612436B,,
BMT167715905,,
BMT3612436B,,
BMT3612443B,,
BMT3612443B,,
BMT3612429B,,
BMT167715904,,
BMT3612485B,,
BMT167715902,,
BMT167715903,,
BMT3612485B,,
BMT167715902,,
BMT3612541B,,
BMT167715899,,
BMT3612569B,,
BMT3612604B,,
BMT3612604B,,
BMT3612611B,,
BMT3612611B,,
BMT3612618B,,
BMT3612618B,,
BMT167715880,,
BMT167715881,,
BMT3612702B,,
BMT3612695B,,
BMT167715881,,
BMT3612702B,,
BMT167715883,,
BMT167715883,,
BMT167715885,,
BMT169655586,,
BMT4608942B,,
BMT168840071,,
BMT168840085,,
BMT168840071,,
BMT168840086,,
BMT168840071,,
BMT168840087,,
BMT168840086,,
BMT168840088,,
BMT168840086,,
BMT168840089,,
BMT3612891B,,
BMT168840092,,
BMT168840089,,
BMT168840091,,
BMT168840089,,
BMT3612891B,,
BMT168840092,,
BMT168840093,,
BMT168840092,,
BMT167714563,,
BMT167714563,,
BMT3612940B,,
BMT167714974,,
BMT167714975,,
BMT167714891,,
BMT167714890,,
BMT167714862,,
BMT4230410B,,
BMT169229272,,
BMT5631033B,,
BMT167716004,,
BMT167716005,,
BMT170613191,,
BMT1141191B,,
BMT2811895B,,
BMT167714882,,
BMT167714882,,
BMT2811916B,,
BMT2811916B,,
BMT167714883,,
BMT167714883,,
BMT167714884,,
BMT2811958B,,
BMT2504490B,,
BMT167715688,,
BMT167715689,,
BMT167715688,,
BMT167715690,,
BMT167715627,,
BMT2503895B,,
BMT170812622,,
BMT2812035B,,
BMT167715624,,
BMT167715626,,
BMT167715624,,
BMT167715627,,
BMT2812035B,,
BMT170812623,,
BMT170812623,,
BMT5619910B,,
BMT167715734,,
BMT2503573B,,
BMT167715734,,
BMT167715736,,
BMT167714618,,
BMT167714619,,
BMT167714618,,
BMT2841309B,,
BMT2841309B,,
BMT167714620,,
BMT3189020C,,
BMT3189027C,,
BMT3189027C,,
BMT3189041C,,
BMT3189034B,,
BMT167714198,,
BMT167715466,,
BMT167715467,,
BMT167715466,,
BMT167715468,,
BMT167715200,,
BMT167715201,,
BMT167714239,,
BMT167714240,,
BMT167714239,,
BMT5341681B,,
BMT167715782,,
BMT3334172B,,
BMT3334172B,,
BMT3334179B,,
BMT3334179B,,
BMT3334186B,,
BMT3334186B,,
BMT3334193B,,
BMT3334193B,,
BMT3334200B,,
BMT3334200B,,
BMT3334207B,,
BMT3334207B,,
BMT3334214B,,
BMT3334214B,,
BMT3334221B,,
BMT3334221B,,
BMT167715783,,
BMT167715840,,
BMT3334347B,,
BMT167715840,,
BMT5616690B,,
BMT3334291B,,
BMT3334298B,,
BMT3334298B,,
BMT3334305B,,
BMT3334305B,,
BMT3334312B,,
BMT3334312B,,
BMT3334319B,,
BMT3334319B,,
BMT3334326B,,
BMT3334326B,,
BMT3334333B,,
BMT3334333B,,
BMT167715841,,
BMT3334347B,,
BMT3334291B,,
BMT167714398,,
BMT167714396,,
BMT167714890,,
BMT167714892,,
BMT3505707B,,
BMT167715766,,
BMT171724151,,
BMT1136606B,,
BMT167715545,,
BMT167715546,,
BMT173076888,,
BMT4890083B,,
BMT4890083B,,
BMT173076889,,
BMT173076888,,
BMT4890104B,,
BMT4890104B,,
BMT4890111B,,
BMT4890111B,,
BMT4890118B,,
BMT4890118B,,
BMT173076890,,
BMT167715010,,
BMT5623522B,,
BMT167715536,,
BMT167715537,,
BMT167714471,,
BMT4334668B,,
BMT167714476,,
BMT167714477,,
BMT3079008B,,
BMT3079015B,,
BMT3079015B,,
BMT172246364,,
BMT167714488,,
BMT167714489,,
BMT167714488,,
BMT5646237B,,
BMT3188103B,,
BMT167715944,,
BMT167715943,,
BMT3188103B,,
BMT3188957B,,
BMT2476987B,,
BMT3188964B,,
BMT3188957B,,
BMT3188971B,,
BMT3188964B,,
BMT3188978B,,
BMT167715946,,
BMT167715946,,
BMT3188992C,,
BMT3188992C,,
BMT3189020C,,
BMT3188999B,,
BMT2476966B,,
BMT3189006B,,
BMT3188999B,,
BMT167715816,,
BMT3225042B,,
BMT171798212,,
BMT171798213,,
BMT167715686,,
BMT167715687,,
BMT167714284,,
BMT167714285,,
BMT167714287,,
BMT3627213B,,
BMT167714285,,
BMT167714286,,
BMT3627206B,,
BMT2477701B,,
BMT3627213B,,
BMT3627206B,,
BMT3627262B,,
BMT167714289,,
BMT3627269B,,
BMT167714288,,
BMT167714288,,
BMT3627262B,,
BMT3627297B,,
BMT3627332B,,
BMT3627332B,,
BMT3627346B,,
BMT3627346B,,
BMT3627353B,,
BMT3627353B,,
BMT3627374B,,
BMT3627374B,,
BMT2477715B,,
BMT3627395B,,
BMT167714294,,
BMT3627402B,,
BMT3627395B,,
BMT3627409B,,
BMT3627402B,,
BMT167714294,,
BMT3627444B,,
BMT167715742,,
BMT6541803B,,
BMT3627444B,,
BMT3627451B,,
BMT3627451B,,
BMT167714295,,
BMT3627500B,,
BMT3627535B,,
BMT3627507B,,
BMT3627500B,,
BMT3627514B,,
BMT3627507B,,
BMT3627521B,,
BMT3627514B,,
BMT3627535B,,
BMT3627542B,,
BMT3627542B,,
BMT167714296,,
BMT167714296,,
BMT2477743B,,
BMT167714296,,
BMT3627584B,,
BMT3627584B,,
BMT167714299,,
BMT3512259B,,
BMT3512266B,,
BMT3512266B,,
BMT167714575,,
BMT167714575,,
BMT167714577,,
BMT167714575,,
BMT3512357B,,
BMT3512357B,,
BMT167714578,,
BMT167714578,,
BMT3512378B,,
BMT3512378B,,
BMT167714579,,
BMT167714579,,
BMT167714581,,
BMT167714579,,
BMT3512406B,,
BMT167714579,,
BMT3613003B,,
BMT3512406B,,
BMT3512413B,,
BMT3512413B,,
BMT167714582,,
BMT167715045,,
BMT167715047,,
BMT172398429,,
BMT172398430,,
BMT167714970,,
BMT167714971,,
BMT167714970,,
BMT3690871B,,
BMT3690871B,,
BMT167714972,,
BMT167714859,,
BMT167714860,,
BMT167714865,,
BMT167714866,,
BMT167714866,,
BMT167714867,,
BMT167714866,,
BMT6542510B,,
BMT167714908,,
BMT167714909,,
BMT167714908,,
BMT3698186B,,
BMT3698165B,,
BMT3698172B,,
BMT3698172B,,
BMT167714910,,
BMT3698186B,,
BMT3698165B,,
BMT167714906,,
BMT167714907,,
BMT167714906,,
BMT5630067B,,
BMT172530498,,
BMT172530499,,
BMT172530498,,
BMT172530500,,
BMT172530507,,
BMT3805734B,,
BMT172530507,,
BMT5603355B,,
BMT3805734B,,
BMT172530509,,
BMT170668797,,
BMT170668798,,
BMT170668800,,
BMT170668801,,
BMT170668800,,
BMT170668802,,
BMT170668802,,
BMT4330699B,,
BMT4330699B,,
BMT167714510,,
BMT167714518,,
BMT167714519,,
BMT167714510,,
BMT4331007B,,
BMT167714519,,
BMT167714520,,
BMT170668804,,
BMT170668806,,
BMT170668804,,
BMT4332890B,,
BMT4331007B,,
BMT170668803,,
BMT170668807,,
BMT170668808,,
BMT170668807,,
BMT170668809,,
BMT4332890B,,
BMT170668807,,
BMT172656555,,
BMT4334066B,,
BMT167714498,,
BMT4910936B,,
BMT167714498,,
BMT5647252B,,
BMT172656556,,
BMT172656557,,
BMT172656556,,
BMT172656558,,
BMT4334066B,,
BMT172656556,,
BMT172656558,,
BMT172656559,,
BMT172656559,,
BMT4334318B,,
BMT4334318B,,
BMT172656560,,
BMT167714459,,
BMT167714461,,
BMT167714474,,
BMT167714475,,
BMT167714474,,
BMT5627197B,,
BMT2813505B,,
BMT169507141,,
BMT169507151,,
BMT169507152,,
BMT169507151,,
BMT169507153,,
BMT167715694,,
BMT167715695,,
BMT167715694,,
BMT167715696,,
BMT2978376B,,
BMT169507135,,
BMT2981141B,,
BMT1144663B,,
BMT171136598,,
BMT171136599,,
BMT171136598,,
BMT5609788B,,
BMT167715384,,
BMT167715385,,
BMT167715384,,
BMT167715386,,
BMT167715386,,
BMT167715387,,
BMT172398428,,
BMT3480885B,,
BMT172398428,,
BMT5622801B,,
BMT3480815B,,
BMT172398428,,
BMT172398432,,
BMT3480815B,,
BMT167714207,,
BMT167714208,,
BMT167714207,,
BMT167714209,,
BMT167714210,,
BMT167714211,,
BMT4675099B,,
BMT167714356,,
BMT4679565B,,
BMT167715011,,
BMT4680860B,,
BMT167714407,,
BMT167714636,,
BMT4684150B,,
BMT167714636,,
BMT167714638,,
BMT4684150B,,
BMT167714637,,
BMT169507120,,
BMT169507121,,
BMT169507120,,
BMT169507122,,
BMT4684304B,,
BMT4684325B,,
BMT4684325B,,
BMT167715128,,
BMT167715293,,
BMT4684346B,,
BMT167715293,,
BMT167715296,,
BMT4684346B,,
BMT167715295,,
BMT167715308,,
BMT1350589B,,
BMT167715308,,
BMT5213469B,,
BMT4684654B,,
BMT167715247,,
BMT167715158,,
BMT167715159,,
BMT167715158,,
BMT4909564B,,
BMT4685109B,,
BMT167715158,,
BMT168536073,,
BMT167715325,,
BMT168536073,,
BMT168536074,,
BMT4685193B,,
BMT168536073,,
BMT170755451,,
BMT170755452,,
BMT4685207B,,
BMT167714632,,
BMT167715619,,
BMT167715621,,
BMT167715619,,
BMT167715622,,
BMT4685256B,,
BMT167715176,,
BMT169507124,,
BMT4685277B,,
BMT169507124,,
BMT169507126,,
BMT4685277B,,
BMT169507125,,
BMT172345985,,
BMT172345986,,
BMT172345985,,
BMT172345987,,
BMT4685312B,,
BMT172345994,,
BMT4685319B,,
BMT4685312B,,
BMT1140183B,,
BMT1140190B,,
BMT1140190B,,
BMT1140197B,,
BMT1140197B,,
BMT167716003,,
BMT167716003,,
BMT1140211B,,
BMT1140211B,,
BMT1140239B,,
BMT1140239B,,
BMT167716004,,
BMT1140386B,,
BMT1140393B,,
BMT1140393B,,
BMT167716025,,
BMT1140414B,,
BMT1140666B,,
BMT1140666B,,
BMT1140673B,,
BMT1140673B,,
BMT167716026,,
BMT167716026,,
BMT167716027,,
BMT1140687B,,
BMT1233815B,,
BMT167716166,,
BMT1140708B,,
BMT167716027,,
BMT1140722B,,
BMT1140708B,,
BMT1140715B,,
BMT1140715B,,
BMT167716167,,
BMT1140722B,,
BMT167716028,,
BMT170613194,,
BMT170613193,,
BMT167716167,,
BMT1140939B,,
BMT167716167,,
BMT1140974B,,
BMT1140939B,,
BMT167716168,,
BMT1140974B,,
BMT1141135B,,
BMT167714251,,
BMT2477113B,,
BMT167714251,,
BMT167714253,,
BMT3631889B,,
BMT5610663B,,
BMT167714231,,
BMT173076426,,
BMT167714244,,
BMT167714245,,
BMT167714231,,
BMT173076427,,
BMT3719851B,,
BMT3719879B,,
BMT3719879B,,
BMT3719886B,,
BMT3719886B,,
BMT167714278,,
BMT3979215B,,
BMT3979229B,,
BMT3979229B,,
BMT167715882,,
BMT167714993,,
BMT167714994,,
BMT167714993,,
BMT167714995,,
BMT167714989,,
BMT167714990,,
BMT167714989,,
BMT167714991,,
BMT169507106,,
BMT2502054B,,
BMT169507106,,
BMT169507108,,
BMT167715924,,
BMT167715925,,
BMT167715917,,
BMT4195774B,,
BMT4195767B,,
BMT4196019B,,
BMT4195774B,,
BMT4195781B,,
BMT4195781B,,
BMT4195788B,,
BMT4195788B,,
BMT4195767B,,
BMT167715918,,
BMT167715919,,
BMT167715918,,
BMT4196418B,,
BMT4196019B,,
BMT4196033B,,
BMT4196033B,,
BMT167715918,,
BMT167715919,,
BMT167715921,,
BMT167715919,,
BMT4721236B,,
BMT4196418B,,
BMT4196516B,,
BMT4196516B,,
BMT167715920,,
BMT4721236B,,
BMT167715922,,
BMT4728446B,,
BMT4728453B,,
BMT167715976,,
BMT167715977,,
BMT167715978,,
BMT167715979,,
BMT1327461B,,
BMT1327468B,,
BMT1327461B,,
BMT4675792B,,
BMT1327468B,,
BMT167716171,,
BMT1327475B,,
BMT1327482B,,
BMT1327482B,,
BMT1327489B,,
BMT1327489B,,
BMT1327496B,,
BMT1327496B,,
BMT1140099B,,
BMT167716171,,
BMT1327475B,,
BMT2829045B,,
BMT167715068,,
BMT3378384B,,
BMT172398423,,
BMT167714455,,
BMT167714454,,
BMT167714473,,
BMT5627442B,,
BMT3641759B,,
BMT167714231,,
BMT3642151B,,
BMT3391166B,,
BMT4230410B,,
BMT167714863,,
BMT167714863,,
BMT167714864,,
BMT167715484,,
BMT167715486,,
BMT167715484,,
BMT167715487,,
BMT4231866B,,
BMT172246367,,
BMT4650592B,,
BMT168529057,,
BMT4650606B,,
BMT4650592B,,
BMT168529057,,
BMT168529070,,
BMT4650935B,,
BMT167715525,,
BMT168529068,,
BMT168529069,,
BMT167715068,,
BMT167715069,,
BMT167715068,,
BMT167715070,,
BMT4665376B,,
BMT2829045B,,
BMT167715067,,
BMT4665376B,,
BMT4665446B,,
BMT167715066,,
BMT4665474B,,
BMT167715067,,
BMT4665621B,,
BMT4665642B,,
BMT4665642B,,
BMT4687622B,,
BMT169229276,,
BMT169229277,,
BMT4926833B,,
BMT4926840B,,
BMT4926840B,,
BMT4926847B,,
BMT4926847B,,
BMT4926854B,,
BMT4926854B,,
BMT167715821,,
BMT167715821,,
BMT4926868B,,
BMT167715821,,
BMT4926931B,,
BMT4926868B,,
BMT4926875B,,
BMT4926875B,,
BMT4926882B,,
BMT4926882B,,
BMT167715822,,
BMT167715822,,
BMT167715824,,
BMT167715822,,
BMT167715825,,
BMT167715824,,
BMT4926903B,,
BMT167715824,,
BMT167715827,,
BMT4926903B,,
BMT167715826,,
BMT4926931B,,
BMT167715823,,
BMT4930522B,,
BMT4930529B,,
BMT4930529B,,
BMT4930536B,,
BMT4930536B,,
BMT167714408,,
BMT4930788B,,
BMT4930795B,,
BMT4930795B,,
BMT4930802B,,
BMT4930802B,,
BMT167714347,,
BMT167715545,,
BMT5597573B,,
BMT167714277,,
BMT3719851B,,
BMT167714275,,
BMT167714276,,
BMT167714977,,
BMT167714978,,
BMT3732675B,,
BMT167714531,,
BMT167715941,,
BMT3612275B,,
BMT167715941,,
BMT167715942,,
BMT167715941,,
BMT5652831B,,
BMT4388351B,,
BMT167715614,,
BMT167715680,,
BMT167715681,,
BMT167715680,,
BMT4388491B,,
BMT4388491B,,
BMT167715682,,
BMT167714322,,
BMT5619350B,,
BMT4389107B,,
BMT167715702,,
BMT167715702,,
BMT167715703,,
BMT167715720,,
BMT167715721,,
BMT167715720,,
BMT5598448B,,
BMT167715719,,
BMT5598315B,,
BMT167715531,,
BMT167715532,,
BMT167715531,,
BMT4392334B,,
BMT4392334B,,
BMT167715533,,
BMT4608942B,,
BMT4608956B,,
BMT169655587,,
BMT169655588,,
BMT169655587,,
BMT169655589,,
BMT4608956B,,
BMT4608963B,,
BMT4608963B,,
BMT169655587,,
BMT4846109B,,
BMT167714270,,
BMT4858093B,,
BMT171721174,,
BMT167715662,,
BMT5166387B,,
BMT5166387B,,
BMT5166394B,,
BMT5166394B,,
BMT5166401B,,
BMT5166401B,,
BMT167715663,,
BMT167715749,,
BMT2477484B,,
BMT167715832,,
BMT167715833,,
BMT167715833,,
BMT5166429B,,
BMT5166429B,,
BMT5166436B,,
BMT5166436B,,
BMT5166450B,,
BMT5166450B,,
BMT5166457B,,
BMT5166457B,,
BMT5166464B,,
BMT5166464B,,
BMT5166471B,,
BMT5166471B,,
BMT5166478B,,
BMT5166478B,,
BMT5166485B,,
BMT5166485B,,
BMT5166492B,,
BMT5166492B,,
BMT167715834,,
BMT167715834,,
BMT5166506B,,
BMT5166506B,,
BMT5166513B,,
BMT5166513B,,
BMT5166520B,,
BMT5166520B,,
BMT5166527B,,
BMT5166527B,,
BMT5166534B,,
BMT5166534B,,
BMT167715836,,
BMT171132721,,
BMT5166576B,,
BMT5166576B,,
BMT5166583B,,
BMT5166583B,,
BMT5166590B,,
BMT5166590B,,
BMT172530518,,
BMT172530518,,
BMT5166604B,,
BMT172530518,,
BMT5166639B,,
BMT5166604B,,
BMT5166611B,,
BMT167716142,,
BMT1389271B,,
BMT1389271B,,
BMT1146049B,,
BMT1389712B,,
BMT167716049,,
BMT167716050,,
BMT167716144,,
BMT1390475B,,
BMT171724126,,
BMT171724126,,
BMT1136753B,,
BMT2489363C,,
BMT3611897B,,
BMT2794920B,,
BMT3505707B,,
BMT167715768,,
BMT167715769,,
BMT169507132,,
BMT169507133,,
BMT169507132,,
BMT169507134,,
BMT172345971,,
BMT5620113B,,
BMT167714316,,
BMT167714318,,
BMT167715966,,
BMT167715967,,
BMT167715961,,
BMT171724151,,
BMT3391166B,,
BMT167716099,,
BMT168536068,,
BMT5629458B,,
BMT171136604,,
BMT171136605,,
BMT171136604,,
BMT5603845B,,
BMT167715194,,
BMT5661168B,,
BMT4759470B,,
BMT167715847,,
BMT4759477B,,
BMT4759484B,,
BMT4759484B,,
BMT4759491B,,
BMT4759491B,,
BMT4759498B,,
BMT4759498B,,
BMT4759505B,,
BMT4759505B,,
BMT167715848,,
BMT5213469B,,
BMT167715310,,
BMT5616690B,,
BMT167715842,,
BMT167715842,,
BMT5616711B,,
BMT5616711B,,
BMT2477246B,,
BMT5616781B,,
BMT5616788B,,
BMT5616788B,,
BMT2477253B,,
BMT5616795B,,
BMT5616802B,,
BMT5616802B,,
BMT5616816B,,
BMT5616816B,,
BMT5616823B,,
BMT5616823B,,
BMT5616844B,,
BMT5616844B,,
BMT167715843,,
BMT167715843,,
BMT5616865B,,
BMT5616865B,,
BMT167715844,,
BMT5616956B,,
BMT5616963B,,
BMT5616963B,,
BMT5616970B,,
BMT5616970B,,
BMT5616977B,,
BMT5616977B,,
BMT5616984B,,
BMT5616984B,,
BMT167715846,,
BMT5617054B,,
BMT5617061B,,
BMT5617061B,,
BMT5617068B,,
BMT5617068B,,
BMT2477274B,,
BMT5617159B,,
BMT5617173B,,
BMT5617173B,,
BMT5617208B,,
BMT5617208B,,
BMT5617222B,,
BMT5617222B,,
BMT5617229B,,
BMT5617229B,,
BMT5617236B,,
BMT5617236B,,
BMT5617243B,,
BMT5617243B,,
BMT5617250B,,
BMT5617250B,,
BMT167715850,,
BMT5617299B,,
BMT5617313B,,
BMT5617313B,,
BMT5617327B,,
BMT5617327B,,
BMT5617334B,,
BMT5617334B,,
BMT167715851,,
BMT5617369B,,
BMT5617383B,,
BMT5617383B,,
BMT5617390B,,
BMT5617390B,,
BMT2477288B,,
BMT5617432B,,
BMT167715853,,
BMT5617656B,,
BMT5617663B,,
BMT5617663B,,
BMT5617670B,,
BMT5617670B,,
BMT5617677B,,
BMT5617677B,,
BMT5617684B,,
BMT5617684B,,
BMT2477309B,,
BMT5617712B,,
BMT167715869,,
BMT5617789B,,
BMT5617796B,,
BMT5617796B,,
BMT167715929,,
BMT5617845B,,
BMT2477330B,,
BMT5617852B,,
BMT167715870,,
BMT167715855,,
BMT5618034B,,
BMT5618034B,,
BMT5618055B,,
BMT5618055B,,
BMT5618062B,,
BMT5618062B,,
BMT5618076B,,
BMT5618076B,,
BMT167715856,,
BMT167715858,,
BMT167715859,,
BMT5618188B,,
BMT5618195B,,
BMT5618195B,,
BMT5618202B,,
BMT5618202B,,
BMT5618209B,,
BMT5618209B,,
BMT2477435B,,
BMT5618272B,,
BMT167715863,,
BMT5618279B,,
BMT5618272B,,
BMT5618286B,,
BMT167715873,,
BMT167715873,,
BMT167715875,,
BMT5618832B,,
BMT167714313,,
BMT5618888B,,
BMT5618895B,,
BMT5618895B,,
BMT5618909B,,
BMT5618909B,,
BMT167715661,,
BMT5619021B,,
BMT5619042B,,
BMT5619042B,,
BMT167714316,,
BMT5619175B,,
BMT167714322,,
BMT5619350B,,
BMT5619357B,,
BMT5619357B,,
BMT167714323,,
BMT167714325,,
BMT167714326,,
BMT5619427B,,
BMT2503818B,,
BMT5619448B,,
BMT2504385B,,
BMT5619455B,,
BMT5619462B,,
BMT5619462B,,
BMT2504392B,,
BMT167715611,,
BMT167715612,,
BMT167715616,,
BMT2503846B,,
BMT5619581B,,
BMT167714389,,
BMT5619595B,,
BMT5619602B,,
BMT5619602B,,
BMT167714984,,
BMT5619609B,,
BMT5619651B,,
BMT5619644B,,
BMT5619609B,,
BMT5619651B,,
BMT5619658B,,
BMT5619658B,,
BMT2503860B,,
BMT5619665B,,
BMT167715617,,
BMT5619686B,,
BMT167715620,,
BMT5619700B,,
BMT5619707B,,
BMT3612940B,,
BMT3612954B,,
BMT3612947B,,
BMT3612975B,,
BMT3612954B,,
BMT3612947B,,
BMT168840094,,
BMT168840095,,
BMT168840094,,
BMT4345441B,,
BMT3612975B,,
BMT168840094,,
BMT3613003B,,
BMT3613052B,,
BMT3613038B,,
BMT3613045B,,
BMT3613045B,,
BMT3613059B,,
BMT3613052B,,
BMT3613038B,,
BMT3613059B,,
BMT3613066B,,
BMT3613066B,,
BMT3613080B,,
BMT3613080B,,
BMT3613087B,,
BMT3613087B,,
BMT3613101B,,
BMT3613094B,,
BMT3613108B,,
BMT3613101B,,
BMT3613094B,,
BMT3613108B,,
BMT3613122B,,
BMT167714583,,
BMT167714584,,
BMT167714583,,
BMT167714585,,
BMT3613122B,,
BMT167714583,,
BMT3613136B,,
BMT167714586,,
BMT167714450,,
BMT3613710B,,
BMT167714450,,
BMT4344069B,,
BMT167714454,,
BMT167714456,,
BMT167714454,,
BMT167714450,,
BMT3613710B,,
BMT3613752B,,
BMT3613752B,,
BMT167714448,,
BMT167714448,,
BMT167714451,,
BMT167714448,,
BMT4343579B,,
BMT3613829B,,
BMT2505708B,,
BMT3613990B,,
BMT167714457,,
BMT3614046B,,
BMT2505722B,,
BMT3789473B,,
BMT167714460,,
BMT167715937,,
BMT4110248B,,
BMT167715937,,
BMT5612868B,,
BMT4110248B,,
BMT4110269B,,
BMT4110269B,,
BMT4110283B,,
BMT4110283B,,
BMT167715938,,
BMT167714781,,
BMT167714785,,
BMT167714781,,
BMT167714786,,
BMT5641645B,,
BMT5641687B,,
BMT5641687B,,
BMT5641694B,,
BMT5641694B,,
BMT167715371,,
BMT5641743B,,
BMT2502894B,,
BMT5641757B,,
BMT168536069,,
BMT5641827B,,
BMT167715323,,
BMT5641883B,,
BMT5641890B,,
BMT5641890B,,
BMT173049625,,
BMT5641918B,,
BMT5642254B,,
BMT5641925B,,
BMT5641932B,,
BMT5641932B,,
BMT173049627,,
BMT173049629,,
BMT173049630,,
BMT5642170B,,
BMT3340563B,,
BMT5642254B,,
BMT5642261B,,
BMT5642261B,,
BMT5642268B,,
BMT5642268B,,
BMT5642275B,,
BMT5642275B,,
BMT5642282B,,
BMT5619707B,,
BMT5619833B,,
BMT5619714B,,
BMT5619721B,,
BMT5619721B,,
BMT2501844B,,
BMT5619798B,,
BMT167715625,,
BMT5619833B,,
BMT167714391,,
BMT5619910B,,
BMT170812624,,
BMT5619917B,,
BMT2503902B,,
BMT5620008B,,
BMT5619917B,,
BMT5620015B,,
BMT2504840B,,
BMT5620022B,,
BMT5620029B,,
BMT5620029B,,
BMT167714680,,
BMT5620036B,,
BMT2503909B,,
BMT5620050B,,
BMT167714329,,
BMT5620085B,,
BMT168529047,,
BMT5620092B,,
BMT5620085B,,
BMT5620099B,,
BMT167714330,,
BMT168529048,,
BMT5620120B,,
BMT5620113B,,
BMT172345973,,
BMT5620120B,,
BMT2504063B,,
BMT5620127B,,
BMT172345975,,
BMT5620148B,,
BMT5620155B,,
BMT5620155B,,
BMT168529058,,
BMT172345979,,
BMT172345980,,
BMT172345979,,
BMT172345981,,
BMT5620330B,,
BMT2504119B,,
BMT5620337B,,
BMT168529062,,
BMT168529066,,
BMT167715518,,
BMT168529066,,
BMT168529067,,
BMT5620393B,,
BMT172345989,,
BMT5620407B,,
BMT5620414B,,
BMT5620414B,,
BMT167714381,,
BMT5620428B,,
BMT167714384,,
BMT5620449B,,
BMT167714336,,
BMT167714336,,
BMT167714337,,
BMT5620463B,,
BMT167715038,,
BMT5620470B,,
BMT5620477B,,
BMT5620477B,,
BMT5620484B,,
BMT5620484B,,
BMT2504189B,,
BMT5620645B,,
BMT5620652B,,
BMT5620652B,,
BMT167715045,,
BMT5621989B,,
BMT167715000,,
BMT5622059B,,
BMT167715002,,
BMT5622080B,,
BMT167715004,,
BMT5622087B,,
BMT167715006,,
BMT5622500B,,
BMT172398424,,
BMT5622563B,,
BMT172398425,,
BMT172398426,,
BMT5622612B,,
BMT172398426,,
BMT6506845B,,
BMT5622612B,,
BMT5622619B,,
BMT5622619B,,
BMT5622626B,,
BMT5622626B,,
BMT5622633B,,
BMT5622633B,,
BMT5622640B,,
BMT5622640B,,
BMT5622647B,,
BMT5622647B,,
BMT167714826,,
BMT5622703B,,
BMT5622710B,,
BMT5622710B,,
BMT2504406B,,
BMT5622731B,,
BMT167715033,,
BMT172345994,,
BMT172345995,,
BMT172345994,,
BMT172345996,,
BMT4687622B,,
BMT4687629B,,
BMT167714351,,
BMT4687720B,,
BMT167714351,,
BMT24143891,,
BMT4687720B,,
BMT4687734B,,
BMT4687734B,,
BMT167714352,,
BMT167714352,,
BMT4687755B,,
BMT4687755B,,
BMT167714353,,
BMT167715544,,
BMT167715545,,
BMT5597573B,,
BMT167715547,,
BMT167715550,,
BMT167715564,,
BMT5597951B,,
BMT167715552,,
BMT5598315B,,
BMT5598329B,,
BMT5598329B,,
BMT5598343B,,
BMT5598343B,,
BMT5598350B,,
BMT5598350B,,
BMT167715720,,
BMT5598448B,,
BMT5598455B,,
BMT5598455B,,
BMT167715722,,
BMT5598574B,,
BMT5598602B,,
BMT5598602B,,
BMT167715727,,
BMT5598728B,,
BMT167715730,,
BMT5598756B,,
BMT2504028B,,
BMT5598791B,,
BMT167715731,,
BMT5599155B,,
BMT5599162B,,
BMT5599162B,,
BMT167715567,,
BMT5599337B,,
BMT167715570,,
BMT167715573,,
BMT167715574,,
BMT167715573,,
BMT167715575,,
BMT5599589B,,
BMT167715594,,
BMT5599778B,,
BMT167715599,,
BMT5600387B,,
BMT167715577,,
BMT167715581,,
BMT167715583,,
BMT5600646B,,
BMT167715582,,
BMT5600653B,,
BMT5600660B,,
BMT5600660B,,
BMT5600667B,,
BMT5600667B,,
BMT167715600,,
BMT167715600,,
BMT167715601,,
BMT167715600,,
BMT2503783B,,
BMT5600709B,,
BMT5600723B,,
BMT5600723B,,
BMT2503790B,,
BMT5600737B,,
BMT167715602,,
BMT5600856B,,
BMT167715585,,
BMT5600989B,,
BMT167715677,,
BMT167715678,,
BMT167715679,,
BMT167715687,,
BMT167715688,,
BMT5601311B,,
BMT5601682B,,
BMT5601367B,,
BMT167715595,,
BMT5601388B,,
BMT5600653B,,
BMT5601472B,,
BMT5601479B,,
BMT5601479B,,
BMT167715706,,
BMT5601619B,,
BMT167715701,,
BMT5601682B,,
BMT167715680,,
BMT5601780B,,
BMT5601794B,,
BMT5601794B,,
BMT2504000B,,
BMT5601822B,,
BMT5601780B,,
BMT5642282B,,
BMT4685193B,,
BMT5642352B,,
BMT167715403,,
BMT5642485B,,
BMT2502978B,,
BMT5642499B,,
BMT5642513B,,
BMT5642513B,,
BMT167715395,,
BMT5642583B,,
BMT5642590B,,
BMT5642590B,,
BMT168536076,,
BMT5642632B,,
BMT168536055,,
BMT5642786B,,
BMT5642793B,,
BMT5642793B,,
BMT167714622,,
BMT5642877B,,
BMT2505351B,,
BMT5642947B,,
BMT5642954B,,
BMT5642954B,,
BMT167714625,,
BMT5643003B,,
BMT2505386B,,
BMT5643416B,,
BMT5643423B,,
BMT5643423B,,
BMT170755451,,
BMT5643626B,,
BMT167714639,,
BMT5643871B,,
BMT167714644,,
BMT5644095B,,
BMT167714672,,
BMT5644116B,,
BMT167714673,,
BMT5644459B,,
BMT5644473B,,
BMT5644473B,,
BMT5644480B,,
BMT5644480B,,
BMT172398415,,
BMT167714814,,
BMT5644578B,,
BMT167714963,,
BMT167714964,,
BMT5644578B,,
BMT5644585B,,
BMT5644585B,,
BMT5644592B,,
BMT5644592B,,
BMT5644599B,,
BMT5644599B,,
BMT5644606B,,
BMT5644606B,,
BMT172398417,,
BMT5644662B,,
BMT172398419,,
BMT5644802B,,
BMT167714821,,
BMT167714953,,
BMT167714954,,
BMT167714953,,
BMT5644858B,,
BMT5644858B,,
BMT167714955,,
BMT5645075B,,
BMT2504812B,,
BMT5645096B,,
BMT2504819B,,
BMT5645124B,,
BMT167714957,,
BMT5645285B,,
BMT171721159,,
BMT167714528,,
BMT167714529,,
BMT5645495B,,
BMT2505568B,,
BMT5645516B,,
BMT167714537,,
BMT5645712B,,
BMT5645719B,,
BMT5645719B,,
BMT5645726B,,
BMT5645726B,,
BMT5645733B,,
BMT5645733B,,
BMT2505589B,,
BMT5645747B,,
BMT168840072,,
BMT5645831B,,
BMT167714613,,
BMT5645838B,,
BMT167714614,,
BMT168840079,,
BMT168840080,,
BMT167714415,,
BMT167714416,,
BMT167714591,,
BMT167714592,,
BMT167714591,,
BMT6542545B,,
BMT5645915B,,
BMT172246361,,
BMT5645936B,,
BMT167714480,,
BMT5645943B,,
BMT5645936B,,
BMT5645971B,,
BMT172246363,,
BMT5622801B,,
BMT5622815B,,
BMT5622815B,,
BMT5622822B,,
BMT5622822B,,
BMT5622829B,,
BMT5622829B,,
BMT172398431,,
BMT167714834,,
BMT167714835,,
BMT167714893,,
BMT167714894,,
BMT167714894,,
BMT167714895,,
BMT167714894,,
BMT167714896,,
BMT5623144B,,
BMT2504308B,,
BMT167715009,,
BMT5623144B,,
BMT5623312B,,
BMT172398438,,
BMT5623396B,,
BMT172398439,,
BMT5623522B,,
BMT5623837B,,
BMT5623669B,,
BMT167714845,,
BMT167714845,,
BMT5623704B,,
BMT167714875,,
BMT167714876,,
BMT5623704B,,
BMT172398441,,
BMT5623837B,,
BMT4679565B,,
BMT5624075B,,
BMT5624096B,,
BMT5624082B,,
BMT167715019,,
BMT5624096B,,
BMT5624117B,,
BMT5624117B,,
BMT5624131B,,
BMT5624131B,,
BMT167714874,,
BMT5624236B,,
BMT2504343B,,
BMT5624481B,,
BMT5624488B,,
BMT5624488B,,
BMT5624495B,,
BMT5624495B,,
BMT167715023,,
BMT5625125B,,
BMT5625132B,,
BMT5625132B,,
BMT5625160B,,
BMT5625160B,,
BMT2504357B,,
BMT5626952B,,
BMT5626973B,,
BMT5626973B,,
BMT5626994B,,
BMT5626994B,,
BMT167714474,,
BMT167714442,,
BMT167714444,,
BMT5627197B,,
BMT5627232B,,
BMT5627225B,,
BMT2505701B,,
BMT5627232B,,
BMT5627239B,,
BMT5627239B,,
BMT5627246B,,
BMT5627246B,,
BMT167714476,,
BMT5627442B,,
BMT5627449B,,
BMT5627449B,,
BMT2505694B,,
BMT5627470B,,
BMT5627477B,,
BMT5627477B,,
BMT5626952B,,
BMT5627617B,,
BMT5627624B,,
BMT5627624B,,
BMT5627631B,,
BMT5627631B,,
BMT5627638B,,
BMT5627638B,,
BMT5627652B,,
BMT5627652B,,
BMT5627666B,,
BMT5627666B,,
BMT5627673B,,
BMT5627673B,,
BMT5627687B,,
BMT5627687B,,
BMT167715867,,
BMT5627729B,,
BMT2502117B,,
BMT167715478,,
BMT167715479,,
BMT167715478,,
BMT167715480,,
BMT5627911B,,
BMT167715482,,
BMT5627988B,,
BMT167715483,,
BMT5629024B,,
BMT167715458,,
BMT5601899B,,
BMT167715691,,
BMT5602319B,,
BMT172530502,,
BMT5603355B,,
BMT5603362B,,
BMT5603362B,,
BMT167715644,,
BMT5603383B,,
BMT167715665,,
BMT5603439B,,
BMT172530508,,
BMT5603642B,,
BMT5603656B,,
BMT5603656B,,
BMT5603670B,,
BMT5603670B,,
BMT5603677B,,
BMT5603677B,,
BMT5603684B,,
BMT5603684B,,
BMT167714222,,
BMT5603810B,,
BMT5603817B,,
BMT5603817B,,
BMT5603831B,,
BMT5603831B,,
BMT171136604,,
BMT5603845B,,
BMT2477631B,,
BMT171136606,,
BMT2477666B,,
BMT5603915B,,
BMT167714223,,
BMT167714223,,
BMT5603929B,,
BMT5603929B,,
BMT167714225,,
BMT5603936B,,
BMT171136607,,
BMT5604384B,,
BMT2477225B,,
BMT5604405B,,
BMT5604384B,,
BMT5604426B,,
BMT2477218B,,
BMT5604475B,,
BMT167714217,,
BMT5604496B,,
BMT5604510B,,
BMT5604510B,,
BMT5604524B,,
BMT5604524B,,
BMT167714219,,
BMT5604797B,,
BMT173076425,,
BMT5605644B,,
BMT5605658B,,
BMT5605658B,,
BMT5605665B,,
BMT5605665B,,
BMT5605679B,,
BMT5605679B,,
BMT5605700B,,
BMT5605700B,,
BMT5605728B,,
BMT5605728B,,
BMT2477505B,,
BMT5606099B,,
BMT5606113B,,
BMT5606113B,,
BMT168952468,,
BMT5606155B,,
BMT168952470,,
BMT5606162B,,
BMT5606155B,,
BMT5606330B,,
BMT5606337B,,
BMT5606337B,,
BMT167715754,,
BMT167715829,,
BMT167715830,,
BMT167715829,,
BMT167715831,,
BMT5606449B,,
BMT2477533B,,
BMT5606498B,,
BMT5606519B,,
BMT5606519B,,
BMT167715755,,
BMT5606736B,,
BMT5606743B,,
BMT5606743B,,
BMT5606750B,,
BMT5606750B,,
BMT5606757B,,
BMT5606757B,,
BMT5606764B,,
BMT5606764B,,
BMT5606771B,,
BMT5606771B,,
BMT167715801,,
BMT5607107B,,
BMT3225091B,,
BMT5607730B,,
BMT167715749,,
BMT5607744B,,
BMT168952466,,
BMT5608185B,,
BMT168952473,,
BMT168952473,,
BMT5608283B,,
BMT168952473,,
BMT6356926B,,
BMT5608227B,,
BMT2477561B,,
BMT5608283B,,
BMT5608227B,,
BMT5608430B,,
BMT2477092B,,
BMT5608444B,,
BMT2477589B,,
BMT5608458B,,
BMT5608885B,,
BMT5608465B,,
BMT5608472B,,
BMT5608472B,,
BMT5608479B,,
BMT5608479B,,
BMT5608486B,,
BMT5608486B,,
BMT5608493B,,
BMT5608493B,,
BMT5608500B,,
BMT5608500B,,
BMT2477106B,,
BMT5608724B,,
BMT167714251,,
BMT5608871B,,
BMT5608892B,,
BMT5608885B,,
BMT167715765,,
BMT5608892B,,
BMT2477127B,,
BMT167715790,,
BMT167715791,,
BMT167715765,,
BMT2794920B,,
BMT167715765,,
BMT167715767,,
BMT5608927B,,
BMT5608934B,,
BMT5608934B,,
BMT5608941B,,
BMT5608941B,,
BMT5608948B,,
BMT5608948B,,
BMT5608955B,,
BMT5608955B,,
BMT5608962B,,
BMT5608962B,,
BMT5608969B,,
BMT5608969B,,
BMT5608976B,,
BMT5608976B,,
BMT5608983B,,
BMT5608983B,,
BMT167714255,,
BMT5609046B,,
BMT167714257,,
BMT5609088B,,
BMT167715793,,
BMT167715793,,
BMT167715794,,
BMT5609130B,,
BMT2477603B,,
BMT5609137B,,
BMT167714259,,
BMT167714261,,
BMT5609151B,,
BMT5609151B,,
BMT2477155B,,
BMT5609193B,,
BMT2477162B,,
BMT171136597,,
BMT5609592B,,
BMT5609592B,,
BMT5609599B,,
BMT5609599B,,
BMT5609739B,,
BMT5609683B,,
BMT5609704B,,
BMT5609704B,,
BMT5609718B,,
BMT5609718B,,
BMT5609725B,,
BMT5609725B,,
BMT5609732B,,
BMT5609732B,,
BMT167714269,,
BMT5609739B,,
BMT171136598,,
BMT5609767B,,
BMT167714271,,
BMT167714271,,
BMT5609795B,,
BMT5609788B,,
BMT5609809B,,
BMT5609795B,,
BMT5609879B,,
BMT5609809B,,
BMT171136600,,
BMT5609879B,,
BMT2477204B,,
BMT5609900B,,
BMT171136601,,
BMT5609977B,,
BMT167714282,,
BMT5609984B,,
BMT5609977B,,
BMT5609991B,,
BMT5609984B,,
BMT5609998B,,
BMT5609991B,,
BMT169507157,,
BMT167715125,,
BMT167715460,,
BMT167715461,,
BMT5629241B,,
BMT167715466,,
BMT5629262B,,
BMT168515659,,
BMT5629269B,,
BMT167715472,,
BMT5629395B,,
BMT167715316,,
BMT5629458B,,
BMT5641743B,,
BMT5629493B,,
BMT167714857,,
BMT5629626B,,
BMT167715426,,
BMT167715426,,
BMT167715428,,
BMT5629654B,,
BMT2504798B,,
BMT5629843B,,
BMT5629850B,,
BMT5629850B,,
BMT5629857B,,
BMT5629857B,,
BMT167715432,,
BMT5629864B,,
BMT5629871B,,
BMT5629871B,,
BMT167714900,,
BMT5629892B,,
BMT5629899B,,
BMT5629899B,,
BMT167715434,,
BMT5629920B,,
BMT5629934B,,
BMT5629934B,,
BMT5629941B,,
BMT5629941B,,
BMT2504560B,,
BMT5629955B,,
BMT2504567B,,
BMT5630004B,,
BMT5630011B,,
BMT5630011B,,
BMT167715437,,
BMT5630067B,,
BMT5630081B,,
BMT5630081B,,
BMT167714908,,
BMT167715438,,
BMT167715456,,
BMT5630403B,,
BMT2503293B,,
BMT5630557B,,
BMT167715443,,
BMT5630711B,,
BMT167714914,,
BMT167715449,,
BMT167715450,,
BMT167715449,,
BMT167715451,,
BMT5631012B,,
BMT167715455,,
BMT5631033B,,
BMT2504693B,,
BMT5631299B,,
BMT167715261,,
BMT5631733B,,
BMT167715263,,
BMT5631859B,,
BMT170969960,,
BMT5632146B,,
BMT2504630B,,
BMT5632342B,,
BMT5632356B,,
BMT5632356B,,
BMT2502558B,,
BMT5632426B,,
BMT167715240,,
BMT167714949,,
BMT167714950,,
BMT5632510B,,
BMT5632524B,,
BMT5632524B,,
BMT2502579B,,
BMT5632699B,,
BMT167715245,,
BMT5632874B,,
BMT2502607B,,
BMT5633119B,,
BMT167715290,,
BMT5633126B,,
BMT171558790,,
BMT167715295,,
BMT2502502B,,
BMT5633196B,,
BMT5633231B,,
BMT5633231B,,
BMT167714694,,
BMT167714694,,
BMT167714695,,
BMT5633259B,,
BMT167715297,,
BMT5633427B,,
BMT167715304,,
BMT5633434B,,
BMT5633448B,,
BMT5633448B,,
BMT2502544B,,
BMT5633567B,,
BMT171558793,,
BMT5645978B,,
BMT5646027B,,
BMT5645999B,,
BMT172246365,,
BMT5646027B,,
BMT5646041B,,
BMT5646041B,,
BMT171721163,,
BMT5646069B,,
BMT2505484B,,
BMT5646083B,,
BMT167714607,,
BMT5646097B,,
BMT5646104B,,
BMT5646104B,,
BMT171721168,,
BMT5646118B,,
BMT171721162,,
BMT5646125B,,
BMT5646118B,,
BMT167714434,,
BMT3613794B,,
BMT167714434,,
BMT5692794B,,
BMT5646153B,,
BMT167714425,,
BMT5646209B,,
BMT5646216B,,
BMT5646216B,,
BMT167714484,,
BMT5646223B,,
BMT167714486,,
BMT5646237B,,
BMT2505652B,,
BMT5646244B,,
BMT167714490,,
BMT5646258B,,
BMT167714495,,
BMT167714493,,
BMT167714494,,
BMT5647252B,,
BMT2505673B,,
BMT5647259B,,
BMT170668797,,
BMT5647266B,,
BMT170668800,,
BMT5647749B,,
BMT2505001B,,
BMT5647819B,,
BMT167714739,,
BMT5647917B,,
BMT5647924B,,
BMT5647924B,,
BMT2505141B,,
BMT5647952B,,
BMT167714718,,
BMT5647966B,,
BMT2505036B,,
BMT171724129,,
BMT1136823B,,
BMT5648260B,,
BMT167714733,,
BMT5648274B,,
BMT2505085B,,
BMT5648295B,,
BMT167714730,,
BMT5652831B,,
BMT165098776,,
BMT167714736,,
BMT167714737,,
BMT5655092B,,
BMT5655106B,,
BMT5655106B,,
BMT5655113B,,
BMT5655113B,,
BMT5655120B,,
BMT5655120B,,
BMT172345998,,
BMT5655134B,,
BMT172346000,,
BMT167715820,,
BMT4926833B,,
BMT5660685B,,
BMT5660692B,,
BMT5660692B,,
BMT167715133,,
BMT5660699B,,
BMT167715209,,
BMT5660727B,,
BMT5660734B,,
BMT5660734B,,
BMT2502299B,,
BMT5660797B,,
BMT2502789B,,
BMT5660804B,,
BMT5660811B,,
BMT5660811B,,
BMT171798216,,
BMT5660818B,,
BMT167715164,,
BMT5660825B,,
BMT5660832B,,
BMT5660832B,,
BMT5660839B,,
BMT5660839B,,
BMT5660846B,,
BMT5660846B,,
BMT171798219,,
BMT5660867B,,
BMT171798221,,
BMT171798223,,
BMT171798226,,
BMT5660916B,,
BMT167715153,,
BMT167714959,,
BMT4944284B,,
BMT4944284B,,
BMT167714960,,
BMT167714960,,
BMT4944298B,,
BMT167714960,,
BMT167714962,,
BMT4944298B,,
BMT4944305B,,
BMT4944305B,,
BMT4944312B,,
BMT4944312B,,
BMT4944319B,,
BMT4944319B,,
BMT4944326B,,
BMT4944326B,,
BMT4944333B,,
BMT4944333B,,
BMT4944340B,,
BMT4944340B,,
BMT4944347B,,
BMT4944347B,,
BMT167714961,,
BMT4954105B,,
BMT4954112B,,
BMT4954112B,,
BMT167715250,,
BMT167715250,,
BMT167715251,,
BMT167714241,,
BMT167714242,,
BMT167714241,,
BMT167714243,,
BMT5341681B,,
BMT5341688B,,
BMT5341688B,,
BMT5341702B,,
BMT5341702B,,
BMT167714241,,
BMT167715984,,
BMT1137880B,,
BMT5166611B,,
BMT5166618B,,
BMT5166618B,,
BMT172530519,,
BMT172530519,,
BMT172530521,,
BMT172530519,,
BMT172530522,,
BMT5166639B,,
BMT172530520,,
BMT167715810,,
BMT167715811,,
BMT169828036,,
BMT5166688B,,
BMT5166688B,,
BMT5166695B,,
BMT5166695B,,
BMT169828037,,
BMT169828037,,
BMT169828038,,
BMT169828037,,
BMT169828039,,
BMT167715805,,
BMT167715807,,
BMT167715805,,
BMT167715808,,
BMT5610019B,,
BMT5609998B,,
BMT5610033B,,
BMT5610019B,,
BMT5610040B,,
BMT5610033B,,
BMT5610047B,,
BMT5610040B,,
BMT5610075B,,
BMT5610047B,,
BMT5610096B,,
BMT167715785,,
BMT5610131B,,
BMT2477652B,,
BMT5610145B,,
BMT5610159B,,
BMT5610159B,,
BMT5610166B,,
BMT5610166B,,
BMT5610173B,,
BMT5610173B,,
BMT5610201B,,
BMT5610201B,,
BMT5610222B,,
BMT5610222B,,
BMT2477659B,,
BMT5610649B,,
BMT5610656B,,
BMT5610656B,,
BMT3631889B,,
BMT5610663B,,
BMT5610670B,,
BMT5610670B,,
BMT5610677B,,
BMT5610677B,,
BMT5610684B,,
BMT5610684B,,
BMT167714283,,
BMT5610726B,,
BMT5610733B,,
BMT5610733B,,
BMT5610740B,,
BMT5610740B,,
BMT5610747B,,
BMT5610747B,,
BMT5610754B,,
BMT5610754B,,
BMT5610761B,,
BMT5610761B,,
BMT5610768B,,
BMT5610768B,,
BMT5610775B,,
BMT5610775B,,
BMT5610782B,,
BMT5610782B,,
BMT5610789B,,
BMT5610789B,,
BMT2477694B,,
BMT5610803B,,
BMT167715745,,
BMT5610908B,,
BMT167715937,,
BMT5610922B,,
BMT5610908B,,
BMT5610929B,,
BMT5610922B,,
BMT5610936B,,
BMT5610929B,,
BMT5610943B,,
BMT5610936B,,
BMT5610957B,,
BMT5610943B,,
BMT5610971B,,
BMT5610957B,,
BMT5610985B,,
BMT5610971B,,
BMT5610999B,,
BMT5610985B,,
BMT5611006B,,
BMT5610999B,,
BMT5611293B,,
BMT167714292,,
BMT5611433B,,
BMT167714297,,
BMT5611615B,,
BMT167714298,,
BMT5611685B,,
BMT5611699B,,
BMT5611699B,,
BMT5611706B,,
BMT5611706B,,
BMT5611713B,,
BMT5611713B,,
BMT167715739,,
BMT5612651B,,
BMT3627675B,,
BMT5612868B,,
BMT5612875B,,
BMT5612875B,,
BMT5612882B,,
BMT5612882B,,
BMT5612889B,,
BMT5612889B,,
BMT5612938B,,
BMT5612938B,,
BMT167715939,,
BMT5614275B,,
BMT3612275B,,
BMT5633637B,,
BMT2505309B,,
BMT5633665B,,
BMT5633672B,,
BMT5633672B,,
BMT2505316B,,
BMT5633798B,,
BMT167714799,,
BMT5633910B,,
BMT2505330B,,
BMT5634162B,,
BMT167714802,,
BMT168428780,,
BMT168428781,,
BMT168440244,,
BMT6536420B,,
BMT168428781,,
BMT168428782,,
BMT5634491B,,
BMT167714700,,
BMT5634547B,,
BMT5634561B,,
BMT5634561B,,
BMT167714702,,
BMT5634694B,,
BMT2504924B,,
BMT5634757B,,
BMT167714780,,
BMT5634778B,,
BMT2504945B,,
BMT5634862B,,
BMT5634890B,,
BMT5634890B,,
BMT167714788,,
BMT5634932B,,
BMT167714707,,
BMT5634946B,,
BMT167714774,,
BMT5634967B,,
BMT5634974B,,
BMT5634974B,,
BMT167714790,,
BMT5634988B,,
BMT2505232B,,
BMT167714791,,
BMT5635023B,,
BMT167714791,,
BMT167714793,,
BMT5635023B,,
BMT5635037B,,
BMT5635037B,,
BMT5635051B,,
BMT5635051B,,
BMT5635058B,,
BMT5635058B,,
BMT167714792,,
BMT5635072B,,
BMT5635086B,,
BMT5635086B,,
BMT167714710,,
BMT5635135B,,
BMT167714795,,
BMT167714779,,
BMT5634757B,,
BMT5635303B,,
BMT167714748,,
BMT5636164B,,
BMT167714764,,
BMT5636178B,,
BMT167714776,,
BMT5636570B,,
BMT167714766,,
BMT5636654B,,
BMT5636661B,,
BMT5636661B,,
BMT2505211B,,
BMT5636703B,,
BMT167714754,,
BMT5636710B,,
BMT2505190B,,
BMT5640546B,,
BMT167715354,,
BMT5640644B,,
BMT2503083B,,
BMT167715360,,
BMT167715361,,
BMT167715380,,
BMT167715381,,
BMT5641176B,,
BMT2503146B,,
BMT3627591B,,
BMT167714300,,
BMT167714300,,
BMT3627612B,,
BMT167714300,,
BMT3627640B,,
BMT3627612B,,
BMT3627647B,,
BMT3627640B,,
BMT167714302,,
BMT3627647B,,
BMT3627661B,,
BMT3627654B,,
BMT2477806B,,
BMT3627661B,,
BMT3627654B,,
BMT3627668B,,
BMT5612651B,,
BMT3627675B,,
BMT3627682B,,
BMT3627682B,,
BMT3627689B,,
BMT3627703B,,
BMT3627710B,,
BMT3627710B,,
BMT3627836B,,
BMT167714310,,
BMT167714314,,
BMT167714310,,
BMT167714315,,
BMT3627836B,,
BMT167714309,,
BMT167715049,,
BMT167715050,,
BMT167715049,,
BMT167715051,,
BMT167714698,,
BMT167714699,,
BMT167714698,,
BMT5634491B,,
BMT5660958B,,
BMT5660965B,,
BMT5660965B,,
BMT167715162,,
BMT5660972B,,
BMT5660979B,,
BMT5660979B,,
BMT5660986B,,
BMT5660986B,,
BMT2502838B,,
BMT5660993B,,
BMT5660972B,,
BMT5661021B,,
BMT5661028B,,
BMT5661028B,,
BMT2502663B,,
BMT5661035B,,
BMT167715170,,
BMT167715172,,
BMT5661098B,,
BMT5661098B,,
BMT167715173,,
BMT5661105B,,
BMT5661112B,,
BMT5661112B,,
BMT4685256B,,
BMT5661119B,,
BMT167715180,,
BMT167715184,,
BMT5661133B,,
BMT167715184,,
BMT167715186,,
BMT5661133B,,
BMT167715185,,
BMT167715188,,
BMT167715189,,
BMT5661147B,,
BMT167715192,,
BMT5661154B,,
BMT167715194,,
BMT5661168B,,
BMT167715195,,
BMT5661224B,,
BMT5661231B,,
BMT5661231B,,
BMT2502761B,,
BMT5661238B,,
BMT5661245B,,
BMT5661245B,,
BMT167715197,,
BMT5661287B,,
BMT167715211,,
BMT167715213,,
BMT167715214,,
BMT167715213,,
BMT167715215,,
BMT5661301B,,
BMT5661308B,,
BMT5661308B,,
BMT5661315B,,
BMT5661315B,,
BMT5661322B,,
BMT5661322B,,
BMT167715217,,
BMT5661336B,,
BMT5661343B,,
BMT5661343B,,
BMT5632342B,,
BMT5661420B,,
BMT2502628B,,
BMT5661595B,,
BMT167715227,,
BMT5661602B,,
BMT167715230,,
BMT5661609B,,
BMT167715289,,
BMT167715289,,
BMT5633119B,,
BMT5661623B,,
BMT167715233,,
BMT167715277,,
BMT167715278,,
BMT5661658B,,
BMT167715281,,
BMT167715282,,
BMT167715283,,
BMT5661672B,,
BMT167715287,,
BMT5663863B,,
BMT167714402,,
BMT5663870B,,
BMT167714403,,
BMT5663898B,,
BMT5663870B,,
BMT5663940B,,
BMT167714404,,
BMT5663982B,,
BMT167714406,,
BMT5664066B,,
BMT2501732B,,
BMT5664087B,,
BMT167714409,,
BMT167715911,,
BMT167715912,,
BMT167715911,,
BMT5981180B,,
BMT5981180B,,
BMT5981187B,,
BMT5981187B,,
BMT5981194B,,
BMT5981194B,,
BMT5981208B,,
BMT5981208B,,
BMT5981215B,,
BMT4728453B,,
BMT167714947,,
BMT4728467B,,
BMT170969964,,
BMT170969966,,
BMT170969967,,
BMT167714921,,
BMT169229274,,
BMT167714925,,
BMT4729041B,,
BMT4729041B,,
BMT4729055B,,
BMT4729055B,,
BMT167714926,,
BMT4909165B,,
BMT4909172B,,
BMT4909172B,,
BMT167715272,,
BMT4909186B,,
BMT4909193B,,
BMT4909193B,,
BMT4909200B,,
BMT4909200B,,
BMT4909207B,,
BMT4909207B,,
BMT167715265,,
BMT167714477,,
BMT4909445B,,
BMT4909445B,,
BMT4909452B,,
BMT4909452B,,
BMT167714478,,
BMT4909508B,,
BMT4909515B,,
BMT4909515B,,
BMT4909522B,,
BMT4909522B,,
BMT4909529B,,
BMT4909529B,,
BMT4909536B,,
BMT4909536B,,
BMT4909543B,,
BMT4909543B,,
BMT167715014,,
BMT167715013,,
BMT4909508B,,
BMT4909564B,,
BMT167715160,,
BMT4909991B,,
BMT4910005B,,
BMT4909998B,,
BMT4909991B,,
BMT4910005B,,
BMT167714629,,
BMT4910019B,,
BMT4909998B,,
BMT167714757,,
BMT167714758,,
BMT167714757,,
BMT4910033B,,
BMT4910033B,,
BMT167714759,,
BMT4910054B,,
BMT167714760,,
BMT167714762,,
BMT167714763,,
BMT167714762,,
BMT5636164B,,
BMT167714767,,
BMT4910096B,,
BMT167714763,,
BMT167714767,,
BMT167714763,,
BMT167714768,,
BMT4910096B,,
BMT167714769,,
BMT167714752,,
BMT167714753,,
BMT167714752,,
BMT5636703B,,
BMT4910936B,,
BMT4910943B,,
BMT4910943B,,
BMT167714499,,
BMT169507117,,
BMT169507118,,
BMT4917747B,,
BMT4917754B,,
BMT4917754B,,
BMT4917761B,,
BMT4917761B,,
BMT4917768B,,
BMT4917768B,,
BMT167715202,,
BMT5142013B,,
BMT5142020B,,
BMT5142020B,,
BMT167715477,,
BMT5684254B,,
BMT167715234,,
BMT5684786B,,
BMT167714713,,
BMT5691597B,,
BMT167715692,,
BMT167715303,,
BMT2502537B,,
BMT167714992,,
BMT167714993,,
BMT5692794B,,
BMT171721171,,
BMT4334668B,,
BMT167714472,,
BMT4334906B,,
BMT4335102B,,
BMT167714466,,
BMT4334976B,,
BMT4334976B,,
BMT4334906B,,
BMT4335102B,,
BMT4335158B,,
BMT4335158B,,
BMT167714467,,
BMT167714460,,
BMT167714462,,
BMT167714460,,
BMT4335375B,,
BMT4335375B,,
BMT4335396B,,
BMT4335396B,,
BMT4335515B,,
BMT4335417B,,
BMT4335543B,,
BMT4335515B,,
BMT4335417B,,
BMT4335543B,,
BMT4335655B,,
BMT4335627B,,
BMT167714463,,
BMT4335655B,,
BMT4335627B,,
BMT167714463,,
BMT167714464,,
BMT167714463,,
BMT4342858B,,
BMT4342858B,,
BMT167714465,,
BMT4343579B,,
BMT4343621B,,
BMT4343621B,,
BMT167714452,,
BMT4343698B,,
BMT4343719B,,
BMT4343719B,,
BMT4343733B,,
BMT167714587,,
BMT167714588,,
BMT167714587,,
BMT167714589,,
BMT4343733B,,
BMT167714587,,
BMT167714585,,
BMT3613136B,,
BMT4344069B,,
BMT167714453,,
BMT4345441B,,
BMT168840096,,
BMT167714782,,
BMT2505274B,,
BMT167714782,,
BMT167714784,,
BMT4862090B,,
BMT171721173,,
BMT167714245,,
BMT167714246,,
BMT167714245,,
BMT167714247,,
BMT173076427,,
BMT173076428,,
BMT169229271,,
BMT169229272,,
BMT169229271,,
BMT4891315B,,
BMT4891315B,,
BMT169229273,,
BMT167714205,,
BMT167714206,,
BMT167714206,,
BMT167714207,,
BMT167714467,,
BMT167714468,,
BMT167714467,,
BMT167714469,,
BMT5981215B,,
BMT5981222B,,
BMT5981222B,,
BMT5981229B,,
BMT5981229B,,
BMT5981243B,,
BMT5981243B,,
BMT167715913,,
BMT167715913,,
BMT167715914,,
BMT167715967,,
BMT167715968,,
