BMT6129503B,-42.146775777,-19.785642444
BMT8465B,-42.146866463,-19.785905711
BMT169323419,-42.154869312,-19.791233610
BMT933B,-42.155136624,-19.791219811
BMT169323419,-42.154869312,-19.791233610
BMT1150B,-42.154555447,-19.791183469
BMT170963368,-42.148399384,-19.788196267
BMT170963370,-42.148426703,-19.788268929
BMT6375924B,-42.149976058,-19.791245885
BMT161060117,-42.149850008,-19.791361240
BMT6575B,-42.148336497,-19.787978586
BMT170963368,-42.148399384,-19.788196267
BMT6582B,-42.148442214,-19.784721085
BMT170426853,-42.148589579,-19.784479675
BMT6589B,-42.148361272,-19.784981612
BMT6582B,-42.148442214,-19.784721085
BMT170426852,-42.148337057,-19.785270129
BMT6589B,-42.148361272,-19.784981612
BMT6603B,-42.148321895,-19.785585875
BMT170426852,-42.148337057,-19.785270129
BMT155973505,-42.148231257,-19.785855275
BMT6603B,-42.148321895,-19.785585875
BMT172457122,-42.148231257,-19.785855275
BMT7170B,-42.148129587,-19.785673087
BMT6624B,-42.148101834,-19.786160168
BMT170426851,-42.148132369,-19.786052317
BMT170426850,-42.148070817,-19.786295096
BMT6624B,-42.148101834,-19.786160168
BMT20400B,-42.133783569,-19.761230039
BMT1988828B,-42.134349094,-19.760534905
BMT54427B,-42.145004265,-19.788710818
BMT172246677,-42.145345760,-19.788815585
BMT6827B,-42.148014120,-19.783053060
BMT172457133,-19.782858909,-42.148294167
BMT6834B,-42.147772050,-19.783256845
BMT6827B,-42.148014120,-19.783053060
BMT6841B,-42.147626133,-19.783417024
BMT6834B,-42.147772050,-19.783256845
BMT6848B,-42.147508981,-19.783568633
BMT6841B,-42.147626133,-19.783417024
BMT6855B,-42.147381168,-19.783783270
BMT6848B,-42.147508981,-19.783568633
BMT6862B,-42.148363846,-19.790190937
BMT155973401,-42.148477626,-19.790228866
BMT167274381,-42.148126751,-19.790114926
BMT6862B,-42.148363846,-19.790190937
BMT167274381,-42.148126751,-19.790114926
BMT6890B,-19.790048093,-42.147899030
BMT6918B,-42.147652400,-19.789971929
BMT6890B,-19.790048093,-42.147899030
BMT989B,-42.155140054,-19.787807183
BMT155973490,-19.787857474,-42.155463449
BMT779B,-42.156929466,-19.788016234
BMT7059817B,-42.157006710,-19.787963294
BMT7059817B,-42.157006710,-19.787963294
BMT772B,-42.157151502,-19.787866287
BMT2298B,-42.152844582,-19.794063302
BMT7064304B,-42.152910046,-19.794136571
BMT7064304B,-42.152910046,-19.794136571
BMT2284B,-42.152938011,-19.794173130
BMT170963367,-42.148399175,-19.787672627
BMT6575B,-42.148336497,-19.787978586
BMT170963367,-42.148399175,-19.787672627
BMT6946B,-42.148240181,-19.788031218
BMT6946B,-42.148240181,-19.788031218
BMT170963369,-19.788273541,-42.148150023
BMT155973714,-42.142929669,-19.780967576
BMT7174106B,-42.143055552,-19.780861250
BMT7174106B,-42.143055552,-19.780861250
BMT155973715,-19.780874086,-42.143293758
BMT7009B,-42.148151020,-19.785005341
BMT172457124,-19.784725546,-42.148156004
BMT7016B,-42.148117431,-19.785284680
BMT7009B,-42.148151020,-19.785005341
BMT172457123,-42.148045702,-19.785563410
BMT7016B,-42.148117431,-19.785284680
BMT172457123,-42.148045702,-19.785563410
BMT172457125,-42.147782099,-19.785369609
BMT996B,-42.154851271,-19.787956064
BMT989B,-42.155140054,-19.787807183
BMT8381B,-42.146836980,-19.787024738
BMT7311411B,-42.146750038,-19.787086547
BMT7311411B,-42.146750038,-19.787086547
BMT8388B,-42.146653400,-19.787157229
BMT3901B,-42.150719966,-19.788034673
BMT7311614B,-42.150778141,-19.787981432
BMT7311614B,-42.150778141,-19.787981432
BMT156364226,-19.787875252,-42.150913561
BMT157359868,-42.130972827,-19.772280545
BMT7369035B,-42.130971049,-19.772379825
BMT7369035B,-42.130971049,-19.772379825
BMT157359869,-42.130978967,-19.772470234
BMT172246680,-42.145113707,-19.786852757
BMT9648B,-42.145061326,-19.786581074
BMT9648B,-42.145061326,-19.786581074
BMT9655B,-42.145019929,-19.786228313
BMT1003B,-42.154533561,-19.788122541
BMT996B,-42.154851271,-19.787956064
BMT7170B,-42.148129587,-19.785673087
BMT172457123,-42.148045702,-19.785563410
BMT172457125,-42.147782099,-19.785369609
BMT172457126,-42.147526905,-19.785239140
BMT172457126,-42.147526905,-19.785239140
BMT7198B,-42.147473762,-19.785545251
BMT7198B,-42.147473762,-19.785545251
BMT7205B,-42.147431763,-19.785761257
BMT7205B,-42.147431763,-19.785761257
BMT7212B,-42.147400745,-19.785896186
BMT155973444,-42.153813035,-19.791632082
BMT7495707B,-42.153604701,-19.791547508
BMT7495707B,-42.153604701,-19.791547508
BMT277223B,-42.153529060,-19.791510189
BMT7212B,-42.147400745,-19.785896186
BMT7219B,-42.147319801,-19.786156711
BMT7219B,-42.147319801,-19.786156711
BMT8367B,-42.147210090,-19.786425806
BMT7667179B,-42.144341576,-19.778272655
BMT7667186B,-42.144065557,-19.778241160
BMT7667186B,-42.144065557,-19.778241160
BMT7667193B,-42.143779843,-19.778218538
BMT7667193B,-42.143779843,-19.778218538
BMT7667200B,-42.143547634,-19.778404419
BMT7667200B,-42.143547634,-19.778404419
BMT7667214B,-42.143420626,-19.778573924
BMT7667214B,-42.143420626,-19.778573924
BMT7667228B,-42.143388964,-19.778744954
BMT7667228B,-42.143388964,-19.778744954
BMT10537B,-19.778908482,-42.143452808
BMT155973719,-42.143160974,-19.779228832
BMT155973541,-19.779042800,-42.143383651
BMT162779129,-42.143383651,-19.779042800
BMT10537B,-19.778908482,-42.143452808
BMT162779126,-42.145577324,-19.777967380
BMT255201B,-42.145288714,-19.778107222
BMT255201B,-42.145288714,-19.778107222
BMT255215B,-42.145038402,-19.778238647
BMT255215B,-42.145038402,-19.778238647
BMT7667179B,-42.144341576,-19.778272655
BMT199586B,-42.147900579,-19.780324724
BMT7679870B,-42.147935663,-19.780496821
BMT7679870B,-42.147935663,-19.780496821
BMT199593B,-42.147942948,-19.780623332
BMT199593B,-42.147942948,-19.780623332
BMT159905346,-19.780957434,-42.147946534
BMT7681144B,-42.145446779,-19.778335452
BMT255173B,-42.145395245,-19.778551306
BMT172031687,-42.154099117,-19.774464891
BMT7705448B,-42.153795620,-19.774369776
BMT7705448B,-42.153795620,-19.774369776
BMT7705455B,-42.153624964,-19.774312889
BMT7705455B,-42.153624964,-19.774312889
BMT7705462B,-42.153150490,-19.774178937
BMT7705462B,-42.153150490,-19.774178937
BMT7705469B,-42.152734989,-19.773946613
BMT7705469B,-42.152734989,-19.773946613
BMT7705483B,-42.152442793,-19.773752365
BMT7705483B,-42.152442793,-19.773752365
BMT7705511B,-42.152284881,-19.773515115
BMT7705511B,-42.152284881,-19.773515115
BMT7705553B,-42.152202121,-19.773342259
BMT7705553B,-42.152202121,-19.773342259
BMT7705560B,-42.152013681,-19.773212862
BMT7705560B,-42.152013681,-19.773212862
BMT172031688,-42.151835257,-19.773056539
BMT172031688,-42.151835257,-19.773056539
BMT7705581B,-42.151562615,-19.772835516
BMT7705581B,-42.151562615,-19.772835516
BMT172031689,-19.772568606,-42.151243104
BMT172031688,-42.151835257,-19.773056539
BMT7706729B,-42.151848964,-19.772822022
BMT7706729B,-42.151848964,-19.772822022
BMT7706771B,-42.151711727,-19.772494819
BMT7706771B,-42.151711727,-19.772494819
BMT7706792B,-42.151565116,-19.772158437
BMT7706792B,-42.151565116,-19.772158437
BMT7706799B,-42.151456162,-19.771849741
BMT7706799B,-42.151456162,-19.771849741
BMT7706806B,-42.151337192,-19.771567969
BMT7706806B,-42.151337192,-19.771567969
BMT172031690,-42.151075049,-19.771292944
BMT172031690,-42.151075049,-19.771292944
BMT7706848B,-42.151032193,-19.771021414
BMT7706848B,-42.151032193,-19.771021414
BMT172031691,-19.770796075,-42.151055274
BMT172031690,-42.151075049,-19.771292944
BMT7707660B,-42.151273020,-19.771422495
BMT7707660B,-42.151273020,-19.771422495
BMT7707646B,-42.151497990,-19.771642757
BMT7707646B,-42.151497990,-19.771642757
BMT172031692,-42.151686427,-19.771772155
BMT172031692,-42.151686427,-19.771772155
BMT7707541B,-42.151977816,-19.772011532
BMT7707541B,-42.151977816,-19.772011532
BMT172031693,-19.772285797,-42.152192290
BMT7708136B,-42.151549512,-19.771426900
BMT7708150B,-42.151518596,-19.771020136
BMT7708150B,-42.151518596,-19.771020136
BMT7708157B,-42.151532303,-19.770785620
BMT7708157B,-42.151532303,-19.770785620
BMT7708178B,-42.151565238,-19.770542382
BMT7708178B,-42.151565238,-19.770542382
BMT7708206B,-42.151784042,-19.770572953
BMT7708206B,-42.151784042,-19.770572953
BMT7708213B,-42.152020309,-19.770694084
BMT7708213B,-42.152020309,-19.770694084
BMT7708360B,-42.151986573,-19.770982451
BMT7708360B,-42.151986573,-19.770982451
BMT7708367B,-42.152009079,-19.771325883
BMT7708367B,-42.152009079,-19.771325883
BMT172031694,-19.771616680,-42.152127889
BMT162779124,-42.145907011,-19.778198351
BMT162779125,-42.145746854,-19.778087455
BMT162779125,-42.145746854,-19.778087455
BMT162779126,-42.145577324,-19.777967380
BMT7345B,-42.148019765,-19.786483874
BMT155973502,-19.786295096,-42.148070817
BMT1031B,-42.156254945,-19.788402742
BMT155973479,-42.156447735,-19.788288444
BMT7352B,-42.147978570,-19.786654753
BMT7345B,-42.148019765,-19.786483874
BMT7359B,-42.147850272,-19.786896466
BMT7352B,-42.147978570,-19.786654753
BMT165219217,-42.147741848,-19.787093356
BMT7359B,-42.147850272,-19.786896466
BMT7373B,-42.147614032,-19.787307993
BMT165219217,-42.147741848,-19.787093356
BMT7380B,-42.147545034,-19.787433286
BMT7373B,-42.147614032,-19.787307993
BMT172031692,-42.151686427,-19.771772155
BMT7825715B,-19.771590426,-42.151613363
BMT7708136B,-42.151549512,-19.771426900
BMT7825715B,-19.771590426,-42.151613363
BMT7387B,-42.147426914,-19.787639049
BMT7380B,-42.147545034,-19.787433286
BMT7394B,-42.147328506,-19.787809014
BMT7387B,-42.147426914,-19.787639049
BMT7401B,-42.147249491,-19.787961232
BMT7394B,-42.147328506,-19.787809014
BMT165219216,-42.147177597,-19.788248986
BMT7401B,-42.147249491,-19.787961232
BMT155973511,-42.149498987,-19.783221205
BMT155973512,-19.783007479,-42.149684006
BMT155973513,-42.149684006,-19.783007479
BMT161363269,-42.149839938,-19.782820374
BMT7457B,-42.147668678,-19.782099583
BMT161905212,-19.781899801,-42.147595937
BMT23193B,-42.129616596,-19.769730900
BMT7932941B,-19.770018798,-42.129554219
BMT155972444,-42.129502830,-19.770225620
BMT7932941B,-19.770018798,-42.129554219
BMT1045B,-42.155871451,-19.788514005
BMT1031B,-42.156254945,-19.788402742
BMT7478B,-42.147370687,-19.782230249
BMT7457B,-42.147668678,-19.782099583
BMT7492B,-42.147082392,-19.782352042
BMT7478B,-42.147370687,-19.782230249
BMT165653296,-42.147181985,-19.788537959
BMT165653297,-42.147170358,-19.788655140
BMT7583B,-42.147445111,-19.785012129
BMT172457129,-42.147401135,-19.784803777
BMT172457129,-42.147401135,-19.784803777
BMT172457130,-42.147357320,-19.784586401
BMT7604B,-42.147349072,-19.784514043
BMT172457131,-42.147323201,-19.784360151
BMT172457131,-42.147323201,-19.784360151
BMT7618B,-42.147297330,-19.784206258
BMT7618B,-42.147297330,-19.784206258
BMT7625B,-42.147262407,-19.784025136
BMT7625B,-42.147262407,-19.784025136
BMT6855B,-42.147381168,-19.783783270
BMT155973626,-42.147156926,-19.784592229
BMT172457132,-42.146951178,-19.784363239
BMT169918159,-42.147156926,-19.784592229
BMT7772B,-42.146880091,-19.784605865
BMT172246677,-42.145345760,-19.788815585
BMT54462B,-42.145700654,-19.788703889
BMT54462B,-42.145700654,-19.788703889
BMT9564B,-42.145426870,-19.788546035
BMT9564B,-42.145426870,-19.788546035
BMT9571B,-42.145364792,-19.788283226
BMT9571B,-42.145364792,-19.788283226
BMT6344410B,-42.145328905,-19.788156257
BMT6344410B,-42.145328905,-19.788156257
BMT9578B,-42.145322750,-19.787966567
BMT9578B,-42.145322750,-19.787966567
BMT172246678,-42.145290083,-19.787659086
BMT9655B,-42.145019929,-19.786228313
BMT172246682,-19.786205995,-42.144753270
BMT157359869,-42.130978967,-19.772470234
BMT8155240B,-19.772601946,-42.131310397
BMT8155289B,-42.131777244,-19.772627494
BMT137818739,-42.132015597,-19.772631318
BMT7716B,-42.147397039,-19.789850484
BMT6918B,-42.147652400,-19.789971929
BMT7723B,-42.147170445,-19.789720471
BMT7716B,-42.147397039,-19.789850484
BMT1010B,-42.154225385,-19.788289169
BMT8184339B,-19.788201190,-42.154370018
BMT1003B,-42.154533561,-19.788122541
BMT8184339B,-19.788201190,-42.154370018
BMT167274380,-42.146934478,-19.789581279
BMT7723B,-42.147170445,-19.789720471
BMT167274379,-42.146726794,-19.789460595
BMT167274380,-42.146934478,-19.789581279
BMT167274377,-42.146593301,-19.789458463
BMT167274378,-19.789460595,-42.146726794
BMT155973397,-42.146488414,-19.789456788
BMT167274377,-42.146593301,-19.789458463
BMT165225354,-42.146488414,-19.789456788
BMT7884B,-42.146549809,-19.789223035
BMT172457132,-42.146951178,-19.784363239
BMT7779B,-42.146848546,-19.784235205
BMT137818739,-42.132015597,-19.772631318
BMT20862B,-42.132406657,-19.772628564
BMT7772B,-42.146880091,-19.784605865
BMT7828B,-42.146603899,-19.784583398
BMT1059B,-42.155632909,-19.788519235
BMT1045B,-42.155871451,-19.788514005
BMT170613433,-42.135070782,-19.776174202
BMT8713888B,-42.135034097,-19.776092361
BMT8713888B,-42.135034097,-19.776092361
BMT170613434,-42.134902070,-19.776008991
BMT170613434,-42.134902070,-19.776008991
BMT8713938B,-42.135039586,-19.775785492
BMT8713938B,-42.135039586,-19.775785492
BMT170613435,-19.775490705,-42.135235600
BMT170613434,-42.134902070,-19.776008991
BMT8713916B,-42.134647226,-19.775860456
BMT8713916B,-42.134647226,-19.775860456
BMT8713918B,-42.134411129,-19.775730277
BMT8713918B,-42.134411129,-19.775730277
BMT8713920B,-42.134146591,-19.775590613
BMT8713920B,-42.134146591,-19.775590613
BMT170613436,-42.133910495,-19.775460433
BMT170613436,-42.133910495,-19.775460433
BMT170613437,-19.775210317,-42.134077099
BMT170613436,-42.133910495,-19.775460433
BMT8713924B,-42.133646119,-19.775311744
BMT8713924B,-42.133646119,-19.775311744
BMT8713929B,-42.133381744,-19.775163054
BMT8713929B,-42.133381744,-19.775163054
BMT8713933B,-42.133378186,-19.774828956
BMT8713933B,-42.133378186,-19.774828956
BMT8714010B,-42.133401615,-19.774585572
BMT8714010B,-42.133401615,-19.774585572
BMT8714033B,-42.133424722,-19.774360239
BMT8714033B,-42.133424722,-19.774360239
BMT8714034B,-42.133398219,-19.774242448
BMT170613438,-42.133661780,-19.773903605
BMT170613439,-42.133749848,-19.773778623
BMT170613439,-42.133749848,-19.773778623
BMT8714050B,-42.133941016,-19.773754604
BMT8714050B,-42.133941016,-19.773754604
BMT8714055B,-42.134226558,-19.773786266
BMT8714055B,-42.134226558,-19.773786266
BMT8714057B,-42.134597745,-19.773828329
BMT8714057B,-42.134597745,-19.773828329
BMT8714059B,-42.134978467,-19.773870545
BMT8714059B,-42.134978467,-19.773870545
BMT170613440,-19.773912606,-42.135349655
BMT170613439,-42.133749848,-19.773778623
BMT8714060B,-42.133876538,-19.773627176
BMT8714060B,-42.133876538,-19.773627176
BMT8714062B,-42.133912084,-19.773239536
BMT8714062B,-42.133912084,-19.773239536
BMT170613441,-19.772987126,-42.133935674
BMT7779B,-42.146848546,-19.784235205
BMT7786B,-42.146775323,-19.784062500
BMT161240468,-42.131767347,-19.763057512
BMT5538654B,-19.763107533,-42.132071613
BMT161240465,-42.131100653,-19.765141345
BMT8724383B,-42.131340287,-19.765072965
BMT8724383B,-42.131340287,-19.765072965
BMT5538591B,-42.131550997,-19.765022176
BMT5538591B,-42.131550997,-19.765022176
BMT5538598B,-42.131642291,-19.764716684
BMT5538598B,-42.131642291,-19.764716684
BMT161240466,-42.131703047,-19.764519039
BMT161240466,-42.131703047,-19.764519039
BMT5538612B,-42.131785454,-19.764177292
BMT5538612B,-42.131785454,-19.764177292
BMT5538619B,-42.131827303,-19.763970316
BMT5538619B,-42.131827303,-19.763970316
BMT161240467,-42.131918758,-19.763655798
BMT161240467,-42.131918758,-19.763655798
BMT5538654B,-19.763107533,-42.132071613
BMT161240467,-42.131918758,-19.763655798
BMT161240469,-42.132222056,-19.763759972
BMT161240466,-42.131703047,-19.764519039
BMT155972455,-19.764639124,-42.131872552
BMT165219216,-42.147177597,-19.788248986
BMT155973501,-19.788321192,-42.147176310
BMT165653295,-42.147176310,-19.788321192
BMT165653296,-42.147181985,-19.788537959
BMT165653297,-42.147170358,-19.788655140
BMT7569B,-42.146975311,-19.788895787
BMT7569B,-42.146975311,-19.788895787
BMT7576B,-42.146963040,-19.789049071
BMT7576B,-42.146963040,-19.789049071
BMT165653298,-19.789053030,-42.147210956
BMT7786B,-42.146775323,-19.784062500
BMT7807B,-42.146683191,-19.783880464
BMT7793B,-42.146684610,-19.785406255
BMT6129503B,-42.146775777,-19.785642444
BMT8155289B,-42.131777244,-19.772627494
BMT8155240B,-19.772601946,-42.131310397
BMT7800B,-42.146649688,-19.785225133
BMT7793B,-42.146684610,-19.785406255
BMT155973485,-42.153025233,-19.788197821
BMT2340B,-42.153027801,-19.788053410
BMT2340B,-42.153027801,-19.788053410
BMT155973488,-19.787927050,-42.153030049
BMT7807B,-42.146683191,-19.783880464
BMT7842B,-42.146571828,-19.783707150
BMT7814B,-42.146626070,-19.784944881
BMT7800B,-42.146649688,-19.785225133
BMT2284B,-42.152938011,-19.794173130
BMT171762955,-19.794255425,-42.153003314
BMT2277B,-42.153068618,-19.794337720
BMT171762955,-19.794255425,-42.153003314
BMT159905343,-42.147715512,-19.780005783
BMT8850653B,-19.780087927,-42.147771273
BMT199586B,-42.147900579,-19.780324724
BMT8850653B,-19.780087927,-42.147771273
BMT7821B,-42.146620878,-19.784701036
BMT7814B,-42.146626070,-19.784944881
BMT7828B,-42.146603899,-19.784583398
BMT7821B,-42.146620878,-19.784701036
BMT7842B,-42.146571828,-19.783707150
BMT155973628,-19.783416502,-42.146462557
BMT165219215,-42.147118134,-19.788374432
BMT165219216,-42.147177597,-19.788248986
BMT3691B,-42.150908756,-19.791360074
BMT155973413,-42.151011877,-19.791461030
BMT155973413,-42.151011877,-19.791461030
BMT172561301,-42.151143284,-19.791580493
BMT155973467,-42.151011877,-19.791461030
BMT155973468,-19.791363572,-42.151128069
BMT7856B,-42.147087437,-19.788491308
BMT155973497,-19.788374432,-42.147118134
BMT171762959,-42.155942658,-19.795241195
BMT8914683B,-19.795172785,-42.156182333
BMT165225355,-42.146845197,-19.788704117
BMT7856B,-42.147087437,-19.788491308
BMT155973454,-42.156571049,-19.795305370
BMT8914683B,-19.795172785,-42.156182333
BMT7870B,-42.146690059,-19.788846090
BMT165225355,-42.146845197,-19.788704117
BMT155973478,-42.155547413,-19.788499817
BMT1059B,-42.155632909,-19.788519235
BMT7877B,-42.146639809,-19.788989739
BMT7870B,-42.146690059,-19.788846090
BMT156474288,-42.131033264,-19.772100952
BMT155973327,-19.772280545,-42.130972827
BMT7884B,-42.146549809,-19.789223035
BMT7877B,-42.146639809,-19.788989739
BMT162779127,-42.145507525,-19.778137802
BMT158576874,-19.778236627,-42.145477152
BMT158576875,-42.145477152,-19.778236627
BMT7681144B,-42.145446779,-19.778335452
BMT170934941,-42.139469110,-19.781950454
BMT159076409,-19.781984420,-42.139334979
BMT160284292,-42.139334979,-19.781984420
BMT160284293,-19.782066261,-42.139371667
BMT11846B,-42.142010223,-19.785457938
BMT165400374,-42.142007001,-19.785638450
BMT165400374,-42.142007001,-19.785638450
BMT165400375,-42.142004906,-19.785755783
BMT24299B,-42.129750284,-19.762266788
BMT160109800,-19.762381977,-42.129614714
BMT160109719,-42.129614714,-19.762381977
BMT24306B,-42.129489162,-19.762470243
BMT172353089,-42.129360223,-19.761682727
BMT9058618B,-42.129458949,-19.762027380
BMT9058618B,-42.129458949,-19.762027380
BMT160109719,-42.129614714,-19.762381977
BMT155973473,-42.155386918,-19.788406979
BMT155973477,-19.788499817,-42.155547413
BMT155973521,-42.150045840,-19.781433310
BMT161363275,-19.781415562,-42.150065231
BMT155973391,-42.144850289,-19.789322274
BMT172014023,-19.789304376,-42.144860146
BMT165448740,-42.153258815,-19.778279492
BMT165448742,-19.778127118,-42.153328285
BMT3639890B,-42.132286476,-19.759626115
BMT167001697,-42.132300368,-19.759382578
BMT167001697,-42.132300368,-19.759382578
BMT1988800B,-42.132305373,-19.759102786
BMT167001697,-42.132300368,-19.759382578
BMT9227411B,-42.132816459,-19.759318627
BMT9227411B,-42.132816459,-19.759318627
BMT9227412B,-42.133408815,-19.759255896
BMT9227412B,-42.133408815,-19.759255896
BMT9227413B,-42.133973863,-19.759120501
BMT9227413B,-42.133973863,-19.759120501
BMT167001699,-19.758586465,-42.133888050
BMT169918161,-42.146314481,-19.786908054
BMT8493B,-42.146109900,-19.787148548
BMT8493B,-42.146109900,-19.787148548
BMT8500B,-42.145981277,-19.787408311
BMT8500B,-42.145981277,-19.787408311
BMT169918162,-19.787704482,-42.145871081
BMT8157B,-42.147101830,-19.782866960
BMT8164B,-42.147088228,-19.782559784
BMT8714034B,-42.133398219,-19.774242448
BMT9334836B,-42.133554481,-19.774037306
BMT9334836B,-42.133554481,-19.774037306
BMT170613438,-42.133661780,-19.773903605
BMT8164B,-42.147088228,-19.782559784
BMT7492B,-42.147082392,-19.782352042
BMT170889592,-42.148034291,-19.777636447
BMT170889593,-19.777812043,-42.148288670
BMT170889592,-42.148034291,-19.777636447
BMT201637B,-42.147798660,-19.777479207
BMT201637B,-42.147798660,-19.777479207
BMT201644B,-42.147572564,-19.777322119
BMT201644B,-42.147572564,-19.777322119
BMT9342843B,-42.147355843,-19.777174209
BMT9342843B,-42.147355843,-19.777174209
BMT9342842B,-42.147110036,-19.777052918
BMT9342842B,-42.147110036,-19.777052918
BMT9342847B,-42.147096433,-19.776745742
BMT9342847B,-42.147096433,-19.776745742
BMT9342851B,-42.147270625,-19.776604070
BMT9342851B,-42.147270625,-19.776604070
BMT170889594,-19.776788844,-42.147534376
BMT3337203,-42.136877554,-19.779669967
BMT170917986,-19.779681131,-42.137010877
BMT16662B,-42.136969538,-19.780926354
BMT16669B,-42.137126464,-19.781217769
BMT16669B,-42.137126464,-19.781217769
BMT16942B,-42.137200159,-19.781363400
BMT16942B,-42.137200159,-19.781363400
BMT16935B,-19.781662008,-42.137242507
BMT172017648,-42.137273707,-19.782050719
BMT170921413,-42.137275644,-19.781942412
BMT170921421,-42.137275644,-19.781942412
BMT170921423,-19.781968419,-42.137208417
BMT170920256,-42.136830876,-19.780680372
BMT9343774B,-42.136840088,-19.780698576
BMT9343774B,-42.136840088,-19.780698576
BMT16662B,-42.136969538,-19.780926354
BMT170921413,-42.137275644,-19.781942412
BMT9343776B,-42.137275966,-19.781924361
BMT9343776B,-42.137275966,-19.781924361
BMT16935B,-19.781662008,-42.137242507
BMT8171B,-42.147020726,-19.783136512
BMT8157B,-42.147101830,-19.782866960
BMT1080B,-42.155112000,-19.788312319
BMT155973473,-42.155386918,-19.788406979
BMT161905211,-42.146796554,-19.782871114
BMT8171B,-42.147020726,-19.783136512
BMT8185B,-42.146542813,-19.782659414
BMT161905211,-42.146796554,-19.782871114
BMT9193B,-42.145447312,-19.787399780
BMT172246752,-19.787659086,-42.145290083
BMT172457126,-42.147526905,-19.785239140
BMT172457128,-42.147481321,-19.785121045
BMT172457128,-42.147481321,-19.785121045
BMT7583B,-42.147445111,-19.785012129
BMT8192B,-42.146287947,-19.782510892
BMT8185B,-42.146542813,-19.782659414
BMT8199B,-42.146034368,-19.782290165
BMT8192B,-42.146287947,-19.782510892
BMT1087B,-42.154757432,-19.788405983
BMT1080B,-42.155112000,-19.788312319
BMT8367B,-42.147210090,-19.786425806
BMT8374B,-42.147091005,-19.786685723
BMT8374B,-42.147091005,-19.786685723
BMT8451B,-42.146915030,-19.786926674
BMT1094B,-42.154469611,-19.788500709
BMT1087B,-42.154757432,-19.788405983
BMT8388B,-42.146653400,-19.787157229
BMT172457127,-19.787378149,-42.146353790
BMT1101B,-42.155959058,-19.792171847
BMT1115B,-42.155792393,-19.791889317
BMT8451B,-42.146915030,-19.786926674
BMT8381B,-42.146836980,-19.787024738
BMT8458B,-42.146909473,-19.786168216
BMT169918160,-42.146714268,-19.786417888
BMT8465B,-42.146866463,-19.785905711
BMT8458B,-42.146909473,-19.786168216
BMT169918160,-42.146714268,-19.786417888
BMT8479B,-42.146509366,-19.786676434
BMT8479B,-42.146509366,-19.786676434
BMT169918161,-42.146314481,-19.786908054
BMT1108B,-42.155925960,-19.792424111
BMT1101B,-42.155959058,-19.792171847
BMT170426853,-42.148589579,-19.784479675
BMT6085B,-42.148794956,-19.784194049
BMT8556B,-42.146354760,-19.789463681
BMT155973397,-42.146488414,-19.789456788
BMT1115B,-42.155792393,-19.791889317
BMT1122B,-42.155489825,-19.791740046
BMT167274375,-42.146087613,-19.789468441
BMT8556B,-42.146354760,-19.789463681
BMT167274374,-42.145944584,-19.789466156
BMT167274375,-42.146087613,-19.789468441
BMT167274374,-42.145944584,-19.789466156
BMT167274376,-19.789364741,-42.145812862
BMT167274374,-42.145944584,-19.789466156
BMT3619555,-19.789753757,-42.145863152
BMT1122B,-42.155489825,-19.791740046
BMT169323416,-42.155302165,-19.791565521
BMT8619B,-42.145523425,-19.789549709
BMT167274374,-42.145944584,-19.789466156
BMT8626B,-42.145295868,-19.789473847
BMT8619B,-42.145523425,-19.789549709
BMT167274373,-42.145153644,-19.789426433
BMT8626B,-42.145295868,-19.789473847
BMT169323416,-42.155302165,-19.791565521
BMT1143B,-42.155047918,-19.791380906
BMT8640B,-42.146291948,-19.786031958
BMT8654B,-42.146181432,-19.786346180
BMT8647B,-42.146230996,-19.785705969
BMT8640B,-42.146291948,-19.786031958
BMT8654B,-42.146181432,-19.786346180
BMT9172B,-42.145986386,-19.786586826
BMT1143B,-42.155047918,-19.791380906
BMT169323419,-42.154869312,-19.791233610
BMT172246749,-42.146159382,-19.785443007
BMT8647B,-42.146230996,-19.785705969
BMT8668B,-42.146126873,-19.785126500
BMT172246749,-42.146159382,-19.785443007
BMT8675B,-42.146046207,-19.784836309
BMT8668B,-42.146126873,-19.785126500
BMT8682B,-42.146013538,-19.784528828
BMT8675B,-42.146046207,-19.784836309
BMT1150B,-42.154555447,-19.791183469
BMT1157B,-42.154203279,-19.791141745
BMT1157B,-42.154203279,-19.791141745
BMT1164B,-42.153889253,-19.791100629
BMT1164B,-42.153889253,-19.791100629
BMT169323421,-19.790987155,-42.153566977
BMT172246742,-42.146462557,-19.783416502
BMT172246743,-42.146353126,-19.783134880
BMT172246743,-42.146353126,-19.783134880
BMT8843B,-42.146127829,-19.782932661
BMT172246743,-42.146353126,-19.783134880
BMT172246745,-19.783131682,-42.146152894
BMT8843B,-42.146127829,-19.782932661
BMT172246744,-42.145921441,-19.782739772
BMT1178B,-42.155741097,-19.792628818
BMT1108B,-42.155925960,-19.792424111
BMT1185B,-42.155537162,-19.792833220
BMT1178B,-42.155741097,-19.792628818
BMT9172B,-42.145986386,-19.786586826
BMT172246750,-42.145791018,-19.786845523
BMT172246750,-42.145791018,-19.786845523
BMT172246751,-42.145605024,-19.787113398
BMT172246751,-42.145605024,-19.787113398
BMT9193B,-42.145447312,-19.787399780
BMT169323414,-42.155304459,-19.793046192
BMT1185B,-42.155537162,-19.792833220
BMT169323414,-42.155304459,-19.793046192
BMT169323417,-42.155148521,-19.793233302
BMT9277B,-42.145971495,-19.784212169
BMT8682B,-42.146013538,-19.784528828
BMT9284B,-42.145935286,-19.784103253
BMT9277B,-42.145971495,-19.784212169
BMT9291B,-42.145861420,-19.783966650
BMT9284B,-42.145935286,-19.784103253
BMT172246748,-42.145694620,-19.783693139
BMT9291B,-42.145861420,-19.783966650
BMT169323417,-42.155148521,-19.793233302
BMT1213B,-42.154963816,-19.793428981
BMT9305B,-42.145565476,-19.783447314
BMT172246748,-42.145694620,-19.783693139
BMT172246747,-42.145480265,-19.782877176
BMT155973637,-42.145427603,-19.783156209
BMT155973637,-42.145427603,-19.783156209
BMT9305B,-42.145565476,-19.783447314
BMT155973641,-42.145427603,-19.783156209
BMT9438B,-42.145516354,-19.783527783
BMT9417B,-42.145659418,-19.784062733
BMT9431B,-42.145634877,-19.784369300
BMT1206B,-42.155116797,-19.792871666
BMT169323414,-42.155304459,-19.793046192
BMT9431B,-42.145634877,-19.784369300
BMT155973642,-19.784685197,-42.145629245
BMT9438B,-42.145516354,-19.783527783
BMT5922933B,-42.145596375,-19.783854077
BMT1213B,-42.154963816,-19.793428981
BMT1220B,-42.154855716,-19.793607825
BMT1220B,-42.154855716,-19.793607825
BMT256601B,-42.154726939,-19.793876621
BMT172246678,-42.145290083,-19.787659086
BMT172246679,-42.145254035,-19.787541143
BMT9592B,-42.145237540,-19.787396428
BMT9634B,-42.145147179,-19.787115110
BMT172246679,-42.145254035,-19.787541143
BMT9592B,-42.145237540,-19.787396428
BMT9634B,-42.145147179,-19.787115110
BMT172246680,-42.145113707,-19.786852757
BMT172246680,-42.145113707,-19.786852757
BMT172246681,-19.786728836,-42.145268522
BMT1255B,-42.155268655,-19.792377531
BMT1269B,-42.155101830,-19.792104026
BMT155973434,-42.155113199,-19.792537563
BMT1255B,-42.155268655,-19.792377531
BMT155973442,-42.155113199,-19.792537563
BMT1542B,-42.154897734,-19.792317453
BMT1269B,-42.155101830,-19.792104026
BMT1360B,-42.154886045,-19.791901967
BMT155973432,-42.154947726,-19.792724521
BMT1206B,-42.155116797,-19.792871666
BMT9858B,-42.144742627,-19.781989655
BMT236777B,-42.145031728,-19.781822738
BMT158576882,-42.144426284,-19.783149238
BMT5108189B,-42.144410632,-19.783492059
BMT9879B,-42.144384405,-19.782823553
BMT158576882,-42.144426284,-19.783149238
BMT155973432,-42.154947726,-19.792724521
BMT155973434,-42.155113199,-19.792537563
BMT9886B,-42.144351739,-19.782516072
BMT4472841B,-42.144367911,-19.782678838
BMT9893B,-42.144347356,-19.782227100
BMT9886B,-42.144351739,-19.782516072
BMT167274372,-42.144850289,-19.789322274
BMT167274373,-42.145153644,-19.789426433
BMT172014022,-42.144622893,-19.789237386
BMT155973391,-42.144850289,-19.789322274
BMT155973429,-42.154753486,-19.792920049
BMT155973431,-19.792724521,-42.154947726
BMT9942B,-42.144414246,-19.789170853
BMT172014022,-42.144622893,-19.789237386
BMT1290B,-42.154568941,-19.793106702
BMT155973429,-42.154753486,-19.792920049
BMT155973427,-42.154403788,-19.793275608
BMT1290B,-42.154568941,-19.793106702
BMT10124B,-42.144129801,-19.789076024
BMT9942B,-42.144414246,-19.789170853
BMT155973427,-42.154403788,-19.793275608
BMT1311B,-42.154141353,-19.793551302
BMT172014021,-42.143977882,-19.789037483
BMT10124B,-42.144129801,-19.789076024
BMT155973387,-42.143864105,-19.788999551
BMT172014021,-42.143977882,-19.789037483
BMT155973696,-42.143864105,-19.788999551
BMT155973697,-19.789143046,-42.143804317
BMT10145B,-42.143636388,-19.788932713
BMT155973387,-42.143864105,-19.788999551
BMT10152B,-42.143437277,-19.788866332
BMT10145B,-42.143636388,-19.788932713
BMT1304B,-42.154167487,-19.793154476
BMT155973427,-42.154403788,-19.793275608
BMT1311B,-42.154141353,-19.793551302
BMT1409B,-42.154311227,-19.793653320
BMT1318B,-42.153969488,-19.793024925
BMT1304B,-42.154167487,-19.793154476
BMT1325B,-42.153781508,-19.792868449
BMT1318B,-42.153969488,-19.793024925
BMT10411B,-42.144189199,-19.787885252
BMT54448B,-42.144520029,-19.788053048
BMT155973743,-42.143902179,-19.787934833
BMT155973744,-19.787800211,-42.143952270
BMT155973737,-42.143902179,-19.787934833
BMT10411B,-42.144189199,-19.787885252
BMT172246676,-42.143634874,-19.787948616
BMT155973737,-42.143902179,-19.787934833
BMT10432B,-42.143215007,-19.787959958
BMT172246676,-42.143634874,-19.787948616
BMT1339B,-42.154267443,-19.775189832
BMT155973581,-19.775358366,-42.154645934
BMT172246675,-42.142900187,-19.787963952
BMT10432B,-42.143215007,-19.787959958
BMT10446B,-42.142680074,-19.788005572
BMT172246675,-42.142900187,-19.787963952
BMT10453B,-42.142642901,-19.787950809
BMT10446B,-42.142680074,-19.788005572
BMT155973580,-42.154001922,-19.775104350
BMT1339B,-42.154267443,-19.775189832
BMT10530B,-42.143634967,-19.779389888
BMT10523B,-19.779663095,-42.143782691
BMT155973580,-42.154001922,-19.775104350
BMT1612B,-42.153988305,-19.774797172
BMT155973721,-42.143341970,-19.779240754
BMT10530B,-42.143634967,-19.779389888
BMT155973720,-42.143160974,-19.779228832
BMT155973721,-42.143341970,-19.779240754
BMT10565B,-42.143136753,-19.779517347
BMT155973719,-42.143160974,-19.779228832
BMT10572B,-42.143073909,-19.779832329
BMT10565B,-42.143136753,-19.779517347
BMT155973580,-42.154001922,-19.775104350
BMT155973579,-19.775266205,-42.153960897
BMT1360B,-42.154886045,-19.791901967
BMT1367B,-42.154612887,-19.791708023
BMT172050293,-42.143174834,-19.789142009
BMT10838B,-42.143092430,-19.789483762
BMT10838B,-42.143092430,-19.789483762
BMT172050294,-19.789798438,-42.143010510
BMT1367B,-42.154612887,-19.791708023
BMT169323415,-19.791568232,-42.154338767
BMT172014019,-42.143170937,-19.788825960
BMT172014020,-42.143247057,-19.788836205
BMT172014020,-42.143247057,-19.788836205
BMT10152B,-42.143437277,-19.788866332
BMT172050292,-42.143247057,-19.788836205
BMT172050293,-42.143174834,-19.789142009
BMT172014018,-42.142895062,-19.788785435
BMT172014019,-42.143170937,-19.788825960
BMT1402B,-42.154326125,-19.793888292
BMT1423B,-42.154273310,-19.794176354
BMT11251B,-42.142752196,-19.788774122
BMT172014018,-42.142895062,-19.788785435
BMT11265B,-42.142543067,-19.788734664
BMT11251B,-42.142752196,-19.788774122
BMT172246674,-42.142513921,-19.787695956
BMT10453B,-42.142642901,-19.787950809
BMT172246673,-42.142518593,-19.787434214
BMT172246674,-42.142513921,-19.787695956
BMT11349B,-42.142526649,-19.786982933
BMT11356B,-42.142523588,-19.787154420
BMT11356B,-42.142523588,-19.787154420
BMT172246673,-42.142518593,-19.787434214
BMT155973716,-42.143293758,-19.780874086
BMT155973717,-19.780781696,-42.143161883
BMT11384B,-42.143040797,-19.780084590
BMT10572B,-42.143073909,-19.779832329
BMT11391B,-42.143007040,-19.780372952
BMT11384B,-42.143040797,-19.780084590
BMT1409B,-42.154311227,-19.793653320
BMT1402B,-42.154326125,-19.793888292
BMT11398B,-42.142973444,-19.780652289
BMT11391B,-42.143007040,-19.780372952
BMT162779122,-42.142929669,-19.780967576
BMT11398B,-42.142973444,-19.780652289
BMT11412B,-42.142680640,-19.781026792
BMT155973714,-42.142929669,-19.780967576
BMT170934952,-42.142402684,-19.781103601
BMT11412B,-42.142680640,-19.781026792
BMT11426B,-42.142134102,-19.781189587
BMT170934952,-42.142402684,-19.781103601
BMT170934951,-42.141894285,-19.781267006
BMT11426B,-42.142134102,-19.781189587
BMT170934951,-42.141894285,-19.781267006
BMT11524B,-42.142004160,-19.780988889
BMT155973702,-42.141577545,-19.781379306
BMT170934951,-42.141894285,-19.781267006
BMT158051493,-42.141577545,-19.781379306
BMT12476B,-42.141506935,-19.781594853
BMT11454B,-42.141309285,-19.781447240
BMT155973702,-42.141577545,-19.781379306
BMT158051498,-42.142239062,-19.785461598
BMT155973729,-19.785652204,-42.142302423
BMT11503B,-42.142214053,-19.780450555
BMT170934953,-19.780190184,-42.142304536
BMT11510B,-42.142083982,-19.780791546
BMT11503B,-42.142214053,-19.780450555
BMT11524B,-42.142004160,-19.780988889
BMT11510B,-42.142083982,-19.780791546
BMT11552B,-42.142257818,-19.788684960
BMT11265B,-42.142543067,-19.788734664
BMT172014017,-42.142096204,-19.788655290
BMT11552B,-42.142257818,-19.788684960
BMT2704060,-42.141953500,-19.788634951
BMT172014017,-42.142096204,-19.788655290
BMT155973382,-42.141906469,-19.788598086
BMT2704060,-42.141953500,-19.788634951
BMT1423B,-42.154273310,-19.794176354
BMT155973430,-19.794536774,-42.154228747
BMT172246670,-42.142302423,-19.785652204
BMT172246671,-42.142374031,-19.785915166
BMT155973373,-42.142202372,-19.785379758
BMT158051498,-42.142239062,-19.785461598
BMT11706B,-42.142177957,-19.785144634
BMT155973373,-42.142202372,-19.785379758
BMT155973745,-42.142123647,-19.784981258
BMT155973746,-19.784873561,-42.142163720
BMT155973727,-42.142123647,-19.784981258
BMT11706B,-42.142177957,-19.785144634
BMT158051497,-42.142077584,-19.784890240
BMT155973727,-42.142123647,-19.784981258
BMT11734B,-42.141977695,-19.784608768
BMT158051497,-42.142077584,-19.784890240
BMT11741B,-42.141941005,-19.784526928
BMT11734B,-42.141977695,-19.784608768
BMT155973584,-42.154407925,-19.772113429
BMT1500B,-42.154403521,-19.771824454
BMT11748B,-42.141895264,-19.784417858
BMT11741B,-42.141941005,-19.784526928
BMT11762B,-42.141670322,-19.784730246
BMT12238B,-42.141818369,-19.784985403
BMT11769B,-42.142021669,-19.788022125
BMT155973380,-42.141959140,-19.788319055
BMT155973380,-42.141959140,-19.788319055
BMT155973381,-19.788598086,-42.141906469
BMT11783B,-42.141937626,-19.787921470
BMT11769B,-42.142021669,-19.788022125
BMT165400377,-42.142121098,-19.785658332
BMT165400382,-19.785379758,-42.142202372
BMT11825B,-42.142089109,-19.785847412
BMT165400377,-42.142121098,-19.785658332
BMT165400376,-42.142030933,-19.785900650
BMT11825B,-42.142089109,-19.785847412
BMT165400376,-42.142030933,-19.785900650
BMT165400378,-42.142013985,-19.786315676
BMT165400375,-42.142004906,-19.785755783
BMT165400376,-42.142030933,-19.785900650
BMT1500B,-42.154403521,-19.771824454
BMT1528B,-42.154267562,-19.771425046
BMT165400373,-42.142003750,-19.785286299
BMT11846B,-42.142010223,-19.785457938
BMT11867B,-42.141832065,-19.784218227
BMT11748B,-42.141895264,-19.784417858
BMT158051496,-42.141815090,-19.784100589
BMT11867B,-42.141832065,-19.784218227
BMT11881B,-42.141840605,-19.783739870
BMT158051496,-42.141815090,-19.784100589
BMT11888B,-42.141711951,-19.783466966
BMT11881B,-42.141840605,-19.783739870
BMT11895B,-42.141533529,-19.783310633
BMT11888B,-42.141711951,-19.783466966
BMT1507B,-42.154354643,-19.772428570
BMT155973584,-42.154407925,-19.772113429
BMT165400378,-42.142013985,-19.786315676
BMT165400379,-42.141784823,-19.786330066
BMT165400378,-42.142013985,-19.786315676
BMT165400380,-42.142008668,-19.786613520
BMT165400379,-42.141784823,-19.786330066
BMT2704046,-19.786344303,-42.141546126
BMT1514B,-42.154322032,-19.772653758
BMT1507B,-42.154354643,-19.772428570
BMT1521B,-42.154269390,-19.772932796
BMT1514B,-42.154322032,-19.772653758
BMT1528B,-42.154267562,-19.771425046
BMT155973585,-19.771115288,-42.154091863
BMT12238B,-42.141818369,-19.784985403
BMT165400373,-42.142003750,-19.785286299
BMT165400372,-42.141540701,-19.784511496
BMT11762B,-42.141670322,-19.784730246
BMT12252B,-42.141475730,-19.784411146
BMT165400372,-42.141540701,-19.784511496
BMT1542B,-42.154897734,-19.792317453
BMT1549B,-42.154680986,-19.792169548
BMT12259B,-42.141327039,-19.784192091
BMT12252B,-42.141475730,-19.784411146
BMT165400371,-42.141169459,-19.783936781
BMT12259B,-42.141327039,-19.784192091
BMT1549B,-42.154680986,-19.792169548
BMT155973443,-42.154398614,-19.791957400
BMT12476B,-42.141506935,-19.781594853
BMT12483B,-42.141416289,-19.781864248
BMT12483B,-42.141416289,-19.781864248
BMT158051494,-42.141343745,-19.782188102
BMT158051494,-42.141343745,-19.782188102
BMT12497B,-42.141271684,-19.782484879
BMT12497B,-42.141271684,-19.782484879
BMT158051495,-42.141256509,-19.782800623
BMT12525B,-42.141348656,-19.780310319
BMT13617B,-42.141361897,-19.780102882
BMT155973443,-42.154398614,-19.791957400
BMT1563B,-42.154115761,-19.791772329
BMT12539B,-42.141235746,-19.781292584
BMT170934949,-19.781023341,-42.141335927
BMT170934948,-42.141156085,-19.781480902
BMT11454B,-42.141309285,-19.781447240
BMT170934948,-42.141156085,-19.781480902
BMT12539B,-42.141235746,-19.781292584
BMT170934948,-42.141156085,-19.781480902
BMT12567B,-42.140955050,-19.781522826
BMT12553B,-42.141145422,-19.781543928
BMT170934948,-42.141156085,-19.781480902
BMT12560B,-42.141035706,-19.781813018
BMT12553B,-42.141145422,-19.781543928
BMT12567B,-42.140955050,-19.781522826
BMT13498B,-42.140648328,-19.781608200
BMT12574B,-42.140936330,-19.782037133
BMT12560B,-42.141035706,-19.781813018
BMT12581B,-42.140836631,-19.782279299
BMT12574B,-42.140936330,-19.782037133
BMT1563B,-42.154115761,-19.791772329
BMT155973444,-42.153813035,-19.791632082
BMT12588B,-42.140737093,-19.782512439
BMT12581B,-42.140836631,-19.782279299
BMT12623B,-42.141363836,-19.783199580
BMT11895B,-42.141533529,-19.783310633
BMT12630B,-42.141337004,-19.783099841
BMT12623B,-42.141363836,-19.783199580
BMT158051495,-42.141256509,-19.782800623
BMT12630B,-42.141337004,-19.783099841
BMT12721B,-42.140951608,-19.783852041
BMT163998520,-19.784116530,-42.141118562
BMT163998516,-42.140858678,-19.783715132
BMT12721B,-42.140951608,-19.783852041
BMT12742B,-42.140617865,-19.783314038
BMT12770B,-42.140710473,-19.783468999
BMT12749B,-42.140478711,-19.783095135
BMT12742B,-42.140617865,-19.783314038
BMT12756B,-42.140366389,-19.782975972
BMT12749B,-42.140478711,-19.783095135
BMT163998515,-42.140319360,-19.782939106
BMT12756B,-42.140366389,-19.782975972
BMT163998515,-42.140319360,-19.782939106
BMT14702B,-42.140091654,-19.782872265
BMT12770B,-42.140710473,-19.783468999
BMT163998516,-42.140858678,-19.783715132
BMT1577B,-42.154225642,-19.773248089
BMT1521B,-42.154269390,-19.772932796
BMT1584B,-42.154182053,-19.773554356
BMT1577B,-42.154225642,-19.773248089
BMT1591B,-42.154157372,-19.773869952
BMT1584B,-42.154182053,-19.773554356
BMT155973583,-42.154113943,-19.774167194
BMT1591B,-42.154157372,-19.773869952
BMT172834804,-42.141002506,-19.783672292
BMT155973365,-19.783936781,-42.141169459
BMT172834803,-42.140863352,-19.783453389
BMT172834804,-42.141002506,-19.783672292
BMT155973362,-42.140705612,-19.783207105
BMT172834803,-42.140863352,-19.783453389
BMT155973582,-42.154099117,-19.774464891
BMT155973583,-42.154113943,-19.774167194
BMT155973698,-42.140705612,-19.783207105
BMT155973699,-19.783411947,-42.140530278
BMT170934950,-42.140627697,-19.782763477
BMT12588B,-42.140737093,-19.782512439
BMT155973361,-42.140538499,-19.782951641
BMT155973362,-42.140705612,-19.783207105
BMT160306858,-42.140538499,-19.782951641
BMT159783302,-19.782763477,-42.140627697
BMT1612B,-42.153988305,-19.774797172
BMT155973582,-42.154099117,-19.774464891
BMT155973472,-42.154191484,-19.788586561
BMT1094B,-42.154469611,-19.788500709
BMT155973472,-42.154191484,-19.788586561
BMT155973474,-42.153903662,-19.788681287
BMT155973474,-42.153903662,-19.788681287
BMT1633B,-42.153855183,-19.788725656
BMT155973489,-42.153903662,-19.788681287
BMT1696B,-42.154097737,-19.788494785
BMT1633B,-42.153855183,-19.788725656
BMT155973475,-42.153730422,-19.788768809
BMT155973475,-42.153730422,-19.788768809
BMT1647B,-42.153588036,-19.788730428
BMT1647B,-42.153588036,-19.788730428
BMT1654B,-42.153531627,-19.788684388
BMT1654B,-42.153531627,-19.788684388
BMT155973476,-19.788580243,-42.153228265
BMT13498B,-42.140648328,-19.781608200
BMT170934943,-42.140379744,-19.781694184
BMT170934943,-42.140379744,-19.781694184
BMT13512B,-42.140082718,-19.781770684
BMT13512B,-42.140082718,-19.781770684
BMT170934942,-42.139756764,-19.781864777
BMT170934942,-42.139756764,-19.781864777
BMT13666B,-42.139665609,-19.781628585
BMT170934942,-42.139756764,-19.781864777
BMT170934941,-42.139469110,-19.781950454
BMT13540B,-42.140101488,-19.782321703
BMT172834802,-19.782359789,-42.140224795
BMT13617B,-42.141361897,-19.780102882
BMT160281B,-42.141105590,-19.780035585
BMT13624B,-42.141023028,-19.780386363
BMT12525B,-42.141348656,-19.780310319
BMT155973483,-42.153228265,-19.788580243
BMT155973484,-42.153030915,-19.788414589
BMT13631B,-42.140725843,-19.780471890
BMT13624B,-42.141023028,-19.780386363
BMT13638B,-42.140475364,-19.780612333
BMT13631B,-42.140725843,-19.780471890
BMT170934944,-42.140233613,-19.780798056
BMT13638B,-42.140475364,-19.780612333
BMT13652B,-42.140011092,-19.780975058
BMT170934944,-42.140233613,-19.780798056
BMT13659B,-42.139798105,-19.781152213
BMT13652B,-42.140011092,-19.780975058
BMT13666B,-42.139665609,-19.781628585
BMT13673B,-42.139594168,-19.781356597
BMT13673B,-42.139594168,-19.781356597
BMT13659B,-42.139798105,-19.781152213
BMT1696B,-42.154097737,-19.788494785
BMT1010B,-42.154225385,-19.788289169
BMT163998514,-42.140331313,-19.782803875
BMT163998515,-42.140319360,-19.782939106
BMT155973360,-42.140331313,-19.782803875
BMT155973361,-42.140538499,-19.782951641
BMT13981B,-42.140122677,-19.782737338
BMT155973360,-42.140331313,-19.782803875
BMT172834800,-42.139894971,-19.782670497
BMT13981B,-42.140122677,-19.782737338
BMT13995B,-42.139788776,-19.782208360
BMT13540B,-42.140101488,-19.782321703
BMT172834799,-42.139676961,-19.782594782
BMT172834800,-42.139894971,-19.782670497
BMT172834799,-42.139676961,-19.782594782
BMT172834801,-42.139629932,-19.782557916
BMT172834801,-42.139629932,-19.782557916
BMT13995B,-42.139788776,-19.782208360
BMT172834798,-42.139382835,-19.782508820
BMT172834799,-42.139676961,-19.782594782
BMT14058B,-42.139509924,-19.780199642
BMT170934947,-19.779940647,-42.139686223
BMT1717B,-42.154294125,-19.788714592
BMT155973472,-42.154191484,-19.788586561
BMT1731B,-42.154110548,-19.788847091
BMT1717B,-42.154294125,-19.788714592
BMT1752B,-42.153936507,-19.788979743
BMT1731B,-42.154110548,-19.788847091
BMT1759B,-42.153752769,-19.789121267
BMT1752B,-42.153936507,-19.788979743
BMT155973471,-42.153665988,-19.789174054
BMT1759B,-42.153752769,-19.789121267
BMT1773B,-42.153414540,-19.789368669
BMT1843B,-42.153540425,-19.789262336
BMT1780B,-42.153154519,-19.789508977
BMT1773B,-42.153414540,-19.789368669
BMT14646B,-42.139559319,-19.782773462
BMT163998518,-19.782979829,-42.139479332
BMT173187268,-42.138196638,-19.782173840
BMT173187269,-19.782347006,-42.138298455
BMT173187266,-42.138196638,-19.782173840
BMT15052B,-42.138567041,-19.782261025
BMT14702B,-42.140091654,-19.782872265
BMT14730B,-42.139854413,-19.782805270
BMT163998517,-42.139607638,-19.782738123
BMT14646B,-42.139559319,-19.782773462
BMT163998517,-42.139607638,-19.782738123
BMT163998519,-19.782624778,-42.139294926
BMT1801B,-42.152886247,-19.789576928
BMT1780B,-42.153154519,-19.789508977
BMT14730B,-42.139854413,-19.782805270
BMT163998517,-42.139607638,-19.782738123
BMT1808B,-42.152629115,-19.789554773
BMT1801B,-42.152886247,-19.789576928
BMT1843B,-42.153540425,-19.789262336
BMT155973471,-42.153665988,-19.789174054
BMT1878B,-42.153807381,-19.795703732
BMT256776B,-42.154155705,-19.795962074
BMT15031B,-42.139088709,-19.782422857
BMT172834797,-19.782508820,-42.139382835
BMT15038B,-42.139031823,-19.782403890
BMT15031B,-42.139088709,-19.782422857
BMT1885B,-42.153573646,-19.795438188
BMT1878B,-42.153807381,-19.795703732
BMT173187267,-42.138785210,-19.782327716
BMT15038B,-42.139031823,-19.782403890
BMT15052B,-42.138567041,-19.782261025
BMT173187267,-42.138785210,-19.782327716
BMT173187265,-42.137873748,-19.782096443
BMT173187266,-42.138196638,-19.782173840
BMT170922062,-42.137503992,-19.781973154
BMT155973352,-19.782096443,-42.137873748
BMT170922062,-42.137503992,-19.781973154
BMT2703990,-19.782127200,-42.137539388
BMT170922062,-42.137503992,-19.781973154
BMT2703997,-19.782016908,-42.137417373
BMT160281B,-42.141105590,-19.780035585
BMT160288B,-42.140782058,-19.779994296
BMT160288B,-42.140782058,-19.779994296
BMT170934945,-42.140448669,-19.779970905
BMT170934945,-42.140448669,-19.779970905
BMT160302B,-42.140122719,-19.780064999
BMT160302B,-42.140122719,-19.780064999
BMT160309B,-42.139824405,-19.780213704
BMT160309B,-42.139824405,-19.780213704
BMT170934946,-42.139544677,-19.780389790
BMT170934946,-42.139544677,-19.780389790
BMT14058B,-42.139509924,-19.780199642
BMT1892B,-42.153415876,-19.795191910
BMT1885B,-42.153573646,-19.795438188
BMT171762956,-42.153325498,-19.794910594
BMT1892B,-42.153415876,-19.795191910
BMT1906B,-42.153161404,-19.794483651
BMT3639407B,-42.153253709,-19.794656659
BMT1913B,-42.153096422,-19.794383305
BMT1906B,-42.153161404,-19.794483651
BMT1941B,-42.153674030,-19.784967016
BMT201826B,-42.153620350,-19.784767539
BMT155973672,-42.153452959,-19.785062805
BMT1941B,-42.153674030,-19.784967016
BMT1955B,-42.153222996,-19.785122339
BMT155973672,-42.153452959,-19.785062805
BMT1962B,-42.152992710,-19.785199924
BMT1955B,-42.153222996,-19.785122339
BMT1969B,-42.152877167,-19.785261280
BMT1962B,-42.152992710,-19.785199924
BMT155973671,-42.152681169,-19.785556089
BMT1969B,-42.152877167,-19.785261280
BMT155973671,-42.152681169,-19.785556089
BMT155973673,-42.152949594,-19.785479112
BMT172019555,-42.136877554,-19.779669967
BMT16578B,-19.779326231,-42.136836013
BMT172017648,-42.137273707,-19.782050719
BMT172017649,-19.782016908,-42.137417373
BMT2039B,-42.152989260,-19.792900964
BMT172561308,-19.793067378,-42.153234292
BMT2046B,-42.152847833,-19.792808427
BMT2039B,-42.152989260,-19.792900964
BMT172017647,-42.136861739,-19.780554473
BMT170920256,-42.136830876,-19.780680372
BMT172017646,-42.136873211,-19.780446318
BMT172017647,-42.136861739,-19.780554473
BMT172045011,-42.136830876,-19.780680372
BMT172045012,-42.136704183,-19.780831821
BMT16571B,-42.136840398,-19.780147864
BMT172017646,-42.136873211,-19.780446318
BMT16585B,-42.136793666,-19.779027623
BMT16606B,-42.136751157,-19.778738041
BMT16585B,-42.136793666,-19.779027623
BMT3689198B,-42.136810476,-19.779154287
BMT172017645,-42.136778820,-19.779857976
BMT16571B,-42.136840398,-19.780147864
BMT155973344,-42.136743909,-19.779676854
BMT3337203,-42.136877554,-19.779669967
BMT2053B,-42.152734532,-19.792743424
BMT2046B,-42.152847833,-19.792808427
BMT172017644,-42.136743909,-19.779676854
BMT172017645,-42.136778820,-19.779857976
BMT16606B,-42.136751157,-19.778738041
BMT16746B,-42.136700405,-19.778376102
BMT172045012,-42.136704183,-19.780831821
BMT16620B,-42.136586378,-19.781019525
BMT16620B,-42.136586378,-19.781019525
BMT56163B,-42.136333796,-19.781277294
BMT16627B,-42.136543522,-19.779682671
BMT155973344,-42.136743909,-19.779676854
BMT16634B,-42.136337474,-19.779471722
BMT16627B,-42.136543522,-19.779682671
BMT170917985,-42.136189279,-19.779225587
BMT16634B,-42.136337474,-19.779471722
BMT16648B,-42.136060799,-19.778943655
BMT155973342,-19.779225587,-42.136189279
BMT16655B,-42.136027181,-19.778690328
BMT16648B,-42.136060799,-19.778943655
BMT2060B,-42.152546071,-19.792614024
BMT2053B,-42.152734532,-19.792743424
BMT16746B,-42.136700405,-19.778376102
BMT16753B,-42.136659833,-19.777978213
BMT172561307,-42.152395431,-19.792503283
BMT2060B,-42.152546071,-19.792614024
BMT16753B,-42.136659833,-19.777978213
BMT172019556,-42.136628795,-19.777580477
BMT2074B,-42.153900964,-19.775418732
BMT165448743,-19.775266205,-42.153960897
BMT170920855,-42.136823801,-19.782142820
BMT172017648,-42.137273707,-19.782050719
BMT16949B,-42.136646046,-19.776082079
BMT3402905B,-42.136662034,-19.775721209
BMT2081B,-42.153733907,-19.775695948
BMT2074B,-42.153900964,-19.775418732
BMT172019556,-42.136628795,-19.777580477
BMT16970B,-42.136606808,-19.777209970
BMT16970B,-42.136606808,-19.777209970
BMT16977B,-42.136603728,-19.776848795
BMT16977B,-42.136603728,-19.776848795
BMT16984B,-42.136619555,-19.776496950
BMT16984B,-42.136619555,-19.776496950
BMT16949B,-42.136646046,-19.776082079
BMT2088B,-42.153555531,-19.777146657
BMT2102B,-42.153436234,-19.776882938
BMT2095B,-42.153576383,-19.775973315
BMT2081B,-42.153733907,-19.775695948
BMT2102B,-42.153436234,-19.776882938
BMT2123B,-42.153346182,-19.776583571
BMT165448741,-42.153428394,-19.776250835
BMT2095B,-42.153576383,-19.775973315
BMT2116B,-42.153357300,-19.777567828
BMT2088B,-42.153555531,-19.777146657
BMT2123B,-42.153346182,-19.776583571
BMT165448741,-42.153428394,-19.776250835
BMT17502B,-42.136252272,-19.777836261
BMT17509B,-42.136198467,-19.778178468
BMT17509B,-42.136198467,-19.778178468
BMT17523B,-42.136108137,-19.778429809
BMT17516B,-42.136201521,-19.777474321
BMT17502B,-42.136252272,-19.777836261
BMT17523B,-42.136108137,-19.778429809
BMT16655B,-42.136027181,-19.778690328
BMT155973341,-42.136111503,-19.777174950
BMT17516B,-42.136201521,-19.777474321
BMT17537B,-42.135993850,-19.776820967
BMT155973341,-42.136111503,-19.777174950
BMT17551B,-42.135816604,-19.778199433
BMT155973767,-19.778496666,-42.135773139
BMT17558B,-42.135803023,-19.777892259
BMT17551B,-42.135816604,-19.778199433
BMT17579B,-42.135799138,-19.777576211
BMT17558B,-42.135803023,-19.777892259
BMT155973766,-42.135765843,-19.777304833
BMT17579B,-42.135799138,-19.777576211
BMT17593B,-42.135724466,-19.776952072
BMT155973766,-42.135765843,-19.777304833
BMT17600B,-42.135661922,-19.776716338
BMT17593B,-42.135724466,-19.776952072
BMT17607B,-42.135592103,-19.776354093
BMT17600B,-42.135661922,-19.776716338
BMT17691B,-42.135241739,-19.768214112
BMT172019559,-19.768226956,-42.135479924
BMT17698D,-42.134860062,-19.768226052
BMT17691B,-42.135241739,-19.768214112
BMT17705D,-42.134478223,-19.768247018
BMT17698D,-42.134860062,-19.768226052
BMT17712B,-42.134067944,-19.768258498
BMT17705D,-42.134478223,-19.768247018
BMT17712B,-42.134067944,-19.768258498
BMT17719B,-42.133734098,-19.768262174
BMT17719B,-42.133734098,-19.768262174
BMT172019560,-42.133439840,-19.768185232
BMT172019560,-42.133439840,-19.768185232
BMT17733B,-42.133205369,-19.767964797
BMT17733B,-42.133205369,-19.767964797
BMT155972413,-42.133086597,-19.767673992
BMT2158B,-42.152957107,-19.786129266
BMT155973674,-19.785925474,-42.153199176
BMT2165B,-42.152649577,-19.786259789
BMT2158B,-42.152957107,-19.786129266
BMT2172B,-42.152575704,-19.786123188
BMT2179B,-42.152525781,-19.786248788
BMT164095471,-42.135905277,-19.759900776
BMT164095472,-42.135795231,-19.759655254
BMT164095470,-42.135364294,-19.759756690
BMT3639722B,-42.135593901,-19.759715227
BMT18020B,-42.135029659,-19.759805499
BMT164095470,-42.135364294,-19.759756690
BMT18027B,-42.134746400,-19.759647483
BMT18020B,-42.135029659,-19.759805499
BMT18034B,-42.134575607,-19.759599606
BMT18027B,-42.134746400,-19.759647483
BMT2179B,-42.152525781,-19.786248788
BMT2165B,-42.152649577,-19.786259789
BMT159905344,-42.147140924,-19.779066705
BMT155973529,-42.147018743,-19.778965444
BMT199453B,-42.147300922,-19.779186625
BMT159905344,-42.147140924,-19.779066705
BMT199460B,-42.147499059,-19.779307155
BMT199453B,-42.147300922,-19.779186625
BMT155973529,-42.147018743,-19.778965444
BMT155973530,-19.778789542,-42.146745295
BMT170889590,-42.147018743,-19.778965444
BMT201714B,-42.147223632,-19.778706896
BMT162779123,-42.146745295,-19.778789542
BMT199481B,-42.146500451,-19.778614097
BMT199481B,-42.146500451,-19.778614097
BMT199488B,-42.146170762,-19.778383127
BMT199488B,-42.146170762,-19.778383127
BMT162779124,-42.145907011,-19.778198351
BMT159905343,-42.147715512,-19.780005783
BMT159905345,-19.779695715,-42.147520750
BMT159905342,-42.148058066,-19.779514698
BMT199677B,-42.148262633,-19.779274200
BMT159905341,-42.147960952,-19.779612458
BMT159905342,-42.148058066,-19.779514698
BMT159905341,-42.147960952,-19.779612458
BMT199621B,-42.147908938,-19.779855390
BMT159905341,-42.147960952,-19.779612458
BMT199628B,-42.147715462,-19.779473117
BMT199621B,-42.147908938,-19.779855390
BMT159905343,-42.147715512,-19.780005783
BMT199628B,-42.147715462,-19.779473117
BMT199460B,-42.147499059,-19.779307155
BMT199677B,-42.148262633,-19.779274200
BMT201532B,-42.148437953,-19.779069348
BMT2193B,-42.153572306,-19.792296336
BMT2207B,-42.153507966,-19.792159887
BMT155973426,-42.153517886,-19.792674655
BMT1325B,-42.153781508,-19.792868449
BMT201532B,-42.148437953,-19.779069348
BMT159905347,-19.778837723,-42.148632824
BMT155973426,-42.153517886,-19.792674655
BMT2193B,-42.153572306,-19.792296336
BMT201595B,-42.147799836,-19.777948694
BMT3426348B,-42.147926839,-19.777779184
BMT201602B,-42.147653442,-19.778135950
BMT201595B,-42.147799836,-19.777948694
BMT170889591,-42.147360171,-19.778537539
BMT201679B,-42.147497192,-19.778341105
BMT201679B,-42.147497192,-19.778341105
BMT201602B,-42.147653442,-19.778135950
BMT201714B,-42.147223632,-19.778706896
BMT170889591,-42.147360171,-19.778537539
BMT201826B,-42.153620350,-19.784767539
BMT155973675,-19.784744867,-42.153897347
BMT2207B,-42.153507966,-19.792159887
BMT2536B,-42.153272951,-19.791966548
BMT2214B,-42.153396493,-19.792528269
BMT155973426,-42.153517886,-19.792674655
BMT2221B,-42.153208514,-19.792371792
BMT2214B,-42.153396493,-19.792528269
BMT155973425,-42.152991928,-19.792214860
BMT2221B,-42.153208514,-19.792371792
BMT155973424,-42.152775343,-19.792057928
BMT155973425,-42.152991928,-19.792214860
BMT155973423,-42.152549223,-19.791900843
BMT155973424,-42.152775343,-19.792057928
BMT2277B,-42.153068618,-19.794337720
BMT1913B,-42.153096422,-19.794383305
BMT2312B,-42.152657886,-19.793834619
BMT2298B,-42.152844582,-19.794063302
BMT155973484,-42.153030915,-19.788414589
BMT155973485,-42.153025233,-19.788197821
BMT155973484,-42.153030915,-19.788414589
BMT2347B,-42.152820017,-19.788474426
BMT2347B,-42.152820017,-19.788474426
BMT2914B,-42.152618493,-19.788543440
BMT2410B,-42.153170505,-19.785392350
BMT2417B,-42.152956882,-19.785605624
BMT2417B,-42.152956882,-19.785605624
BMT2431B,-42.152742616,-19.785855001
BMT155973673,-42.152949594,-19.785479112
BMT2473B,-42.153065459,-19.785399704
BMT2431B,-42.152742616,-19.785855001
BMT2172B,-42.152575704,-19.786123188
BMT2445B,-42.152403047,-19.785641939
BMT155973671,-42.152681169,-19.785556089
BMT2452B,-42.152170031,-19.785872959
BMT2445B,-42.152403047,-19.785641939
BMT222707B,-42.135885247,-19.776494213
BMT17537B,-42.135993850,-19.776820967
BMT222714B,-42.135801859,-19.776357454
BMT222707B,-42.135885247,-19.776494213
BMT155973340,-42.135652054,-19.776201575
BMT222714B,-42.135801859,-19.776357454
BMT155973765,-42.135280053,-19.776204641
BMT17607B,-42.135592103,-19.776354093
BMT155973339,-42.135280053,-19.776204641
BMT155973340,-42.135652054,-19.776201575
BMT155973338,-42.135070782,-19.776174202
BMT155973339,-42.135280053,-19.776204641
BMT2459B,-42.151918105,-19.786094650
BMT2452B,-42.152170031,-19.785872959
BMT2466B,-42.151697354,-19.786172385
BMT2459B,-42.151918105,-19.786094650
BMT2473B,-42.153065459,-19.785399704
BMT2410B,-42.153170505,-19.785392350
BMT20071B,-42.134871045,-19.776143916
BMT155973338,-42.135070782,-19.776174202
BMT155973337,-42.134576934,-19.776057948
BMT20071B,-42.134871045,-19.776143916
BMT20085B,-42.134311103,-19.775990489
BMT157359873,-19.776057948,-42.134576934
BMT20092B,-42.134035738,-19.775922877
BMT20085B,-42.134311103,-19.775990489
BMT20099B,-42.133713025,-19.775836449
BMT20092B,-42.134035738,-19.775922877
BMT20106B,-42.133390313,-19.775750020
BMT20099B,-42.133713025,-19.775836449
BMT157359872,-42.133105900,-19.775655177
BMT20106B,-42.133390313,-19.775750020
BMT20120B,-42.132802580,-19.775551002
BMT157359872,-42.133105900,-19.775655177
BMT20127B,-42.132679442,-19.775503886
BMT20120B,-42.132802580,-19.775551002
BMT20407B,-42.133414681,-19.761594281
BMT20400B,-42.133783569,-19.761230039
BMT164095468,-42.133210766,-19.761798660
BMT20407B,-42.133414681,-19.761594281
BMT20421B,-42.133064697,-19.761967853
BMT164095468,-42.133210766,-19.761798660
BMT20799B,-42.132435103,-19.774236028
BMT20820B,-42.132457566,-19.774579457
BMT157359871,-42.132421528,-19.773928853
BMT20799B,-42.132435103,-19.774236028
BMT20820B,-42.132457566,-19.774579457
BMT20827B,-42.132462253,-19.774850376
BMT20827B,-42.132462253,-19.774850376
BMT20834B,-42.132467586,-19.775085193
BMT20834B,-42.132467586,-19.775085193
BMT20841B,-42.132559051,-19.775303336
BMT20841B,-42.132559051,-19.775303336
BMT20127B,-42.132679442,-19.775503886
BMT157359870,-42.132431868,-19.773351219
BMT157359871,-42.132421528,-19.773928853
BMT2536B,-42.153272951,-19.791966548
BMT2543B,-42.153056687,-19.791791565
BMT172199821,-42.132419262,-19.772989891
BMT172199822,-19.772975205,-42.132629336
BMT155973332,-42.132419262,-19.772989891
BMT157359870,-42.132431868,-19.773351219
BMT20862B,-42.132406657,-19.772628564
BMT155973332,-42.132419262,-19.772989891
BMT20862B,-42.132406657,-19.772628564
BMT20953B,-19.772393899,-42.132410857
BMT20869C,-42.133042368,-19.772277635
BMT170567035,-19.772612497,-42.133093597
BMT20876C,-42.133000190,-19.771970001
BMT20869C,-42.133042368,-19.772277635
BMT170567034,-42.132948477,-19.771662215
BMT20876C,-42.133000190,-19.771970001
BMT20890C,-42.132979497,-19.770994631
BMT20904C,-42.132955579,-19.770732431
BMT2543B,-42.153056687,-19.791791565
BMT2550B,-42.152829443,-19.791697660
BMT20897C,-42.132972875,-19.771364678
BMT20890C,-42.132979497,-19.770994631
BMT20904C,-42.132955579,-19.770732431
BMT171212384,-42.132904028,-19.770415619
BMT171212384,-42.132904028,-19.770415619
BMT20918C,-42.132870253,-19.770171318
BMT20918C,-42.132870253,-19.770171318
BMT20925C,-42.132741138,-19.769925487
BMT2550B,-42.152829443,-19.791697660
BMT155973428,-19.791604515,-42.152649876
BMT20925C,-42.132741138,-19.769925487
BMT20932C,-42.132485660,-19.769813052
BMT20932C,-42.132485660,-19.769813052
BMT3515171C,-42.132210630,-19.769727388
BMT20939C,-42.132117229,-19.769617552
BMT21695C,-42.132114157,-19.769256377
BMT20946C,-42.132623350,-19.771711170
BMT170567034,-42.132948477,-19.771662215
BMT170567036,-42.132398574,-19.772014521
BMT20967C,-42.132366092,-19.771698015
BMT20967C,-42.132366092,-19.771698015
BMT20946C,-42.132623350,-19.771711170
BMT161240469,-42.132222056,-19.763759972
BMT155972458,-19.763505727,-42.132131242
BMT21142B,-42.132193449,-19.763226853
BMT21149B,-42.132265513,-19.762930079
BMT21149B,-42.132265513,-19.762930079
BMT155972494,-42.132432588,-19.762652886
BMT155972494,-42.132432588,-19.762652886
BMT21163B,-42.132685142,-19.762395119
BMT155972501,-42.132432588,-19.762652886
BMT155972502,-19.762759199,-42.132869354
BMT21163B,-42.132685142,-19.762395119
BMT159475503,-42.132928968,-19.762092072
BMT159475503,-42.132928968,-19.762092072
BMT20421B,-42.133064697,-19.761967853
BMT159475686,-42.132928968,-19.762092072
BMT159475689,-19.762528193,-42.133664994
BMT235741B,-42.128722521,-19.769066519
BMT155972446,-19.769179104,-42.128424868
BMT235755B,-42.128852275,-19.769276249
BMT235741B,-42.128722521,-19.769066519
BMT235811B,-42.128790543,-19.769528045
BMT235818B,-42.128521815,-19.769623038
BMT235818B,-42.128521815,-19.769623038
BMT235825B,-42.128262620,-19.769718184
BMT235825B,-42.128262620,-19.769718184
BMT235839B,-42.128012798,-19.769822509
BMT235839B,-42.128012798,-19.769822509
BMT155972447,-19.770083789,-42.127979504
BMT2599B,-42.153305136,-19.777819789
BMT2116B,-42.153357300,-19.777567828
BMT236770B,-42.145234854,-19.781663476
BMT158576883,-19.781513239,-42.145437819
BMT236777B,-42.145031728,-19.781822738
BMT236770B,-42.145234854,-19.781663476
BMT161240471,-42.132296677,-19.761188148
BMT155972462,-19.760646309,-42.132287298
BMT161240471,-42.132296677,-19.761188148
BMT1988765B,-42.131982074,-19.761183103
BMT2606B,-42.153262826,-19.778053849
BMT2599B,-42.153305136,-19.777819789
BMT161240470,-42.132186158,-19.761502361
BMT161240471,-42.132296677,-19.761188148
BMT161240470,-42.132186158,-19.761502361
BMT3608250B,-19.761716528,-42.132029747
BMT155972472,-42.132012786,-19.762131550
BMT21387B,-42.131774126,-19.762145779
BMT155972459,-42.132012786,-19.762131550
BMT3635718B,-42.132035244,-19.761942320
BMT21387B,-42.131774126,-19.762145779
BMT155972473,-42.131439970,-19.762167504
BMT155972473,-42.131439970,-19.762167504
BMT155972474,-19.762003056,-42.131318942
BMT160109799,-42.131318942,-19.762003056
BMT21415B,-42.131285169,-19.761758755
BMT21415B,-42.131285169,-19.761758755
BMT24271B,-42.130931947,-19.761780173
BMT2613B,-42.153161223,-19.778404333
BMT165448740,-42.153258815,-19.778279492
BMT21520B,-42.132088111,-19.764850228
BMT155972504,-42.132008773,-19.765020491
BMT155972504,-42.132008773,-19.765020491
BMT155972505,-19.765263110,-42.131937677
BMT21695C,-42.132114157,-19.769256377
BMT171212383,-42.132039663,-19.769155873
BMT171212383,-42.132039663,-19.769155873
BMT3474235C,-19.769167806,-42.131657984
BMT171212381,-42.131359524,-19.768260204
BMT22080C,-42.131277113,-19.768069291
BMT171212381,-42.131359524,-19.768260204
BMT3474214C,-42.131333186,-19.768666048
BMT155972429,-42.130694423,-19.765992500
BMT170501272,-42.130374478,-19.766285294
BMT161240464,-42.130694423,-19.765992500
BMT3650782B,-42.130862797,-19.765643104
BMT170501272,-42.130374478,-19.766285294
BMT170501273,-19.765982861,-42.130093800
BMT170501272,-42.130374478,-19.766285294
BMT1988709B,-42.129890357,-19.766692817
BMT1988709B,-42.129890357,-19.766692817
BMT155972432,-42.129396699,-19.767100186
BMT1988709B,-42.129890357,-19.766692817
BMT3668464B,-19.766921669,-42.130086524
BMT155972432,-42.129396699,-19.767100186
BMT1988723B,-42.129258053,-19.767386860
BMT155972449,-42.129396699,-19.767100186
BMT3432284B,-42.129543742,-19.767409503
BMT1988723B,-42.129258053,-19.767386860
BMT155972433,-19.767805708,-42.129479426
BMT155972434,-42.129479426,-19.767805708
BMT155972435,-42.129525316,-19.767905754
BMT161240468,-42.131767347,-19.763057512
BMT3635312B,-42.131858801,-19.762742994
BMT155972489,-42.123872018,-19.762488332
BMT155972490,-42.124877163,-19.759615503
BMT155972487,-42.123872018,-19.762488332
BMT5002076B,-42.123843579,-19.762478847
BMT167001696,-42.132287298,-19.760646309
BMT3639904B,-42.132285837,-19.760194878
BMT1988765B,-42.131982074,-19.761183103
BMT3635186B,-42.131668117,-19.761141956
BMT155972463,-42.130927419,-19.760967568
BMT1988779B,-42.130622189,-19.760971700
BMT155972470,-42.130927419,-19.760967568
BMT4412781B,-42.129912518,-19.760129725
BMT1988779B,-42.130622189,-19.760971700
BMT1988786B,-42.130296599,-19.761047729
BMT1988786B,-42.130296599,-19.761047729
BMT1988793B,-42.129969717,-19.761195962
BMT1988793B,-42.129969717,-19.761195962
BMT3634500B,-42.129679351,-19.761435062
BMT1988800B,-42.132305373,-19.759102786
BMT167001698,-42.131556752,-19.757772673
BMT167001698,-42.131556752,-19.757772673
BMT155972467,-19.757614799,-42.131845655
BMT155972468,-42.131845655,-19.757614799
BMT155972469,-19.757697711,-42.131949067
BMT1988828B,-42.134349094,-19.760534905
BMT164095469,-42.134410812,-19.760283106
BMT164095472,-42.135795231,-19.759655254
BMT1988842B,-42.135472046,-19.759063247
BMT1988842B,-42.135472046,-19.759063247
BMT1988849B,-42.134800503,-19.758754562
BMT1988849B,-42.134800503,-19.758754562
BMT164095473,-19.758007287,-42.134365666
BMT172457130,-42.147357320,-19.784586401
BMT7590B,-19.784569415,-42.147424386
BMT172457130,-42.147357320,-19.784586401
BMT7604B,-42.147349072,-19.784514043
BMT172457130,-42.147357320,-19.784586401
BMT155973626,-42.147156926,-19.784592229
BMT22080C,-42.131277113,-19.768069291
BMT22087C,-42.131214416,-19.767842582
BMT22087C,-42.131214416,-19.767842582
BMT171212380,-42.131189208,-19.767652587
BMT22094C,-42.131272911,-19.767238636
BMT155972409,-42.131260468,-19.766868283
BMT171212380,-42.131189208,-19.767652587
BMT22108C,-42.131210214,-19.767544586
BMT22108C,-42.131210214,-19.767544586
BMT22094C,-42.131272911,-19.767238636
BMT165448740,-42.153258815,-19.778279492
BMT2606B,-42.153262826,-19.778053849
BMT2669B,-42.152509333,-19.793606545
BMT2312B,-42.152657886,-19.793834619
BMT22234B,-42.130629615,-19.769611739
BMT155972443,-19.769653196,-42.130962656
BMT22241B,-42.130296575,-19.769570281
BMT22234B,-42.130629615,-19.769611739
BMT22248B,-42.129963374,-19.769537848
BMT22241B,-42.130296575,-19.769570281
BMT171762954,-42.152407173,-19.793451436
BMT2669B,-42.152509333,-19.793606545
BMT22472B,-42.130182172,-19.769035785
BMT155972440,-19.769040529,-42.130477722
BMT22479B,-42.129934292,-19.769031806
BMT22472B,-42.130182172,-19.769035785
BMT2697B,-42.152267674,-19.793250591
BMT171762954,-42.152407173,-19.793451436
BMT2704B,-42.152174568,-19.793122711
BMT2697B,-42.152267674,-19.793250591
BMT252625B,-42.132584853,-19.766934667
BMT3403577B,-42.132271207,-19.766875468
BMT22724B,-42.130270082,-19.768387171
BMT155972438,-19.768179890,-42.130292867
BMT155972436,-42.129917168,-19.768390535
BMT22724B,-42.130270082,-19.768387171
BMT155972436,-42.129917168,-19.768390535
BMT23165B,-42.129687871,-19.768413938
BMT158576879,-42.145179214,-19.781039641
BMT254900B,-42.144984819,-19.781244184
BMT254893B,-42.144523649,-19.781968099
BMT9858B,-42.144742627,-19.781989655
BMT254900B,-42.144984819,-19.781244184
BMT254907B,-42.144761496,-19.781466321
BMT254907B,-42.144761496,-19.781466321
BMT254914B,-42.144538013,-19.781697483
BMT254914B,-42.144538013,-19.781697483
BMT158576881,-42.144295137,-19.781946391
BMT158576881,-42.144295137,-19.781946391
BMT9893B,-42.144347356,-19.782227100
BMT158576881,-42.144295137,-19.781946391
BMT254893B,-42.144523649,-19.781968099
BMT254928B,-42.145393161,-19.780808325
BMT158576879,-42.145179214,-19.781039641
BMT158576878,-42.145577860,-19.780612655
BMT254928B,-42.145393161,-19.780808325
BMT158576878,-42.145577860,-19.780612655
BMT254963B,-42.145805245,-19.780697540
BMT254942B,-42.145563778,-19.780332555
BMT158576878,-42.145577860,-19.780612655
BMT254963B,-42.145805245,-19.780697540
BMT254984B,-42.146021647,-19.780863504
BMT254984B,-42.146021647,-19.780863504
BMT158576880,-19.781019986,-42.146209607
BMT158576877,-42.145535132,-19.779799433
BMT255047B,-42.145549213,-19.780079533
BMT255047B,-42.145549213,-19.780079533
BMT254942B,-42.145563778,-19.780332555
BMT255082B,-42.145501176,-19.779564157
BMT158576877,-42.145535132,-19.779799433
BMT255117B,-42.145477881,-19.779265854
BMT255082B,-42.145501176,-19.779564157
BMT158576876,-42.145410131,-19.778786277
BMT255138B,-42.145462995,-19.779030883
BMT255138B,-42.145462995,-19.779030883
BMT255117B,-42.145477881,-19.779265854
BMT255173B,-42.145395245,-19.778551306
BMT158576876,-42.145410131,-19.778786277
BMT162779126,-42.145577324,-19.777967380
BMT162779127,-42.145507525,-19.778137802
BMT162779126,-42.145577324,-19.777967380
BMT162779128,-19.777798177,-42.145723398
BMT256601B,-42.154726939,-19.793876621
BMT169323418,-19.794163468,-42.154597841
BMT171762958,-42.156226803,-19.795354059
BMT171762959,-42.155942658,-19.795241195
BMT256706B,-42.156432096,-19.795610119
BMT171762958,-42.156226803,-19.795354059
BMT256713B,-42.156350837,-19.795888701
BMT256706B,-42.156432096,-19.795610119
BMT171762957,-42.154969675,-19.796318117
BMT256727B,-42.155245408,-19.796367650
BMT256727B,-42.155245408,-19.796367650
BMT256734B,-42.155578676,-19.796400044
BMT256734B,-42.155578676,-19.796400044
BMT256741B,-42.155798479,-19.796376460
BMT256741B,-42.155798479,-19.796376460
BMT256748B,-42.155894478,-19.796341875
BMT256748B,-42.155894478,-19.796341875
BMT256755B,-42.156156113,-19.796111307
BMT256755B,-42.156156113,-19.796111307
BMT256713B,-42.156350837,-19.795888701
BMT256762B,-42.154608281,-19.796258189
BMT171762957,-42.154969675,-19.796318117
BMT256769B,-42.154391368,-19.796119309
BMT256762B,-42.154608281,-19.796258189
BMT256776B,-42.154155705,-19.795962074
BMT256769B,-42.154391368,-19.796119309
BMT257665B,-42.153033101,-19.778637027
BMT2613B,-42.153161223,-19.778404333
BMT257672B,-42.152895444,-19.778869569
BMT257665B,-42.153033101,-19.778637027
BMT257679B,-42.152659712,-19.779254028
BMT257672B,-42.152895444,-19.778869569
BMT165448739,-42.152543210,-19.779369539
BMT257679B,-42.152659712,-19.779254028
BMT23158B,-42.129720186,-19.768739469
BMT155972439,-42.129686411,-19.769027827
BMT23165B,-42.129687871,-19.768413938
BMT23158B,-42.129720186,-19.768739469
BMT155972439,-42.129686411,-19.769027827
BMT22479B,-42.129934292,-19.769031806
BMT155972439,-42.129686411,-19.769027827
BMT155972441,-42.129672997,-19.769244287
BMT155972441,-42.129672997,-19.769244287
BMT155972442,-42.129659744,-19.769451721
BMT155972442,-42.129659744,-19.769451721
BMT22248B,-42.129963374,-19.769537848
BMT155972442,-42.129659744,-19.769451721
BMT23193B,-42.129616596,-19.769730900
BMT155972442,-42.129659744,-19.769451721
BMT23200B,-42.129374051,-19.769429077
BMT23200B,-42.129374051,-19.769429077
BMT155972445,-42.129040527,-19.769414694
BMT155972445,-42.129040527,-19.769414694
BMT235755B,-42.128852275,-19.769276249
BMT155972445,-42.129040527,-19.769414694
BMT235811B,-42.128790543,-19.769528045
BMT155972444,-42.129502830,-19.770225620
BMT155972448,-19.770381350,-42.129643090
BMT264189B,-42.144937219,-19.784448435
BMT158576884,-19.784747348,-42.144998652
BMT264196B,-42.144891959,-19.784312289
BMT264189B,-42.144937219,-19.784448435
BMT160109709,-42.129360223,-19.761682727
BMT161240472,-19.761769463,-42.129139338
BMT24061B,-42.129713891,-19.768026147
BMT155972436,-42.129917168,-19.768390535
BMT155972435,-42.129525316,-19.767905754
BMT24061B,-42.129713891,-19.768026147
BMT155972435,-42.129525316,-19.767905754
BMT24075B,-42.129219426,-19.767945983
BMT24075B,-42.129219426,-19.767945983
BMT155972437,-19.768076467,-42.128911919
BMT24271B,-42.130931947,-19.761780173
BMT24278B,-42.130588258,-19.761801744
BMT24278B,-42.130588258,-19.761801744
BMT24285B,-42.130290783,-19.761905308
BMT24285B,-42.130290783,-19.761905308
BMT24292B,-42.130001386,-19.762090255
BMT24292B,-42.130001386,-19.762090255
BMT24299B,-42.129750284,-19.762266788
BMT24306B,-42.129489162,-19.762470243
BMT24313B,-42.129191200,-19.762600883
BMT24313B,-42.129191200,-19.762600883
BMT24320B,-42.128913112,-19.762686699
BMT24320B,-42.128913112,-19.762686699
BMT24327B,-42.128577985,-19.762762572
BMT24327B,-42.128577985,-19.762762572
BMT172353090,-42.128242373,-19.762865520
BMT172353090,-42.128242373,-19.762865520
BMT24341B,-42.128059781,-19.762943841
BMT24341B,-42.128059781,-19.762943841
BMT24348B,-42.127808676,-19.763120371
BMT24348B,-42.127808676,-19.763120371
BMT24355B,-42.127474680,-19.763133062
BMT24355B,-42.127474680,-19.763133062
BMT172353091,-42.127093664,-19.763108886
BMT172353091,-42.127093664,-19.763108886
BMT3112986B,-42.126760315,-19.763085474
BMT160110225,-42.125838804,-19.762890104
BMT160110226,-42.125372635,-19.762828443
BMT277223B,-42.153529060,-19.791510189
BMT155973445,-19.791370245,-42.153245406
BMT172353093,-42.124962678,-19.763354510
BMT5924158B,-42.124569700,-19.763465557
BMT172353095,-42.122790588,-19.764827266
BMT3219771B,-42.122319716,-19.765027335
BMT2914B,-42.152618493,-19.788543440
BMT2921B,-42.152426183,-19.788630657
BMT2921B,-42.152426183,-19.788630657
BMT155973486,-42.152062399,-19.788706112
BMT155973486,-42.152062399,-19.788706112
BMT2949B,-42.151843892,-19.788657487
BMT2949B,-42.151843892,-19.788657487
BMT2963B,-42.151586120,-19.788671434
BMT2963B,-42.151586120,-19.788671434
BMT2977B,-42.151279226,-19.788765851
BMT2977B,-42.151279226,-19.788765851
BMT2984B,-42.151076576,-19.788898043
BMT2984B,-42.151076576,-19.788898043
BMT4132B,-42.150880088,-19.789219926
BMT3110B,-42.151717861,-19.781803042
BMT166036730,-19.781969607,-42.151972411
BMT3117B,-42.151500808,-19.781673186
BMT3110B,-42.151717861,-19.781803042
BMT3124B,-42.151232710,-19.781732110
BMT3117B,-42.151500808,-19.781673186
BMT166036727,-42.150954273,-19.781836010
BMT3124B,-42.151232710,-19.781732110
BMT3145B,-42.150936970,-19.781736423
BMT166036727,-42.150954273,-19.781836010
BMT3187B,-42.152383587,-19.792096824
BMT155973423,-42.152549223,-19.791900843
BMT155973422,-42.152189827,-19.792265271
BMT3187B,-42.152383587,-19.792096824
BMT172561305,-42.152043904,-19.792425453
BMT172561306,-19.792503283,-42.152395431
BMT172561305,-42.152043904,-19.792425453
BMT155973421,-19.792265271,-42.152189827
BMT172561303,-42.151790463,-19.792195706
BMT172561305,-42.152043904,-19.792425453
BMT3299B,-42.151573719,-19.792047797
BMT155973417,-42.151360244,-19.792252042
BMT3306B,-42.151574843,-19.791984618
BMT172561302,-42.151602968,-19.792012151
BMT171762952,-42.151360244,-19.792252042
BMT3376B,-42.151546936,-19.792480726
BMT155973417,-42.151360244,-19.792252042
BMT3383B,-42.151311924,-19.792287385
BMT3320B,-42.151330778,-19.791764048
BMT3306B,-42.151574843,-19.791984618
BMT172561302,-42.151602968,-19.792012151
BMT172561303,-42.151790463,-19.792195706
BMT172561302,-42.151602968,-19.792012151
BMT3299B,-42.151573719,-19.792047797
BMT172561302,-42.151602968,-19.792012151
BMT3334B,-19.791914237,-42.151690553
BMT3348B,-42.152071766,-19.793003704
BMT2704B,-42.152174568,-19.793122711
BMT3355B,-42.151968964,-19.792884698
BMT3348B,-42.152071766,-19.793003704
BMT171762953,-42.151753343,-19.792673610
BMT3355B,-42.151968964,-19.792884698
BMT3376B,-42.151546936,-19.792480726
BMT171762953,-42.151753343,-19.792673610
BMT3383B,-42.151311924,-19.792287385
BMT3390B,-42.151120252,-19.792338497
BMT3390B,-42.151120252,-19.792338497
BMT3397B,-42.150919204,-19.792380432
BMT3397B,-42.150919204,-19.792380432
BMT172561304,-19.792439504,-42.150660623
BMT165448738,-42.152211809,-19.779770530
BMT3572B,-42.152406996,-19.779520849
BMT3418B,-42.152026155,-19.780020362
BMT155973572,-19.779770530,-42.152211809
BMT166036729,-42.151811254,-19.780305841
BMT3418B,-42.152026155,-19.780020362
BMT3432B,-42.151693787,-19.780475506
BMT166036729,-42.151811254,-19.780305841
BMT3439B,-42.151565180,-19.780735275
BMT3432B,-42.151693787,-19.780475506
BMT3446B,-42.151437214,-19.780958941
BMT3439B,-42.151565180,-19.780735275
BMT3453B,-42.151330566,-19.781056552
BMT3446B,-42.151437214,-19.780958941
BMT166036728,-42.151137622,-19.781179871
BMT3453B,-42.151330566,-19.781056552
BMT166036728,-42.151137622,-19.781179871
BMT155973571,-19.781099096,-42.151167672
BMT3474B,-42.150972801,-19.781330724
BMT166036728,-42.151137622,-19.781179871
BMT3523B,-42.151387074,-19.784849315
BMT170963376,-19.784662968,-42.151590681
BMT3530B,-42.151183306,-19.785044687
BMT3523B,-42.151387074,-19.784849315
BMT3537B,-42.151017196,-19.785267744
BMT3530B,-42.151183306,-19.785044687
BMT3544B,-42.150917991,-19.785482840
BMT3537B,-42.151017196,-19.785267744
BMT3572B,-42.152406996,-19.779520849
BMT165448739,-42.152543210,-19.779369539
BMT3628B,-42.151203120,-19.780178781
BMT155973615,-19.779884581,-42.151437251
BMT3635B,-42.151151592,-19.780394637
BMT3628B,-42.151203120,-19.780178781
BMT3642B,-42.151109279,-19.780628697
BMT3635B,-42.151151592,-19.780394637
BMT172561301,-42.151143284,-19.791580493
BMT3320B,-42.151330778,-19.791764048
BMT155973409,-42.150594892,-19.791309927
BMT3691B,-42.150908756,-19.791360074
BMT3705B,-42.150319009,-19.791269413
BMT161060116,-19.791309927,-42.150594892
BMT161060115,-42.150005146,-19.791219264
BMT3705B,-42.150319009,-19.791269413
BMT161060115,-42.150005146,-19.791219264
BMT5014B,-42.150190014,-19.791014564
BMT161060115,-42.150005146,-19.791219264
BMT6375924B,-42.149976058,-19.791245885
BMT3719B,-42.152276792,-19.789522072
BMT1808B,-42.152629115,-19.789554773
BMT3726B,-42.151961806,-19.789535107
BMT3719B,-42.152276792,-19.789522072
BMT3733B,-42.151722622,-19.789576434
BMT3726B,-42.151961806,-19.789535107
BMT3740B,-42.151472777,-19.789680790
BMT3733B,-42.151722622,-19.789576434
BMT3761B,-42.151230218,-19.789911656
BMT3740B,-42.151472777,-19.789680790
BMT155973470,-42.151142633,-19.790009569
BMT3761B,-42.151230218,-19.789911656
BMT3775B,-42.151026121,-19.790125078
BMT155973470,-42.151142633,-19.790009569
BMT3782B,-42.150802632,-19.790356248
BMT3775B,-42.151026121,-19.790125078
BMT3789B,-42.150588998,-19.790569518
BMT3782B,-42.150802632,-19.790356248
BMT155973469,-42.150393953,-19.790810169
BMT3789B,-42.150588998,-19.790569518
BMT3908B,-42.150459303,-19.788211080
BMT3901B,-42.150719966,-19.788034673
BMT3915B,-42.150150481,-19.788413803
BMT3908B,-42.150459303,-19.788211080
BMT3922B,-42.149932779,-19.788320048
BMT3915B,-42.150150481,-19.788413803
BMT3929B,-42.149697614,-19.788135731
BMT156364225,-42.149772609,-19.788209154
BMT3936B,-42.150021488,-19.788158955
BMT56156B,-42.150194085,-19.788107539
BMT156364225,-42.149772609,-19.788209154
BMT3922B,-42.149932779,-19.788320048
BMT156364225,-42.149772609,-19.788209154
BMT3936B,-42.150021488,-19.788158955
BMT3985B,-42.150802870,-19.784984451
BMT155973681,-19.784788775,-42.150987569
BMT3992B,-42.150520893,-19.785286915
BMT3985B,-42.150802870,-19.784984451
BMT3999B,-42.150365602,-19.785437918
BMT3992B,-42.150520893,-19.785286915
BMT4027B,-42.150643580,-19.788575149
BMT164214703,-19.788344587,-42.150905207
BMT4034B,-42.150373059,-19.788769455
BMT4027B,-42.150643580,-19.788575149
BMT4048B,-42.150102216,-19.788981812
BMT4034B,-42.150373059,-19.788769455
BMT4132B,-42.150880088,-19.789219926
BMT4139B,-42.150770541,-19.789479997
BMT4139B,-42.150770541,-19.789479997
BMT155973487,-19.789757360,-42.150612995
BMT155973613,-42.151167672,-19.781099096
BMT155973614,-42.150960316,-19.780960367
BMT155973614,-42.150960316,-19.780960367
BMT3642B,-42.151109279,-19.780628697
BMT155973614,-42.150960316,-19.780960367
BMT155973616,-42.150753121,-19.780812612
BMT155973616,-42.150753121,-19.780812612
BMT4216B,-42.150546248,-19.780646805
BMT4216B,-42.150546248,-19.780646805
BMT4230B,-42.150282327,-19.780471060
BMT4230B,-42.150282327,-19.780471060
BMT155973617,-19.780277567,-42.150037798
BMT155972490,-42.124877163,-19.759615503
BMT2895384B,-42.125163970,-19.759574973
BMT155972490,-42.124877163,-19.759615503
BMT4165674B,-42.124887344,-19.759579554
BMT2895384B,-42.125163970,-19.759574973
BMT2895391B,-42.125495207,-19.759715718
BMT2895391B,-42.125495207,-19.759715718
BMT155972491,-19.761409333,-42.126952475
BMT4321B,-42.150768074,-19.781580250
BMT166036726,-42.150797321,-19.781544604
BMT158542299,-42.150769520,-19.781499019
BMT158542300,-42.150647013,-19.781415812
BMT158542300,-42.150647013,-19.781415812
BMT4342B,-42.150524346,-19.781341630
BMT4342B,-42.150524346,-19.781341630
BMT4349B,-42.150326686,-19.781194026
BMT4349B,-42.150326686,-19.781194026
BMT4356B,-42.150129829,-19.781001294
BMT4356B,-42.150129829,-19.781001294
BMT5196B,-42.149952685,-19.780772763
BMT3002435B,-42.149366782,-19.781539845
BMT161363274,-19.781419774,-42.149197246
BMT4426B,-42.150318514,-19.784868388
BMT155973679,-19.784691524,-42.150550566
BMT4433B,-42.150038786,-19.785044491
BMT4461B,-42.150231735,-19.784921173
BMT4440B,-42.149882102,-19.785809391
BMT4447B,-42.149734041,-19.785554239
BMT4447B,-42.149734041,-19.785554239
BMT4454B,-42.149721078,-19.785210959
BMT4454B,-42.149721078,-19.785210959
BMT4433B,-42.150038786,-19.785044491
BMT4461B,-42.150231735,-19.784921173
BMT4426B,-42.150318514,-19.784868388
BMT166036726,-42.150797321,-19.781544604
BMT3145B,-42.150936970,-19.781736423
BMT166036726,-42.150797321,-19.781544604
BMT3474B,-42.150972801,-19.781330724
BMT166036726,-42.150797321,-19.781544604
BMT158542296,-19.781499019,-42.150769520
BMT4468B,-42.150503759,-19.786785328
BMT155973677,-42.150383498,-19.786575761
BMT155973678,-42.150379426,-19.786268736
BMT4489B,-42.150365979,-19.785952533
BMT155973677,-42.150383498,-19.786575761
BMT155973678,-42.150379426,-19.786268736
BMT155973677,-42.150383498,-19.786575761
BMT4496B,-42.150310431,-19.786394031
BMT4489B,-42.150365979,-19.785952533
BMT155973680,-42.150341391,-19.785726435
BMT172353092,-42.126121895,-19.763057159
BMT155972478,-42.125825386,-19.763106563
BMT3112958B,-42.126493539,-19.763072160
BMT172353092,-42.126121895,-19.763057159
BMT3112986B,-42.126760315,-19.763085474
BMT3112958B,-42.126493539,-19.763072160
BMT4496B,-42.150310431,-19.786394031
BMT4510B,-42.150218776,-19.786184919
BMT155973680,-42.150341391,-19.785726435
BMT3999B,-42.150365602,-19.785437918
BMT4510B,-42.150218776,-19.786184919
BMT4517B,-42.150060054,-19.785992795
BMT4517B,-42.150060054,-19.785992795
BMT4440B,-42.149882102,-19.785809391
BMT4538B,-42.150670960,-19.781678013
BMT4321B,-42.150768074,-19.781580250
BMT166036725,-42.150583058,-19.781793978
BMT4538B,-42.150670960,-19.781678013
BMT155973520,-42.150583058,-19.781793978
BMT4552B,-42.150515512,-19.781838042
BMT4552B,-42.150515512,-19.781838042
BMT5343B,-42.150271301,-19.781626498
BMT161363272,-42.150464465,-19.782026821
BMT155973520,-42.150583058,-19.781793978
BMT161363271,-42.150325837,-19.782313514
BMT161363272,-42.150464465,-19.782026821
BMT161363271,-42.150325837,-19.782313514
BMT161363273,-42.150327443,-19.782223257
BMT161363273,-42.150327443,-19.782223257
BMT4587B,-42.150195562,-19.782130872
BMT4587B,-42.150195562,-19.782130872
BMT4601B,-42.149912731,-19.781945796
BMT4601B,-42.149912731,-19.781945796
BMT6092B,-42.149686788,-19.781779684
BMT3219771B,-42.122319716,-19.765027335
BMT172353096,-42.121247418,-19.765262862
BMT4678B,-42.150079252,-19.779555969
BMT173065527,-19.779741196,-42.150371614
BMT173065526,-42.149738093,-19.779433161
BMT4678B,-42.150079252,-19.779555969
BMT4692B,-42.149544668,-19.779583556
BMT173065525,-19.779433161,-42.149738093
BMT4720B,-42.150010238,-19.787183727
BMT170963373,-19.786934050,-42.150205440
BMT4734B,-42.149740201,-19.787350955
BMT4743762B,-42.149856069,-19.787271549
BMT156364224,-42.149625350,-19.787908873
BMT3929B,-42.149697614,-19.788135731
BMT155973658,-42.149625350,-19.787908873
BMT170963372,-42.149961009,-19.787805889
BMT155973658,-42.149625350,-19.787908873
BMT3428238B,-42.149625672,-19.787890821
BMT4748B,-42.149621119,-19.787610874
BMT4734B,-42.149740201,-19.787350955
BMT160110226,-42.125372635,-19.762828443
BMT155972487,-42.123872018,-19.762488332
BMT772B,-42.157151502,-19.787866287
BMT155973480,-19.787616905,-42.157365764
BMT3369144B,-42.151084218,-19.786325117
BMT55316B,-42.150887676,-19.786114333
BMT3402905B,-42.136662034,-19.775721209
BMT3402982B,-42.136687557,-19.775360491
BMT3402982B,-42.136687557,-19.775360491
BMT3403038B,-42.136703544,-19.774999621
BMT3403038B,-42.136703544,-19.774999621
BMT3403045B,-42.136729066,-19.774638904
BMT3403045B,-42.136729066,-19.774638904
BMT3403052B,-42.136745054,-19.774278033
BMT3403052B,-42.136745054,-19.774278033
BMT3403059B,-42.136761203,-19.773908137
BMT3403059B,-42.136761203,-19.773908137
BMT3403073B,-42.136747781,-19.773591937
BMT3403073B,-42.136747781,-19.773591937
BMT172019557,-42.136648712,-19.773265336
BMT172019557,-42.136648712,-19.773265336
BMT3403143B,-42.136492278,-19.772946845
BMT3403143B,-42.136492278,-19.772946845
BMT3403150B,-42.136287851,-19.772645641
BMT3403150B,-42.136287851,-19.772645641
BMT3403157B,-42.136064033,-19.772362182
BMT3403157B,-42.136064033,-19.772362182
BMT3403164B,-42.135840378,-19.772069698
BMT3403164B,-42.135840378,-19.772069698
BMT3403171B,-42.135616885,-19.771768188
BMT3403171B,-42.135616885,-19.771768188
BMT3403185B,-42.135441709,-19.771431339
BMT3403185B,-42.135441709,-19.771431339
BMT3403276B,-42.135457536,-19.771079495
BMT3403276B,-42.135457536,-19.771079495
BMT3403304B,-42.135663883,-19.770739731
BMT3403304B,-42.135663883,-19.770739731
BMT3403311B,-42.135850031,-19.770462841
BMT3403311B,-42.135850031,-19.770462841
BMT3403318B,-42.136026806,-19.770176772
BMT3403318B,-42.136026806,-19.770176772
BMT3403339B,-42.136146699,-19.769871735
BMT3403339B,-42.136146699,-19.769871735
BMT172019558,-42.136228455,-19.769566087
BMT172019558,-42.136228455,-19.769566087
BMT3403374B,-42.136242345,-19.769322549
BMT3403374B,-42.136242345,-19.769322549
BMT3403381B,-42.136246539,-19.769087884
BMT3403381B,-42.136246539,-19.769087884
BMT3403402B,-42.136127921,-19.768788055
BMT3403402B,-42.136127921,-19.768788055
BMT3403416B,-42.135960667,-19.768541615
BMT3403416B,-42.135960667,-19.768541615
BMT3403423B,-42.135791799,-19.768385431
BMT3403423B,-42.135791799,-19.768385431
BMT172019559,-19.768226956,-42.135479924
BMT3403458C,-42.132398090,-19.772041597
BMT170567036,-42.132398574,-19.772014521
BMT155972413,-42.133086597,-19.767673992
BMT3403521B,-42.133063163,-19.767384716
BMT3403521B,-42.133063163,-19.767384716
BMT172019561,-19.767203440,-42.133018723
BMT155972411,-42.133018723,-19.767203440
BMT3403563B,-42.132897368,-19.767057044
BMT3403563B,-42.132897368,-19.767057044
BMT3403570B,-42.132746281,-19.766973368
BMT3403570B,-42.132746281,-19.766973368
BMT252625B,-42.132584853,-19.766934667
BMT3403577B,-42.132271207,-19.766875468
BMT3403584B,-42.131967096,-19.766816421
BMT3403584B,-42.131967096,-19.766816421
BMT3403591B,-42.131672358,-19.766766553
BMT3403591B,-42.131672358,-19.766766553
BMT171212379,-19.766772367,-42.131471987
BMT155972409,-42.131260468,-19.766868283
BMT171212379,-19.766772367,-42.131471987
BMT170501271,-42.131260468,-19.766868283
BMT3403612B,-42.130833388,-19.766220433
BMT3403612B,-42.130833388,-19.766220433
BMT155972429,-42.130694423,-19.765992500
BMT3403619B,-42.130991906,-19.765356276
BMT161240465,-42.131100653,-19.765141345
BMT4944B,-42.149622567,-19.784315593
BMT171277699,-19.784093754,-42.149864957
BMT4979B,-42.150141784,-19.782473087
BMT161363271,-42.150325837,-19.782313514
BMT3426348B,-42.147926839,-19.777779184
BMT170889592,-42.148034291,-19.777636447
BMT3428238B,-42.149625672,-19.787890821
BMT4748B,-42.149621119,-19.787610874
BMT3432284B,-42.129543742,-19.767409503
BMT155972450,-19.767591391,-42.129626313
BMT4993B,-42.150025116,-19.782597622
BMT4979B,-42.150141784,-19.782473087
BMT786B,-42.156688521,-19.788156852
BMT779B,-42.156929466,-19.788016234
BMT161363269,-42.149839938,-19.782820374
BMT161363270,-19.782725198,-42.150099146
BMT161363269,-42.149839938,-19.782820374
BMT4993B,-42.150025116,-19.782597622
BMT5014B,-42.150190014,-19.791014564
BMT155973410,-19.790810169,-42.150393953
BMT161060117,-42.149850008,-19.791361240
BMT5035B,-42.149704567,-19.791494343
BMT161060114,-42.149740406,-19.791088645
BMT161060115,-42.150005146,-19.791219264
BMT5035B,-42.149704567,-19.791494343
BMT161060118,-19.791716333,-42.149471699
BMT3474214C,-42.131333186,-19.768666048
BMT171212382,-42.131490737,-19.768921363
BMT171212382,-42.131490737,-19.768921363
BMT3474235C,-19.769167806,-42.131657984
BMT155973479,-42.156447735,-19.788288444
BMT786B,-42.156688521,-19.788156852
BMT3515171C,-42.132210630,-19.769727388
BMT20939C,-42.132117229,-19.769617552
BMT155973479,-42.156447735,-19.788288444
BMT155973481,-42.156485715,-19.788298076
BMT164095467,-42.132131242,-19.763505727
BMT21142B,-42.132193449,-19.763226853
BMT5147B,-42.150070075,-19.789179920
BMT4048B,-42.150102216,-19.788981812
BMT164214702,-42.149940331,-19.789502867
BMT5147B,-42.150070075,-19.789179920
BMT164214702,-42.149940331,-19.789502867
BMT164214704,-19.789744430,-42.149802497
BMT5196B,-42.149952685,-19.780772763
BMT158542301,-19.780571765,-42.149803663
BMT3634500B,-42.129679351,-19.761435062
BMT160109709,-42.129360223,-19.761682727
BMT3635179B,-42.131288073,-19.761063635
BMT155972463,-42.130927419,-19.760967568
BMT3635186B,-42.131668117,-19.761141956
BMT3635179B,-42.131288073,-19.761063635
BMT3635305B,-42.131941206,-19.762401247
BMT155972459,-42.132012786,-19.762131550
BMT3635312B,-42.131858801,-19.762742994
BMT3635305B,-42.131941206,-19.762401247
BMT3635718B,-42.132035244,-19.761942320
BMT3608250B,-19.761716528,-42.132029747
BMT3639407B,-42.153253709,-19.794656659
BMT171762956,-42.153325498,-19.794910594
BMT3639722B,-42.135593901,-19.759715227
BMT164095471,-42.135905277,-19.759900776
BMT164095469,-42.134410812,-19.760283106
BMT18034B,-42.134575607,-19.759599606
BMT3639897B,-42.132281955,-19.759878831
BMT3639890B,-42.132286476,-19.759626115
BMT3639904B,-42.132285837,-19.760194878
BMT3639897B,-42.132281955,-19.759878831
BMT155973481,-42.156485715,-19.788298076
BMT155973482,-19.788265919,-42.156734273
BMT3650782B,-42.130862797,-19.765643104
BMT3403619B,-42.130991906,-19.765356276
BMT3651433B,-42.150700301,-19.786996112
BMT61567B,-42.150909913,-19.787008484
BMT5329B,-42.149260645,-19.790178166
BMT155973494,-19.790308025,-42.149477706
BMT5336B,-42.149061369,-19.790120817
BMT5329B,-42.149260645,-19.790178166
BMT5343B,-42.150271301,-19.781626498
BMT155973521,-42.150045840,-19.781433310
BMT159905339,-42.150045840,-19.781433310
BMT5357B,-42.149830075,-19.781231247
BMT3689198B,-42.136810476,-19.779154287
BMT16578B,-19.779326231,-42.136836013
BMT5357B,-42.149830075,-19.781231247
BMT159905340,-42.149585706,-19.781028728
BMT159905340,-42.149585706,-19.781028728
BMT5371B,-42.149265541,-19.780797915
BMT5371B,-42.149265541,-19.780797915
BMT5378B,-42.149067883,-19.780650310
BMT5378B,-42.149067883,-19.780650310
BMT5385B,-42.148879439,-19.780520909
BMT5385B,-42.148879439,-19.780520909
BMT155973524,-42.148616163,-19.780309059
BMT173065523,-42.148616163,-19.780309059
BMT173065524,-42.148838515,-19.780141070
BMT155973524,-42.148616163,-19.780309059
BMT6379B,-42.148420113,-19.780071197
BMT165400380,-42.142008668,-19.786613520
BMT54287B,-42.141993654,-19.786920239
BMT54287B,-42.141993654,-19.786920239
BMT165400381,-42.141988014,-19.787236135
BMT54434B,-42.144893062,-19.788528477
BMT54427B,-42.145004265,-19.788710818
BMT54441B,-42.144734990,-19.788300245
BMT54434B,-42.144893062,-19.788528477
BMT54448B,-42.144520029,-19.788053048
BMT54441B,-42.144734990,-19.788300245
BMT55288B,-42.151373001,-19.786176242
BMT2466B,-42.151697354,-19.786172385
BMT155973670,-42.151103128,-19.786334447
BMT55288B,-42.151373001,-19.786176242
BMT155973664,-42.151103128,-19.786334447
BMT3369144B,-42.151084218,-19.786325117
BMT170963374,-42.150908249,-19.786566073
BMT155973664,-42.151103128,-19.786334447
BMT55316B,-42.150887676,-19.786114333
BMT55323B,-42.150855158,-19.785797827
BMT55323B,-42.150855158,-19.785797827
BMT3544B,-42.150917991,-19.785482840
BMT55330B,-42.150731316,-19.786861184
BMT170963374,-42.150908249,-19.786566073
BMT155973379,-42.141982374,-19.787552031
BMT11783B,-42.141937626,-19.787921470
BMT165400381,-42.141988014,-19.787236135
BMT155973378,-42.141982374,-19.787552031
BMT5518B,-42.149563093,-19.790869138
BMT155973405,-19.791088645,-42.149740406
BMT155973404,-42.149404368,-19.790677012
BMT5518B,-42.149563093,-19.790869138
BMT161905210,-42.145765303,-19.782403234
BMT8199B,-42.146034368,-19.782290165
BMT172246746,-42.145756775,-19.782881593
BMT172246747,-42.145480265,-19.782877176
BMT5539B,-42.149208307,-19.790439149
BMT155973404,-42.149404368,-19.790677012
BMT55778B,-42.145939224,-19.782812282
BMT172246746,-42.145756775,-19.782881593
BMT55778B,-42.145939224,-19.782812282
BMT172246744,-42.145921441,-19.782739772
BMT172246744,-42.145921441,-19.782739772
BMT155973635,-19.782403234,-42.145765303
BMT5546B,-42.148971050,-19.790372165
BMT5539B,-42.149208307,-19.790439149
BMT155973403,-42.148648457,-19.790276734
BMT5546B,-42.148971050,-19.790372165
BMT56135B,-42.150917899,-19.787631559
BMT156364227,-19.787445669,-42.151150116
BMT56142B,-42.150646737,-19.787861969
BMT56135B,-42.150917899,-19.787631559
BMT56149B,-42.150415001,-19.788020781
BMT56142B,-42.150646737,-19.787861969
BMT56156B,-42.150194085,-19.788107539
BMT56149B,-42.150415001,-19.788020781
BMT56163B,-42.136333796,-19.781277294
BMT56170B,-42.136139390,-19.781481825
BMT56170B,-42.136139390,-19.781481825
BMT172045013,-19.781722307,-42.135934804
BMT171277697,-42.149616943,-19.786238516
BMT5665B,-42.149536913,-19.785912223
BMT5665B,-42.149536913,-19.785912223
BMT171277700,-19.785721619,-42.149473542
BMT4165674B,-42.124887344,-19.759579554
BMT155972492,-19.759364168,-42.124967495
BMT172353096,-42.121247418,-19.765262862
BMT172353097,-19.765509435,-42.120861535
BMT5721B,-42.149236987,-19.786151200
BMT171277697,-42.149616943,-19.786238516
BMT5728B,-42.149494756,-19.784530231
BMT4944B,-42.149622567,-19.784315593
BMT5735B,-42.149394907,-19.784781429
BMT5728B,-42.149494756,-19.784530231
BMT171277698,-42.149238490,-19.784995611
BMT5735B,-42.149394907,-19.784781429
BMT5749B,-42.149081590,-19.785236869
BMT171277698,-42.149238490,-19.784995611
BMT5756B,-42.149010345,-19.785488523
BMT5749B,-42.149081590,-19.785236869
BMT5763B,-42.148957044,-19.785803660
BMT5756B,-42.149010345,-19.785488523
BMT4412774B,-42.129264091,-19.759595687
BMT155972471,-19.758781859,-42.129183304
BMT4412781B,-42.129912518,-19.760129725
BMT4412774B,-42.129264091,-19.759595687
BMT4472841B,-42.144367911,-19.782678838
BMT9879B,-42.144384405,-19.782823553
BMT5833B,-42.150631467,-19.787112382
BMT155973661,-42.150690927,-19.786986935
BMT5840B,-42.150454533,-19.787407491
BMT5833B,-42.150631467,-19.787112382
BMT58655B,-42.142491893,-19.786792786
BMT11349B,-42.142526649,-19.786982933
BMT172246672,-42.142406693,-19.786222647
BMT58676B,-42.142448890,-19.786530280
BMT172246671,-42.142374031,-19.785915166
BMT172246672,-42.142406693,-19.786222647
BMT5847B,-42.150250117,-19.787638965
BMT5840B,-42.150454533,-19.787407491
BMT58676B,-42.142448890,-19.786530280
BMT58655B,-42.142491893,-19.786792786
BMT170963372,-42.149961009,-19.787805889
BMT5847B,-42.150250117,-19.787638965
BMT170963371,-42.149356759,-19.787994869
BMT155973658,-42.149625350,-19.787908873
BMT5896B,-42.149136486,-19.788045524
BMT170963371,-42.149356759,-19.787994869
BMT5917B,-42.149040652,-19.788071079
BMT5896B,-42.149136486,-19.788045524
BMT5924B,-42.148752828,-19.788165796
BMT5917B,-42.149040652,-19.788071079
BMT170963370,-42.148426703,-19.788268929
BMT5924B,-42.148752828,-19.788165796
BMT170963370,-42.148426703,-19.788268929
BMT155973657,-19.788507401,-42.148660902
BMT155973586,-42.154008300,-19.770987562
BMT155973585,-19.771115288,-42.154091863
BMT5938B,-42.149734091,-19.789300955
BMT164214702,-42.149940331,-19.789502867
BMT5945B,-42.149469516,-19.789161310
BMT5938B,-42.149734091,-19.789300955
BMT4743762B,-42.149856069,-19.787271549
BMT4720B,-42.150010238,-19.787183727
BMT164214701,-42.149197174,-19.788922230
BMT5945B,-42.149469516,-19.789161310
BMT5959B,-42.148876192,-19.788736543
BMT164214701,-42.149197174,-19.788922230
BMT164214700,-42.148660902,-19.788507401
BMT5959B,-42.148876192,-19.788736543
BMT5002076B,-42.123843579,-19.762478847
BMT160110227,-19.762026324,-42.123212777
BMT155973510,-42.149381997,-19.783363791
BMT155973511,-42.149498987,-19.783221205
BMT5108091B,-42.144836842,-19.784194042
BMT264196B,-42.144891959,-19.784312289
BMT5108133B,-42.144471259,-19.783836100
BMT5108091B,-42.144836842,-19.784194042
BMT5108189B,-42.144410632,-19.783492059
BMT155973552,-42.144407574,-19.783663546
BMT170426854,-42.149225904,-19.783559922
BMT155973509,-19.783363791,-42.149381997
BMT6064B,-42.149118127,-19.783720710
BMT170426854,-42.149225904,-19.783559922
BMT6078B,-42.148971246,-19.783935044
BMT6064B,-42.149118127,-19.783720710
BMT6085B,-42.148794956,-19.784194049
BMT6078B,-42.148971246,-19.783935044
BMT6092B,-42.149686788,-19.781779684
BMT6099B,-42.149479432,-19.781640953
BMT6099B,-42.149479432,-19.781640953
BMT3002435B,-42.149366782,-19.781539845
BMT61560B,-42.151207911,-19.786877812
BMT170963375,-19.786773305,-42.151448216
BMT61567B,-42.150909913,-19.787008484
BMT61560B,-42.151207911,-19.786877812
BMT155973676,-42.150690927,-19.786986935
BMT4468B,-42.150503759,-19.786785328
BMT155973661,-42.150690927,-19.786986935
BMT55330B,-42.150731316,-19.786861184
BMT155973661,-42.150690927,-19.786986935
BMT3651433B,-42.150700301,-19.786996112
BMT171277696,-42.148942365,-19.786092329
BMT5721B,-42.149236987,-19.786151200
BMT171277696,-42.148942365,-19.786092329
BMT5763B,-42.148957044,-19.785803660
BMT171277695,-42.148891636,-19.786263056
BMT171277696,-42.148942365,-19.786092329
BMT170963365,-42.148891636,-19.786263056
BMT170963366,-42.148829442,-19.786541938
BMT170963366,-42.148829442,-19.786541938
BMT6211B,-42.148737517,-19.786883544
BMT6211B,-42.148737517,-19.786883544
BMT6218B,-42.148647361,-19.787125867
BMT6218B,-42.148647361,-19.787125867
BMT6232B,-42.148508563,-19.787421583
BMT6225B,-42.148606709,-19.786195311
BMT170963365,-42.148891636,-19.786263056
BMT6232B,-42.148508563,-19.787421583
BMT170963367,-42.148399175,-19.787672627
BMT6239B,-42.148388207,-19.786146683
BMT6225B,-42.148606709,-19.786195311
BMT170963364,-42.148132369,-19.786052317
BMT6239B,-42.148388207,-19.786146683
BMT170426851,-42.148132369,-19.786052317
BMT155973505,-42.148231257,-19.785855275
BMT155972503,-42.131872552,-19.764639124
BMT21520B,-42.132088111,-19.764850228
BMT6323B,-42.149312463,-19.779769445
BMT4692B,-42.149544668,-19.779583556
BMT6330B,-42.149206135,-19.779849003
BMT6323B,-42.149312463,-19.779769445
BMT6344B,-42.149032101,-19.779981650
BMT6330B,-42.149206135,-19.779849003
BMT155973401,-42.148477626,-19.790228866
BMT155973402,-19.790276734,-42.148648457
BMT155973491,-42.148477626,-19.790228866
BMT155973492,-42.148386776,-19.789974626
BMT173065524,-42.148838515,-19.780141070
BMT6344B,-42.149032101,-19.779981650
BMT926B,-42.155393759,-19.791241962
BMT169323420,-19.791292254,-42.155717161
BMT6379B,-42.148420113,-19.780071197
BMT6400B,-42.148290325,-19.779861477
BMT6400B,-42.148290325,-19.779861477
BMT159905341,-42.147960952,-19.779612458
BMT6428B,-42.148757205,-19.790061793
BMT5336B,-42.149061369,-19.790120817
BMT933B,-42.155136624,-19.791219811
BMT926B,-42.155393759,-19.791241962
BMT5922933B,-42.145596375,-19.783854077
BMT9417B,-42.145659418,-19.784062733
BMT5924088B,-42.125327703,-19.763206901
BMT172353093,-42.124962678,-19.763354510
BMT160110224,-42.125825386,-19.763106563
BMT160110225,-42.125838804,-19.762890104
BMT155972478,-42.125825386,-19.763106563
BMT5924088B,-42.125327703,-19.763206901
BMT5924116B,-42.123214301,-19.764066696
BMT172353094,-42.122962865,-19.764261269
BMT172353094,-42.122962865,-19.764261269
BMT5924130B,-42.122825345,-19.764484758
BMT5924130B,-42.122825345,-19.764484758
BMT172353095,-42.122790588,-19.764827266
BMT5924137B,-42.123589348,-19.763892167
BMT5924116B,-42.123214301,-19.764066696
BMT5924144B,-42.123973927,-19.763717791
BMT5924137B,-42.123589348,-19.763892167
BMT5924158B,-42.124569700,-19.763465557
BMT5924144B,-42.123973927,-19.763717791
BMT5924606B,-42.144092601,-19.783676568
BMT5924620B,-42.143805751,-19.783717124
BMT5924620B,-42.143805751,-19.783717124
BMT5924627B,-42.143384768,-19.783791648
BMT5924627B,-42.143384768,-19.783791648
BMT5924634B,-42.142954894,-19.783829916
BMT5924634B,-42.142954894,-19.783829916
BMT155973555,-19.783958896,-42.142552013
BMT155973556,-42.142552013,-19.783958896
BMT155973557,-19.783788020,-42.142593214
BMT155973552,-42.144407574,-19.783663546
BMT5108133B,-42.144471259,-19.783836100
BMT155973554,-42.144407574,-19.783663546
BMT5924606B,-42.144092601,-19.783676568
BMT6456B,-42.148500556,-19.790012555
BMT6428B,-42.148757205,-19.790061793
BMT155973492,-42.148386776,-19.789974626
BMT155973493,-19.789687936,-42.148525416
BMT155973492,-42.148386776,-19.789974626
BMT6456B,-42.148500556,-19.790012555
BMT155973378,-42.141982374,-19.787552031
BMT155973379,-42.141982374,-19.787552031
