BMT170220294,,
BMT217851B,,
BMT217851B,,
BMT217858B,,
BMT217858B,,
BMT217865B,,
BMT217865B,,
BMT217872B,,
BMT217872B,,
BMT165918009,,
BMT165918009,,
BMT170220295,,
BMT170220295,,
BMT170220296,,
BMT170220295,,
BMT165918737,,
BMT119973816,,
BMT119973809,,
BMT159398259,,
BMT159398260,,
BMT159398259,,
BMT190040B,,
BMT159398259,,
BMT119970414,,
BMT119973354,,
BMT119973361,,
BMT119973361,,
BMT119973368,,
BMT119973361,,
BMT119973375,,
BMT2275557B,,
BMT156142617,,
BMT119973235,,
BMT156142619,,
BMT119973256,,
BMT2275571B,,
BMT2275571B,,
BMT119973263,,
BMT2275578B,,
BMT4149086B,,
BMT119972976,,
BMT119972983,,
BMT119972983,,
BMT4169204B,,
BMT119972983,,
BMT4169253B,,
BMT162405722,,
BMT162405723,,
BMT162400330,,
BMT162400331,,
BMT162400330,,
BMT4170219B,,
BMT119972549,,
BMT119972563,,
BMT119972766,,
BMT119972773,,
BMT119972563,,
BMT162405726,,
BMT119972724,,
BMT4173950B,,
BMT119972731,,
BMT119972738,,
BMT119972731,,
BMT119972745,,
BMT162405726,,
BMT4173943B,,
BMT162405726,,
BMT4174279B,,
BMT2275641B,,
BMT119972584,,
BMT119972584,,
BMT162405728,,
BMT119972710,,
BMT4174734B,,
BMT162405728,,
BMT4174314B,,
BMT162405728,,
BMT4174657B,,
BMT162405730,,
BMT119972612,,
BMT162405730,,
BMT4174797B,,
BMT119972640,,
BMT119972647,,
BMT119972640,,
BMT119972654,,
BMT162405693,,
BMT162405694,,
BMT2275683B,,
BMT3660241B,,
BMT155948396,,
BMT2275697B,,
BMT119972654,,
BMT2275704B,,
BMT2275697B,,
BMT155948397,,
BMT2275704B,,
BMT4174986B,,
BMT119972661,,
BMT119972668,,
BMT119972661,,
BMT4175028B,,
BMT2275718B,,
BMT119972675,,
BMT2275725B,,
BMT4172361B,,
BMT119972514,,
BMT4172501B,,
BMT173228970,,
BMT4172592B,,
BMT119972794,,
BMT2275760B,,
BMT168026378,,
BMT158685093,,
BMT159358756,,
BMT8712747B,,
BMT8712747B,,
BMT8712749B,,
BMT8712749B,,
BMT8712748B,,
BMT8712749B,,
BMT8712750B,,
BMT8712749B,,
BMT8712751B,,
BMT8712751B,,
BMT159358757,,
BMT159358757,,
BMT159358758,,
BMT159358758,,
BMT8712754B,,
BMT159358758,,
BMT8712774B,,
BMT8712774B,,
BMT8712775B,,
BMT8712775B,,
BMT8712776B,,
BMT8712776B,,
BMT8712777B,,
BMT8712777B,,
BMT8712784B,,
BMT8712784B,,
BMT8712791B,,
BMT8712791B,,
BMT159358760,,
BMT159358760,,
BMT8712833B,,
BMT8712833B,,
BMT8712834B,,
BMT8712834B,,
BMT159358761,,
BMT159358761,,
BMT8712926B,,
BMT8712926B,,
BMT8712927B,,
BMT8712927B,,
BMT8712928B,,
BMT8712754B,,
BMT8712755B,,
BMT8712755B,,
BMT159358759,,
BMT159358759,,
BMT8712757B,,
BMT8712757B,,
BMT8712758B,,
BMT8712758B,,
BMT8712759B,,
BMT8712759B,,
BMT8712760B,,
BMT8712760B,,
BMT159358770,,
BMT159358770,,
BMT8712763B,,
BMT8712763B,,
BMT8712764B,,
BMT8712764B,,
BMT8712765B,,
BMT8712765B,,
BMT159358771,,
BMT159358771,,
BMT8712985B,,
BMT8712985B,,
BMT8713000B,,
BMT8713000B,,
BMT8713016B,,
BMT8713016B,,
BMT8713019B,,
BMT8713019B,,
BMT8713020B,,
BMT8713020B,,
BMT8713022B,,
BMT8713022B,,
BMT8713046B,,
BMT8713046B,,
BMT159358772,,
BMT159358760,,
BMT159358762,,
BMT159358760,,
BMT8712779B,,
BMT8712779B,,
BMT8712796B,,
BMT8712796B,,
BMT8712798B,,
BMT8712798B,,
BMT159358763,,
BMT159358761,,
BMT8712836B,,
BMT8712836B,,
BMT8712840B,,
BMT8712840B,,
BMT8712871B,,
BMT8712871B,,
BMT159358765,,
BMT159358761,,
BMT159358766,,
BMT159358765,,
BMT8712873B,,
BMT8712873B,,
BMT8712875B,,
BMT8712875B,,
BMT8712831B,,
BMT8712831B,,
BMT8712832B,,
BMT217179B,,
BMT169706095,,
BMT217179B,,
BMT217186B,,
BMT217193B,,
BMT217207B,,
BMT217200B,,
BMT217186B,,
BMT217207B,,
BMT169706090,,
BMT169706094,,
BMT217200B,,
BMT217228B,,
BMT169706094,,
BMT217235B,,
BMT217228B,,
BMT159358928,,
BMT8719803B,,
BMT159358931,,
BMT159358932,,
BMT8719894B,,
BMT8719877B,,
BMT8719877B,,
BMT8719974B,,
BMT8719974B,,
BMT8719975B,,
BMT8719975B,,
BMT8719978B,,
BMT8719978B,,
BMT8719979B,,
BMT8719979B,,
BMT159358934,,
BMT8719807B,,
BMT159358930,,
BMT159358930,,
BMT8719812B,,
BMT8719812B,,
BMT159358935,,
BMT159358935,,
BMT8719827B,,
BMT8719827B,,
BMT159358937,,
BMT159358930,,
BMT8719835B,,
BMT8719835B,,
BMT8719837B,,
BMT8719837B,,
BMT159358936,,
BMT159358932,,
BMT159358933,,
BMT8719803B,,
BMT159358929,,
BMT159358929,,
BMT8719807B,,
BMT159358929,,
BMT8719917B,,
BMT159358929,,
BMT159358931,,
BMT159358935,,
BMT148847524,,
BMT161934392,,
BMT8723284B,,
BMT8723284B,,
BMT8723287B,,
BMT8723287B,,
BMT161934393,,
BMT8723298B,,
BMT8723296B,,
BMT8723296B,,
BMT8723241B,,
BMT8723241B,,
BMT8723251B,,
BMT8723251B,,
BMT161934395,,
BMT161934393,,
BMT8723328B,,
BMT8723328B,,
BMT8723329B,,
BMT8723329B,,
BMT8723333B,,
BMT8723333B,,
BMT161934394,,
BMT161934394,,
BMT8723326B,,
BMT8723326B,,
BMT161934396,,
BMT161934396,,
BMT8723392B,,
BMT161934396,,
BMT8723346B,,
BMT8723346B,,
BMT8723327B,,
BMT8723327B,,
BMT8723351B,,
BMT8723351B,,
BMT161934397,,
BMT161934396,,
BMT8723483B,,
BMT8723483B,,
BMT8723484B,,
BMT8723484B,,
BMT161934398,,
BMT161934398,,
BMT8723522B,,
BMT161934398,,
BMT8723475B,,
BMT8723475B,,
BMT8723472B,,
BMT8723472B,,
BMT8723458B,,
BMT216822B,,
BMT322998B,,
BMT159322431,,
BMT216822B,,
BMT159322431,,
BMT216857B,,
BMT216857B,,
BMT216864B,,
BMT216864B,,
BMT119971751,,
BMT159358712,,
BMT216885B,,
BMT216885B,,
BMT159358713,,
BMT159358713,,
BMT216899B,,
BMT216899B,,
BMT119972003,,
BMT119972003,,
BMT159358714,,
BMT149992187,,
BMT3084484B,,
BMT169706089,,
BMT217193B,,
BMT149784639,,
BMT156770349,,
BMT149788798,,
BMT8753449B,,
BMT8753449B,,
BMT8753452B,,
BMT8753452B,,
BMT151845007,,
BMT149788798,,
BMT8753469B,,
BMT8753469B,,
BMT8753470B,,
BMT8753470B,,
BMT8753472B,,
BMT8753472B,,
BMT151845006,,
BMT151845008,,
BMT8753475B,,
BMT8753475B,,
BMT8753477B,,
BMT8753477B,,
BMT151845009,,
BMT151845009,,
BMT8753480B,,
BMT8753480B,,
BMT8753482B,,
BMT8753482B,,
BMT8753483B,,
BMT8753483B,,
BMT8753495B,,
BMT8753495B,,
BMT8753496B,,
BMT8753496B,,
BMT8753501B,,
BMT8753501B,,
BMT151845010,,
BMT151845006,,
BMT8753521B,,
BMT8753521B,,
BMT8753530B,,
BMT8753530B,,
BMT8753534B,,
BMT8753534B,,
BMT8753535B,,
BMT8753535B,,
BMT151845005,,
BMT151845005,,
BMT8753540B,,
BMT8753540B,,
BMT8753544B,,
BMT8753544B,,
BMT8753546B,,
BMT8753546B,,
BMT8753547B,,
BMT8753547B,,
BMT8753550B,,
BMT8753550B,,
BMT8753551B,,
BMT8753551B,,
BMT151845004,,
BMT151845004,,
BMT151844459,,
BMT151844463,,
BMT8753569B,,
BMT8753569B,,
BMT8753575B,,
BMT8753575B,,
BMT8753577B,,
BMT8753577B,,
BMT8753580B,,
BMT8753580B,,
BMT8753581B,,
BMT8753581B,,
BMT151844464,,
BMT151844464,,
BMT151844465,,
BMT151844464,,
BMT8753587B,,
BMT151844459,,
BMT8753588B,,
BMT3084645B,,
BMT8753967B,,
BMT8753967B,,
BMT153049995,,
BMT153049995,,
BMT153049996,,
BMT153049995,,
BMT149807581,,
BMT151532483,,
BMT8754001B,,
BMT8754001B,,
BMT8754003B,,
BMT8754003B,,
BMT151532484,,
BMT151532484,,
BMT8754138B,,
BMT8754138B,,
BMT8754146B,,
BMT151532484,,
BMT8754007B,,
BMT8754007B,,
BMT151532486,,
BMT8754146B,,
BMT8754210B,,
BMT8754210B,,
BMT8754216B,,
BMT8754216B,,
BMT151532485,,
BMT153049996,,
BMT8753970B,,
BMT8753970B,,
BMT8753971B,,
BMT8753971B,,
BMT153049997,,
BMT153049997,,
BMT8753986B,,
BMT8753986B,,
BMT8753987B,,
BMT8753987B,,
BMT153049998,,
BMT153049997,,
BMT8754040B,,
BMT8754040B,,
BMT8754041B,,
BMT8754041B,,
BMT153049999,,
BMT153049999,,
BMT8754043B,,
BMT8754043B,,
BMT153050000,,
BMT149807880,,
BMT151530953,,
BMT151530953,,
BMT151530954,,
BMT151530954,,
BMT151530956,,
BMT151530953,,
BMT149808369,,
BMT151173792,,
BMT8754056B,,
BMT8754056B,,
BMT8754094B,,
BMT8754094B,,
BMT8754097B,,
BMT8754097B,,
BMT8754098B,,
BMT8754098B,,
BMT151173793,,
BMT151173793,,
BMT149809330,,
BMT149809330,,
BMT8754135B,,
BMT8754135B,,
BMT151173794,,
BMT151173794,,
BMT151173795,,
BMT151530953,,
BMT8754058B,,
BMT8754058B,,
BMT8754059B,,
BMT151530954,,
BMT8754048B,,
BMT8754059B,,
BMT8754060B,,
BMT8754048B,,
BMT8754049B,,
BMT8754049B,,
BMT8754050B,,
BMT8754050B,,
BMT8754051B,,
BMT8754051B,,
BMT149808803,,
BMT151844181,,
BMT8754328B,,
BMT156142614,,
BMT156142615,,
BMT156142615,,
BMT156142616,,
BMT8754328B,,
BMT8754370B,,
BMT8754370B,,
BMT8754371B,,
BMT8754371B,,
BMT151844182,,
BMT151844182,,
BMT8754373B,,
BMT8754373B,,
BMT151844183,,
BMT151844182,,
BMT8754375B,,
BMT8754375B,,
BMT8754376B,,
BMT8754376B,,
BMT151844184,,
BMT8723458B,,
BMT161934399,,
BMT8723522B,,
BMT148847661,,
BMT154354543,,
BMT154354544,,
BMT161934398,,
BMT8723500B,,
BMT8723500B,,
BMT8723502B,,
BMT8723502B,,
BMT8723503B,,
BMT8723503B,,
BMT8723504B,,
BMT8723504B,,
BMT161934400,,
BMT161934400,,
BMT161934401,,
BMT161934401,,
BMT8723493B,,
BMT8723493B,,
BMT8723494B,,
BMT8723494B,,
BMT161934402,,
BMT161934402,,
BMT8723467B,,
BMT8723467B,,
BMT161934403,,
BMT161934401,,
BMT8723511B,,
BMT8723511B,,
BMT8723512B,,
BMT8723512B,,
BMT148847738,,
BMT161909076,,
BMT8723531B,,
BMT8723531B,,
BMT161909077,,
BMT161909077,,
BMT8723544B,,
BMT8723544B,,
BMT8723558B,,
BMT8723558B,,
BMT8723563B,,
BMT8723563B,,
BMT161909078,,
BMT161909078,,
BMT8723632B,,
BMT154354544,,
BMT8723534B,,
BMT8723534B,,
BMT8723547B,,
BMT8723547B,,
BMT8723549B,,
BMT8723549B,,
BMT8723565B,,
BMT8723565B,,
BMT154354545,,
BMT154354545,,
BMT8723576B,,
BMT8723576B,,
BMT8723577B,,
BMT154354545,,
BMT8723427B,,
BMT8723427B,,
BMT154354547,,
BMT8723577B,,
BMT8723605B,,
BMT154354545,,
BMT8723428B,,
BMT8723428B,,
BMT8723568B,,
BMT8723568B,,
BMT8723571B,,
BMT8723571B,,
BMT8723604B,,
BMT8723604B,,
BMT154354548,,
BMT8723605B,,
BMT8723606B,,
BMT8723606B,,
BMT154354546,,
BMT161934393,,
BMT8723298B,,
BMT8723635B,,
BMT8723633B,,
BMT8723633B,,
BMT8723915B,,
BMT8723915B,,
BMT8723916B,,
BMT8723916B,,
BMT161909080,,
BMT159358932,,
BMT8720939B,,
BMT8720939B,,
BMT8719894B,,
BMT2275543B,,
BMT8921481B,,
BMT8921481B,,
BMT2275557B,,
BMT156142617,,
BMT156142618,,
BMT4053193B,,
BMT4053200B,,
BMT170220291,,
BMT4053186D,,
BMT4053186D,,
BMT4053193B,,
BMT4053200B,,
BMT170220293,,
BMT119972521,,
BMT4173187B,,
BMT173228971,,
BMT173228972,,
BMT2275760B,,
BMT4173166B,,
BMT274271B,,
BMT152548258,,
BMT8248680B,,
BMT153997146,,
BMT8723455B,,
BMT8712947B,,
BMT8712947B,,
BMT8712936B,,
BMT8723632B,,
BMT161909079,,
BMT161909079,,
BMT8723635B,,
BMT8959662B,,
BMT8959663B,,
BMT8959663B,,
BMT8959664B,,
BMT8959664B,,
BMT161909081,,
BMT156790169,,
BMT161910801,,
BMT161910801,,
BMT161910800,,
BMT161910800,,
BMT8959670B,,
BMT8959670B,,
BMT8959671B,,
BMT8959671B,,
BMT161910802,,
BMT161934402,,
BMT156790595,,
BMT162023613,,
BMT8723508B,,
BMT8723508B,,
BMT8959692B,,
BMT8959692B,,
BMT8959683B,,
BMT8959683B,,
BMT162023614,,
BMT162023614,,
BMT8959686B,,
BMT8959686B,,
BMT8959689B,,
BMT8959689B,,
BMT8959696B,,
BMT8959696B,,
BMT162023615,,
BMT162023615,,
BMT156790506,,
BMT161910799,,
BMT8959704B,,
BMT8959704B,,
BMT8959703B,,
BMT8959703B,,
BMT8959702B,,
BMT8959702B,,
BMT8959701B,,
BMT8959701B,,
BMT8959700B,,
BMT8959700B,,
BMT8959699B,,
BMT8959699B,,
BMT161910800,,
BMT162023615,,
BMT8959698B,,
BMT162023615,,
BMT162023616,,
BMT162023616,,
BMT156790849,,
BMT161933680,,
BMT8959720B,,
BMT8959720B,,
BMT8959721B,,
BMT8959721B,,
BMT8959722B,,
BMT8959722B,,
BMT8959723B,,
BMT8959723B,,
BMT8959725B,,
BMT8959725B,,
BMT8959726B,,
BMT8959726B,,
BMT161933681,,
BMT161933681,,
BMT8959731B,,
BMT8959731B,,
BMT8959733B,,
BMT8959733B,,
BMT8959734B,,
BMT8959734B,,
BMT161933682,,
BMT161933682,,
BMT8959736B,,
BMT8959736B,,
BMT8959737B,,
BMT8959737B,,
BMT8959738B,,
BMT8959738B,,
BMT161933683,,
BMT161933683,,
BMT8959740B,,
BMT8959740B,,
BMT8959741B,,
BMT8959741B,,
BMT8959742B,,
BMT151844184,,
BMT149805788,,
BMT149805788,,
BMT8754379B,,
BMT151361655,,
BMT8754395B,,
BMT8754395B,,
BMT8754396B,,
BMT8754396B,,
BMT8754397B,,
BMT8754397B,,
BMT8754398B,,
BMT8754398B,,
BMT8754399B,,
BMT8754399B,,
BMT151361656,,
BMT8754379B,,
BMT8754380B,,
BMT8754380B,,
BMT8754381B,,
BMT8754381B,,
BMT8754382B,,
BMT8754382B,,
BMT151844185,,
BMT151844185,,
BMT8754384B,,
BMT8754384B,,
BMT8754385B,,
BMT8754385B,,
BMT8754386B,,
BMT8754386B,,
BMT8754387B,,
BMT8754387B,,
BMT8754388B,,
BMT8754388B,,
BMT151844186,,
BMT151844186,,
BMT151844187,,
BMT151845003,,
BMT8753588B,,
BMT8753587B,,
BMT8754391B,,
BMT8754391B,,
BMT8754392B,,
BMT8754392B,,
BMT8754393B,,
BMT8754393B,,
BMT151844466,,
BMT8754060B,,
BMT8754062B,,
BMT8754062B,,
BMT8754065B,,
BMT8754065B,,
BMT151530955,,
BMT159393921,,
BMT9035795B,,
BMT9035795B,,
BMT209794B,,
BMT323026B,,
BMT323047B,,
BMT323026B,,
BMT323033B,,
BMT187457B,,
BMT159361126,,
BMT159361131,,
BMT187429B,,
BMT159398252,,
BMT9037109B,,
BMT9037109B,,
BMT159398253,,
BMT157254402,,
BMT119965213,,
BMT152548258,,
BMT274285B,,
BMT152548257,,
BMT274271B,,
BMT154793747,,
BMT152548256,,
BMT274285B,,
BMT119965276,,
BMT159358933,,
BMT119973067,,
BMT316747B,,
BMT119973396,,
BMT316754B,,
BMT316747B,,
BMT316761B,,
BMT316754B,,
BMT119973389,,
BMT316775B,,
BMT316775B,,
BMT316761B,,
BMT316824B,,
BMT119973389,,
BMT316831B,,
BMT316824B,,
BMT119973382,,
BMT316831B,,
BMT171777633,,
BMT316852B,,
BMT316852B,,
BMT316859B,,
BMT316859B,,
BMT316866B,,
BMT316866B,,
BMT316873B,,
BMT316873B,,
BMT316999B,,
BMT316880B,,
BMT171777633,,
BMT316887B,,
BMT316880B,,
BMT316894B,,
BMT316887B,,
BMT171777632,,
BMT316894B,,
BMT316999B,,
BMT171777634,,
BMT169533156,,
BMT317069B,,
BMT317041B,,
BMT169533156,,
BMT317055B,,
BMT317041B,,
BMT169533155,,
BMT317055B,,
BMT317069B,,
BMT317076B,,
BMT317076B,,
BMT317083B,,
BMT317083B,,
BMT317090B,,
BMT317090B,,
BMT317251B,,
BMT159310656,,
BMT119971156,,
BMT317111B,,
BMT159310656,,
BMT171319198,,
BMT317125B,,
BMT317125B,,
BMT317132B,,
BMT317132B,,
BMT317139B,,
BMT317139B,,
BMT317146B,,
BMT317146B,,
BMT317181B,,
BMT317160B,,
BMT171319199,,
BMT317167B,,
BMT317160B,,
BMT317174B,,
BMT317167B,,
BMT317181B,,
BMT317174B,,
BMT169533158,,
BMT317258B,,
BMT317230B,,
BMT169533158,,
BMT169533157,,
BMT317230B,,
BMT317244B,,
BMT169533157,,
BMT317251B,,
BMT317244B,,
BMT317258B,,
BMT317265B,,
BMT317265B,,
BMT317279B,,
BMT317279B,,
BMT317286B,,
BMT317286B,,
BMT317293B,,
BMT317293B,,
BMT317398B,,
BMT317335B,,
BMT153199304,,
BMT317342B,,
BMT317335B,,
BMT317349B,,
BMT317342B,,
BMT317356B,,
BMT317349B,,
BMT169533159,,
BMT317370B,,
BMT317370B,,
BMT317412B,,
BMT317377B,,
BMT169533159,,
BMT317384B,,
BMT317377B,,
BMT317391B,,
BMT317384B,,
BMT317398B,,
BMT317391B,,
BMT317405B,,
BMT317419B,,
BMT317412B,,
BMT317405B,,
BMT317419B,,
BMT317426B,,
BMT317426B,,
BMT317545B,,
BMT153199303,,
BMT317468B,,
BMT317468B,,
BMT317475B,,
BMT317475B,,
BMT317482B,,
BMT317482B,,
BMT317356B,,
BMT317489B,,
BMT153199303,,
BMT317496B,,
BMT317489B,,
BMT317503B,,
BMT317496B,,
BMT317510B,,
BMT317503B,,
BMT317517B,,
BMT317510B,,
BMT169533160,,
BMT317559B,,
BMT317531B,,
BMT169533160,,
BMT317538B,,
BMT317531B,,
BMT215576B,,
BMT215688B,,
BMT215604B,,
BMT215576B,,
BMT159322429,,
BMT215625B,,
BMT215625B,,
BMT156793092,,
BMT159319985,,
BMT215604B,,
BMT156793092,,
BMT215646B,,
BMT215646B,,
BMT159322430,,
BMT159322430,,
BMT215660B,,
BMT215660B,,
BMT215667B,,
BMT215667B,,
BMT215674B,,
BMT215674B,,
BMT215681B,,
BMT215681B,,
BMT159322431,,
BMT215688B,,
BMT159319986,,
BMT215695B,,
BMT119972367,,
BMT119972367,,
BMT215709B,,
BMT215709B,,
BMT215723B,,
BMT215723B,,
BMT215870B,,
BMT168026377,,
BMT214491B,,
BMT215744B,,
BMT168026377,,
BMT215751B,,
BMT215744B,,
BMT151801577,,
BMT151801578,,
BMT151801578,,
BMT8784931B,,
BMT8784931B,,
BMT151801579,,
BMT151801579,,
BMT151801580,,
BMT322172B,,
BMT159319987,,
BMT322179B,,
BMT322172B,,
BMT159319986,,
BMT322179B,,
BMT159319986,,
BMT322193B,,
BMT159319986,,
BMT3253086B,,
BMT322193B,,
BMT119971779,,
BMT119971863,,
BMT3253058B,,
BMT322207B,,
BMT159319988,,
BMT322298B,,
BMT159319989,,
BMT322305B,,
BMT322298B,,
BMT159319988,,
BMT322305B,,
BMT159319988,,
BMT322319B,,
BMT322319B,,
BMT322347B,,
BMT322333B,,
BMT159319991,,
BMT159319990,,
BMT322333B,,
BMT159319990,,
BMT322354B,,
BMT322347B,,
BMT159319990,,
BMT322354B,,
BMT159319992,,
BMT322494B,,
BMT159319993,,
BMT322501B,,
BMT322494B,,
BMT322508B,,
BMT322501B,,
BMT159319992,,
BMT322508B,,
BMT159319992,,
BMT322522B,,
BMT159319992,,
BMT322529B,,
BMT322529B,,
BMT322536B,,
BMT322536B,,
BMT159319994,,
BMT322571B,,
BMT159319995,,
BMT322599B,,
BMT322571B,,
BMT322606B,,
BMT322599B,,
BMT322613B,,
BMT322606B,,
BMT159319994,,
BMT322613B,,
BMT159319994,,
BMT322627B,,
BMT322627B,,
BMT159319996,,
BMT8712832B,,
BMT8712877B,,
BMT8712877B,,
BMT159358767,,
BMT8712928B,,
BMT8712929B,,
BMT8712929B,,
BMT8712930B,,
BMT8712930B,,
BMT8712931B,,
BMT8712931B,,
BMT159358764,,
BMT157040584,,
BMT161934405,,
BMT161934405,,
BMT161934404,,
BMT161934405,,
BMT8712949B,,
BMT8712949B,,
BMT8712950B,,
BMT8712950B,,
BMT161934406,,
BMT159358767,,
BMT8712892B,,
BMT8712892B,,
BMT8712897B,,
BMT8712897B,,
BMT8712898B,,
BMT8712898B,,
BMT159358768,,
BMT159358768,,
BMT8712987B,,
BMT8712987B,,
BMT8713013B,,
BMT8713013B,,
BMT8713018B,,
BMT8713018B,,
BMT159358769,,
BMT159398252,,
BMT189627B,,
BMT189627B,,
BMT119970344,,
BMT119965213,,
BMT157254401,,
BMT159259634,,
BMT9029734B,,
BMT9029734B,,
BMT9029733B,,
BMT9029733B,,
BMT9029732B,,
BMT9029732B,,
BMT9029731B,,
BMT9029731B,,
BMT159259632,,
BMT159259632,,
BMT9029681B,,
BMT9029681B,,
BMT9029675B,,
BMT9029675B,,
BMT9029673B,,
BMT9029673B,,
BMT9029667B,,
BMT9029667B,,
BMT159259631,,
BMT159259631,,
BMT9029647B,,
BMT9029647B,,
BMT9029652B,,
BMT9029652B,,
BMT9029655B,,
BMT9029655B,,
BMT159259633,,
BMT159259631,,
BMT159259630,,
BMT169706093,,
BMT159075064,,
BMT159259634,,
BMT9029754B,,
BMT9029754B,,
BMT9029756B,,
BMT9029756B,,
BMT9029755B,,
BMT9029755B,,
BMT9029757B,,
BMT9029757B,,
BMT159259636,,
BMT169706090,,
BMT169706091,,
BMT162400325,,
BMT162400326,,
BMT162400326,,
BMT4170163B,,
BMT162400324,,
BMT162400325,,
BMT162400324,,
BMT119972472,,
BMT119972829,,
BMT336921B,,
BMT336900B,,
BMT162400324,,
BMT336907B,,
BMT336900B,,
BMT119972836,,
BMT336928B,,
BMT336921B,,
BMT119972836,,
BMT336928B,,
BMT336935B,,
BMT336935B,,
BMT336942B,,
BMT217809B,,
BMT170220290,,
BMT170220290,,
BMT170220291,,
BMT170220291,,
BMT217830B,,
BMT217830B,,
BMT170220292,,
BMT170220292,,
BMT170220294,,
BMT200743B,,
BMT164992399,,
BMT164992399,,
BMT152562181,,
BMT164992399,,
BMT200722B,,
BMT164992399,,
BMT164992401,,
BMT164992401,,
BMT3646192,,
BMT164992429,,
BMT164992430,,
BMT164992430,,
BMT164992431,,
BMT164992431,,
BMT164992432,,
BMT159074740,,
BMT9029686B,,
BMT9029686B,,
BMT9029879B,,
BMT9029879B,,
BMT9029880B,,
BMT159074740,,
BMT9029702B,,
BMT9029702B,,
BMT159257873,,
BMT9029880B,,
BMT9029882B,,
BMT9029882B,,
BMT9029883B,,
BMT9029883B,,
BMT159257871,,
BMT159257871,,
BMT159257872,,
BMT159257871,,
BMT9029897B,,
BMT9029897B,,
BMT9029877B,,
BMT9029877B,,
BMT159257869,,
BMT159257869,,
BMT9029868B,,
BMT9029868B,,
BMT9029878B,,
BMT9029878B,,
BMT9029863B,,
BMT9029863B,,
BMT9029864B,,
BMT9029864B,,
BMT9029853B,,
BMT9029853B,,
BMT9029856B,,
BMT9029856B,,
BMT159257868,,
BMT159257868,,
BMT9029849B,,
BMT9029849B,,
BMT9029819B,,
BMT9029819B,,
BMT9029718B,,
BMT9029718B,,
BMT159257870,,
BMT159257868,,
BMT9029848B,,
BMT9029848B,,
BMT9029845B,,
BMT9029845B,,
BMT159257867,,
BMT159075162,,
BMT9029727B,,
BMT9029727B,,
BMT159259635,,
BMT159259635,,
BMT9029737B,,
BMT9029737B,,
BMT9029736B,,
BMT9029736B,,
BMT159259634,,
BMT162400327,,
BMT162400328,,
BMT162400329,,
BMT162400330,,
BMT184643B,,
BMT276637C,,
BMT276637C,,
BMT181213C,,
BMT181213C,,
BMT185056C,,
BMT185056C,,
BMT172160517,,
BMT172221621,,
BMT172221622,,
BMT165433452,,
BMT196711B,,
BMT165433452,,
BMT119973788,,
BMT165433452,,
BMT165433454,,
BMT119972955,,
BMT119972962,,
BMT322676B,,
BMT159319997,,
BMT322690B,,
BMT322676B,,
BMT322697B,,
BMT322690B,,
BMT322704B,,
BMT322697B,,
BMT159319996,,
BMT322704B,,
BMT159319996,,
BMT322718B,,
BMT322718B,,
BMT322802B,,
BMT322781B,,
BMT159319998,,
BMT322788B,,
BMT322781B,,
BMT322795B,,
BMT322788B,,
BMT322802B,,
BMT322795B,,
BMT322802B,,
BMT322809B,,
BMT322809B,,
BMT322886B,,
BMT322865B,,
BMT322837B,,
BMT322872B,,
BMT322865B,,
BMT322879B,,
BMT322872B,,
BMT322886B,,
BMT322879B,,
BMT322956B,,
BMT119971877,,
BMT119971870,,
BMT322956B,,
BMT119971870,,
BMT119971884,,
BMT119971870,,
BMT322984B,,
BMT322970B,,
BMT119971870,,
BMT161935713,,
BMT330754B,,
BMT322998B,,
BMT323026B,,
BMT323019B,,
BMT159322432,,
BMT323026B,,
BMT323019B,,
BMT323054B,,
BMT119972444,,
BMT119972864,,
BMT323089B,,
BMT323068B,,
BMT119972864,,
BMT323075B,,
BMT323068B,,
BMT119972857,,
BMT323075B,,
BMT323089B,,
BMT323096B,,
BMT323096B,,
BMT323110B,,
BMT323110B,,
BMT323152B,,
BMT323152B,,
BMT119972871,,
BMT149992191,,
BMT3119953B,,
BMT149992191,,
BMT3120086B,,
BMT149992192,,
BMT3119967B,,
BMT149992192,,
BMT3120051B,,
BMT3119953B,,
BMT149992192,,
BMT149992194,,
BMT3264713B,,
BMT3119967B,,
BMT149992194,,
BMT3120051B,,
BMT149992195,,
BMT3120086B,,
BMT149992193,,
BMT3264713B,,
BMT3264720B,,
BMT3264720B,,
BMT149992196,,
BMT3264727B,,
BMT3264741B,,
BMT149992196,,
BMT3264727B,,
BMT3461063B,,
BMT3461070B,,
BMT3461070B,,
BMT3461161B,,
BMT3461161B,,
BMT3461168B,,
BMT3461168B,,
BMT161935724,,
BMT161935724,,
BMT3461182B,,
BMT3461182B,,
BMT3461189B,,
BMT3461189B,,
BMT3461196B,,
BMT3461196B,,
BMT3461203B,,
BMT3461203B,,
BMT3461210B,,
BMT161934403,,
BMT8723455B,,
BMT8712936B,,
BMT161934404,,
BMT161909079,,
BMT8959662B,,
BMT161909079,,
BMT8723588B,,
BMT119972619,,
BMT161258254,,
BMT161258254,,
BMT2275683B,,
BMT162405527,,
BMT162405528,,
BMT170219376,,
BMT9192580B,,
BMT9192580B,,
BMT170219377,,
BMT170219377,,
BMT119973347,,
BMT165919120,,
BMT165919121,,
BMT165919121,,
BMT165919122,,
BMT165919122,,
BMT165919123,,
BMT165919123,,
BMT165919124,,
BMT277134B,,
BMT136627894,,
BMT319141B,,
BMT170220297,,
BMT319155B,,
BMT319141B,,
BMT319218B,,
BMT3501698B,,
BMT319225B,,
BMT319218B,,
BMT169412126,,
BMT319225B,,
BMT169412126,,
BMT319246B,,
BMT319246B,,
BMT169412129,,
BMT319253B,,
BMT169412126,,
BMT319260B,,
BMT319281B,,
BMT169412129,,
BMT319260B,,
BMT319281B,,
BMT319288B,,
BMT319288B,,
BMT319295B,,
BMT319295B,,
BMT319316B,,
BMT319302B,,
BMT169412130,,
BMT319316B,,
BMT319302B,,
BMT159319034,,
BMT319337B,,
BMT319337B,,
BMT119971695,,
BMT169412130,,
BMT119971681,,
BMT3340733B,,
BMT3340740B,,
BMT3340740B,,
BMT3340754B,,
BMT3340754B,,
BMT3640326B,,
BMT119970442,,
BMT119970449,,
BMT119972773,,
BMT119972780,,
BMT119972773,,
BMT119972787,,
BMT4170163B,,
BMT4170170B,,
BMT4170170B,,
BMT4170177B,,
BMT4170177B,,
BMT4170184B,,
BMT4170184B,,
BMT4170191B,,
BMT4170191B,,
BMT4170198B,,
BMT4170198B,,
BMT162400327,,
BMT162400327,,
BMT119972493,,
BMT4170219B,,
BMT4170226B,,
BMT4170226B,,
BMT2275725B,,
BMT4172354B,,
BMT4172368B,,
BMT4172361B,,
BMT4172354B,,
BMT4172368B,,
BMT4172375B,,
BMT4172375B,,
BMT4172382B,,
BMT4172382B,,
BMT4172389B,,
BMT4172389B,,
BMT119972514,,
BMT4172501B,,
BMT4172515B,,
BMT4172515B,,
BMT119972521,,
BMT216577B,,
BMT215751B,,
BMT216584B,,
BMT216577B,,
BMT168026376,,
BMT216584B,,
BMT216598B,,
BMT168026376,,
BMT168026375,,
BMT216598B,,
BMT169705941,,
BMT119972038,,
BMT169706095,,
BMT168025447,,
BMT119972038,,
BMT158420261,,
BMT168026383,,
BMT158685301,,
BMT194954B,,
BMT160983244,,
BMT161801243,,
BMT9097310B,,
BMT164992432,,
BMT164992433,,
BMT119973263,,
BMT4149079B,,
BMT159398255,,
BMT189011B,,
BMT159398255,,
BMT193603B,,
BMT330208B,,
BMT159398254,,
BMT159398254,,
BMT159398255,,
BMT330740B,,
BMT161935715,,
BMT161935714,,
BMT330740B,,
BMT161935714,,
BMT161935716,,
BMT330754B,,
BMT161935714,,
BMT3132861B,,
BMT161935717,,
BMT3132868B,,
BMT3132875B,,
BMT3132875B,,
BMT3132882B,,
BMT3132882B,,
BMT161935721,,
BMT161935721,,
BMT3132896B,,
BMT3132896B,,
BMT3132952B,,
BMT3132952B,,
BMT3133064B,,
BMT3133064B,,
BMT3133078B,,
BMT3133078B,,
BMT161935722,,
BMT161935722,,
BMT3133218B,,
BMT161935722,,
BMT3133225B,,
BMT3133218B,,
BMT161935723,,
BMT3133225B,,
BMT3461063B,,
BMT161935717,,
BMT342822B,,
BMT161935717,,
BMT3132868B,,
BMT150343854,,
BMT150343855,,
BMT150343855,,
BMT150343856,,
BMT3660241B,,
BMT162405731,,
BMT156142616,,
BMT4148932B,,
BMT4148932B,,
BMT4148939B,,
BMT4148939B,,
BMT2275543B,,
BMT156142617,,
BMT4148960B,,
BMT4148960B,,
BMT4149072B,,
BMT4149072B,,
BMT119973235,,
BMT4149079B,,
BMT2275578B,,
BMT4149086B,,
BMT119973270,,
BMT4149240B,,
BMT4149247B,,
BMT4149247B,,
BMT169412128,,
BMT4855463B,,
BMT4855477B,,
BMT4855477B,,
BMT4855582B,,
BMT4855582B,,
BMT4855603B,,
BMT4855603B,,
BMT4855617B,,
BMT4855617B,,
BMT4855631B,,
BMT4855631B,,
BMT119973529,,
BMT119973529,,
BMT119973536,,
BMT8959742B,,
BMT161933684,,
BMT161934406,,
BMT8712960B,,
BMT8712960B,,
BMT8712971B,,
BMT8712971B,,
BMT8712972B,,
BMT8712972B,,
BMT8959747B,,
BMT8959747B,,
BMT8959748B,,
BMT8959748B,,
BMT8959749B,,
BMT8959749B,,
BMT156792560,,
BMT162023208,,
BMT162023207,,
BMT162023207,,
BMT8959753B,,
BMT8959756B,,
BMT162023202,,
BMT162023202,,
BMT162023201,,
BMT156792530,,
BMT8959698B,,
BMT162023207,,
BMT162023209,,
BMT8959753B,,
BMT8959759B,,
BMT8959759B,,
BMT162023205,,
BMT162023205,,
BMT8959762B,,
BMT8959762B,,
BMT8959763B,,
BMT8959763B,,
BMT162023204,,
BMT162023204,,
BMT8959767B,,
BMT8959767B,,
BMT8959768B,,
BMT8959768B,,
BMT162023206,,
BMT8959770B,,
BMT162023203,,
BMT162023203,,
BMT8959773B,,
BMT162023204,,
BMT8959770B,,
BMT8959773B,,
BMT8959784B,,
BMT8959784B,,
BMT8959756B,,
BMT169533164,,
BMT342514B,,
BMT342514B,,
BMT342521B,,
BMT342521B,,
BMT169533166,,
BMT169533162,,
BMT317622B,,
BMT317622B,,
BMT317629B,,
BMT317629B,,
BMT317636B,,
BMT317636B,,
BMT342332B,,
BMT169533161,,
BMT317671B,,
BMT317650B,,
BMT169533161,,
BMT317657B,,
BMT317650B,,
BMT317664B,,
BMT317657B,,
BMT317671B,,
BMT169533162,,
BMT340645B,,
BMT340652B,,
BMT340652B,,
BMT119967159,,
BMT119967159,,
BMT119967166,,
BMT341793B,,
BMT160983242,,
BMT341814B,,
BMT341793B,,
BMT136627901,,
BMT119973669,,
BMT119972745,,
BMT119972752,,
BMT119972745,,
BMT2967542B,,
BMT2967542B,,
BMT119972759,,
BMT3501698B,,
BMT4149240B,,
BMT162405723,,
BMT119972549,,
BMT162405723,,
BMT162405724,,
BMT162282261,,
BMT196683B,,
BMT196683B,,
BMT162282260,,
BMT196669B,,
BMT130710248,,
BMT184762B,,
BMT184776B,,
BMT163843560,,
BMT163843561,,
BMT317545B,,
BMT317538B,,
BMT317559B,,
BMT317566B,,
BMT317566B,,
BMT317573B,,
BMT317573B,,
BMT317664B,,
BMT153199302,,
BMT317587B,,
BMT317587B,,
BMT317594B,,
BMT317594B,,
BMT317601B,,
BMT317601B,,
BMT317517B,,
BMT153199301,,
BMT153199302,,
BMT169533162,,
BMT153199219,,
BMT119973522,,
BMT342339B,,
BMT119973515,,
BMT119973522,,
BMT342304B,,
BMT119973487,,
BMT169533163,,
BMT342304B,,
BMT169533163,,
BMT169533164,,
BMT342318B,,
BMT169533163,,
BMT342325B,,
BMT342318B,,
BMT342332B,,
BMT342325B,,
BMT342339B,,
BMT342346B,,
BMT342346B,,
BMT342353B,,
BMT342353B,,
BMT342360B,,
BMT342360B,,
BMT4855463B,,
BMT169533164,,
BMT169533165,,
BMT342787B,,
BMT161935719,,
BMT342787B,,
BMT161935717,,
BMT342794B,,
BMT3132861B,,
BMT161935716,,
BMT342794B,,
BMT342822B,,
BMT342829B,,
BMT342829B,,
BMT342864B,,
BMT342836B,,
BMT342843B,,
BMT342843B,,
BMT342850B,,
BMT342850B,,
BMT342878B,,
BMT161935720,,
BMT342836B,,
BMT161935720,,
BMT3200558B,,
BMT342864B,,
BMT161935720,,
BMT342878B,,
BMT161935726,,
BMT169706092,,
BMT3038501B,,
BMT3038501B,,
BMT3038508B,,
BMT3038508B,,
BMT3038515B,,
BMT3038515B,,
BMT3038522B,,
BMT3038522B,,
BMT169706091,,
BMT169706093,,
BMT169706091,,
BMT169706093,,
BMT3038578B,,
BMT3038578B,,
BMT217235B,,
BMT149992194,,
BMT3119974B,,
BMT3119974B,,
BMT3119981B,,
BMT3119981B,,
BMT149992197,,
BMT167305384,,
BMT8132522B,,
BMT132387875,,
BMT132387889,,
BMT163843560,,
BMT130709387,,
BMT136596324,,
BMT189130B,,
BMT189130B,,
BMT189123B,,
BMT189123B,,
BMT136596338,,
BMT130940240,,
BMT198804B,,
BMT136609057,,
BMT136609064,,
BMT165433451,,
BMT165433450,,
BMT165433449,,
BMT165433450,,
BMT336942B,,
BMT336949B,,
BMT336949B,,
BMT119972843,,
BMT119972843,,
BMT336963B,,
BMT336963B,,
BMT336991B,,
BMT336977B,,
BMT119972850,,
BMT336991B,,
BMT336977B,,
BMT3084484B,,
BMT3084533B,,
BMT3084533B,,
BMT149992188,,
BMT3084652B,,
BMT3084645B,,
BMT3084659B,,
BMT3084652B,,
BMT153049994,,
BMT3084659B,,
BMT149992190,,
BMT149807376,,
BMT149992190,,
BMT3084687B,,
BMT3084687B,,
BMT149992199,,
BMT149992189,,
BMT149992190,,
BMT149992189,,
BMT149992191,,
BMT3084771B,,
BMT149992189,,
BMT3084778B,,
BMT3084771B,,
BMT3084785B,,
BMT3084778B,,
BMT3084792B,,
BMT3084785B,,
BMT149992188,,
BMT3084792B,,
BMT156770346,,
BMT3317913B,,
BMT3317913B,,
BMT3317920B,,
BMT3317920B,,
BMT156770347,,
BMT156770347,,
BMT3317934B,,
BMT156770348,,
BMT119967026,,
BMT172221620,,
BMT172221621,,
BMT3640326B,,
BMT4313047B,,
BMT4168091B,,
BMT4168098B,,
BMT4168098B,,
BMT4168105B,,
BMT4168105B,,
BMT4168364B,,
BMT4168364B,,
BMT119972976,,
BMT4169204B,,
BMT119972990,,
BMT4169253B,,
BMT119972997,,
BMT119973081,,
BMT119973088,,
BMT136670559,,
BMT130938056,,
BMT161801238,,
BMT161801239,,
BMT162282261,,
BMT136621118,,
BMT140706409,,
BMT140706416,,
BMT140706416,,
BMT134015669,,
BMT150346834,,
BMT150346835,,
BMT134764564,,
BMT168661937,,
BMT150346833,,
BMT187835B,,
BMT187835B,,
BMT150346834,,
BMT8248596B,,
BMT8314816B,,
BMT8314816B,,
BMT150347572,,
BMT8250213B,,
BMT8315110B,,
BMT8315110B,,
BMT150347120,,
BMT150347120,,
BMT150347121,,
BMT136596338,,
BMT136596345,,
BMT165518231,,
BMT165518232,,
BMT185105B,,
BMT169242343,,
BMT169242343,,
BMT185133B,,
BMT185133B,,
BMT188815B,,
BMT185168E,,
BMT185175B,,
BMT185175B,,
BMT152632902,,
BMT3461210B,,
BMT3461217B,,
BMT3461217B,,
BMT3461224B,,
BMT3461224B,,
BMT3461231B,,
BMT3461231B,,
BMT3461238B,,
BMT3461238B,,
BMT3461245B,,
BMT3461245B,,
BMT161935725,,
BMT3542207B,,
BMT119970169,,
BMT150343858,,
BMT150343859,,
BMT150343859,,
BMT150343860,,
BMT3264741B,,
BMT3264748B,,
BMT3264748B,,
BMT149992198,,
BMT162282263,,
BMT162282262,,
BMT184692B,,
BMT163843562,,
BMT163843562,,
BMT184706B,,
BMT184727B,,
BMT184762B,,
BMT169028474,,
BMT341758B,,
BMT341758B,,
BMT193127B,,
BMT193127B,,
BMT193141B,,
BMT193141B,,
BMT191909B,,
BMT191909B,,
BMT169028475,,
BMT169028475,,
BMT191930B,,
BMT136596331,,
BMT136596352,,
BMT136596352,,
BMT190089B,,
BMT136695766,,
BMT200526B,,
BMT200526B,,
BMT200505B,,
BMT200505B,,
BMT200498B,,
BMT200498B,,
BMT200491B,,
BMT200491B,,
BMT200442B,,
BMT200442B,,
BMT200428B,,
BMT136695752,,
BMT200428B,,
BMT136695745,,
BMT200414B,,
BMT200414B,,
BMT136695752,,
BMT194296B,,
BMT140706255,,
BMT165518223,,
BMT165518220,,
BMT169028476,,
BMT129545434,,
BMT3317934B,,
BMT156770348,,
BMT156770348,,
BMT149784639,,
BMT161205875,,
BMT8385390B,,
BMT8385390B,,
BMT8385397B,,
BMT8385397B,,
BMT8385411B,,
BMT8385411B,,
BMT161205876,,
BMT168661936,,
BMT2848773,,
BMT187520B,,
BMT168661936,,
BMT134764564,,
BMT187520B,,
BMT136596324,,
BMT136596331,,
BMT190292B,,
BMT2848759,,
BMT190299B,,
BMT159398332,,
BMT159398332,,
BMT188101B,,
BMT159398332,,
BMT189676B,,
BMT190313B,,
BMT190299B,,
BMT159398331,,
BMT190292B,,
BMT159398331,,
BMT190313B,,
BMT159398330,,
BMT159398331,,
BMT190341B,,
BMT159398330,,
BMT190348B,,
BMT190355B,,
BMT190355B,,
BMT190341B,,
BMT215856B,,
BMT214022B,,
BMT119972374,,
BMT215856B,,
BMT215870B,,
BMT215877B,,
BMT215877B,,
BMT119972374,,
BMT152546915,,
BMT172029683,,
BMT172029683,,
BMT188850B,,
BMT172029683,,
BMT275209B,,
BMT275209B,,
BMT172029685,,
BMT171973664,,
BMT275223B,,
BMT275223B,,
BMT9371852B,,
BMT9371852B,,
BMT186344B,,
BMT186344B,,
BMT186302B,,
BMT186302B,,
BMT186267B,,
BMT186267B,,
BMT184622B,,
BMT184622B,,
BMT184566B,,
BMT184566B,,
BMT184531B,,
BMT184531B,,
BMT184643B,,
BMT173228971,,
BMT173228973,,
BMT331804B,,
BMT168026382,,
BMT3252386B,,
BMT331804B,,
BMT3253058B,,
BMT322970B,,
BMT3253086B,,
BMT322207B,,
BMT169028477,,
BMT130709401,,
BMT136609050,,
BMT191979B,,
BMT191979B,,
BMT136609057,,
BMT136609057,,
BMT130750974,,
BMT162282259,,
BMT193925B,,
BMT193925B,,
BMT162282260,,
BMT165433447,,
BMT165433448,,
BMT136634131,,
BMT191391B,,
BMT191391B,,
BMT136634138,,
BMT136634138,,
BMT132887479,,
BMT136607545,,
BMT134790128,,
BMT150346832,,
BMT150346833,,
BMT136670552,,
BMT199679B,,
BMT152632902,,
BMT152632903,,
BMT152632902,,
BMT119970148,,
BMT169242341,,
BMT169242342,,
BMT169242342,,
BMT185105B,,
BMT132387868,,
BMT132387875,,
BMT132387868,,
BMT188052B,,
BMT188052B,,
BMT132387882,,
BMT188080B,,
BMT132387868,,
BMT119970302,,
BMT119970309,,
BMT132387861,,
BMT188080B,,
BMT132387847,,
BMT189662B,,
BMT188101B,,
BMT119970274,,
BMT136597983,,
BMT136597990,,
BMT188136B,,
BMT136597983,,
BMT136597976,,
BMT188136B,,
BMT163843561,,
BMT119970428,,
BMT136607545,,
BMT190789B,,
BMT190789B,,
BMT136607524,,
BMT119965276,,
BMT190901B,,
BMT133989629,,
BMT133989636,,
BMT190901B,,
BMT190908B,,
BMT4172592B,,
BMT173228971,,
BMT4173096B,,
BMT162400332,,
BMT4173166B,,
BMT119972801,,
BMT4173187B,,
BMT4173096B,,
BMT4173936B,,
BMT162405727,,
BMT4173943B,,
BMT4173936B,,
BMT4173950B,,
BMT4173957B,,
BMT4173957B,,
BMT4173964B,,
BMT4173964B,,
BMT119972731,,
BMT4174279B,,
BMT4174286B,,
BMT4174286B,,
BMT4174300B,,
BMT4174300B,,
BMT4174307B,,
BMT4174307B,,
BMT2275641B,,
BMT4174314B,,
BMT162405729,,
BMT4174657B,,
BMT4174671B,,
BMT4174671B,,
BMT4174678B,,
BMT4174678B,,
BMT4174685B,,
BMT4174685B,,
BMT4174692B,,
BMT4174692B,,
BMT162405730,,
BMT4174734B,,
BMT4174741B,,
BMT4174741B,,
BMT4174748B,,
BMT4174748B,,
BMT4174755B,,
BMT4174755B,,
BMT119972717,,
BMT119972633,,
BMT4174769B,,
BMT4174769B,,
BMT4174776B,,
BMT4174776B,,
BMT119972640,,
BMT4174797B,,
BMT119972619,,
BMT4174986B,,
BMT4174993B,,
BMT4174993B,,
BMT4175007B,,
BMT4175007B,,
BMT119972661,,
BMT4175021B,,
BMT2275718B,,
BMT4175028B,,
BMT4175021B,,
BMT4474796B,,
BMT195094B,,
BMT185441B,,
BMT185497B,,
BMT119970463,,
BMT185441B,,
BMT185455B,,
BMT119970463,,
BMT119970449,,
BMT185455B,,
BMT185497B,,
BMT119970470,,
BMT119970470,,
BMT185511B,,
BMT188808B,,
BMT119970421,,
BMT188815B,,
BMT3542207B,,
BMT153817078,,
BMT153817079,,
BMT153817079,,
BMT153817080,,
BMT153817080,,
BMT153817081,,
BMT188850B,,
BMT172029684,,
BMT172029684,,
BMT188864B,,
BMT188864B,,
BMT190530B,,
BMT119973942,,
BMT188878B,,
BMT188878B,,
BMT135113563,,
BMT195045B,,
BMT155367628,,
BMT155367628,,
BMT155367629,,
BMT155367629,,
BMT195073B,,
BMT155367629,,
BMT195087B,,
BMT155367629,,
BMT4474796B,,
BMT195087B,,
BMT195101B,,
BMT195094B,,
BMT155367631,,
BMT195101B,,
BMT196578B,,
BMT3200558B,,
BMT3200565B,,
BMT3200565B,,
BMT161935727,,
BMT161935727,,
BMT3200579B,,
BMT3200579B,,
BMT3340733B,,
BMT119970442,,
BMT186631B,,
BMT4313047B,,
BMT4313054B,,
BMT4313054B,,
BMT161935728,,
BMT150347570,,
BMT150347571,,
BMT8248680B,,
BMT153997145,,
BMT150347572,,
BMT150347573,,
BMT8248596B,,
BMT8249555B,,
BMT8249555B,,
BMT8248701B,,
BMT8248701B,,
BMT8249583B,,
BMT150346828,,
BMT150346829,,
BMT150346829,,
BMT8247847B,,
BMT132887479,,
BMT136634145,,
BMT8247847B,,
BMT8249891B,,
BMT150346830,,
BMT150346831,,
BMT162405723,,
BMT162405725,,
BMT162282260,,
BMT196669B,,
BMT136670559,,
BMT199679B,,
BMT198804B,,
BMT162282263,,
BMT129451004,,
BMT136670559,,
BMT132865492,,
BMT132866647,,
BMT162282261,,
BMT132866647,,
BMT165518227,,
BMT195850C,,
BMT195850C,,
BMT165518231,,
BMT150347571,,
BMT8249583B,,
BMT186876B,,
BMT159361136,,
BMT159361134,,
BMT186876B,,
BMT186890B,,
BMT159361134,,
BMT159361136,,
BMT159361137,,
BMT159361133,,
BMT186890B,,
BMT159361133,,
BMT187380B,,
BMT159398253,,
BMT119970337,,
BMT168840758,,
BMT168840759,,
BMT119970351,,
BMT330208B,,
BMT119974173,,
BMT188962B,,
BMT119970344,,
BMT119970351,,
BMT189634B,,
BMT159398252,,
BMT136596317,,
BMT136596324,,
BMT129294953,,
BMT169028476,,
BMT169028476,,
BMT191930B,,
BMT169028476,,
BMT169028477,,
BMT160983239,,
BMT192147B,,
BMT165433449,,
BMT165433448,,
BMT196578B,,
BMT196571B,,
BMT196578B,,
BMT196585B,,
BMT196578B,,
BMT196592B,,
BMT196592B,,
BMT155367630,,
BMT196711B,,
BMT165433451,,
BMT119973690,,
BMT119973683,,
BMT150343853,,
BMT150343854,,
BMT165433455,,
BMT119973690,,
BMT165433455,,
BMT199203B,,
BMT165433455,,
BMT129799968,,
BMT150347119,,
BMT8250213B,,
BMT150347114,,
BMT150347115,,
BMT119970435,,
BMT186638B,,
BMT186575B,,
BMT119970456,,
BMT186575B,,
BMT186582B,,
BMT186582B,,
BMT186589B,,
BMT186631B,,
BMT186575B,,
BMT186638B,,
BMT119970442,,
BMT188962B,,
BMT119974180,,
BMT131837654,,
BMT163843560,,
BMT119970421,,
BMT159398261,,
BMT150343857,,
BMT150343858,,
BMT159398258,,
BMT188808B,,
BMT188997B,,
BMT159398258,,
BMT189004B,,
BMT159398256,,
BMT189011B,,
BMT189004B,,
BMT159398256,,
BMT187457B,,
BMT159398256,,
BMT188997B,,
BMT159398256,,
BMT159398259,,
BMT192147B,,
BMT160983240,,
BMT160983240,,
BMT192161B,,
BMT192161B,,
BMT160983241,,
BMT192168B,,
BMT192210B,,
BMT192175B,,
BMT192168B,,
BMT192182B,,
BMT192175B,,
BMT160983241,,
BMT192182B,,
BMT160983241,,
BMT192196B,,
BMT160983241,,
BMT192203B,,
BMT192196B,,
BMT160983243,,
BMT192203B,,
BMT194954B,,
BMT192210B,,
BMT341814B,,
BMT119965395,,
BMT195346B,,
BMT195346B,,
BMT195360B,,
BMT195360B,,
BMT119965402,,
BMT119965472,,
BMT196760B,,
BMT119965402,,
BMT119965409,,
BMT119965402,,
BMT195395B,,
BMT195395B,,
BMT195416B,,
BMT195416B,,
BMT119965416,,
BMT195794B,,
BMT165518223,,
BMT195808B,,
BMT195794B,,
BMT195822B,,
BMT165518226,,
BMT195829B,,
BMT195808B,,
BMT165518225,,
BMT195822B,,
BMT165518225,,
BMT195829B,,
BMT140706402,,
BMT194345B,,
BMT162282263,,
BMT129812239,,
BMT129811651,,
BMT162282263,,
BMT165433459,,
BMT165433458,,
BMT198832B,,
BMT165433459,,
BMT165433460,,
BMT198846B,,
BMT198846B,,
BMT198860B,,
BMT129529957,,
BMT164985237,,
BMT164985237,,
BMT129529369,,
BMT199665B,,
BMT119970890,,
BMT136670566,,
BMT136670559,,
BMT161801239,,
BMT119970911,,
BMT136627894,,
BMT136627887,,
BMT163843561,,
BMT184776B,,
BMT184706B,,
BMT184727B,,
BMT164985237,,
BMT129450990,,
BMT136609057,,
BMT193911B,,
BMT8249891B,,
BMT150346830,,
BMT132865492,,
BMT162282262,,
BMT150347118,,
BMT150347119,,
BMT150347115,,
BMT8250388B,,
BMT8250388B,,
BMT150347116,,
BMT150347116,,
BMT150347117,,
BMT134015669,,
BMT140706423,,
BMT162282260,,
BMT130709863,,
BMT161935716,,
BMT161935718,,
BMT163843563,,
BMT184692B,,
BMT187380B,,
BMT159361135,,
BMT187387B,,
BMT159361133,,
BMT159361132,,
BMT187387B,,
BMT187429B,,
BMT159361132,,
BMT190551B,,
BMT151800260,,
BMT190558B,,
BMT190572B,,
BMT190565B,,
BMT190551B,,
BMT190572B,,
BMT190614B,,
BMT190579B,,
BMT119970218,,
BMT119970218,,
BMT190418B,,
BMT151800259,,
BMT190565B,,
BMT190593B,,
BMT190579B,,
BMT190600B,,
BMT190607B,,
BMT190607B,,
BMT190593B,,
BMT190614B,,
BMT119970197,,
BMT159398325,,
BMT159398326,,
BMT159398326,,
BMT190600B,,
BMT193169B,,
BMT165518235,,
BMT165518234,,
BMT193169B,,
BMT165518233,,
BMT165518234,,
BMT193204B,,
BMT165518233,,
BMT193211B,,
BMT193204B,,
BMT165518226,,
BMT193211B,,
BMT197103B,,
BMT157267681,,
BMT197117B,,
BMT197103B,,
BMT197124B,,
BMT197117B,,
BMT197131B,,
BMT197145B,,
BMT197145B,,
BMT197124B,,
BMT136674332,,
BMT136674346,,
BMT136674332,,
BMT200470B,,
BMT136674346,,
BMT200477B,,
BMT200470B,,
BMT200519B,,
BMT200477B,,
BMT200484B,,
BMT200484B,,
BMT202808B,,
BMT200519B,,
BMT136674353,,
BMT200533B,,
BMT136674360,,
BMT136674353,,
BMT200533B,,
BMT136674353,,
BMT200554B,,
BMT136674353,,
BMT200561B,,
BMT200554B,,
BMT202136B,,
BMT200561B,,
BMT203879B,,
BMT200722B,,
BMT164992400,,
BMT190908B,,
BMT190915B,,
BMT190915B,,
BMT152548259,,
BMT152548259,,
BMT119965290,,
BMT168067571,,
BMT119965304,,
BMT190950B,,
BMT191174B,,
BMT136609071,,
BMT136609064,,
BMT119965374,,
BMT119965381,,
BMT119965381,,
BMT189732B,,
BMT119965381,,
BMT119965395,,
BMT194296B,,
BMT194310B,,
BMT194310B,,
BMT140706248,,
BMT140706248,,
BMT194324B,,
BMT194324B,,
BMT199665B,,
BMT119973865,,
BMT119973872,,
BMT119973669,,
BMT277134B,,
BMT165433453,,
BMT199189B,,
BMT165433453,,
BMT199203B,,
BMT171051009,,
BMT171051010,,
BMT197992B,,
BMT171051009,,
BMT198041B,,
BMT136695773,,
BMT136695759,,
BMT198041B,,
BMT198062B,,
BMT119965423,,
BMT119965423,,
BMT119965430,,
BMT119965430,,
BMT119965437,,
BMT119965430,,
BMT119965444,,
BMT157267677,,
BMT198118B,,
BMT164992398,,
BMT200757B,,
BMT200757B,,
BMT119965563,,
BMT119967138,,
BMT119967145,,
BMT155673190,,
BMT200841B,,
BMT119967145,,
BMT119967152,,
BMT119967145,,
BMT340645B,,
BMT200841B,,
BMT200855B,,
BMT200855B,,
BMT155673191,,
BMT171051008,,
BMT197992B,,
BMT155673191,,
BMT155673192,,
BMT155673192,,
BMT119965605,,
BMT155673192,,
BMT200897B,,
BMT155673192,,
BMT200904B,,
BMT200904B,,
BMT203102B,,
BMT152560693,,
BMT3504071,,
BMT159310655,,
BMT205762B,,
BMT159310655,,
BMT159310658,,
BMT205762B,,
BMT205769B,,
BMT205769B,,
BMT159310657,,
BMT159310657,,
BMT205783B,,
BMT205783B,,
BMT205790B,,
BMT205790B,,
BMT205797B,,
BMT205797B,,
BMT119971184,,
BMT159312385,,
BMT205811B,,
BMT205811B,,
BMT207274B,,
BMT159310658,,
BMT119971177,,
BMT207274B,,
BMT159312386,,
BMT159312386,,
BMT205867B,,
BMT159312386,,
BMT159312388,,
BMT159312388,,
BMT159312389,,
BMT159312389,,
BMT159312390,,
BMT165433462,,
BMT165433461,,
BMT165433456,,
BMT165433455,,
BMT165433461,,
BMT165433460,,
BMT199448B,,
BMT199462B,,
BMT199462B,,
BMT199469B,,
BMT199469B,,
BMT157267679,,
BMT157267679,,
BMT199490B,,
BMT199490B,,
BMT199497B,,
BMT199497B,,
BMT197131B,,
BMT203732B,,
BMT152560693,,
BMT203746B,,
BMT203732B,,
BMT152560692,,
BMT203746B,,
BMT152560692,,
BMT152560694,,
BMT203879B,,
BMT203998B,,
BMT203900B,,
BMT136674374,,
BMT203998B,,
BMT203900B,,
BMT152560691,,
BMT204236B,,
BMT204236B,,
BMT152560692,,
BMT206553B,,
BMT206539B,,
BMT159312390,,
BMT206553B,,
BMT211138B,,
BMT119973018,,
BMT119973011,,
BMT211138B,,
BMT119973011,,
BMT211887B,,
BMT211152B,,
BMT119973011,,
BMT211166B,,
BMT119972955,,
BMT211187B,,
BMT211166B,,
BMT119972941,,
BMT211187B,,
BMT119972934,,
BMT119972941,,
BMT119972934,,
BMT213231B,,
BMT211222B,,
BMT119972934,,
BMT119970113,,
BMT185161E,,
BMT190957B,,
BMT190950B,,
BMT119965304,,
BMT190971B,,
BMT167305383,,
BMT190978B,,
BMT190971B,,
BMT190957B,,
BMT190978B,,
BMT194786B,,
BMT191013B,,
BMT154940599,,
BMT191020B,,
BMT191013B,,
BMT168067575,,
BMT191020B,,
BMT191034B,,
BMT168067575,,
BMT154940599,,
BMT168067576,,
BMT155367627,,
BMT195045B,,
BMT191048B,,
BMT191034B,,
BMT191055B,,
BMT191048B,,
BMT168067574,,
BMT191055B,,
BMT191069B,,
BMT168067574,,
BMT191076B,,
BMT191069B,,
BMT4397565,,
BMT191090B,,
BMT191090B,,
BMT191076B,,
BMT191132B,,
BMT191139B,,
BMT191139B,,
BMT4397565,,
BMT191146B,,
BMT191132B,,
BMT168067572,,
BMT168067573,,
BMT168067573,,
BMT191146B,,
BMT191167B,,
BMT168067572,,
BMT191174B,,
BMT191181B,,
BMT191181B,,
BMT191188B,,
BMT191188B,,
BMT191167B,,
BMT194345B,,
BMT140706409,,
BMT194786B,,
BMT194800B,,
BMT194800B,,
BMT167305384,,
BMT167305384,,
BMT193680B,,
BMT167305384,,
BMT167305386,,
BMT167305386,,
BMT167305387,,
BMT198118B,,
BMT198132B,,
BMT198132B,,
BMT198139B,,
BMT198139B,,
BMT200169B,,
BMT164992397,,
BMT198160B,,
BMT198160B,,
BMT164992398,,
BMT119965416,,
BMT198062B,,
BMT202080B,,
BMT161801242,,
BMT202087B,,
BMT161801243,,
BMT161801242,,
BMT202087B,,
BMT161801242,,
BMT202108B,,
BMT161801242,,
BMT202115B,,
BMT202108B,,
BMT161801244,,
BMT202136B,,
BMT202143B,,
BMT202143B,,
BMT136674367,,
BMT206539B,,
BMT159312392,,
BMT119972101,,
BMT213203B,,
BMT119972311,,
BMT119972318,,
BMT119972318,,
BMT213644B,,
BMT213644B,,
BMT213658B,,
BMT213651B,,
BMT119972101,,
BMT213658B,,
BMT119972325,,
BMT169412125,,
BMT213672B,,
BMT169412125,,
BMT213742B,,
BMT213672B,,
BMT213686B,,
BMT159312389,,
BMT207302B,,
BMT207302B,,
BMT207309B,,
BMT207309B,,
BMT207316B,,
BMT207316B,,
BMT119971233,,
BMT119971233,,
BMT207169B,,
BMT159393921,,
BMT159393920,,
BMT207337B,,
BMT159393921,,
BMT3500410,,
BMT207337B,,
BMT119972969,,
BMT4168091B,,
BMT119972094,,
BMT213651B,,
BMT119972332,,
BMT214071B,,
BMT168026379,,
BMT119972094,,
BMT119972066,,
BMT168026379,,
BMT119972353,,
BMT214463B,,
BMT214463B,,
BMT119972360,,
BMT214470B,,
BMT119972066,,
BMT214477B,,
BMT119972073,,
BMT168026378,,
BMT214470B,,
BMT168026378,,
BMT214477B,,
BMT197642B,,
BMT197670B,,
BMT165518229,,
BMT195927B,,
BMT197670B,,
BMT197691B,,
BMT197677B,,
BMT165518229,,
BMT3526086,,
BMT197677B,,
BMT200169B,,
BMT157267678,,
BMT157267678,,
BMT200183B,,
BMT157267678,,
BMT200190B,,
BMT200183B,,
BMT199448B,,
BMT200190B,,
BMT157267680,,
BMT136695752,,
BMT136695759,,
BMT132644425,,
BMT136695752,,
BMT136674325,,
BMT136674318,,
BMT136674332,,
BMT136674325,,
BMT159310650,,
BMT204411B,,
BMT204411B,,
BMT204432B,,
BMT204425B,,
BMT202640B,,
BMT204432B,,
BMT119971093,,
BMT204439B,,
BMT204425B,,
BMT119973578,,
BMT204439B,,
BMT119973571,,
BMT119973578,,
BMT119971093,,
BMT159310651,,
BMT159310651,,
BMT159310652,,
BMT159310651,,
BMT159310653,,
BMT159310652,,
BMT159310654,,
BMT159310652,,
BMT119971135,,
BMT159310653,,
BMT119971121,,
BMT159310654,,
BMT159310655,,
BMT159310654,,
BMT317111B,,
BMT212594B,,
BMT119973046,,
BMT212601B,,
BMT212594B,,
BMT168026380,,
BMT213189B,,
BMT168026380,,
BMT3252386B,,
BMT213189B,,
BMT168026381,,
BMT213203B,,
BMT168026380,,
BMT213231B,,
BMT213238B,,
BMT213238B,,
BMT213245B,,
BMT213245B,,
BMT119972948,,
BMT164992398,,
BMT159017770,,
BMT164992398,,
BMT200743B,,
BMT202808B,,
BMT202815B,,
BMT202815B,,
BMT136674381,,
BMT203074B,,
BMT135027624,,
BMT203102B,,
BMT155673193,,
BMT135027631,,
BMT203074B,,
BMT155673193,,
BMT155673194,,
BMT155673194,,
BMT3528018,,
BMT155673194,,
BMT203158B,,
BMT155673194,,
BMT203165B,,
BMT203165B,,
BMT119965633,,
BMT152560690,,
BMT152560691,,
BMT211852B,,
BMT211222B,,
BMT119972927,,
BMT211852B,,
BMT211866B,,
BMT119972927,,
BMT119973004,,
BMT211152B,,
BMT119972913,,
BMT211866B,,
BMT211880B,,
BMT119972913,,
BMT211887B,,
BMT211894B,,
BMT211894B,,
BMT119973025,,
BMT212069B,,
BMT212083B,,
BMT212083B,,
BMT212090B,,
BMT212090B,,
BMT169412124,,
BMT169412124,,
BMT212104B,,
BMT212104B,,
BMT212111B,,
BMT214491B,,
BMT168026378,,
BMT214820B,,
BMT213497B,,
BMT119972395,,
BMT214820B,,
BMT119972388,,
BMT119972395,,
BMT119972402,,
BMT214064B,,
BMT119972073,,
BMT119972080,,
BMT214855B,,
BMT119972346,,
BMT214890B,,
BMT215695B,,
BMT119972360,,
BMT214904B,,
BMT214904B,,
BMT214911B,,
BMT214911B,,
BMT214890B,,
BMT214918B,,
BMT319155B,,
BMT214925B,,
BMT214988B,,
BMT214932B,,
BMT214925B,,
BMT170220289,,
BMT214932B,,
BMT170220287,,
BMT170220288,,
BMT119971695,,
BMT119971702,,
BMT214953B,,
BMT170220289,,
BMT214960B,,
BMT214953B,,
BMT190369B,,
BMT150370128,,
BMT151801260,,
BMT151801261,,
BMT190383B,,
BMT119974201,,
BMT151801202,,
BMT150816906,,
BMT190397B,,
BMT190348B,,
BMT151802721,,
BMT190369B,,
BMT119970246,,
BMT190411B,,
BMT190411B,,
BMT190397B,,
BMT190418B,,
BMT159398327,,
BMT190425B,,
BMT159398329,,
BMT159398329,,
BMT119970246,,
BMT150816906,,
BMT190383B,,
BMT190530B,,
BMT172029686,,
BMT172029686,,
BMT190558B,,
BMT193603B,,
BMT159398257,,
BMT167305385,,
BMT193652B,,
BMT193645B,,
BMT167305388,,
BMT193652B,,
BMT193645B,,
BMT193666B,,
BMT167305385,,
BMT193680B,,
BMT193666B,,
BMT165518225,,
BMT165518227,,
BMT165518227,,
BMT165518230,,
BMT165518227,,
BMT195857B,,
BMT195857B,,
BMT195878B,,
BMT165518228,,
BMT165518225,,
BMT195878B,,
BMT119974033,,
BMT195892B,,
BMT165518228,,
BMT119974033,,
BMT195913B,,
BMT119974061,,
BMT119974068,,
BMT195913B,,
BMT197642B,,
BMT195927B,,
BMT195892B,,
BMT198853B,,
BMT198832B,,
BMT198860B,,
BMT198853B,,
BMT198860B,,
BMT198867B,,
BMT198860B,,
BMT198874B,,
BMT199189B,,
BMT165433452,,
BMT165433457,,
BMT165433456,,
BMT201310B,,
BMT119973732,,
BMT135027617,,
BMT201310B,,
BMT135027624,,
BMT135027617,,
BMT213490B,,
BMT213483B,,
BMT213497B,,
BMT213490B,,
BMT119973536,,
BMT4855708B,,
BMT4855708B,,
BMT4855715B,,
BMT4855715B,,
BMT119973543,,
BMT185161E,,
BMT7810634E,,
BMT7810634E,,
BMT185168E,,
BMT159398252,,
BMT189683B,,
BMT189648B,,
BMT189634B,,
BMT159364821,,
BMT189648B,,
BMT189662B,,
BMT159398333,,
BMT189669B,,
BMT132387847,,
BMT189676B,,
BMT189669B,,
BMT119965388,,
BMT119965451,,
BMT119965458,,
BMT119965465,,
BMT189732B,,
BMT119965388,,
BMT159398327,,
BMT159398328,,
BMT159398327,,
BMT190425B,,
BMT190075B,,
BMT168840760,,
BMT190089B,,
BMT136596359,,
BMT168067576,,
BMT168067577,,
BMT168067577,,
BMT168067578,,
BMT168067577,,
BMT119965367,,
BMT168840759,,
BMT190075B,,
BMT168840759,,
BMT192784B,,
BMT168840759,,
BMT192798B,,
BMT192798B,,
BMT192805B,,
BMT192805B,,
BMT168840761,,
BMT196739B,,
BMT196725B,,
BMT196739B,,
BMT196746B,,
BMT196739B,,
BMT119965486,,
BMT119965479,,
BMT196739B,,
BMT196760B,,
BMT119965479,,
BMT119965493,,
BMT119965500,,
BMT205853B,,
BMT159312387,,
BMT205860B,,
BMT205853B,,
BMT205867B,,
BMT205860B,,
BMT213875B,,
BMT212461B,,
BMT119972899,,
BMT213875B,,
BMT119972892,,
BMT119972899,,
BMT213903B,,
BMT119972885,,
BMT119972878,,
BMT213903B,,
BMT119972416,,
BMT119972423,,
BMT213917B,,
BMT119972416,,
BMT119972423,,
BMT119972430,,
BMT119972430,,
BMT119972437,,
BMT119972430,,
BMT323054B,,
BMT162400323,,
BMT336907B,,
BMT214015B,,
BMT119972381,,
BMT214022B,,
BMT214015B,,
BMT214036B,,
BMT212601B,,
BMT119973039,,
BMT214036B,,
BMT214050B,,
BMT119973039,,
BMT119972409,,
BMT213917B,,
BMT119973032,,
BMT214050B,,
BMT214064B,,
BMT119972409,,
BMT214071B,,
BMT119972339,,
BMT119972339,,
BMT214085B,,
BMT214085B,,
BMT214092B,,
BMT214092B,,
BMT214855B,,
BMT213679B,,
BMT319253B,,
BMT213686B,,
BMT213679B,,
BMT213742B,,
BMT169412127,,
BMT161801239,,
BMT161801240,,
BMT136674339,,
BMT199721B,,
BMT161801240,,
BMT161801241,,
BMT199721B,,
BMT136674332,,
BMT161801241,,
BMT199735B,,
BMT199735B,,
BMT199749B,,
BMT199749B,,
BMT202080B,,
BMT202612B,,
BMT119973585,,
BMT202619B,,
BMT202612B,,
BMT202640B,,
BMT202619B,,
BMT207162B,,
BMT159312391,,
BMT207169B,,
BMT207162B,,
BMT209794B,,
BMT159314215,,
BMT169412122,,
BMT209857B,,
BMT209857B,,
BMT169412123,,
BMT169412123,,
BMT209899B,,
BMT209899B,,
BMT209913B,,
BMT209913B,,
BMT209927B,,
BMT209927B,,
BMT209934B,,
BMT209934B,,
BMT212069B,,
BMT212111B,,
BMT212118B,,
BMT212118B,,
BMT212132B,,
BMT212132B,,
BMT212139B,,
BMT212139B,,
BMT169412125,,
BMT119972906,,
BMT211880B,,
BMT119972906,,
BMT119972920,,
BMT212461B,,
BMT119972906,,
BMT170220288,,
BMT214960B,,
BMT170220288,,
BMT214974B,,
BMT214974B,,
BMT217809B,,
BMT214988B,,
BMT214918B,,
