BMT101708049,,
BMT2800127,,
BMT101708791,,
BMT154414093,,
BMT6742836B,,
BMT113390412,,
BMT150342650,,
BMT150342651,,
BMT150342651,,
BMT101709820,,
BMT101709827,,
BMT2429029B,,
BMT2429001B,,
BMT7050367B,,
BMT2429008B,,
BMT7050367B,,
BMT2428896B,,
BMT7050542B,,
BMT3271717B,,
BMT7050542B,,
BMT6836706B,,
BMT101709869,,
BMT101709869,,
BMT4136630B,,
BMT4136630B,,
BMT101709876,,
BMT150773473,,
BMT2428847B,,
BMT2428847B,,
BMT4136644B,,
BMT4136644B,,
BMT2428840B,,
BMT598186B,,
BMT7051109B,,
BMT598179B,,
BMT7051109B,,
BMT163792031,,
BMT163792206,,
BMT163792206,,
BMT163792205,,
BMT163792206,,
BMT756148B,,
BMT129634920,,
BMT129634927,,
BMT139641854,,
BMT139641861,,
BMT101708840,,
BMT753635B,,
BMT154414092,,
BMT753572B,,
BMT154414092,,
BMT3687412B,,
BMT753572B,,
BMT3305947B,,
BMT139641861,,
BMT139641868,,
BMT139641861,,
BMT3850568B,,
BMT139641875,,
BMT101708742,,
BMT139641875,,
BMT139641882,,
BMT154414091,,
BMT101708777,,
BMT165798657,,
BMT165798658,,
BMT753635B,,
BMT101708847,,
BMT753642B,,
BMT101708889,,
BMT154408210,,
BMT753656B,,
BMT101708889,,
BMT165798659,,
BMT753656B,,
BMT154408211,,
BMT154408211,,
BMT753670B,,
BMT753670B,,
BMT154408212,,
BMT753691B,,
BMT165866052,,
BMT165866052,,
BMT131477677,,
BMT165866052,,
BMT165866054,,
BMT131477698,,
BMT753761B,,
BMT165866054,,
BMT165866055,,
BMT165866055,,
BMT101708672,,
BMT165866055,,
BMT165866056,,
BMT129602328,,
BMT129602335,,
BMT165866056,,
BMT753747B,,
BMT139641847,,
BMT139641854,,
BMT753747B,,
BMT101708679,,
BMT753761B,,
BMT753768B,,
BMT753768B,,
BMT131477705,,
BMT167821677,,
BMT753824B,,
BMT753824B,,
BMT101710464,,
BMT161730795,,
BMT161730796,,
BMT161730795,,
BMT101710422,,
BMT167821676,,
BMT167821677,,
BMT101710478,,
BMT101710485,,
BMT161730796,,
BMT161730797,,
BMT161730797,,
BMT101710436,,
BMT161730797,,
BMT101710443,,
BMT158841450,,
BMT153025103,,
BMT753922B,,
BMT159046932,,
BMT161730791,,
BMT161730792,,
BMT161730792,,
BMT101710380,,
BMT753943B,,
BMT753922B,,
BMT101710380,,
BMT753957B,,
BMT101710772,,
BMT101710779,,
BMT753957B,,
BMT753971B,,
BMT753964B,,
BMT753943B,,
BMT753971B,,
BMT753978B,,
BMT753978B,,
BMT161730793,,
BMT159046931,,
BMT753964B,,
BMT161730793,,
BMT161730794,,
BMT161730794,,
BMT161730795,,
BMT161730794,,
BMT148353629,,
BMT171848958,,
BMT754090B,,
BMT754090B,,
BMT171848959,,
BMT171848960,,
BMT171848961,,
BMT171848959,,
BMT171848960,,
BMT171848959,,
BMT101711087,,
BMT129602335,,
BMT129602342,,
BMT129602342,,
BMT754146B,,
BMT170295088,,
BMT170295089,,
BMT101710331,,
BMT101710338,,
BMT160396559,,
BMT160396560,,
BMT173173642,,
BMT754356B,,
BMT754349B,,
BMT173173634,,
BMT754363B,,
BMT754349B,,
BMT754363B,,
BMT754356B,,
BMT754377B,,
BMT754384B,,
BMT754384B,,
BMT754398B,,
BMT754398B,,
BMT754405B,,
BMT754405B,,
BMT754412B,,
BMT754412B,,
BMT173173641,,
BMT754489B,,
BMT165868207,,
BMT101710317,,
BMT3195305B,,
BMT3195305B,,
BMT3774100B,,
BMT3774100B,,
BMT4027094B,,
BMT754496B,,
BMT754489B,,
BMT754496B,,
BMT101711493,,
BMT754503B,,
BMT159046935,,
BMT754510B,,
BMT754503B,,
BMT754517B,,
BMT754510B,,
BMT754524B,,
BMT754517B,,
BMT101710590,,
BMT754524B,,
BMT101710737,,
BMT101710744,,
BMT754559B,,
BMT101710590,,
BMT754587B,,
BMT754559B,,
BMT2429057B,,
BMT6742836B,,
BMT165868203,,
BMT165868205,,
BMT166283849,,
BMT166283851,,
BMT754958B,,
BMT758038B,,
BMT153181935,,
BMT755182B,,
BMT755182B,,
BMT152960740,,
BMT152960740,,
BMT755210B,,
BMT755210B,,
BMT153181934,,
BMT153181934,,
BMT755231B,,
BMT755231B,,
BMT755245B,,
BMT755245B,,
BMT153181932,,
BMT755322B,,
BMT755385B,,
BMT171848951,,
BMT171848952,,
BMT171848952,,
BMT755357B,,
BMT755357B,,
BMT755378B,,
BMT171848956,,
BMT101711101,,
BMT755378B,,
BMT171848953,,
BMT755385B,,
BMT171848956,,
BMT171848953,,
BMT171848955,,
BMT755399B,,
BMT755322B,,
BMT171848955,,
BMT755399B,,
BMT171848955,,
BMT171848957,,
BMT171848957,,
BMT171848958,,
BMT165798659,,
BMT755469B,,
BMT755469B,,
BMT165798660,,
BMT165798660,,
BMT165798661,,
BMT165798661,,
BMT101708917,,
BMT101708938,,
BMT101708945,,
BMT153025103,,
BMT755539B,,
BMT162538515,,
BMT162538516,,
BMT755539B,,
BMT755546B,,
BMT755546B,,
BMT101710506,,
BMT158841451,,
BMT158841452,,
BMT158841452,,
BMT158841453,,
BMT158841452,,
BMT755581B,,
BMT755581B,,
BMT158841454,,
BMT158841454,,
BMT158841455,,
BMT158841454,,
BMT755609B,,
BMT755609B,,
BMT151765111,,
BMT151765111,,
BMT158841456,,
BMT158841456,,
BMT158841457,,
BMT755714B,,
BMT129593543,,
BMT755742B,,
BMT755714B,,
BMT129593529,,
BMT755742B,,
BMT129593529,,
BMT757366B,,
BMT755756B,,
BMT129593529,,
BMT160707568,,
BMT756036B,,
BMT160707568,,
BMT756043B,,
BMT756036B,,
BMT160707569,,
BMT756043B,,
BMT757261B,,
BMT160707569,,
BMT756057B,,
BMT756057B,,
BMT2601873B,,
BMT166283846,,
BMT166283847,,
BMT166283846,,
BMT101711346,,
BMT166283848,,
BMT3185701B,,
BMT101709001,,
BMT101708994,,
BMT761706B,,
BMT101708994,,
BMT153754659,,
BMT3274174B,,
BMT160426279,,
BMT7287184B,,
BMT7287184B,,
BMT160426280,,
BMT129593557,,
BMT757359B,,
BMT757359B,,
BMT129593571,,
BMT154287724,,
BMT2600389B,,
BMT2600389B,,
BMT2600396B,,
BMT2600396B,,
BMT2600403B,,
BMT2600403B,,
BMT154287723,,
BMT757905B,,
BMT173173636,,
BMT757912B,,
BMT757520B,,
BMT173173635,,
BMT757772B,,
BMT173173635,,
BMT757786B,,
BMT173173635,,
BMT757912B,,
BMT129593522,,
BMT755756B,,
BMT129593522,,
BMT757933B,,
BMT757933B,,
BMT757947B,,
BMT757940B,,
BMT129593522,,
BMT757947B,,
BMT129593536,,
BMT165868203,,
BMT758465B,,
BMT757989B,,
BMT165868203,,
BMT165868204,,
BMT757989B,,
BMT129593515,,
BMT757940B,,
BMT101711507,,
BMT165868204,,
BMT165868206,,
BMT101711507,,
BMT758017B,,
BMT165868206,,
BMT758024B,,
BMT758017B,,
BMT758038B,,
BMT758024B,,
BMT758080B,,
BMT101710856,,
BMT758094B,,
BMT758080B,,
BMT758115B,,
BMT758094B,,
BMT758136B,,
BMT758115B,,
BMT155720474,,
BMT758136B,,
BMT155720477,,
BMT155720474,,
BMT101709638,,
BMT101709645,,
BMT101709645,,
BMT3964969B,,
BMT3634191B,,
BMT7568850B,,
BMT7568850B,,
BMT101709652,,
BMT3353855B,,
BMT7568976B,,
BMT3333443B,,
BMT7568976B,,
BMT101709687,,
BMT7568983B,,
BMT3040171B,,
BMT7568983B,,
BMT3040171B,,
BMT7568997B,,
BMT7568997B,,
BMT3040178B,,
BMT3040178B,,
BMT7569004B,,
BMT3040185B,,
BMT7569004B,,
BMT3583175B,,
BMT7569039B,,
BMT7569039B,,
BMT3583189B,,
BMT3583189B,,
BMT7569053B,,
BMT3583203B,,
BMT7569053B,,
BMT3583203B,,
BMT7569088B,,
BMT3583217B,,
BMT7569095B,,
BMT7569088B,,
BMT7569095B,,
BMT3583287B,,
BMT164913023,,
BMT6095420B,,
BMT6095427B,,
BMT6095427B,,
BMT6095434B,,
BMT6095434B,,
BMT6095441B,,
BMT6095441B,,
BMT6095448B,,
BMT6095448B,,
BMT6095455B,,
BMT6095455B,,
BMT6095462B,,
BMT6095462B,,
BMT6095497B,,
BMT6095497B,,
BMT6095504B,,
BMT6095504B,,
BMT101710058,,
BMT153499605,,
BMT159833853,,
BMT756680B,,
BMT756673B,,
BMT173173638,,
BMT756680B,,
BMT173173638,,
BMT173173640,,
BMT756694B,,
BMT173173638,,
BMT756708B,,
BMT756694B,,
BMT133501020,,
BMT756708B,,
BMT133501020,,
BMT756736B,,
BMT133501167,,
BMT756743B,,
BMT756736B,,
BMT754377B,,
BMT756743B,,
BMT756757B,,
BMT756757B,,
BMT133501174,,
BMT756785B,,
BMT758549B,,
BMT155720470,,
BMT756519B,,
BMT155720470,,
BMT155720469,,
BMT756820B,,
BMT155720473,,
BMT155720472,,
BMT155720470,,
BMT155720472,,
BMT756820B,,
BMT756834B,,
BMT155720472,,
BMT756855B,,
BMT155720477,,
BMT756862B,,
BMT155720480,,
BMT155720478,,
BMT756855B,,
BMT155720478,,
BMT756862B,,
BMT756876B,,
BMT155720478,,
BMT155720481,,
BMT756876B,,
BMT155720481,,
BMT757639B,,
BMT155720481,,
BMT757646B,,
BMT166283854,,
BMT166283856,,
BMT166283854,,
BMT756925B,,
BMT756925B,,
BMT166283857,,
BMT756932B,,
BMT166283854,,
BMT101711360,,
BMT756967B,,
BMT101711416,,
BMT101711423,,
BMT756967B,,
BMT166283843,,
BMT757002B,,
BMT2602524B,,
BMT757016B,,
BMT757002B,,
BMT757044B,,
BMT757016B,,
BMT757079B,,
BMT159046937,,
BMT757065B,,
BMT159046937,,
BMT757065B,,
BMT757044B,,
BMT159046935,,
BMT130288482,,
BMT160178492,,
BMT160178497,,
BMT757086B,,
BMT757079B,,
BMT159046936,,
BMT757086B,,
BMT757100B,,
BMT159046936,,
BMT757107B,,
BMT757100B,,
BMT159046935,,
BMT757107B,,
BMT3986319B,,
BMT4142783B,,
BMT159046935,,
BMT101710618,,
BMT754755B,,
BMT7550363B,,
BMT7550363B,,
BMT101708532,,
BMT101708777,,
BMT7550426B,,
BMT7550426B,,
BMT154414092,,
BMT160178499,,
BMT160178500,,
BMT160178497,,
BMT160178499,,
BMT160178500,,
BMT757170B,,
BMT757170B,,
BMT757177B,,
BMT757177B,,
BMT2601754B,,
BMT148386634,,
BMT148386635,,
BMT148386635,,
BMT148386636,,
BMT757261B,,
BMT757268B,,
BMT757268B,,
BMT757282B,,
BMT757282B,,
BMT160707570,,
BMT757366B,,
BMT757380B,,
BMT129593557,,
BMT758318B,,
BMT757380B,,
BMT129593550,,
BMT129593550,,
BMT757408B,,
BMT757401B,,
BMT129593557,,
BMT757408B,,
BMT757415B,,
BMT757415B,,
BMT757401B,,
BMT173173639,,
BMT757492B,,
BMT757492B,,
BMT757499B,,
BMT757506B,,
BMT757499B,,
BMT173173637,,
BMT756673B,,
BMT173173637,,
BMT757506B,,
BMT757520B,,
BMT173173637,,
BMT163792207,,
BMT757527B,,
BMT163792207,,
BMT757541B,,
BMT757541B,,
BMT163792209,,
BMT163792209,,
BMT101708511,,
BMT165570830,,
BMT757562B,,
BMT757562B,,
BMT757569B,,
BMT757569B,,
BMT165570831,,
BMT101710856,,
BMT756834B,,
BMT170054598,,
BMT170054599,,
BMT757639B,,
BMT155720482,,
BMT757646B,,
BMT155720483,,
BMT757660B,,
BMT155720481,,
BMT757667B,,
BMT757660B,,
BMT757674B,,
BMT757667B,,
BMT166283853,,
BMT756932B,,
BMT166283853,,
BMT757688B,,
BMT757688B,,
BMT166283855,,
BMT757744B,,
BMT166283844,,
BMT166283852,,
BMT166283853,,
BMT166283844,,
BMT101711360,,
BMT757772B,,
BMT757905B,,
BMT757800B,,
BMT757821B,,
BMT757807B,,
BMT757786B,,
BMT757821B,,
BMT757828B,,
BMT757835B,,
BMT757807B,,
BMT173173632,,
BMT757828B,,
BMT173173632,,
BMT757856B,,
BMT101711661,,
BMT101711668,,
BMT170054599,,
BMT170054600,,
BMT170054600,,
BMT3972781B,,
BMT3972781B,,
BMT158876393,,
BMT158876393,,
BMT7169192B,,
BMT101710744,,
BMT101710751,,
BMT101710751,,
BMT754580B,,
BMT754580B,,
BMT754608B,,
BMT754608B,,
BMT754636B,,
BMT101710751,,
BMT754573B,,
BMT754636B,,
BMT101710758,,
BMT754573B,,
BMT754594B,,
BMT754594B,,
BMT101710765,,
BMT101709008,,
BMT101709015,,
BMT148386635,,
BMT2581468B,,
BMT2581468B,,
BMT3331168B,,
BMT3331168B,,
BMT148386637,,
BMT148386636,,
BMT148386638,,
BMT148386638,,
BMT757191B,,
BMT757191B,,
BMT757184B,,
BMT757184B,,
BMT4093762B,,
BMT4093762B,,
BMT148386639,,
BMT148386638,,
BMT757205B,,
BMT757205B,,
BMT757219B,,
BMT757219B,,
BMT148386640,,
BMT6525115B,,
BMT101710219,,
BMT101710226,,
BMT101710233,,
BMT762007B,,
BMT153754664,,
BMT762007B,,
BMT763106B,,
BMT153754664,,
BMT762021B,,
BMT762021B,,
BMT762028B,,
BMT762028B,,
BMT762042B,,
BMT762035B,,
BMT153754666,,
BMT762042B,,
BMT762035B,,
BMT153754666,,
BMT153754667,,
BMT762217B,,
BMT762224B,,
BMT762224B,,
BMT762231B,,
BMT762231B,,
BMT762238B,,
BMT762238B,,
BMT101709757,,
BMT763050B,,
BMT153754661,,
BMT763057B,,
BMT763050B,,
BMT153754660,,
BMT763057B,,
BMT153754660,,
BMT763505B,,
BMT763071B,,
BMT763078B,,
BMT763078B,,
BMT153754660,,
BMT101709015,,
BMT101709022,,
BMT101709015,,
BMT101709029,,
BMT101709036,,
BMT101709043,,
BMT763113B,,
BMT763106B,,
BMT763120B,,
BMT153754663,,
BMT158841453,,
BMT121370874,,
BMT121370881,,
BMT121370888,,
BMT170120150,,
BMT170120151,,
BMT170120151,,
BMT3565402B,,
BMT3565402B,,
BMT170120152,,
BMT101709862,,
BMT6836678B,,
BMT6836678B,,
BMT6836706B,,
BMT599313B,,
BMT6837406B,,
BMT596863B,,
BMT6837406B,,
BMT596856B,,
BMT6837490B,,
BMT101709925,,
BMT6837490B,,
BMT154408212,,
BMT6525115B,,
BMT153181931,,
BMT101708581,,
BMT153181931,,
BMT151218505,,
BMT163893350,,
BMT163893351,,
BMT163893351,,
BMT753341B,,
BMT163893351,,
BMT151219205,,
BMT753341B,,
BMT163893352,,
BMT163893352,,
BMT163893353,,
BMT163893353,,
BMT101708616,,
BMT753362B,,
BMT163893355,,
BMT101708630,,
BMT165866051,,
BMT165866051,,
BMT753691B,,
BMT165866051,,
BMT131477775,,
BMT165866051,,
BMT165866053,,
BMT130008496,,
BMT130008503,,
BMT753467B,,
BMT753460B,,
BMT130008482,,
BMT753467B,,
BMT163792168,,
BMT101708385,,
BMT163792168,,
BMT101708392,,
BMT163792168,,
BMT753495B,,
BMT160707567,,
BMT160707568,,
BMT753495B,,
BMT163792167,,
BMT163792167,,
BMT753509B,,
BMT753509B,,
BMT163792166,,
BMT153754663,,
BMT763113B,,
BMT153754663,,
BMT763141B,,
BMT763134B,,
BMT763120B,,
BMT763141B,,
BMT153754665,,
BMT149819230,,
BMT149819231,,
BMT763463B,,
BMT763134B,,
BMT763470B,,
BMT763463B,,
BMT763477B,,
BMT763470B,,
BMT153754662,,
BMT763477B,,
BMT763491B,,
BMT153754662,,
BMT763498B,,
BMT763491B,,
BMT763505B,,
BMT763498B,,
BMT2474606B,,
BMT116784796,,
BMT3412067B,,
BMT116784796,,
BMT160423424,,
BMT160423425,,
BMT160423425,,
BMT2601075B,,
BMT2601075B,,
BMT3415455B,,
BMT3415455B,,
BMT3415469B,,
BMT3415469B,,
BMT7857152B,,
BMT7857152B,,
BMT3415462B,,
BMT3415462B,,
BMT160423426,,
BMT753460B,,
BMT130008489,,
BMT130008496,,
BMT130008489,,
BMT153181933,,
BMT755217B,,
BMT755217B,,
BMT755203B,,
BMT6134522B,,
BMT154990434,,
BMT148353632,,
BMT6378199B,,
BMT6378199B,,
BMT148353633,,
BMT170295089,,
BMT101710310,,
BMT101710310,,
BMT101710317,,
BMT101710345,,
BMT101710352,,
BMT167821677,,
BMT753810B,,
BMT753810B,,
BMT753803B,,
BMT753803B,,
BMT3564786B,,
BMT3564786B,,
BMT167821678,,
BMT2601803B,,
BMT160178503,,
BMT160178502,,
BMT3125802B,,
BMT3125802B,,
BMT3125809B,,
BMT3125809B,,
BMT160178504,,
BMT759074B,,
BMT759081B,,
BMT759081B,,
BMT759095B,,
BMT101709750,,
BMT762217B,,
BMT759095B,,
BMT759102B,,
BMT759102B,,
BMT170846248,,
BMT170846248,,
BMT759116B,,
BMT759116B,,
BMT759123B,,
BMT759123B,,
BMT759130B,,
BMT759130B,,
BMT759137B,,
BMT759137B,,
BMT759144B,,
BMT759144B,,
BMT759151B,,
BMT759151B,,
BMT593146B,,
BMT759928B,,
BMT759935B,,
BMT759935B,,
BMT759942B,,
BMT759942B,,
BMT759949B,,
BMT759949B,,
BMT759956B,,
BMT759956B,,
BMT759963B,,
BMT759963B,,
BMT759970B,,
BMT759970B,,
BMT170846246,,
BMT170846246,,
BMT759984B,,
BMT759984B,,
BMT759991B,,
BMT759991B,,
BMT759998B,,
BMT759998B,,
BMT759046B,,
BMT165570832,,
BMT104742633,,
BMT155279286,,
BMT166325176,,
BMT159046937,,
BMT8078947B,,
BMT8078947B,,
BMT2602608B,,
BMT2602608B,,
BMT8083672B,,
BMT8083672B,,
BMT8083679B,,
BMT8083679B,,
BMT159046939,,
BMT167822980,,
BMT1723170B,,
BMT1723170B,,
BMT1723191B,,
BMT1723191B,,
BMT167822983,,
BMT114858354,,
BMT131150007,,
BMT165561375,,
BMT165561376,,
BMT2438787B,,
BMT8706525B,,
BMT8706525B,,
BMT165561375,,
BMT148353633,,
BMT148353592,,
BMT148353595,,
BMT148353596,,
BMT154414093,,
BMT3821217B,,
BMT3821217B,,
BMT154414094,,
BMT756092B,,
BMT166283848,,
BMT756099B,,
BMT756092B,,
BMT756113B,,
BMT756099B,,
BMT756113B,,
BMT166283849,,
BMT166283849,,
BMT166283850,,
BMT101708483,,
BMT166283850,,
BMT756148B,,
BMT163792207,,
BMT173173629,,
BMT756274B,,
BMT173173629,,
BMT756358B,,
BMT756274B,,
BMT173173630,,
BMT159833854,,
BMT3228597B,,
BMT173173628,,
BMT173173629,,
BMT756358B,,
BMT756379B,,
BMT756386B,,
BMT756379B,,
BMT173173631,,
BMT756386B,,
BMT173173631,,
BMT756414B,,
BMT756414B,,
BMT756421B,,
BMT756421B,,
BMT757800B,,
BMT756484B,,
BMT155720471,,
BMT756512B,,
BMT756484B,,
BMT756519B,,
BMT756512B,,
BMT165578322,,
BMT165578323,,
BMT165578327,,
BMT165578328,,
BMT165578328,,
BMT165578329,,
BMT165578324,,
BMT165578323,,
BMT165578324,,
BMT7896814B,,
BMT7896814B,,
BMT7896835B,,
BMT7896835B,,
BMT7896786B,,
BMT7896786B,,
BMT7896863B,,
BMT165578330,,
BMT165578331,,
BMT165578331,,
BMT165578332,,
BMT114858354,,
BMT128033285,,
BMT165578329,,
BMT7896814C,,
BMT7896814C,,
BMT7896835C,,
BMT7896835C,,
BMT7896786C,,
BMT7896786C,,
BMT165578330,,
BMT163594381,,
BMT150503463,,
BMT163596182,,
BMT163596183,,
BMT150503463,,
BMT163594380,,
BMT163593653,,
BMT163593652,,
BMT163593652,,
BMT8776260B,,
BMT8776260B,,
BMT8776261B,,
BMT8776261B,,
BMT163593651,,
BMT163593651,,
BMT163593650,,
BMT150505205,,
BMT8776232B,,
BMT8776232B,,
BMT8776235B,,
BMT8776235B,,
BMT163810561,,
BMT163810561,,
BMT8776239B,,
BMT8776239B,,
BMT8776241B,,
BMT8776241B,,
BMT8776245B,,
BMT8776245B,,
BMT8776247B,,
BMT8776247B,,
BMT163810560,,
BMT163810560,,
BMT8776250B,,
BMT8776250B,,
BMT150513860,,
BMT150513860,,
BMT150506811,,
BMT150507255,,
BMT150507256,,
BMT163586424,,
BMT163586423,,
BMT163596184,,
BMT8776431B,,
BMT3300998B,,
BMT8776431B,,
BMT163586423,,
BMT8769748B,,
BMT8769751B,,
BMT8776477B,,
BMT8769755B,,
BMT8776477B,,
BMT8769755B,,
BMT8776479B,,
BMT8776479B,,
BMT8776481B,,
BMT8769761B,,
BMT8776496B,,
BMT8776496B,,
BMT8776497B,,
BMT8776497B,,
BMT8776500B,,
BMT8776500B,,
BMT8776501B,,
BMT8776501B,,
BMT8776502B,,
BMT8776502B,,
BMT8776503B,,
BMT8776503B,,
BMT8776504B,,
BMT8776504B,,
BMT8769762B,,
BMT8769762B,,
BMT8776512B,,
BMT8776512B,,
BMT163811933,,
BMT163811933,,
BMT150534887,,
BMT3300998B,,
BMT8776589B,,
BMT8776589B,,
BMT150521476,,
BMT163598031,,
BMT8776605B,,
BMT8776605B,,
BMT163598032,,
BMT163598032,,
BMT150522426,,
BMT163598033,,
BMT150262682,,
BMT170995820,,
BMT170995819,,
BMT170995817,,
BMT170995818,,
BMT170995819,,
BMT170995818,,
BMT8849479B,,
BMT165866057,,
BMT166283843,,
BMT153664569,,
BMT165868208,,
BMT756988B,,
BMT756988B,,
BMT3679278B,,
BMT3679278B,,
BMT3023875B,,
BMT3023875B,,
BMT754468B,,
BMT754468B,,
BMT754475B,,
BMT754475B,,
BMT165868207,,
BMT166325174,,
BMT8972357B,,
BMT8972357B,,
BMT8972358B,,
BMT8972358B,,
BMT8972362B,,
BMT3752603B,,
BMT8972392B,,
BMT8972392B,,
BMT3752589B,,
BMT3752589B,,
BMT8972394B,,
BMT8972394B,,
BMT3752568B,,
BMT3752568B,,
BMT8972414B,,
BMT8972414B,,
BMT3752540B,,
BMT3752540B,,
BMT8972877B,,
BMT8972877B,,
BMT3752533B,,
BMT3752533B,,
BMT8972882B,,
BMT8972882B,,
BMT3752526B,,
BMT3752526B,,
BMT8972894B,,
BMT8972894B,,
BMT3752519B,,
BMT3752519B,,
BMT8972907B,,
BMT8972907B,,
BMT3752512B,,
BMT3752470B,,
BMT8972908B,,
BMT757849B,,
BMT757835B,,
BMT757856B,,
BMT173173633,,
BMT173173633,,
BMT173173634,,
BMT173173633,,
BMT757849B,,
BMT154287729,,
BMT3712955B,,
BMT3712955B,,
BMT154287730,,
BMT171848958,,
BMT150793262,,
BMT160647686,,
BMT3152633B,,
BMT3152633B,,
BMT3152640B,,
BMT3152640B,,
BMT160647687,,
BMT2600410B,,
BMT3533685B,,
BMT3533685B,,
BMT3651481B,,
BMT3651481B,,
BMT3533692B,,
BMT3533692B,,
BMT3533706B,,
BMT3533706B,,
BMT3997547B,,
BMT165230977,,
BMT8864881B,,
BMT8864881B,,
BMT163778996,,
BMT165231140,,
BMT152964408,,
BMT8847182B,,
BMT153489349,,
BMT165231140,,
BMT8864914B,,
BMT166721622,,
BMT166721621,,
BMT166721621,,
BMT8847210B,,
BMT8847241B,,
BMT7759838B,,
BMT7759838B,,
BMT7759845B,,
BMT7759845B,,
BMT7759880B,,
BMT7759880B,,
BMT7759950B,,
BMT7759950B,,
BMT8847244B,,
BMT8847244B,,
BMT7759936B,,
BMT153499681,,
BMT153499682,,
BMT153499682,,
BMT153499683,,
BMT3997547B,,
BMT8865208B,,
BMT8788600B,,
BMT8865208B,,
BMT163146006,,
BMT8868996B,,
BMT8868996B,,
BMT8868999B,,
BMT8868999B,,
BMT8869001B,,
BMT8869001B,,
BMT8869011B,,
BMT8869011B,,
BMT8869028B,,
BMT8869028B,,
BMT8869029B,,
BMT8869029B,,
BMT8869030B,,
BMT8869030B,,
BMT8869031B,,
BMT8869031B,,
BMT8869032B,,
BMT8869032B,,
BMT8869033B,,
BMT8869033B,,
BMT8869034B,,
BMT8869034B,,
BMT8869035B,,
BMT8869035B,,
BMT163146007,,
BMT165231141,,
BMT8906706B,,
BMT8906706B,,
BMT165231140,,
BMT171848959,,
BMT159040780,,
BMT159040782,,
BMT3576112B,,
BMT3576112B,,
BMT3582755B,,
BMT3582755B,,
BMT3576133B,,
BMT3576133B,,
BMT159040501,,
BMT159040808,,
BMT159040809,,
BMT159046932,,
BMT7550062B,,
BMT7550062B,,
BMT8066277B,,
BMT754615B,,
BMT754587B,,
BMT754643B,,
BMT754615B,,
BMT754664B,,
BMT754643B,,
BMT159046932,,
BMT754664B,,
BMT159046932,,
BMT2602244B,,
BMT165570831,,
BMT754741B,,
BMT165570831,,
BMT165570832,,
BMT754741B,,
BMT754755B,,
BMT153481432,,
BMT754846B,,
BMT754839B,,
BMT165230977,,
BMT754846B,,
BMT754839B,,
BMT754895B,,
BMT3986312B,,
BMT151225152,,
BMT754895B,,
BMT151225152,,
BMT155720484,,
BMT159182248,,
BMT3986319B,,
BMT754909B,,
BMT155720484,,
BMT153181932,,
BMT754930B,,
BMT153181932,,
BMT153181933,,
BMT153181932,,
BMT129630741,,
BMT155720485,,
BMT754909B,,
BMT754930B,,
BMT3713858B,,
BMT168669352,,
BMT7688102B,,
BMT7688102B,,
BMT7688109B,,
BMT7688109B,,
BMT101708147,,
BMT101711724,,
BMT101711731,,
BMT101711738,,
BMT101711745,,
BMT154287726,,
BMT3972655B,,
BMT3972655B,,
BMT2600620B,,
BMT2600620B,,
BMT2600627B,,
BMT2600627B,,
BMT2600634B,,
BMT2600634B,,
BMT154287728,,
BMT150342648,,
BMT150342649,,
BMT150342649,,
BMT150342650,,
BMT159046937,,
BMT757072B,,
BMT757072B,,
BMT159046938,,
BMT166283845,,
BMT8845853B,,
BMT8845853B,,
BMT757744B,,
BMT166283846,,
BMT8847093B,,
BMT8847093B,,
BMT166283845,,
BMT165231140,,
BMT8847182B,,
BMT8847210B,,
BMT152965092,,
BMT165436114,,
BMT8847241B,,
BMT165436117,,
BMT8847261B,,
BMT8847325B,,
BMT8847326B,,
BMT3156840B,,
BMT160426273,,
BMT2438626B,,
BMT3752785B,,
BMT165798760,,
BMT6525304B,,
BMT6525304B,,
BMT165798761,,
BMT165798943,,
BMT165798944,,
BMT3752176C,,
BMT166325182,,
BMT170120151,,
BMT3713795B,,
BMT3713795B,,
BMT3713802B,,
BMT3713802B,,
BMT170120153,,
BMT4027094B,,
BMT170295090,,
BMT898115B,,
BMT898122B,,
BMT755203B,,
BMT153181936,,
BMT154287723,,
BMT2600410B,,
BMT170995812,,
BMT150534867,,
BMT163594380,,
BMT150505170,,
BMT8769748B,,
BMT163586422,,
BMT163586422,,
BMT163586421,,
BMT150514605,,
BMT8769752B,,
BMT8769752B,,
BMT8769751B,,
BMT8769756B,,
BMT8769759B,,
BMT8769759B,,
BMT8769761B,,
BMT163097800,,
BMT7549929B,,
BMT7549929B,,
BMT7549936B,,
BMT7549936B,,
BMT7549943B,,
BMT7549943B,,
BMT163097801,,
BMT163097801,,
BMT7549957B,,
BMT7549957B,,
BMT163097802,,
BMT162538516,,
BMT162538517,,
BMT165866056,,
BMT8849479B,,
BMT166325176,,
BMT166325177,,
BMT8847325B,,
BMT166325175,,
BMT166325175,,
BMT166325176,,
BMT171848952,,
BMT9006879B,,
BMT9006879B,,
BMT3520567B,,
BMT3520567B,,
BMT171848954,,
BMT1721308B,,
BMT1719649B,,
BMT1721308B,,
BMT1721322B,,
BMT1721322B,,
BMT164011302,,
BMT1721336B,,
BMT164011304,,
BMT164011304,,
BMT164011305,,
BMT164011305,,
BMT1721357B,,
BMT1721357B,,
BMT1721364B,,
BMT1721364B,,
BMT1721371B,,
BMT1721371B,,
BMT1721378B,,
BMT1721378B,,
BMT1721385B,,
BMT1721385B,,
BMT164011306,,
BMT164011306,,
BMT164011307,,
BMT164011307,,
BMT101711969,,
BMT164011307,,
BMT1721560B,,
BMT1721560B,,
BMT164011308,,
BMT1721658B,,
BMT167181664,,
BMT1721665B,,
BMT1721658B,,
BMT1721672B,,
BMT1721665B,,
BMT1721679B,,
BMT1721672B,,
BMT1721686B,,
BMT1721679B,,
BMT1721693B,,
BMT1721686B,,
BMT167181663,,
BMT1721693B,,
BMT167181663,,
BMT167181665,,
BMT1721861B,,
BMT167181663,,
BMT1721868B,,
BMT1721861B,,
BMT1721875B,,
BMT1721868B,,
BMT1721882B,,
BMT1721875B,,
BMT167181662,,
BMT1721882B,,
BMT167822984,,
BMT101712151,,
BMT167822984,,
BMT1722442B,,
BMT1721959B,,
BMT101712305,,
BMT8972908B,,
BMT3752512B,,
BMT3752470B,,
BMT8972912B,,
BMT166325173,,
BMT8972912B,,
BMT3752757B,,
BMT166325172,,
BMT166325172,,
BMT166325173,,
BMT3752764B,,
BMT8973111B,,
BMT8973111B,,
BMT3752757B,,
BMT3752771B,,
BMT8975449B,,
BMT8975449B,,
BMT3752764B,,
BMT3752778B,,
BMT8975450B,,
BMT8975450B,,
BMT3752771B,,
BMT3752785B,,
BMT8975451B,,
BMT8975451B,,
BMT3752778B,,
BMT4142783B,,
BMT4160143B,,
BMT101710814,,
BMT159182249,,
BMT165016133,,
BMT165016135,,
BMT165016135,,
BMT3266068B,,
BMT165016135,,
BMT9090779B,,
BMT9090779B,,
BMT165016137,,
BMT8769756B,,
BMT8776481B,,
BMT163598032,,
BMT163598033,,
BMT101710464,,
BMT167821679,,
BMT167822978,,
BMT9237378B,,
BMT9237378B,,
BMT167822979,,
BMT1719264B,,
BMT1719271B,,
BMT1719271B,,
BMT1719285B,,
BMT1719285B,,
BMT1719292B,,
BMT1719292B,,
BMT101711836,,
BMT101711836,,
BMT101711843,,
BMT101711843,,
BMT101711850,,
BMT101711850,,
BMT1719334B,,
BMT101711857,,
BMT1719334B,,
BMT101711857,,
BMT1719348B,,
BMT1719348B,,
BMT1719656B,,
BMT101711892,,
BMT101711899,,
BMT1719565B,,
BMT101711892,,
BMT101711878,,
BMT1719565B,,
BMT1719579B,,
BMT101711878,,
BMT101711871,,
BMT1719579B,,
BMT101711871,,
BMT101711885,,
BMT164011300,,
BMT164011301,,
BMT164011301,,
BMT1719642B,,
BMT1719628B,,
BMT101711864,,
BMT1719642B,,
BMT1719649B,,
BMT1719656B,,
BMT1719628B,,
BMT1719943B,,
BMT163870164,,
BMT1719964B,,
BMT1719943B,,
BMT163870162,,
BMT1719964B,,
BMT163870161,,
BMT163870162,,
BMT163870161,,
BMT1719999B,,
BMT1719999B,,
BMT1720013B,,
BMT1720006B,,
BMT163870161,,
BMT1720013B,,
BMT163870163,,
BMT163870160,,
BMT1720006B,,
BMT166322565,,
BMT101712018,,
BMT1721973B,,
BMT1721959B,,
BMT101712298,,
BMT1721973B,,
BMT1721994B,,
BMT101712298,,
BMT1722008B,,
BMT1721994B,,
BMT1722022B,,
BMT1722008B,,
BMT1722036B,,
BMT1722022B,,
BMT101712291,,
BMT1722036B,,
BMT1722050B,,
BMT101712291,,
BMT1722057B,,
BMT1722050B,,
BMT1722064B,,
BMT1722057B,,
BMT1722071B,,
BMT1722064B,,
BMT101712284,,
BMT1722071B,,
BMT1722260B,,
BMT165866170,,
BMT1722267B,,
BMT1722260B,,
BMT1722274B,,
BMT1722267B,,
BMT1722281B,,
BMT1722274B,,
BMT1722288B,,
BMT1722281B,,
BMT165866169,,
BMT1722288B,,
BMT165866169,,
BMT101711808,,
BMT1722407B,,
BMT167822985,,
BMT1722414B,,
BMT1722407B,,
BMT167822985,,
BMT1722435B,,
BMT1722428B,,
BMT1722414B,,
BMT1722435B,,
BMT167822986,,
BMT1722442B,,
BMT1722428B,,
BMT167822986,,
BMT101712172,,
BMT158827958,,
BMT158827959,,
BMT158827959,,
BMT158827960,,
BMT158827960,,
BMT1723422B,,
BMT158827960,,
BMT1723947B,,
BMT168669350,,
BMT1722687B,,
BMT1722687B,,
BMT101708119,,
BMT165866037,,
BMT101711759,,
BMT165866165,,
BMT1722708B,,
BMT1722708B,,
BMT165866166,,
BMT165866166,,
BMT165866167,,
BMT165866167,,
BMT1722729B,,
BMT1722729B,,
BMT1722736B,,
BMT1722736B,,
BMT165866168,,
BMT165866168,,
BMT165866169,,
BMT1723135B,,
BMT167822984,,
BMT1723142B,,
BMT167822981,,
BMT167822982,,
BMT1723135B,,
BMT167822980,,
BMT1723142B,,
BMT167822980,,
BMT167822982,,
BMT1723177B,,
BMT167822980,,
BMT1723198B,,
BMT1723177B,,
BMT1723422B,,
BMT1723429B,,
BMT1723429B,,
BMT158827961,,
BMT2428532B,,
BMT596793B,,
BMT2428532B,,
BMT3264038B,,
BMT2428539B,,
BMT160588653,,
BMT2428546B,,
BMT2428553B,,
BMT2428553B,,
BMT2428560B,,
BMT2428560B,,
BMT2781563B,,
BMT2428567B,,
BMT597038B,,
BMT2428574B,,
BMT2428581B,,
BMT2428574B,,
BMT4137218B,,
BMT2428588B,,
BMT4137211B,,
BMT2428595B,,
BMT4137183B,,
BMT2428602B,,
BMT4137113B,,
BMT2428609B,,
BMT4137043B,,
BMT2428616B,,
BMT150773475,,
BMT2428623B,,
BMT4136952B,,
BMT2428630B,,
BMT4136945B,,
BMT2428637B,,
BMT3271661B,,
BMT2428644B,,
BMT4136931B,,
BMT2428651B,,
BMT4136868B,,
BMT2428658B,,
BMT2428665B,,
BMT2428658B,,
BMT4136861B,,
BMT2428665B,,
BMT2428672B,,
BMT2428672B,,
BMT2428679B,,
BMT2428679B,,
BMT2428686B,,
BMT2428686B,,
BMT2428693B,,
BMT2428700B,,
BMT4136819B,,
BMT2428707B,,
BMT4136805B,,
BMT2428714B,,
BMT2428721B,,
BMT2428714B,,
BMT4136784B,,
BMT2428721B,,
BMT2428728B,,
BMT2428735B,,
BMT150773474,,
BMT2428742B,,
BMT2428749B,,
BMT2428742B,,
BMT3271654B,,
BMT2428756B,,
BMT2428763B,,
BMT2428756B,,
BMT4136721B,,
BMT2428770B,,
BMT2428777B,,
BMT2428770B,,
BMT4136714B,,
BMT2428784B,,
BMT2428791B,,
BMT2428784B,,
BMT4136679B,,
BMT2428791B,,
BMT2428798B,,
BMT2428798B,,
BMT2428805B,,
BMT2428805B,,
BMT2428812B,,
BMT2428819B,,
BMT4136672B,,
BMT2428826B,,
BMT4136665B,,
BMT2428833B,,
BMT4136658B,,
BMT2428840B,,
BMT4136651B,,
BMT101710051,,
BMT6095420B,,
BMT101710065,,
BMT101710072,,
BMT101709862,,
BMT2428875B,,
BMT2428882B,,
BMT101709848,,
BMT2428889B,,
BMT4136588B,,
BMT2428896B,,
BMT101709841,,
BMT2428903B,,
BMT4136546B,,
BMT2428910B,,
BMT4136539B,,
BMT2428917B,,
BMT4136532B,,
BMT2428924B,,
BMT4136525B,,
BMT2428931B,,
BMT4136497B,,
BMT2428938B,,
BMT4136490B,,
BMT2428945B,,
BMT4136483B,,
BMT2428952B,,
BMT2428959B,,
BMT2428952B,,
BMT4136427B,,
BMT3583238B,,
BMT7569179B,,
BMT3583245B,,
BMT7569179B,,
BMT758318B,,
BMT3274181B,,
BMT758465B,,
BMT758486B,,
BMT758486B,,
BMT165868202,,
BMT165868202,,
BMT758521B,,
BMT758521B,,
BMT165868201,,
BMT133501174,,
BMT758535B,,
BMT758535B,,
BMT758542B,,
BMT758542B,,
BMT756785B,,
BMT758549B,,
BMT133501181,,
BMT129634927,,
BMT753530B,,
BMT753530B,,
BMT129634934,,
BMT139641854,,
BMT101708721,,
BMT129634913,,
BMT129634920,,
BMT759046B,,
BMT759053B,,
BMT759053B,,
BMT759060B,,
BMT759060B,,
BMT170846247,,
BMT170846247,,
BMT759074B,,
BMT170846247,,
BMT101709225,,
BMT168669347,,
BMT107190029,,
BMT107190029,,
BMT168669349,,
BMT107190246,,
BMT107190253,,
BMT160423425,,
BMT2601082B,,
BMT2601082B,,
BMT2601096B,,
BMT2601096B,,
BMT160423427,,
BMT161730795,,
BMT753873B,,
BMT753873B,,
BMT156267954,,
BMT163260598,,
BMT163260599,,
BMT162785149,,
BMT162785150,,
BMT9136903B,,
BMT163792168,,
BMT165436115,,
BMT165436116,,
BMT165436116,,
BMT9018713B,,
BMT1723632B,,
BMT101712116,,
BMT167822979,,
BMT1723198B,,
BMT167822979,,
BMT1723632B,,
BMT167822977,,
BMT167822978,,
BMT167822976,,
BMT167822977,,
BMT101711808,,
BMT165866171,,
BMT165866171,,
BMT165866172,,
BMT101711829,,
BMT1723688B,,
BMT1723688B,,
BMT1723695B,,
BMT1723695B,,
BMT1723702B,,
BMT1723702B,,
BMT1719264B,,
BMT1723947B,,
BMT101712235,,
BMT1723954B,,
BMT1723968B,,
BMT101712235,,
BMT1712649B,,
BMT101712270,,
BMT1717955B,,
BMT101712235,,
BMT1723954B,,
BMT1723968B,,
BMT158827963,,
BMT158827964,,
BMT158827963,,
BMT101708035,,
BMT2438584B,,
BMT2438584B,,
BMT101708042,,
BMT166325170,,
BMT3753009B,,
BMT2438598B,,
BMT2438605B,,
BMT2438605B,,
BMT2438612B,,
BMT2438612B,,
BMT2438619B,,
BMT168669346,,
BMT3618735B,,
BMT2438647B,,
BMT2438654B,,
BMT2438654B,,
BMT168669347,,
BMT2438668B,,
BMT155279326,,
BMT155279326,,
BMT3618980B,,
BMT168669347,,
BMT3619071B,,
BMT2438689B,,
BMT168669348,,
BMT168669351,,
BMT3619120B,,
BMT101711647,,
BMT3619470B,,
BMT101708140,,
BMT3619561B,,
BMT101711668,,
BMT3417751B,,
BMT165848619,,
BMT3620366B,,
BMT101708175,,
BMT110300171,,
BMT133321554,,
BMT133321561,,
BMT2438738B,,
BMT101708959,,
BMT105823293,,
BMT105823300,,
BMT101710086,,
BMT101710093,,
BMT101709043,,
BMT2438766B,,
BMT2438766B,,
BMT3341164B,,
BMT101709057,,
BMT101709050,,
BMT101709057,,
BMT101709071,,
BMT101709057,,
BMT3503312B,,
BMT165561374,,
BMT2438787B,,
BMT165561374,,
BMT165561373,,
BMT165561375,,
BMT2438801B,,
BMT2438822B,,
BMT3272620B,,
BMT2438829B,,
BMT101709134,,
BMT2438836B,,
BMT2438843B,,
BMT2438843B,,
BMT759928B,,
BMT133252926,,
BMT3619687B,,
BMT153499680,,
BMT153499681,,
BMT153499681,,
BMT101708231,,
BMT2438878B,,
BMT3417569B,,
BMT159833853,,
BMT159833854,,
BMT159833853,,
BMT151228732,,
BMT151228736,,
BMT3417401B,,
BMT101708322,,
BMT151228738,,
BMT113961017,,
BMT2438906B,,
BMT2438906B,,
BMT2438913B,,
BMT2438913B,,
BMT3422812B,,
BMT2438920B,,
BMT3417625B,,
BMT2438927B,,
BMT4687684,,
BMT2438934B,,
BMT101328915,,
BMT101328929,,
BMT101328936,,
BMT101328908,,
BMT3417730B,,
BMT116784817,,
BMT116784810,,
BMT101711675,,
BMT101711682,,
BMT101711675,,
BMT3417779B,,
BMT101711696,,
BMT3417758B,,
BMT101711710,,
BMT101711717,,
BMT168669348,,
BMT168669350,,
BMT2438997B,,
BMT166325183,,
BMT166325185,,
BMT2439011B,,
BMT160178499,,
BMT7288801B,,
BMT7288801B,,
BMT7288808B,,
BMT7288808B,,
BMT8787596B,,
BMT8787596B,,
BMT160178501,,
BMT3228597B,,
BMT159833855,,
BMT159833855,,
BMT8727936B,,
BMT8727936B,,
BMT8788572B,,
BMT8788572B,,
BMT8788573B,,
BMT8788573B,,
BMT8788574B,,
BMT8788574B,,
BMT8788575B,,
BMT8788575B,,
BMT8788579B,,
BMT8788579B,,
BMT8788580B,,
BMT8727935B,,
BMT8788589B,,
BMT8788580B,,
BMT8788589B,,
BMT8727935B,,
BMT8788593B,,
BMT8788593B,,
BMT8788595B,,
BMT8788595B,,
BMT8788596B,,
BMT8788596B,,
BMT8788597B,,
BMT8788597B,,
BMT159833856,,
BMT150936369,,
BMT150936595,,
BMT150936595,,
BMT150936596,,
BMT8788600B,,
BMT151228718,,
BMT151228719,,
BMT8788602B,,
BMT8788602B,,
BMT150936620,,
BMT150936596,,
BMT150936597,,
BMT153500242,,
BMT153500241,,
BMT153500241,,
BMT153500240,,
BMT152969264,,
BMT8913492B,,
BMT8913492B,,
BMT3752918B,,
BMT2438619B,,
BMT8913517B,,
BMT8913517B,,
BMT8913519B,,
BMT8913519B,,
BMT8913520B,,
BMT8913520B,,
BMT3752841B,,
BMT3752841B,,
BMT8913524B,,
BMT8913524B,,
BMT8913526B,,
BMT8913526B,,
BMT8913530B,,
BMT8913530B,,
BMT8913531B,,
BMT8913531B,,
BMT8913533B,,
BMT8913533B,,
BMT3752820B,,
BMT3752813B,,
BMT8913548B,,
BMT8913548B,,
BMT2438626B,,
BMT166325171,,
BMT8913724B,,
BMT8913724B,,
BMT2436120B,,
BMT3272620B,,
BMT9032262B,,
BMT9032262B,,
BMT3272627B,,
BMT9018713B,,
BMT3742530B,,
BMT1712649B,,
BMT158827962,,
BMT158827962,,
BMT1712663B,,
BMT1712663B,,
BMT158827965,,
BMT158827965,,
BMT1712677B,,
BMT1712684B,,
BMT1712677B,,
BMT101711906,,
BMT1712684B,,
BMT2474606B,,
BMT116784803,,
BMT2474620B,,
BMT2474627B,,
BMT2474620B,,
BMT3412025B,,
BMT150341337,,
BMT6059034B,,
BMT6059034B,,
BMT150341338,,
BMT101710856,,
BMT155720475,,
BMT155720475,,
BMT155720476,,
BMT170054600,,
BMT170054601,,
BMT7169192B,,
BMT2597764B,,
BMT2597764B,,
BMT170054602,,
BMT165798661,,
BMT165798662,,
BMT165798759,,
BMT755511B,,
BMT755511B,,
BMT165798760,,
BMT757527B,,
BMT757296B,,
BMT757296B,,
BMT163792208,,
BMT3263352B,,
BMT7633509B,,
BMT7633509B,,
BMT160426279,,
BMT160426277,,
BMT7633516B,,
BMT3263352B,,
BMT7633516B,,
BMT105823300,,
BMT761671B,,
BMT761671B,,
BMT761678B,,
BMT761678B,,
BMT761685B,,
BMT761685B,,
BMT761692B,,
BMT761692B,,
BMT761699B,,
BMT761699B,,
BMT761706B,,
BMT2601957B,,
BMT7550209B,,
BMT7550209B,,
BMT160707572,,
BMT101711493,,
BMT754958B,,
BMT160396560,,
BMT139642239,,
BMT150343787,,
BMT8225716B,,
BMT8225716B,,
BMT150343788,,
BMT163893352,,
BMT4027150B,,
BMT4027150B,,
BMT163893354,,
BMT155720477,,
BMT3949051B,,
BMT3949051B,,
BMT3949058B,,
BMT3949058B,,
BMT3565346B,,
BMT3565346B,,
BMT155720479,,
BMT160647687,,
BMT3564947B,,
BMT3564947B,,
BMT160647688,,
BMT8847261B,,
BMT3742530B,,
BMT9188493C,,
BMT9202051C,,
BMT9202051C,,
BMT9202052C,,
BMT9202052C,,
BMT3752176C,,
BMT166325184,,
BMT166325185,,
BMT9188493C,,
BMT166325184,,
BMT154287727,,
BMT154287726,,
BMT154287727,,
BMT3576049B,,
BMT2599997B,,
BMT2600004B,,
BMT2600004B,,
BMT3576049B,,
BMT154287726,,
BMT2600291B,,
BMT2600291B,,
BMT3575979B,,
BMT2600298B,,
BMT2600305B,,
BMT2600298B,,
BMT3575979B,,
BMT2600305B,,
BMT2600312B,,
BMT2600312B,,
BMT154287725,,
BMT154287725,,
BMT154287724,,
BMT154287724,,
BMT149003744,,
BMT154990439,,
BMT2600466B,,
BMT898115B,,
BMT2474599B,,
BMT898122B,,
BMT898129B,,
BMT898129B,,
BMT898136B,,
BMT898136B,,
BMT898143B,,
BMT898143B,,
BMT898150B,,
BMT898150B,,
BMT898157B,,
BMT898157B,,
BMT898164B,,
BMT898164B,,
BMT116784789,,
BMT116784789,,
BMT898178B,,
BMT898178B,,
BMT116784782,,
BMT1717955B,,
BMT1717969B,,
BMT1717969B,,
BMT101712277,,
BMT170846259,,
BMT2645441B,,
BMT2645441B,,
BMT2645448B,,
BMT2645448B,,
BMT2645455B,,
BMT2645455B,,
BMT2645462B,,
BMT2645462B,,
BMT2645469B,,
BMT2645469B,,
BMT2645476B,,
BMT2645476B,,
BMT2645483B,,
BMT2645483B,,
BMT2645490B,,
BMT2645490B,,
BMT170846260,,
BMT170846260,,
BMT2645504B,,
BMT2645504B,,
BMT2645511B,,
BMT2645511B,,
BMT2645518B,,
BMT2645518B,,
BMT2645525B,,
BMT2645525B,,
BMT2645532B,,
BMT2645532B,,
BMT2645539B,,
BMT2645539B,,
BMT2645546B,,
BMT2645546B,,
BMT170846261,,
BMT170846261,,
BMT2645560B,,
BMT170846261,,
BMT170846263,,
BMT2645560B,,
BMT2645567B,,
BMT2645567B,,
BMT2645574B,,
BMT2645574B,,
BMT2645581B,,
BMT2645581B,,
BMT2645588B,,
BMT2645588B,,
BMT170846262,,
BMT2936452B,,
BMT160426282,,
BMT2939105B,,
BMT3158849B,,
BMT3076781B,,
BMT3076788B,,
BMT3076788B,,
BMT3256926B,,
BMT101709603,,
BMT3076802B,,
BMT3076802B,,
BMT3076809B,,
BMT3076809B,,
BMT3076816B,,
BMT3076816B,,
BMT3076823B,,
BMT3076823B,,
BMT101709610,,
BMT101709610,,
BMT3076837B,,
BMT3076837B,,
BMT3076844B,,
BMT3076844B,,
BMT3076851B,,
BMT3076851B,,
BMT3076858B,,
BMT3076858B,,
BMT101709617,,
BMT3125998B,,
BMT4136014B,,
BMT3126005B,,
BMT4136021B,,
BMT160426276,,
BMT101709449,,
BMT101709358,,
BMT3265998B,,
BMT101709624,,
BMT101709631,,
BMT3265998B,,
BMT3266026B,,
BMT166322565,,
BMT166322568,,
BMT1720349B,,
BMT166322565,,
BMT1720748B,,
BMT1720349B,,
BMT1720755B,,
BMT166322566,,
BMT166322564,,
BMT1720748B,,
BMT166322564,,
BMT1720755B,,
BMT166322564,,
BMT1720769B,,
BMT1720769B,,
BMT1720783B,,
BMT1720776B,,
BMT166322564,,
BMT1720783B,,
BMT166322567,,
BMT166322563,,
BMT1720776B,,
BMT166322567,,
BMT154774624,,
BMT166325180,,
BMT166325181,,
BMT166325181,,
BMT166325182,,
BMT166325182,,
BMT3752162B,,
BMT164011302,,
BMT164011303,,
BMT164011302,,
BMT1721336B,,
BMT2800127,,
BMT101708056,,
BMT160426281,,
BMT2939105B,,
BMT160426281,,
BMT3373357B,,
BMT163145995,,
BMT163145996,,
BMT163146000,,
BMT163145999,,
BMT163146000,,
BMT3633806B,,
BMT3081779B,,
BMT3081793B,,
BMT3081786B,,
BMT3081779B,,
BMT3081786B,,
BMT101710093,,
BMT3081793B,,
BMT3081814B,,
BMT3081800B,,
BMT101710100,,
BMT3081814B,,
BMT3081800B,,
BMT163145999,,
BMT163146001,,
BMT3228793B,,
BMT163146002,,
BMT3228800B,,
BMT3228793B,,
BMT3228807B,,
BMT3228800B,,
BMT3228814B,,
BMT3228807B,,
BMT3228821B,,
BMT3228828B,,
BMT3228828B,,
BMT3228814B,,
BMT163146001,,
BMT3228821B,,
BMT163146002,,
BMT163146003,,
BMT3228961B,,
BMT597087B,,
BMT170846245,,
BMT2438836B,,
BMT3271654B,,
BMT2428735B,,
BMT3271661B,,
BMT4136938B,,
BMT3271668B,,
BMT2428623B,,
BMT3271703B,,
BMT2428749B,,
BMT3271724B,,
BMT4136553B,,
BMT3271780B,,
BMT4137176B,,
BMT3271787B,,
BMT4137239B,,
BMT3271794B,,
BMT4137281B,,
BMT3271801B,,
BMT4136917B,,
BMT3271808B,,
BMT4136896B,,
BMT3271815B,,
BMT4136889B,,
BMT3272424B,,
BMT3272431B,,
BMT3272431B,,
BMT3272438B,,
BMT3272438B,,
BMT3954224B,,
BMT114863562,,
BMT2438822B,,
BMT3272627B,,
BMT3272634B,,
BMT3266026B,,
BMT165016136,,
BMT3266047B,,
BMT165016136,,
BMT3266061B,,
BMT3266047B,,
BMT3266068B,,
BMT3266061B,,
BMT101708616,,
BMT753362B,,
BMT101710359,,
BMT101710366,,
BMT3269253B,,
BMT3269267B,,
BMT3269274B,,
BMT3269281B,,
BMT3269281B,,
BMT3269288B,,
BMT3269288B,,
BMT3269302B,,
BMT3269302B,,
BMT3269316B,,
BMT3269316B,,
BMT3269323B,,
BMT3269323B,,
BMT3269330B,,
BMT3269330B,,
BMT3269337B,,
BMT3269337B,,
BMT3269344B,,
BMT3269344B,,
BMT3269365B,,
BMT3269365B,,
BMT170603754,,
BMT170603754,,
BMT3269379B,,
BMT3269379B,,
BMT3272424B,,
BMT151228737,,
BMT3756292B,,
BMT3417275B,,
BMT151228737,,
BMT3417282B,,
BMT3417275B,,
BMT3417310B,,
BMT3417282B,,
BMT3417338B,,
BMT3417310B,,
BMT3417345B,,
BMT3417338B,,
BMT3417366B,,
BMT3417345B,,
BMT3417373B,,
BMT3417366B,,
BMT3417380B,,
BMT3417373B,,
BMT3417401B,,
BMT3417408B,,
BMT3417408B,,
BMT3417380B,,
BMT3417464B,,
BMT101708210,,
BMT3417555B,,
BMT3417562B,,
BMT3417555B,,
BMT101708245,,
BMT3417562B,,
BMT2438878B,,
BMT3417569B,,
BMT3417576B,,
BMT3417576B,,
BMT3417583B,,
BMT3417583B,,
BMT101708252,,
BMT3417625B,,
BMT3417632B,,
BMT3417632B,,
BMT3417639B,,
BMT3417639B,,
BMT2438927B,,
BMT101328915,,
BMT101328922,,
BMT3417660B,,
BMT2438934B,,
BMT3417660B,,
BMT3417667B,,
BMT3417667B,,
BMT3417674B,,
BMT3417674B,,
BMT3417695B,,
BMT3417695B,,
BMT3417702B,,
BMT3417702B,,
BMT101328908,,
BMT3417730B,,
BMT3417737B,,
BMT3417737B,,
BMT3417744B,,
BMT3417744B,,
BMT101328901,,
BMT3417751B,,
BMT101711675,,
BMT3417758B,,
BMT101711703,,
BMT3417779B,,
BMT101711689,,
BMT3506658B,,
BMT3506665B,,
BMT3506665B,,
BMT3506686B,,
BMT3506686B,,
BMT3506693B,,
BMT2600466B,,
BMT112292217,,
BMT160423423,,
BMT2600480B,,
BMT112292217,,
BMT2600844B,,
BMT2600480B,,
BMT2600487B,,
BMT2600487B,,
BMT160423424,,
BMT2600844B,,
BMT2600851B,,
BMT2600851B,,
BMT2600858B,,
BMT2600858B,,
BMT2600865B,,
BMT2600865B,,
BMT154990437,,
BMT154990437,,
BMT2600935B,,
BMT154990437,,
BMT154990436,,
BMT2600935B,,
BMT2600942B,,
BMT2600942B,,
BMT2600956B,,
BMT2600956B,,
BMT2600970B,,
BMT2600970B,,
BMT154990438,,
BMT2601754B,,
BMT2601761B,,
BMT2601761B,,
BMT160178502,,
BMT160178502,,
BMT2601796B,,
BMT2601796B,,
BMT2601803B,,
BMT2601873B,,
BMT160707571,,
BMT160707571,,
BMT2601957B,,
BMT2602244B,,
BMT2602251B,,
BMT2602251B,,
BMT159046933,,
BMT2602524B,,
BMT121395598,,
BMT170120149,,
BMT170120150,,
BMT121395598,,
BMT159046940,,
BMT101709050,,
BMT101709064,,
BMT3215339B,,
BMT163145998,,
BMT3215353B,,
BMT3633876B,,
BMT163145996,,
BMT163145997,,
BMT160426277,,
BMT160426276,,
BMT3264038B,,
BMT3264045B,,
BMT3264045B,,
BMT3264052B,,
BMT3264052B,,
BMT2428539B,,
BMT3412025B,,
BMT3412039B,,
BMT3412039B,,
BMT3412053B,,
BMT3412053B,,
BMT116784803,,
BMT3412067B,,
BMT2474599B,,
BMT3503312B,,
BMT3503319B,,
BMT3503319B,,
BMT101709078,,
BMT101709078,,
BMT3622368B,,
BMT170995809,,
BMT170995810,,
BMT170995810,,
BMT170995811,,
BMT170995810,,
BMT3506245B,,
BMT3506245B,,
BMT3506280B,,
BMT3506280B,,
BMT3506287B,,
BMT3506287B,,
BMT3506294B,,
BMT3506294B,,
BMT3506483B,,
BMT3506483B,,
BMT3506490B,,
BMT3506490B,,
BMT3506497B,,
BMT3506497B,,
BMT3506504B,,
BMT3506504B,,
BMT3506581B,,
BMT3506581B,,
BMT3506588B,,
BMT3506588B,,
BMT3506595B,,
BMT3506595B,,
BMT3506644B,,
BMT170120152,,
BMT3565416B,,
BMT3565416B,,
BMT3565423B,,
BMT3565423B,,
BMT7971182B,,
BMT7971182B,,
BMT7971203B,,
BMT7971203B,,
BMT170120154,,
BMT2438801B,,
BMT8754681B,,
BMT149816512,,
BMT8754681B,,
BMT149819229,,
BMT8754694B,,
BMT8754694B,,
BMT2936389B,,
BMT2936389B,,
BMT8754702B,,
BMT8754702B,,
BMT8754722B,,
BMT2438850B,,
BMT8754726B,,
BMT8754722B,,
BMT8754726B,,
BMT2438850B,,
BMT8754731B,,
BMT8754731B,,
BMT8754733B,,
BMT8754733B,,
BMT8754735B,,
BMT8754735B,,
BMT8754736B,,
BMT8754736B,,
BMT8754745B,,
BMT8754745B,,
BMT8754747B,,
BMT8754747B,,
BMT8754751B,,
BMT3624692B,,
BMT8754756B,,
BMT8754751B,,
BMT8754756B,,
BMT2436120B,,
BMT152969264,,
BMT7759936B,,
BMT7759922B,,
BMT7759922B,,
BMT7759908B,,
BMT7759908B,,
BMT7759901B,,
BMT7759901B,,
BMT7759775B,,
BMT7759775B,,
BMT7759754B,,
BMT7759754B,,
BMT7759719B,,
BMT7759719B,,
BMT7759712B,,
BMT7759712B,,
BMT7759705B,,
BMT7759705B,,
BMT7759698B,,
BMT7759698B,,
BMT8847316B,,
BMT8847316B,,
BMT7759670B,,
BMT7759670B,,
BMT7759327B,,
BMT7759327B,,
BMT7759299B,,
BMT7759299B,,
BMT166325177,,
BMT101712319,,
BMT155279324,,
BMT155279325,,
BMT3618945B,,
BMT7896863B,,
BMT9184339B,,
BMT9184339B,,
BMT165578325,,
BMT165501988,,
BMT165578326,,
BMT165578325,,
BMT165578326,,
BMT165503011,,
BMT4135741B,,
BMT8972362B,,
BMT9187484B,,
BMT9187484B,,
BMT8847326B,,
BMT163596183,,
BMT163596184,,
BMT101708931,,
BMT101708938,,
BMT3256926B,,
BMT3256933B,,
BMT3256933B,,
BMT165016138,,
BMT3305947B,,
BMT101708791,,
BMT101708812,,
BMT101708819,,
BMT101709659,,
BMT101709673,,
BMT101709680,,
BMT101709687,,
BMT3713858B,,
BMT153181931,,
BMT3506644B,,
BMT3506651B,,
BMT3506651B,,
BMT3506658B,,
BMT3651558B,,
BMT3651565B,,
BMT3651565B,,
BMT3651586B,,
BMT3651586B,,
BMT3651593B,,
BMT3651593B,,
BMT3651600B,,
BMT3651600B,,
BMT3651607B,,
BMT3651607B,,
BMT170846251,,
BMT3850568B,,
BMT139641875,,
BMT3964052B,,
BMT3964059B,,
BMT3964059B,,
BMT3964066B,,
BMT3964066B,,
BMT165016134,,
BMT3964969B,,
BMT3634184B,,
BMT3964976B,,
BMT3634191B,,
BMT101708826,,
BMT101708833,,
BMT4135741B,,
BMT2429106B,,
BMT4135748B,,
BMT2429099B,,
BMT4135755B,,
BMT2429092B,,
BMT165503012,,
BMT2429085B,,
BMT4135846B,,
BMT2429078B,,
BMT4135888B,,
BMT2429071B,,
BMT4135895B,,
BMT2429064B,,
BMT4135958B,,
BMT4135979B,,
BMT4135979B,,
BMT3125998B,,
BMT4136014B,,
BMT3126005B,,
BMT4136021B,,
BMT2429022B,,
BMT4136028B,,
BMT2429015B,,
BMT101709834,,
BMT2429008B,,
BMT4136063B,,
BMT2428994B,,
BMT4136084B,,
BMT2428987B,,
BMT4136126B,,
BMT2428980B,,
BMT4136147B,,
BMT2428973B,,
BMT4136189B,,
BMT2428966B,,
BMT4136196B,,
BMT2428959B,,
BMT4136427B,,
BMT2428945B,,
BMT4136483B,,
BMT2428938B,,
BMT4136490B,,
BMT2428931B,,
BMT4136497B,,
BMT2428924B,,
BMT4136525B,,
BMT2428917B,,
BMT4136532B,,
BMT2428910B,,
BMT4136539B,,
BMT2428903B,,
BMT4136546B,,
BMT3271724B,,
BMT4136553B,,
BMT3271717B,,
BMT101709841,,
BMT3624790B,,
BMT4136574B,,
BMT2428889B,,
BMT4136588B,,
BMT2428882B,,
BMT101709855,,
BMT2428875B,,
BMT4136651B,,
BMT2428833B,,
BMT4136658B,,
BMT2428826B,,
BMT4136665B,,
BMT2428819B,,
BMT4136672B,,
BMT2428812B,,
BMT4136679B,,
BMT2428777B,,
BMT4136714B,,
BMT2428763B,,
BMT4136721B,,
BMT3271703B,,
BMT150773474,,
BMT2428728B,,
BMT2439011B,,
BMT3752183B,,
BMT2439018B,,
BMT166325186,,
BMT2589896B,,
BMT2589903B,,
BMT2589903B,,
BMT2589973B,,
BMT2589973B,,
BMT101710079,,
BMT3245537B,,
BMT3674742B,,
BMT3336369B,,
BMT593188B,,
BMT3336369B,,
BMT3336383B,,
BMT3336383B,,
BMT3336390B,,
BMT3336390B,,
BMT3336397B,,
BMT3336397B,,
BMT3336404B,,
BMT3336404B,,
BMT3336411B,,
BMT3336411B,,
BMT170846253,,
BMT3336516B,,
BMT593783B,,
BMT3336523B,,
BMT3336516B,,
BMT3336523B,,
BMT3336530B,,
BMT3336530B,,
BMT3336537B,,
BMT3336537B,,
BMT170846256,,
BMT170846256,,
BMT159701466,,
BMT3336586B,,
BMT3336593B,,
BMT3336593B,,
BMT3782892B,,
BMT3341164B,,
BMT3341171B,,
BMT3341171B,,
BMT3341178B,,
BMT3341178B,,
BMT3622284B,,
BMT3533769B,,
BMT154990435,,
BMT3583007B,,
BMT3583021B,,
BMT3583021B,,
BMT3583042B,,
BMT3583042B,,
BMT3583049B,,
BMT3583049B,,
BMT3583063B,,
BMT3583063B,,
BMT3583084B,,
BMT3583084B,,
BMT3583091B,,
BMT3583091B,,
BMT3583112B,,
BMT3583112B,,
BMT3583126B,,
BMT3583126B,,
BMT164913022,,
BMT3583133B,,
BMT3583147B,,
BMT3583147B,,
BMT3583168B,,
BMT3583168B,,
BMT3583175B,,
BMT3583217B,,
BMT3583224B,,
BMT3583224B,,
BMT3583231B,,
BMT3583231B,,
BMT3583238B,,
BMT3583245B,,
BMT3583259B,,
BMT3583259B,,
BMT3583273B,,
BMT3583273B,,
BMT3583287B,,
BMT3583336B,,
BMT3583350B,,
BMT3583350B,,
BMT3583364B,,
BMT3583364B,,
BMT3583378B,,
BMT3583378B,,
BMT164913024,,
BMT163146003,,
BMT163146004,,
BMT3633799B,,
BMT163146005,,
BMT3633806B,,
BMT3633799B,,
BMT3633876B,,
BMT160426269,,
BMT101709631,,
BMT101709638,,
BMT3634184B,,
BMT3964976B,,
BMT163146005,,
BMT3059183B,,
BMT160426274,,
BMT3215353B,,
BMT160426274,,
BMT160426275,,
BMT3272634B,,
BMT3272641B,,
BMT3272641B,,
BMT2438829B,,
BMT3274174B,,
BMT763071B,,
BMT3274181B,,
BMT129593564,,
BMT3422714B,,
BMT113961038,,
BMT3422735B,,
BMT3422714B,,
BMT113961024,,
BMT113961031,,
BMT113961031,,
BMT3422735B,,
BMT113961031,,
BMT3422756B,,
BMT3422756B,,
BMT113961045,,
BMT3422812B,,
BMT113961024,,
BMT154990436,,
BMT6134522B,,
BMT154990434,,
BMT3518355B,,
BMT154990434,,
BMT3533769B,,
BMT3518355B,,
BMT3518362B,,
BMT3518362B,,
BMT3518369B,,
BMT3518369B,,
BMT101710646,,
BMT3752155B,,
BMT2438997B,,
BMT3752162B,,
BMT3752155B,,
BMT3752183B,,
BMT2439018B,,
BMT3752820B,,
BMT3752813B,,
BMT3752876B,,
BMT2438598B,,
BMT3752883B,,
BMT3752876B,,
BMT3752890B,,
BMT3752883B,,
BMT3752897B,,
BMT3752890B,,
BMT3752904B,,
BMT3752897B,,
BMT3752911B,,
BMT3752904B,,
BMT3752918B,,
BMT3752911B,,
BMT3752939B,,
BMT166325171,,
BMT3752946B,,
BMT3752939B,,
BMT3752953B,,
BMT3752946B,,
BMT3752960B,,
BMT3752953B,,
BMT3752967B,,
BMT3752960B,,
BMT3752974B,,
BMT3752967B,,
BMT3752981B,,
BMT3752974B,,
BMT3752988B,,
BMT3752981B,,
BMT3752995B,,
BMT3752988B,,
BMT3753002B,,
BMT3752995B,,
BMT3753009B,,
BMT3753002B,,
BMT3756152B,,
BMT101708322,,
BMT3756159B,,
BMT3756152B,,
BMT3756166B,,
BMT3756159B,,
BMT3756208B,,
BMT3756166B,,
BMT3756222B,,
BMT3756208B,,
BMT3756229B,,
BMT3756222B,,
BMT3756257B,,
BMT3756229B,,
BMT3756285B,,
BMT3756257B,,
BMT3756292B,,
BMT3756285B,,
BMT165016132,,
BMT3336586B,,
BMT160426267,,
BMT160426268,,
BMT597024B,,
BMT3228961B,,
BMT105693800,,
BMT160588654,,
BMT105693814,,
BMT597024B,,
BMT597038B,,
BMT105693800,,
BMT597045B,,
BMT597773B,,
BMT597052B,,
BMT597045B,,
BMT8066277B,,
BMT8066095B,,
BMT8066095B,,
BMT159046934,,
BMT3269267B,,
BMT170603753,,
BMT170603753,,
BMT3269274B,,
BMT3333443B,,
BMT101709659,,
BMT3333450B,,
BMT3353855B,,
BMT164913021,,
BMT3583007B,,
BMT166325174,,
BMT101708077,,
BMT166325174,,
BMT3752603B,,
BMT3618721B,,
BMT3618889B,,
BMT3618735B,,
BMT3618742B,,
BMT3618742B,,
BMT3618721B,,
BMT3618889B,,
BMT2438647B,,
BMT165864959,,
BMT101712319,,
BMT3618945B,,
BMT2438668B,,
BMT3618980B,,
BMT3619008B,,
BMT3619008B,,
BMT155279327,,
BMT3619071B,,
BMT2438689B,,
BMT3619120B,,
BMT3619176B,,
BMT3619176B,,
BMT3619183B,,
BMT3619183B,,
BMT3619211B,,
BMT3619211B,,
BMT3619225B,,
BMT3619225B,,
BMT3619260B,,
BMT3619260B,,
BMT3619267B,,
BMT3619267B,,
BMT3619379B,,
BMT3619379B,,
BMT168669352,,
BMT168669352,,
BMT101708140,,
BMT3619470B,,
BMT101711654,,
BMT3619561B,,
BMT2632351B,,
BMT3619575B,,
BMT168669353,,
BMT133321561,,
BMT101708196,,
BMT3619687B,,
BMT3619694B,,
BMT3619694B,,
BMT3619701B,,
BMT3619701B,,
BMT3619708B,,
BMT3619708B,,
BMT3417464B,,
BMT3620366B,,
BMT3620387B,,
BMT3620387B,,
BMT165848620,,
BMT101708945,,
BMT101708952,,
BMT101708952,,
BMT2438738B,,
BMT101708952,,
BMT101708966,,
BMT3622284B,,
BMT101709050,,
BMT3622368B,,
BMT3622375B,,
BMT3622375B,,
BMT101709085,,
BMT165798658,,
BMT753642B,,
BMT3687412B,,
BMT101708798,,
BMT3782892B,,
BMT3782899B,,
BMT3782899B,,
BMT3782906B,,
BMT3782906B,,
BMT3782941B,,
BMT3782941B,,
BMT165016133,,
BMT165016133,,
BMT3964052B,,
BMT101710506,,
BMT158841451,,
BMT101710562,,
BMT101710569,,
BMT101709673,,
BMT101709680,,
BMT599320B,,
BMT599313B,,
BMT4664360,,
BMT599320B,,
BMT2428966B,,
BMT4136196B,,
BMT2428973B,,
BMT4136189B,,
BMT2428980B,,
BMT4136147B,,
BMT2428987B,,
BMT4136126B,,
BMT2428994B,,
BMT4136084B,,
BMT2429001B,,
BMT4136063B,,
BMT2429015B,,
BMT101709834,,
BMT2429022B,,
BMT4136028B,,
BMT2429029B,,
BMT4135958B,,
BMT2429057B,,
BMT2429064B,,
BMT2429071B,,
BMT4135895B,,
BMT2429078B,,
BMT4135888B,,
BMT2429085B,,
BMT4135846B,,
BMT2429092B,,
BMT165503012,,
BMT2429099B,,
BMT4135755B,,
BMT2429106B,,
BMT4135748B,,
BMT165561372,,
BMT2576449B,,
BMT2576449B,,
BMT165561373,,
BMT101708252,,
BMT2438920B,,
BMT101708259,,
BMT3039891B,,
BMT3039891B,,
BMT3039898B,,
BMT3039898B,,
BMT101708266,,
BMT3040122B,,
BMT101709715,,
BMT3040129B,,
BMT3040122B,,
BMT101709708,,
BMT3040129B,,
BMT101709701,,
BMT101709708,,
BMT101709694,,
BMT101709701,,
BMT3040157B,,
BMT101709694,,
BMT3040185B,,
BMT3040157B,,
BMT3040619B,,
BMT160426271,,
BMT3040626B,,
BMT3040619B,,
BMT160426268,,
BMT160426270,,
BMT160426268,,
BMT3040626B,,
BMT3185701B,,
BMT166283846,,
BMT3624664B,,
BMT149819230,,
BMT3624678B,,
BMT3624664B,,
BMT3624692B,,
BMT3624678B,,
BMT3624790B,,
BMT4136574B,,
BMT3674742B,,
BMT757674B,,
BMT101708966,,
BMT101708973,,
BMT129570345,,
BMT129570359,,
BMT164913022,,
BMT3583133B,,
BMT2474627B,,
BMT2474634B,,
BMT2474634B,,
BMT2474641B,,
BMT2474641B,,
BMT2474648B,,
BMT2474648B,,
BMT2474655B,,
BMT2474655B,,
BMT2474662B,,
BMT2474662B,,
BMT116784810,,
BMT101711108,,
BMT101711115,,
BMT150941500,,
BMT2597792B,,
BMT2597792B,,
BMT2597799B,,
BMT2597799B,,
BMT3576245B,,
BMT2597806B,,
BMT154287729,,
BMT2597806B,,
BMT3576245B,,
BMT2597813B,,
BMT2599997B,,
BMT2597813B,,
BMT154287729,,
BMT110300171,,
BMT110300178,,
BMT110300171,,
BMT101708161,,
BMT2632351B,,
BMT3619575B,,
BMT2781563B,,
BMT2428567B,,
BMT3059148B,,
BMT3059155B,,
BMT3059155B,,
BMT3059162B,,
BMT3059162B,,
BMT3059169B,,
BMT3059169B,,
BMT163146006,,
BMT3059183B,,
BMT3059148B,,
BMT160426282,,
BMT160426283,,
BMT160426282,,
BMT160426284,,
BMT160426272,,
BMT3156826B,,
BMT3156826B,,
BMT3156833B,,
BMT3156833B,,
BMT3156840B,,
BMT3158849B,,
BMT2936452B,,
BMT101709652,,
BMT3333450B,,
BMT101709652,,
BMT101709666,,
BMT160426275,,
BMT101709449,,
BMT163145997,,
BMT3215339B,,
BMT163145997,,
BMT163145999,,
BMT160426278,,
BMT160426277,,
BMT160426278,,
BMT3373357B,,
BMT150522427,,
BMT150522428,,
BMT3954224B,,
BMT170603755,,
BMT101708756,,
BMT150343137,,
BMT131843357,,
BMT4120152B,,
BMT150343137,,
BMT150343138,,
BMT150343138,,
BMT101708868,,
BMT4120152B,,
BMT131843364,,
BMT593146B,,
BMT593160B,,
BMT593160B,,
BMT593167B,,
BMT593167B,,
BMT593174B,,
BMT593174B,,
BMT170846249,,
BMT170846249,,
BMT593195B,,
BMT170846249,,
BMT3651558B,,
BMT593188B,,
BMT593209B,,
BMT593195B,,
BMT593202B,,
BMT593202B,,
BMT593216B,,
BMT593216B,,
BMT170846250,,
BMT170846250,,
BMT593251B,,
BMT170846252,,
BMT593209B,,
BMT170846252,,
BMT593237B,,
BMT593237B,,
BMT593258B,,
BMT593244B,,
BMT170846252,,
BMT593251B,,
BMT593244B,,
BMT593258B,,
BMT593265B,,
BMT593265B,,
BMT593272B,,
BMT593272B,,
BMT593706B,,
BMT593706B,,
BMT593769B,,
BMT593713B,,
BMT593734B,,
BMT170846255,,
BMT593713B,,
BMT170846255,,
BMT593790B,,
BMT170846254,,
BMT170846255,,
BMT593734B,,
BMT593755B,,
BMT593741B,,
BMT170846254,,
BMT593748B,,
BMT593741B,,
BMT593762B,,
BMT593748B,,
BMT593769B,,
BMT593762B,,
BMT593783B,,
BMT593755B,,
BMT593790B,,
BMT593797B,,
BMT593797B,,
BMT595575B,,
BMT4136784B,,
BMT2428707B,,
BMT4136805B,,
BMT2428700B,,
BMT4136819B,,
BMT2428693B,,
BMT4136861B,,
BMT2428651B,,
BMT4136868B,,
BMT3271815B,,
BMT4136889B,,
BMT3271808B,,
BMT4136896B,,
BMT3271801B,,
BMT4136917B,,
BMT2428644B,,
BMT4136931B,,
BMT2428637B,,
BMT4136938B,,
BMT2428630B,,
BMT4136945B,,
BMT3271668B,,
BMT4136952B,,
BMT2428616B,,
BMT150773475,,
BMT2428609B,,
BMT4137043B,,
BMT2428602B,,
BMT4137113B,,
BMT3271780B,,
BMT4137176B,,
BMT2428595B,,
BMT4137183B,,
BMT2428588B,,
BMT4137211B,,
BMT2428581B,,
BMT4137218B,,
BMT3271787B,,
BMT4137239B,,
BMT3271794B,,
BMT4137281B,,
BMT598158B,,
BMT4137428B,,
BMT598193B,,
BMT4137435B,,
BMT598200B,,
BMT4137449B,,
BMT598221B,,
BMT4137582B,,
BMT598228B,,
BMT4137652B,,
BMT598214B,,
BMT4137659B,,
BMT598207B,,
BMT4137680B,,
BMT598263B,,
BMT160426269,,
BMT160426268,,
BMT101709365,,
BMT3076781B,,
BMT101709596,,
BMT101709603,,
BMT101709365,,
BMT101709358,,
BMT101709365,,
BMT101709379,,
BMT3506693B,,
BMT3506700B,,
BMT3506700B,,
BMT3506707B,,
BMT3506707B,,
BMT3506714B,,
BMT3506714B,,
BMT3506728B,,
BMT3506728B,,
BMT3506742B,,
BMT3506742B,,
BMT3506749B,,
BMT3506749B,,
BMT3506763B,,
BMT3506763B,,
BMT3506770B,,
BMT3506770B,,
BMT170995812,,
BMT101710107,,
BMT101710114,,
BMT3986312B,,
BMT3245537B,,
BMT4160143B,,
BMT101710814,,
BMT159181666,,
BMT159181667,,
BMT101710072,,
BMT2589896B,,
BMT595575B,,
BMT170846257,,
BMT170846257,,
BMT595589B,,
BMT170846257,,
BMT170846259,,
BMT595589B,,
BMT595596B,,
BMT595596B,,
BMT595603B,,
BMT595603B,,
BMT170846258,,
BMT596296B,,
BMT596303B,,
BMT596303B,,
BMT149948118,,
BMT160588653,,
BMT2428546B,,
BMT596800B,,
BMT596793B,,
BMT160588652,,
BMT596800B,,
BMT596814B,,
BMT160588652,,
BMT596814B,,
BMT596821B,,
BMT596828B,,
BMT596821B,,
BMT596835B,,
BMT596828B,,
BMT160588651,,
BMT596835B,,
BMT160588647,,
BMT160588648,,
BMT101709925,,
BMT598263B,,
BMT596856B,,
BMT596863B,,
BMT597059B,,
BMT597052B,,
BMT597066B,,
BMT597059B,,
BMT105693821,,
BMT597066B,,
BMT597080B,,
BMT105693821,,
BMT597087B,,
BMT597080B,,
BMT164913023,,
BMT3583336B,,
BMT597423B,,
BMT105693835,,
BMT597430B,,
BMT597423B,,
BMT597738B,,
BMT597430B,,
BMT597745B,,
BMT597738B,,
BMT105693828,,
BMT597745B,,
BMT101709974,,
BMT105693828,,
BMT149948115,,
BMT597766B,,
BMT597766B,,
BMT597780B,,
BMT597773B,,
BMT101709974,,
BMT597780B,,
BMT149948116,,
BMT101710002,,
BMT149948117,,
BMT170603752,,
BMT3269253B,,
BMT149948117,,
BMT596296B,,
BMT597822B,,
BMT101710002,,
BMT597829B,,
BMT597822B,,
BMT149948116,,
BMT597829B,,
BMT160426270,,
BMT160426272,,
BMT598165B,,
BMT598158B,,
BMT598172B,,
BMT598165B,,
BMT598179B,,
BMT598172B,,
BMT598186B,,
BMT4137428B,,
BMT598193B,,
BMT4137435B,,
BMT598200B,,
BMT4137449B,,
BMT598214B,,
BMT4137659B,,
BMT598221B,,
BMT150773476,,
BMT598228B,,
BMT4137652B,,
BMT598235B,,
BMT598207B,,
BMT162776285,,
BMT101709911,,
BMT162776285,,
BMT4137582B,,
BMT598249B,,
BMT598235B,,
BMT598256B,,
BMT598249B,,
BMT598256B,,
BMT4137680B,,
BMT107190253,,
BMT107190260,,
