BMT152657543,,
BMT152657544,,
BMT152657544,,
BMT123504238,,
BMT152657544,,
BMT152563572,,
BMT155281863,,
BMT8835444B,,
BMT8835444B,,
BMT155281864,,
BMT155281864,,
BMT8835457B,,
BMT8835457B,,
BMT8835459B,,
BMT8835459B,,
BMT155281865,,
BMT155281865,,
BMT8835469B,,
BMT8835469B,,
BMT8835471B,,
BMT8835471B,,
BMT155281866,,
BMT155281865,,
BMT155281867,,
BMT155281867,,
BMT8835466B,,
BMT8835466B,,
BMT8835516B,,
BMT8835516B,,
BMT8835520B,,
BMT8835520B,,
BMT155281871,,
BMT155281865,,
BMT8835460B,,
BMT8835460B,,
BMT8835501B,,
BMT8835501B,,
BMT8835504B,,
BMT8835504B,,
BMT8835505B,,
BMT8835505B,,
BMT8835506B,,
BMT8835506B,,
BMT8835760B,,
BMT8835760B,,
BMT8835631B,,
BMT8835760B,,
BMT8835508B,,
BMT8835760B,,
BMT155281868,,
BMT155281868,,
BMT8835627B,,
BMT8835627B,,
BMT155281869,,
BMT155281869,,
BMT8835570B,,
BMT155281869,,
BMT8835626B,,
BMT8835626B,,
BMT8835583B,,
BMT8835583B,,
BMT155281870,,
BMT155281869,,
BMT8835687B,,
BMT8835687B,,
BMT152579269,,
BMT170143990,,
BMT170143991,,
BMT170143991,,
BMT8835692B,,
BMT8835692B,,
BMT8835693B,,
BMT8835693B,,
BMT8835684B,,
BMT8835684B,,
BMT170143992,,
BMT170143991,,
BMT8835706B,,
BMT8835706B,,
BMT8835704B,,
BMT8835704B,,
BMT170143993,,
BMT170143992,,
BMT8835710B,,
BMT8835710B,,
BMT8835711B,,
BMT8835711B,,
BMT8835712B,,
BMT8835712B,,
BMT8835713B,,
BMT8835713B,,
BMT8835714B,,
BMT8835714B,,
BMT8835715B,,
BMT8835715B,,
BMT170143994,,
BMT170143994,,
BMT170143995,,
BMT170081781,,
BMT170081782,,
BMT170081782,,
BMT170081783,,
BMT172721901,,
BMT172721904,,
BMT354366B,,
BMT156918072,,
BMT156918072,,
BMT354359B,,
BMT170814196,,
BMT170814198,,
BMT170814198,,
BMT170814199,,
BMT170814198,,
BMT170814200,,
BMT163331409,,
BMT163331413,,
BMT170746404,,
BMT170746406,,
BMT170746406,,
BMT170746407,,
BMT170746406,,
BMT9134081B,,
BMT9134081B,,
BMT9134090B,,
BMT9134090B,,
BMT170746408,,
BMT167535813,,
BMT9244242B,,
BMT9244242B,,
BMT167535815,,
BMT156929262,,
BMT167610159,,
BMT167610159,,
BMT167610160,,
BMT167610159,,
BMT167610161,,
BMT170143995,,
BMT8835721B,,
BMT8835721B,,
BMT169800035,,
BMT170336300,,
BMT8835730B,,
BMT8835730B,,
BMT8835731B,,
BMT8835731B,,
BMT170336301,,
BMT170336301,,
BMT9310530B,,
BMT9310530B,,
BMT9310532B,,
BMT9310532B,,
BMT9310533B,,
BMT9310533B,,
BMT170336302,,
BMT170336302,,
BMT169800472,,
BMT169800472,,
BMT9310538B,,
BMT9310538B,,
BMT169801068,,
BMT169801068,,
BMT9310540B,,
BMT9310540B,,
BMT9310541B,,
BMT9310541B,,
BMT9310547B,,
BMT9310547B,,
BMT170336304,,
BMT170336304,,
BMT169802651,,
BMT170335922,,
BMT9310552B,,
BMT9310552B,,
BMT170335923,,
BMT170335923,,
BMT9310562B,,
BMT9310562B,,
BMT9310564B,,
BMT170336304,,
BMT9310611B,,
BMT9310611B,,
BMT170336305,,
BMT170336305,,
BMT9310617B,,
BMT9310617B,,
BMT9310619B,,
BMT9310619B,,
BMT9310621B,,
BMT9310621B,,
BMT9310624B,,
BMT9310624B,,
BMT170336306,,
BMT9310564B,,
BMT9310634B,,
BMT9310634B,,
BMT9310635B,,
BMT9310635B,,
BMT9310604B,,
BMT9310604B,,
BMT9310601B,,
BMT9310601B,,
BMT9310600B,,
BMT9310600B,,
BMT9310594B,,
BMT9310594B,,
BMT9310592B,,
BMT9310592B,,
BMT9310589B,,
BMT9310589B,,
BMT170335924,,
BMT170336305,,
BMT9310642B,,
BMT9310642B,,
BMT9310643B,,
BMT9310643B,,
BMT169806426,,
BMT170337081,,
BMT9310648B,,
BMT9310648B,,
BMT170337082,,
BMT170337082,,
BMT9310653B,,
BMT9310653B,,
BMT9310655B,,
BMT9310655B,,
BMT9310661B,,
BMT9310661B,,
BMT169777371,,
BMT169777371,,
BMT170337083,,
BMT170337083,,
BMT9310664B,,
BMT9310664B,,
BMT9310666B,,
BMT170337083,,
BMT9310703B,,
BMT9310703B,,
BMT9310706B,,
BMT9310706B,,
BMT9310708B,,
BMT9310708B,,
BMT9310710B,,
BMT9310710B,,
BMT170337085,,
BMT9310666B,,
BMT9310723B,,
BMT9310723B,,
BMT170337084,,
BMT170337084,,
BMT9310728B,,
BMT9310728B,,
BMT9310736B,,
BMT9310736B,,
BMT9310738B,,
BMT9310738B,,
BMT9310739B,,
BMT9310739B,,
BMT170337086,,
BMT170336914,,
BMT170336915,,
BMT170336915,,
BMT463055B,,
BMT170143994,,
BMT169775787,,
BMT170333939,,
BMT170333940,,
BMT170333940,,
BMT9310784B,,
BMT170333940,,
BMT9310788B,,
BMT9310788B,,
BMT9310790B,,
BMT9310790B,,
BMT170333942,,
BMT9310784B,,
BMT9310802B,,
BMT9310802B,,
BMT170333941,,
BMT170342196,,
BMT9310872B,,
BMT9310872B,,
BMT9310874B,,
BMT9310874B,,
BMT9310876B,,
BMT9310876B,,
BMT9310877B,,
BMT9310877B,,
BMT170342197,,
BMT170342197,,
BMT170342198,,
BMT170342197,,
BMT9310911B,,
BMT170342197,,
BMT9310918B,,
BMT9310918B,,
BMT9310926B,,
BMT9310926B,,
BMT170342199,,
BMT170342199,,
BMT9310941B,,
BMT9310941B,,
BMT9310943B,,
BMT9310943B,,
BMT9310949B,,
BMT9310949B,,
BMT170342200,,
BMT170342199,,
BMT9310947B,,
BMT170342199,,
BMT9310948B,,
BMT9310948B,,
BMT9310970B,,
BMT9310970B,,
BMT9310971B,,
BMT9310971B,,
BMT9310973B,,
BMT9310973B,,
BMT9310975B,,
BMT9310975B,,
BMT170342202,,
BMT170342202,,
BMT9310979B,,
BMT9310979B,,
BMT9310982B,,
BMT9310982B,,
BMT9310983B,,
BMT9310947B,,
BMT170342201,,
BMT1957625B,,
BMT148771177,,
BMT148771177,,
BMT148771178,,
BMT168774525,,
BMT378488B,,
BMT378488B,,
BMT168774526,,
BMT160216982,,
BMT8803869B,,
BMT8803869B,,
BMT8803870B,,
BMT8803870B,,
BMT160216984,,
BMT163331406,,
BMT163331409,,
BMT163331409,,
BMT8878492B,,
BMT8878492B,,
BMT8878494B,,
BMT8878494B,,
BMT163331412,,
BMT163331412,,
BMT163331415,,
BMT8912477B,,
BMT8912481B,,
BMT8912481B,,
BMT2163579B,,
BMT2163579B,,
BMT156232322,,
BMT156232322,,
BMT156232323,,
BMT156232322,,
BMT3083295B,,
BMT3083295B,,
BMT2083002B,,
BMT2083002B,,
BMT2083009B,,
BMT2083009B,,
BMT8912436B,,
BMT8912436B,,
BMT8912442B,,
BMT8912442B,,
BMT8912445B,,
BMT8912445B,,
BMT8912453B,,
BMT8912453B,,
BMT8912457B,,
BMT8912457B,,
BMT8912460B,,
BMT8912460B,,
BMT8912468B,,
BMT8912468B,,
BMT156232324,,
BMT160826298,,
BMT155151257,,
BMT156232321,,
BMT8912477B,,
BMT156842187,,
BMT156842190,,
BMT2923464B,,
BMT157782618,,
BMT157782618,,
BMT157782619,,
BMT157782618,,
BMT157782620,,
BMT159221429,,
BMT159221431,,
BMT159221431,,
BMT9033419B,,
BMT9033419B,,
BMT159221432,,
BMT9033419B,,
BMT348836B,,
BMT9033419B,,
BMT9033417B,,
BMT160826509,,
BMT160826510,,
BMT160826510,,
BMT1955399B,,
BMT162398993,,
BMT162398995,,
BMT162362108,,
BMT162362109,,
BMT162362109,,
BMT162362111,,
BMT162445455,,
BMT162445458,,
BMT162445458,,
BMT162445459,,
BMT162445458,,
BMT162445460,,
BMT1380867B,,
BMT172721883,,
BMT172721883,,
BMT172721884,,
BMT172721883,,
BMT9291270B,,
BMT9291270B,,
BMT172721885,,
BMT171456593,,
BMT171456594,,
BMT172720605,,
BMT2527733B,,
BMT2527733B,,
BMT7232742B,,
BMT7232742B,,
BMT7232749B,,
BMT7232749B,,
BMT7232763B,,
BMT7232763B,,
BMT9053936B,,
BMT9310983B,,
BMT9311014B,,
BMT9311014B,,
BMT9311015B,,
BMT9311015B,,
BMT170342203,,
BMT170336301,,
BMT170336303,,
BMT170335995,,
BMT170335996,,
BMT170334430,,
BMT170334431,,
BMT170337086,,
BMT169801975,,
BMT170336915,,
BMT463076B,,
BMT1956939B,,
BMT123504812,,
BMT1957184B,,
BMT123504427,,
BMT123504427,,
BMT123504441,,
BMT123504427,,
BMT2998406B,,
BMT1957240B,,
BMT123504462,,
BMT123504476,,
BMT123504490,,
BMT1957394B,,
BMT123504532,,
BMT1957443B,,
BMT1379936B,,
BMT1957450B,,
BMT123504539,,
BMT1957471B,,
BMT160826310,,
BMT1957583B,,
BMT160826314,,
BMT1957590B,,
BMT123505057,,
BMT1957604B,,
BMT160826318,,
BMT1957709B,,
BMT1962077B,,
BMT1957716B,,
BMT1957723B,,
BMT1957723B,,
BMT167735825,,
BMT1957730B,,
BMT167735827,,
BMT167735826,,
BMT1957730B,,
BMT1957751B,,
BMT1957758B,,
BMT1957758B,,
BMT1957765B,,
BMT1957765B,,
BMT1957779B,,
BMT1957772B,,
BMT165241726,,
BMT1957779B,,
BMT1957786B,,
BMT1957786B,,
BMT1957793B,,
BMT1957793B,,
BMT142964609,,
BMT1957800B,,
BMT1379964B,,
BMT1957807B,,
BMT123504588,,
BMT142964609,,
BMT142964616,,
BMT142964609,,
BMT2082925B,,
BMT1957821B,,
BMT1957828B,,
BMT1957828B,,
BMT1957835B,,
BMT1957835B,,
BMT1957842B,,
BMT1957842B,,
BMT1957856B,,
BMT170683140,,
BMT1957863B,,
BMT170683140,,
BMT3122446B,,
BMT1957856B,,
BMT142938730,,
BMT1957863B,,
BMT170683142,,
BMT142938863,,
BMT142938870,,
BMT1957940B,,
BMT170683149,,
BMT1957954B,,
BMT172721903,,
BMT1957968B,,
BMT170683150,,
BMT1957975B,,
BMT156855751,,
BMT170683151,,
BMT170683152,,
BMT1958031B,,
BMT1958038B,,
BMT1958038B,,
BMT452135B,,
BMT1958052B,,
BMT123504791,,
BMT1958185B,,
BMT171896726,,
BMT171896726,,
BMT171896727,,
BMT152577324,,
BMT8826037B,,
BMT8826037B,,
BMT123509775,,
BMT172721907,,
BMT172721910,,
BMT172721910,,
BMT172721911,,
BMT172721910,,
BMT172721912,,
BMT169589682,,
BMT169589683,,
BMT169589683,,
BMT169589684,,
BMT169589683,,
BMT169589685,,
BMT170814204,,
BMT169634143,,
BMT170064377,,
BMT9306709B,,
BMT9306709B,,
BMT9306710B,,
BMT9306710B,,
BMT9306712B,,
BMT9306712B,,
BMT9306714B,,
BMT9306714B,,
BMT9306716B,,
BMT9306716B,,
BMT9306717B,,
BMT9306717B,,
BMT170064378,,
BMT170081786,,
BMT170081787,,
BMT170814713,,
BMT170814714,,
BMT170814714,,
BMT170814715,,
BMT170814714,,
BMT9340727B,,
BMT9340727B,,
BMT9340728B,,
BMT9340728B,,
BMT9340730B,,
BMT9340730B,,
BMT9340731B,,
BMT9340731B,,
BMT9340732B,,
BMT9340732B,,
BMT9340733B,,
BMT9340733B,,
BMT9340735B,,
BMT9340735B,,
BMT9340736B,,
BMT9340736B,,
BMT170814716,,
BMT170814716,,
BMT9340743B,,
BMT9340743B,,
BMT9340744B,,
BMT9340744B,,
BMT9340745B,,
BMT9340745B,,
BMT9340746B,,
BMT9340746B,,
BMT9340748B,,
BMT9340748B,,
BMT9340750B,,
BMT9340750B,,
BMT9340751B,,
BMT9340751B,,
BMT9340753B,,
BMT9340753B,,
BMT170814717,,
BMT172269126,,
BMT9375015B,,
BMT9375015B,,
BMT9375037B,,
BMT9375037B,,
BMT9375041B,,
BMT9375041B,,
BMT9375043B,,
BMT9375043B,,
BMT9375045B,,
BMT9375045B,,
BMT9375051B,,
BMT9375051B,,
BMT172269127,,
BMT1883530B,,
BMT1379845B,,
BMT1883530B,,
BMT1883523B,,
BMT1948462B,,
BMT123507626,,
BMT1948735B,,
BMT380014B,,
BMT123504763,,
BMT123504770,,
BMT123508235,,
BMT123508242,,
BMT148432054,,
BMT148432055,,
BMT1954440B,,
BMT148432050,,
BMT148432050,,
BMT1954454B,,
BMT1954454B,,
BMT1954461B,,
BMT1954461B,,
BMT1954468B,,
BMT1954468B,,
BMT148432051,,
BMT171896726,,
BMT171896728,,
BMT123504161,,
BMT123504168,,
BMT1959641B,,
BMT156851729,,
BMT1959648B,,
BMT1883530B,,
BMT123504252,,
BMT123504259,,
BMT123504252,,
BMT2079733B,,
BMT1959669B,,
BMT123509460,,
BMT1959690B,,
BMT123509215,,
BMT1959739B,,
BMT170814197,,
BMT170814202,,
BMT170814203,,
BMT170814202,,
BMT170814204,,
BMT1960418B,,
BMT171629366,,
BMT1960432B,,
BMT1960418B,,
BMT1960439B,,
BMT171629369,,
BMT1960453B,,
BMT1960467B,,
BMT1960467B,,
BMT171629370,,
BMT1960502B,,
BMT1960509B,,
BMT1960509B,,
BMT171629373,,
BMT1960726B,,
BMT165241727,,
BMT171629353,,
BMT171629354,,
BMT1962014B,,
BMT171629356,,
BMT1962021B,,
BMT1962028B,,
BMT1962028B,,
BMT1380335B,,
BMT170746404,,
BMT170746405,,
BMT1962077B,,
BMT1380454B,,
BMT1962084B,,
BMT123505981,,
BMT1962126B,,
BMT1962133B,,
BMT1962133B,,
BMT1960432B,,
BMT1962140B,,
BMT1962147B,,
BMT1962147B,,
BMT123506653,,
BMT123506667,,
BMT1962161B,,
BMT1962161B,,
BMT123506695,,
BMT123506674,,
BMT123506681,,
BMT1962224B,,
BMT1380272B,,
BMT1962231B,,
BMT123506674,,
BMT1962238B,,
BMT1962231B,,
BMT1962259B,,
BMT123506023,,
BMT171629360,,
BMT171629361,,
BMT1962322B,,
BMT1962336B,,
BMT1962336B,,
BMT123506030,,
BMT162361565,,
BMT162361566,,
BMT162361570,,
BMT162361574,,
BMT1962420B,,
BMT1962427B,,
BMT1962427B,,
BMT1962434B,,
BMT1962434B,,
BMT123506044,,
BMT1962763B,,
BMT123505932,,
BMT1962770B,,
BMT1962763B,,
BMT1962777B,,
BMT1962770B,,
BMT123505939,,
BMT123505946,,
BMT1962819B,,
BMT123505918,,
BMT160826316,,
BMT160826317,,
BMT1962833B,,
BMT1962840B,,
BMT1962840B,,
BMT172269113,,
BMT1962861B,,
BMT1962868B,,
BMT1962868B,,
BMT172269117,,
BMT1962889B,,
BMT172269119,,
BMT162398992,,
BMT162398993,,
BMT162398993,,
BMT162398994,,
BMT1962917B,,
BMT1962924B,,
BMT1962924B,,
BMT172269122,,
BMT1962959B,,
BMT172269125,,
BMT172075857,,
BMT1963015B,,
BMT1963015B,,
BMT1963029B,,
BMT1963022B,,
BMT172075858,,
BMT1963029B,,
BMT1963022B,,
BMT1963113B,,
BMT1963120B,,
BMT1963120B,,
BMT172075861,,
BMT123502285,,
BMT157101198,,
BMT151851801,,
BMT462908B,,
BMT345896B,,
BMT349718B,,
BMT345903B,,
BMT159221420,,
BMT159221418,,
BMT345938B,,
BMT345945B,,
BMT345938B,,
BMT345945B,,
BMT159221419,,
BMT159221419,,
BMT345959B,,
BMT159221419,,
BMT348710B,,
BMT345959B,,
BMT345903B,,
BMT345966B,,
BMT159221418,,
BMT345973B,,
BMT345966B,,
BMT345980B,,
BMT345973B,,
BMT345987B,,
BMT345980B,,
BMT345987B,,
BMT345994B,,
BMT345994B,,
BMT346001B,,
BMT346078B,,
BMT123510874,,
BMT346085B,,
BMT346078B,,
BMT346092B,,
BMT346085B,,
BMT346099B,,
BMT346092B,,
BMT148653898,,
BMT346141B,,
BMT346113B,,
BMT148653898,,
BMT346120B,,
BMT346113B,,
BMT346127B,,
BMT346120B,,
BMT346134B,,
BMT346127B,,
BMT346148B,,
BMT346141B,,
BMT346190B,,
BMT346148B,,
BMT346190B,,
BMT148653901,,
BMT142805107,,
BMT142805114,,
BMT2467484B,,
BMT1379754B,,
BMT2467512B,,
BMT2467519B,,
BMT2467519B,,
BMT123502201,,
BMT2467540B,,
BMT1379719B,,
BMT142805114,,
BMT127763668,,
BMT142888897,,
BMT346218B,,
BMT2467701B,,
BMT123502145,,
BMT346218B,,
BMT346225B,,
BMT2467722B,,
BMT1379677B,,
BMT2467729B,,
BMT2467722B,,
BMT2467736B,,
BMT2467729B,,
BMT2467743B,,
BMT1379684B,,
BMT2467750B,,
BMT2467743B,,
BMT346225B,,
BMT346232B,,
BMT346232B,,
BMT346295B,,
BMT346260B,,
BMT346253B,,
BMT346267B,,
BMT346260B,,
BMT346274B,,
BMT346267B,,
BMT1954601B,,
BMT148432046,,
BMT1954608B,,
BMT1954601B,,
BMT168810000,,
BMT168810001,,
BMT168810001,,
BMT1954671B,,
BMT1954671B,,
BMT168810002,,
BMT1954797B,,
BMT160216981,,
BMT160216982,,
BMT160216983,,
BMT160216983,,
BMT1954825B,,
BMT160216983,,
BMT160216986,,
BMT1954825B,,
BMT1954832B,,
BMT1954832B,,
BMT160216985,,
BMT159127997,,
BMT159127998,,
BMT159127997,,
BMT159127999,,
BMT1954881B,,
BMT148432058,,
BMT1954888B,,
BMT1954895B,,
BMT1954895B,,
BMT1954902B,,
BMT1954902B,,
BMT170814183,,
BMT1955168B,,
BMT170814194,,
BMT1955231B,,
BMT123507199,,
BMT1955238B,,
BMT1955231B,,
BMT1955245B,,
BMT1955238B,,
BMT1955252B,,
BMT1955245B,,
BMT170081786,,
BMT1955252B,,
BMT1955315B,,
BMT162445456,,
BMT1955364B,,
BMT123504847,,
BMT1955371B,,
BMT153934169,,
BMT153934169,,
BMT123504903,,
BMT1955392B,,
BMT160826302,,
BMT1955399B,,
BMT1955406B,,
BMT1955406B,,
BMT1955413B,,
BMT1955413B,,
BMT160826511,,
BMT1955420B,,
BMT160826512,,
BMT1955427B,,
BMT160826514,,
BMT1955434B,,
BMT3084632B,,
BMT1955441B,,
BMT157038615,,
BMT1955448B,,
BMT160826306,,
BMT1955455B,,
BMT123505792,,
BMT1955462B,,
BMT408945B,,
BMT1956540B,,
BMT123504273,,
BMT169802489,,
BMT1956617B,,
BMT1956617B,,
BMT1380930B,,
BMT1956638B,,
BMT169802491,,
BMT1956652B,,
BMT1380937B,,
BMT1956659B,,
BMT1956652B,,
BMT1956876B,,
BMT123504805,,
BMT1956883B,,
BMT1956876B,,
BMT348563B,,
BMT348570B,,
BMT348577B,,
BMT348570B,,
BMT348584B,,
BMT348577B,,
BMT348584B,,
BMT348591B,,
BMT348591B,,
BMT348598B,,
BMT148653897,,
BMT348598B,,
BMT148653897,,
BMT148653899,,
BMT148653897,,
BMT123510713,,
BMT348612B,,
BMT148653904,,
BMT348619B,,
BMT348612B,,
BMT348626B,,
BMT348619B,,
BMT9053936B,,
BMT172720606,,
BMT172721887,,
BMT9391070B,,
BMT9391070B,,
BMT172721889,,
BMT2194925B,,
BMT380322B,,
BMT2285435B,,
BMT2285442B,,
BMT2285442B,,
BMT2285449B,,
BMT2285449B,,
BMT164191848,,
BMT164191848,,
BMT164191849,,
BMT2285603B,,
BMT2285610B,,
BMT2285610B,,
BMT2285624B,,
BMT2285624B,,
BMT156918074,,
BMT156918074,,
BMT2285715B,,
BMT172721890,,
BMT172721891,,
BMT172721890,,
BMT167534124,,
BMT167534124,,
BMT172721892,,
BMT2345404B,,
BMT123502159,,
BMT161789394,,
BMT2345418B,,
BMT2345418B,,
BMT2345432B,,
BMT2345432B,,
BMT1379740B,,
BMT2345453B,,
BMT2345460B,,
BMT2345460B,,
BMT1379747B,,
BMT123510797,,
BMT346841B,,
BMT346813B,,
BMT123510797,,
BMT346820B,,
BMT346813B,,
BMT346827B,,
BMT346820B,,
BMT346841B,,
BMT346848B,,
BMT346848B,,
BMT347835B,,
BMT165313205,,
BMT346995B,,
BMT346995B,,
BMT346701B,,
BMT347037B,,
BMT165313205,,
BMT347044B,,
BMT347037B,,
BMT347051B,,
BMT347044B,,
BMT123510958,,
BMT123510965,,
BMT347121B,,
BMT123510958,,
BMT123510951,,
BMT347121B,,
BMT123502250,,
BMT347135B,,
BMT347135B,,
BMT347142B,,
BMT347142B,,
BMT347149B,,
BMT347149B,,
BMT347156B,,
BMT347156B,,
BMT171456595,,
BMT171456595,,
BMT347177B,,
BMT347177B,,
BMT171456596,,
BMT171456596,,
BMT123502271,,
BMT123510937,,
BMT123510944,,
BMT123502271,,
BMT171456597,,
BMT347198B,,
BMT123502250,,
BMT347205B,,
BMT347198B,,
BMT149362311,,
BMT347205B,,
BMT171456594,,
BMT149362311,,
BMT171456582,,
BMT171456565,,
BMT123510972,,
BMT1987606B,,
BMT165313203,,
BMT347282B,,
BMT347275B,,
BMT165313203,,
BMT347282B,,
BMT347289B,,
BMT347289B,,
BMT165313204,,
BMT165313204,,
BMT347303B,,
BMT165313204,,
BMT347310B,,
BMT170335998,,
BMT170335999,,
BMT170335999,,
BMT8765621B,,
BMT8765621B,,
BMT170336000,,
BMT1957744B,,
BMT167735828,,
BMT167735828,,
BMT167735829,,
BMT167735828,,
BMT9001149B,,
BMT9001149B,,
BMT167735830,,
BMT123506562,,
BMT171629365,,
BMT171629365,,
BMT1962126B,,
BMT171629365,,
BMT171629367,,
BMT1934098B,,
BMT167371652,,
BMT123509929,,
BMT123509936,,
BMT123510811,,
BMT347793B,,
BMT347758B,,
BMT123510811,,
BMT347765B,,
BMT347758B,,
BMT347765B,,
BMT347772B,,
BMT123510804,,
BMT347772B,,
BMT123510804,,
BMT123510818,,
BMT148654101,,
BMT349298B,,
BMT347793B,,
BMT347800B,,
BMT347800B,,
BMT347807B,,
BMT347807B,,
BMT347814B,,
BMT347814B,,
BMT123510825,,
BMT169388864,,
BMT123510146,,
BMT169388864,,
BMT350033B,,
BMT169388864,,
BMT350040B,,
BMT347835B,,
BMT123510804,,
BMT123504021,,
BMT348010B,,
BMT348010B,,
BMT348017B,,
BMT348017B,,
BMT348024B,,
BMT348024B,,
BMT123504028,,
BMT348052B,,
BMT123504021,,
BMT348059B,,
BMT348052B,,
BMT348066B,,
BMT348059B,,
BMT123504014,,
BMT348066B,,
BMT123504014,,
BMT123504000,,
BMT123504000,,
BMT123503993,,
BMT123503993,,
BMT348178B,,
BMT123503993,,
BMT348185B,,
BMT348143B,,
BMT123504007,,
BMT348150B,,
BMT348143B,,
BMT348157B,,
BMT348150B,,
BMT348171B,,
BMT348157B,,
BMT348178B,,
BMT348171B,,
BMT348185B,,
BMT348192B,,
BMT348192B,,
BMT348199B,,
BMT348199B,,
BMT348374B,,
BMT348248B,,
BMT123510321,,
BMT348255B,,
BMT348248B,,
BMT348262B,,
BMT348255B,,
BMT348269B,,
BMT348262B,,
BMT348304B,,
BMT123503986,,
BMT348353B,,
BMT348304B,,
BMT123503979,,
BMT348353B,,
BMT123503979,,
BMT3208896B,,
BMT348374B,,
BMT348367B,,
BMT348423B,,
BMT123503972,,
BMT348430B,,
BMT348423B,,
BMT170335996,,
BMT170335997,,
BMT170335997,,
BMT8734700B,,
BMT8734700B,,
BMT170335998,,
BMT162220847,,
BMT8776745B,,
BMT8776745B,,
BMT123510552,,
BMT2716425B,,
BMT151851804,,
BMT151851804,,
BMT151851805,,
BMT3003607B,,
BMT154571294,,
BMT154571294,,
BMT154571295,,
BMT154571294,,
BMT154571296,,
BMT348864B,,
BMT8977596B,,
BMT8977596B,,
BMT348857B,,
BMT158471576,,
BMT158471578,,
BMT352252B,,
BMT162591049,,
BMT353575B,,
BMT162591049,,
BMT172720603,,
BMT2527712B,,
BMT2527712B,,
BMT172720605,,
BMT163331412,,
BMT163331417,,
BMT170683142,,
BMT9337092B,,
BMT9337092B,,
BMT170683146,,
BMT167610167,,
BMT2079719B,,
BMT2079719B,,
BMT167610168,,
BMT2079733B,,
BMT123504266,,
BMT2079754B,,
BMT123509131,,
BMT155359543,,
BMT155359544,,
BMT155359543,,
BMT155359545,,
BMT159897071,,
BMT159897072,,
BMT162160386,,
BMT123504336,,
BMT162160386,,
BMT2081798B,,
BMT2081798B,,
BMT3077429B,,
BMT123506961,,
BMT123506968,,
BMT2081903B,,
BMT123508578,,
BMT2082925B,,
BMT2082932B,,
BMT2082932B,,
BMT142964623,,
BMT2083058B,,
BMT2083065B,,
BMT2083065B,,
BMT2083072B,,
BMT2083072B,,
BMT3160862B,,
BMT160826516,,
BMT160826518,,
BMT123510314,,
BMT349907B,,
BMT349907B,,
BMT349914B,,
BMT349914B,,
BMT349921B,,
BMT349921B,,
BMT348269B,,
BMT349949B,,
BMT123510314,,
BMT349956B,,
BMT349949B,,
BMT349963B,,
BMT349956B,,
BMT349970B,,
BMT349963B,,
BMT350033B,,
BMT169388868,,
BMT169388863,,
BMT169388864,,
BMT169388863,,
BMT350299B,,
BMT169388863,,
BMT350306B,,
BMT169388863,,
BMT169388861,,
BMT350138B,,
BMT165313198,,
BMT350145B,,
BMT350138B,,
BMT350152B,,
BMT350145B,,
BMT350159B,,
BMT350152B,,
BMT350166B,,
BMT350159B,,
BMT350299B,,
BMT169388865,,
BMT123507787,,
BMT155359548,,
BMT170683135,,
BMT170683136,,
BMT170683136,,
BMT170683137,,
BMT167535812,,
BMT167535813,,
BMT167535813,,
BMT167535814,,
BMT1954790B,,
BMT168810005,,
BMT168810005,,
BMT168810006,,
BMT168810005,,
BMT168810007,,
BMT162160382,,
BMT162160384,,
BMT170814191,,
BMT170814192,,
BMT170814191,,
BMT170814190,,
BMT170814189,,
BMT170814190,,
BMT170814189,,
BMT170814188,,
BMT1380538B,,
BMT170814188,,
BMT123504609,,
BMT165241728,,
BMT380945B,,
BMT123504609,,
BMT355234B,,
BMT165263717,,
BMT167748206,,
BMT167748207,,
BMT167748207,,
BMT9251858B,,
BMT9251858B,,
BMT167748208,,
BMT167748207,,
BMT9251872B,,
BMT9251872B,,
BMT9251873B,,
BMT9251873B,,
BMT9251874B,,
BMT9251874B,,
BMT167748209,,
BMT168810005,,
BMT9282222B,,
BMT9282222B,,
BMT9282223B,,
BMT9282223B,,
BMT9282224B,,
BMT9282224B,,
BMT9282228B,,
BMT9282228B,,
BMT9282229B,,
BMT9282229B,,
BMT9282230B,,
BMT9282230B,,
BMT9282231B,,
BMT9282231B,,
BMT9282232B,,
BMT9282232B,,
BMT9282233B,,
BMT9282233B,,
BMT9282234B,,
BMT9282234B,,
BMT168810008,,
BMT168810008,,
BMT168810009,,
BMT351454B,,
BMT351447B,,
BMT351461B,,
BMT351454B,,
BMT351468B,,
BMT351461B,,
BMT351475B,,
BMT351468B,,
BMT169388857,,
BMT351489B,,
BMT169388857,,
BMT169388858,,
BMT351489B,,
BMT351524B,,
BMT351524B,,
BMT351531B,,
BMT169388856,,
BMT351531B,,
BMT169388858,,
BMT351552B,,
BMT169388858,,
BMT351573B,,
BMT351552B,,
BMT169388859,,
BMT169388859,,
BMT169388861,,
BMT169388859,,
BMT351566B,,
BMT351566B,,
BMT351895B,,
BMT351573B,,
BMT352497B,,
BMT351685B,,
BMT123503930,,
BMT351692B,,
BMT351685B,,
BMT351699B,,
BMT351692B,,
BMT351706B,,
BMT123503916,,
BMT142961305,,
BMT351769B,,
BMT348633B,,
BMT348626B,,
BMT348640B,,
BMT348633B,,
BMT148653899,,
BMT367218B,,
BMT348654B,,
BMT148653897,,
BMT123510860,,
BMT367925B,,
BMT348696B,,
BMT159221421,,
BMT348703B,,
BMT348696B,,
BMT348710B,,
BMT348703B,,
BMT123504042,,
BMT348724B,,
BMT348724B,,
BMT348731B,,
BMT348745B,,
BMT348731B,,
BMT348752B,,
BMT123504042,,
BMT348759B,,
BMT348752B,,
BMT348766B,,
BMT348759B,,
BMT348773B,,
BMT348766B,,
BMT159221429,,
BMT159221430,,
BMT348857B,,
BMT159221429,,
BMT348948B,,
BMT123503965,,
BMT123503951,,
BMT348451B,,
BMT123503951,,
BMT348948B,,
BMT348962B,,
BMT123503951,,
BMT123504035,,
BMT348773B,,
BMT123503937,,
BMT348962B,,
BMT348976B,,
BMT123503937,,
BMT123503923,,
BMT348976B,,
BMT123503923,,
BMT349060B,,
BMT349053B,,
BMT123503944,,
BMT349060B,,
BMT349053B,,
BMT349116B,,
BMT123503923,,
BMT349137B,,
BMT349116B,,
BMT349144B,,
BMT349137B,,
BMT123503916,,
BMT349144B,,
BMT123503916,,
BMT351699B,,
BMT123509922,,
BMT349186B,,
BMT349165B,,
BMT123509922,,
BMT349172B,,
BMT349165B,,
BMT349179B,,
BMT348864B,,
BMT349186B,,
BMT349193B,,
BMT349193B,,
BMT349200B,,
BMT349200B,,
BMT484524B,,
BMT159221428,,
BMT123509894,,
BMT349214B,,
BMT159221428,,
BMT349221B,,
BMT349214B,,
BMT123509915,,
BMT349172B,,
BMT123509894,,
BMT349179B,,
BMT349284B,,
BMT148654104,,
BMT148654102,,
BMT349284B,,
BMT148654102,,
BMT349340B,,
BMT349298B,,
BMT148654102,,
BMT159221424,,
BMT159221425,,
BMT159221425,,
BMT349431B,,
BMT159221425,,
BMT349445B,,
BMT159221425,,
BMT2936400B,,
BMT349431B,,
BMT347667B,,
BMT349438B,,
BMT349221B,,
BMT349445B,,
BMT349452B,,
BMT349452B,,
BMT159221427,,
BMT159221433,,
BMT2185139B,,
BMT159221427,,
BMT8700323B,,
BMT159221433,,
BMT8700323B,,
BMT149362519,,
BMT149362520,,
BMT123502285,,
BMT8970599B,,
BMT8970599B,,
BMT123502292,,
BMT171629377,,
BMT9362492B,,
BMT9362492B,,
BMT9362493B,,
BMT9362493B,,
BMT9362494B,,
BMT9362494B,,
BMT171629378,,
BMT1987606B,,
BMT1987613B,,
BMT1987613B,,
BMT1987620B,,
BMT1987620B,,
BMT1987627B,,
BMT1987627B,,
BMT123510979,,
BMT2185139B,,
BMT2185146B,,
BMT2185146B,,
BMT159221434,,
BMT159221422,,
BMT345861B,,
BMT345861B,,
BMT345868B,,
BMT345868B,,
BMT349480B,,
BMT345875B,,
BMT159221422,,
BMT159221420,,
BMT345875B,,
BMT159221420,,
BMT345889B,,
BMT345889B,,
BMT345896B,,
BMT123502523,,
BMT481731B,,
BMT352231B,,
BMT352203B,,
BMT162591051,,
BMT352231B,,
BMT352245B,,
BMT352280B,,
BMT352252B,,
BMT352245B,,
BMT162591049,,
BMT352266B,,
BMT352266B,,
BMT352273B,,
BMT352273B,,
BMT352560B,,
BMT352280B,,
BMT162591051,,
BMT352413B,,
BMT170975941,,
BMT170975941,,
BMT352427B,,
BMT352427B,,
BMT352434B,,
BMT352434B,,
BMT123502838,,
BMT123502838,,
BMT170975940,,
BMT172720602,,
BMT2527656B,,
BMT352448B,,
BMT352413B,,
BMT352455B,,
BMT352448B,,
BMT352455B,,
BMT352462B,,
BMT352469B,,
BMT352462B,,
BMT352476B,,
BMT352469B,,
BMT352483B,,
BMT352476B,,
BMT352497B,,
BMT169388860,,
BMT352539B,,
BMT162591050,,
BMT352553B,,
BMT352539B,,
BMT352560B,,
BMT352553B,,
BMT123510349,,
BMT123510356,,
BMT123510349,,
BMT352847B,,
BMT352651B,,
BMT123510349,,
BMT352658B,,
BMT352651B,,
BMT352665B,,
BMT352658B,,
BMT352735B,,
BMT169388851,,
BMT352742B,,
BMT352735B,,
BMT169388849,,
BMT352742B,,
BMT169388849,,
BMT353092B,,
BMT352756B,,
BMT169388849,,
BMT346281B,,
BMT346274B,,
BMT346288B,,
BMT346281B,,
BMT346295B,,
BMT346302B,,
BMT346302B,,
BMT377487B,,
BMT2469535B,,
BMT2469542B,,
BMT2469542B,,
BMT1379691B,,
BMT2469591B,,
BMT1379698B,,
BMT2469598B,,
BMT1379705B,,
BMT346400B,,
BMT163924678,,
BMT2469752B,,
BMT2469759B,,
BMT2469759B,,
BMT2469773B,,
BMT2469773B,,
BMT2469780B,,
BMT2469780B,,
BMT2884873B,,
BMT346407B,,
BMT346400B,,
BMT346414B,,
BMT346407B,,
BMT346421B,,
BMT346414B,,
BMT148653902,,
BMT148653903,,
BMT148653901,,
BMT148653902,,
BMT148653901,,
BMT123510741,,
BMT123510790,,
BMT346449B,,
BMT346449B,,
BMT346456B,,
BMT346456B,,
BMT346463B,,
BMT346463B,,
BMT346827B,,
BMT148653903,,
BMT346484B,,
BMT148653903,,
BMT346491B,,
BMT346484B,,
BMT346498B,,
BMT346491B,,
BMT348640B,,
BMT346498B,,
BMT123510608,,
BMT2471152B,,
BMT1379726B,,
BMT162220841,,
BMT162220842,,
BMT163924677,,
BMT346526B,,
BMT346526B,,
BMT346533B,,
BMT346533B,,
BMT346540B,,
BMT346540B,,
BMT346421B,,
BMT346547B,,
BMT163924677,,
BMT346554B,,
BMT346547B,,
BMT346561B,,
BMT346554B,,
BMT346582B,,
BMT346561B,,
BMT346589B,,
BMT346582B,,
BMT346596B,,
BMT346589B,,
BMT165313207,,
BMT346610B,,
BMT346610B,,
BMT346617B,,
BMT346652B,,
BMT165313207,,
BMT346694B,,
BMT346652B,,
BMT346701B,,
BMT346694B,,
BMT353428B,,
BMT139302587,,
BMT162591048,,
BMT353554B,,
BMT353554B,,
BMT353561B,,
BMT353561B,,
BMT353568B,,
BMT353568B,,
BMT353575B,,
BMT353582B,,
BMT162591048,,
BMT353589B,,
BMT353582B,,
BMT123502488,,
BMT353589B,,
BMT123510370,,
BMT123510377,,
BMT353673B,,
BMT169388847,,
BMT169388845,,
BMT353673B,,
BMT169388845,,
BMT353687B,,
BMT169388845,,
BMT353694B,,
BMT156929272,,
BMT156929273,,
BMT164191848,,
BMT9148358B,,
BMT9148358B,,
BMT2285463B,,
BMT2285463B,,
BMT164191850,,
BMT156918075,,
BMT350691B,,
BMT156918075,,
BMT2285603B,,
BMT350691B,,
BMT350698B,,
BMT350705B,,
BMT350698B,,
BMT156918079,,
BMT350705B,,
BMT123503867,,
BMT123503860,,
BMT123503874,,
BMT123503867,,
BMT123503895,,
BMT351069B,,
BMT159221417,,
BMT346001B,,
BMT123509782,,
BMT123509789,,
BMT142782021,,
BMT350894B,,
BMT350894B,,
BMT350901B,,
BMT350901B,,
BMT350908B,,
BMT350908B,,
BMT347625B,,
BMT350915B,,
BMT152577324,,
BMT350922B,,
BMT350915B,,
BMT350929B,,
BMT350922B,,
BMT350929B,,
BMT350936B,,
BMT350936B,,
BMT350943B,,
BMT350950B,,
BMT350943B,,
BMT350950B,,
BMT350957B,,
BMT350964B,,
BMT350957B,,
BMT350964B,,
BMT351307B,,
BMT350978B,,
BMT162220846,,
BMT350985B,,
BMT350978B,,
BMT350992B,,
BMT350985B,,
BMT162220845,,
BMT350992B,,
BMT123503902,,
BMT123503909,,
BMT123503902,,
BMT351146B,,
BMT351069B,,
BMT123503902,,
BMT351146B,,
BMT351153B,,
BMT351153B,,
BMT351160B,,
BMT351160B,,
BMT351706B,,
BMT152577323,,
BMT351265B,,
BMT351265B,,
BMT351272B,,
BMT351272B,,
BMT351279B,,
BMT351279B,,
BMT351286B,,
BMT351286B,,
BMT351293B,,
BMT351293B,,
BMT351300B,,
BMT351300B,,
BMT351307B,,
BMT351314B,,
BMT152577323,,
BMT351321B,,
BMT351314B,,
BMT351328B,,
BMT351321B,,
BMT351335B,,
BMT351328B,,
BMT351342B,,
BMT351335B,,
BMT351349B,,
BMT351342B,,
BMT351356B,,
BMT351349B,,
BMT351363B,,
BMT351356B,,
BMT152577322,,
BMT351377B,,
BMT351377B,,
BMT351384B,,
BMT351384B,,
BMT351391B,,
BMT351391B,,
BMT351398B,,
BMT351398B,,
BMT351405B,,
BMT351405B,,
BMT351412B,,
BMT347303B,,
BMT347051B,,
BMT347310B,,
BMT347478B,,
BMT347331B,,
BMT347275B,,
BMT347422B,,
BMT347415B,,
BMT162220843,,
BMT347436B,,
BMT347436B,,
BMT366644B,,
BMT347457B,,
BMT165313206,,
BMT347471B,,
BMT347457B,,
BMT347478B,,
BMT347471B,,
BMT142782042,,
BMT347534B,,
BMT347534B,,
BMT347541B,,
BMT347541B,,
BMT347548B,,
BMT347548B,,
BMT347555B,,
BMT347555B,,
BMT347562B,,
BMT347562B,,
BMT347569B,,
BMT347569B,,
BMT346288B,,
BMT347576B,,
BMT142782042,,
BMT347583B,,
BMT347576B,,
BMT142782035,,
BMT347583B,,
BMT142782028,,
BMT142782035,,
BMT347604B,,
BMT142782028,,
BMT347611B,,
BMT347604B,,
BMT347618B,,
BMT347611B,,
BMT347625B,,
BMT347618B,,
BMT347639B,,
BMT159221435,,
BMT347646B,,
BMT347639B,,
BMT159221426,,
BMT347646B,,
BMT347660B,,
BMT159221426,,
BMT347667B,,
BMT347660B,,
BMT354107B,,
BMT354100B,,
BMT354114B,,
BMT169388843,,
BMT354121B,,
BMT354114B,,
BMT354128B,,
BMT354121B,,
BMT354135B,,
BMT354128B,,
BMT354142B,,
BMT354135B,,
BMT354149B,,
BMT354142B,,
BMT354303B,,
BMT156918073,,
BMT354352B,,
BMT354303B,,
BMT354359B,,
BMT354352B,,
BMT156918071,,
BMT354366B,,
BMT2527656B,,
BMT2527663B,,
BMT2527663B,,
BMT2527670B,,
BMT2527670B,,
BMT2527677B,,
BMT166726316,,
BMT166726317,,
BMT166726317,,
BMT354541B,,
BMT166726317,,
BMT354555B,,
BMT354541B,,
BMT353995B,,
BMT354555B,,
BMT357117B,,
BMT123502621,,
BMT166726316,,
BMT156918070,,
BMT2987570B,,
BMT166726314,,
BMT123502621,,
BMT166726314,,
BMT355381B,,
BMT123502579,,
BMT123502586,,
BMT354590B,,
BMT354597B,,
BMT354597B,,
BMT156918071,,
BMT165313195,,
BMT165313196,,
BMT354611B,,
BMT165313195,,
BMT354618B,,
BMT354611B,,
BMT350306B,,
BMT350313B,,
BMT350313B,,
BMT350327B,,
BMT350327B,,
BMT350334B,,
BMT350334B,,
BMT169388866,,
BMT169388866,,
BMT350348B,,
BMT350348B,,
BMT169388867,,
BMT169388867,,
BMT123510139,,
BMT350397B,,
BMT169388842,,
BMT350404B,,
BMT350397B,,
BMT350411B,,
BMT350404B,,
BMT350418B,,
BMT350411B,,
BMT350425B,,
BMT350418B,,
BMT350432B,,
BMT350425B,,
BMT169388841,,
BMT350432B,,
BMT169388841,,
BMT354149B,,
BMT169388840,,
BMT350600B,,
BMT350600B,,
BMT350607B,,
BMT350607B,,
BMT350614B,,
BMT350614B,,
BMT350621B,,
BMT350621B,,
BMT350628B,,
BMT350628B,,
BMT169388841,,
BMT350635B,,
BMT169388840,,
BMT350642B,,
BMT350635B,,
BMT350649B,,
BMT350642B,,
BMT350656B,,
BMT350649B,,
BMT350663B,,
BMT350656B,,
BMT169388839,,
BMT350663B,,
BMT123509775,,
BMT123509782,,
BMT156918075,,
BMT350677B,,
BMT165313200,,
BMT356123B,,
BMT356116B,,
BMT165313200,,
BMT356123B,,
BMT356130B,,
BMT356130B,,
BMT356137B,,
BMT356137B,,
BMT356158B,,
BMT356158B,,
BMT347331B,,
BMT356200B,,
BMT356116B,,
BMT356207B,,
BMT356200B,,
BMT356221B,,
BMT356207B,,
BMT172305072,,
BMT356438B,,
BMT356438B,,
BMT356445B,,
BMT356445B,,
BMT356452B,,
BMT356452B,,
BMT123502418,,
BMT123502425,,
BMT356466B,,
BMT356466B,,
BMT358146B,,
BMT356473B,,
BMT172305072,,
BMT172305070,,
BMT356473B,,
BMT172305316,,
BMT356515B,,
BMT356487B,,
BMT172305070,,
BMT172305069,,
BMT356487B,,
BMT172305069,,
BMT172305071,,
BMT172305068,,
BMT172305069,,
BMT356508B,,
BMT168280913,,
BMT356515B,,
BMT356522B,,
BMT356522B,,
BMT172305317,,
BMT172305328,,
BMT356816B,,
BMT356795B,,
BMT172305328,,
BMT356802B,,
BMT356795B,,
BMT356809B,,
BMT356802B,,
BMT353687B,,
BMT363060B,,
BMT353694B,,
BMT353701B,,
BMT353722B,,
BMT169388846,,
BMT353729B,,
BMT353722B,,
BMT169388844,,
BMT353701B,,
BMT169388844,,
BMT353729B,,
BMT169388844,,
BMT353743B,,
BMT353743B,,
BMT350481B,,
BMT162591047,,
BMT353757B,,
BMT353757B,,
BMT123502488,,
BMT353764B,,
BMT162591047,,
BMT353771B,,
BMT353764B,,
BMT123502460,,
BMT123502467,,
BMT123502474,,
BMT353771B,,
BMT353792B,,
BMT123502460,,
BMT353806B,,
BMT123510412,,
BMT353820B,,
BMT172908255,,
BMT353827B,,
BMT353820B,,
BMT172908254,,
BMT353827B,,
BMT123510405,,
BMT353806B,,
BMT123510391,,
BMT172908254,,
BMT353848B,,
BMT123510391,,
BMT123502453,,
BMT353792B,,
BMT172908253,,
BMT353848B,,
BMT353960B,,
BMT166726324,,
BMT353967B,,
BMT353960B,,
BMT353974B,,
BMT353967B,,
BMT353981B,,
BMT353974B,,
BMT166726318,,
BMT353981B,,
BMT353995B,,
BMT166726318,,
BMT123502446,,
BMT354023B,,
BMT354023B,,
BMT123502453,,
BMT354044B,,
BMT123502446,,
BMT354051B,,
BMT354044B,,
BMT354058B,,
BMT354051B,,
BMT354065B,,
BMT354058B,,
BMT169388843,,
BMT354079B,,
BMT354086B,,
BMT354079B,,
BMT354086B,,
BMT354093B,,
BMT354100B,,
BMT354093B,,
BMT354107B,,
BMT350481B,,
BMT123510867,,
BMT367932B,,
BMT367904B,,
BMT123510867,,
BMT367911B,,
BMT367904B,,
BMT367918B,,
BMT367911B,,
BMT367925B,,
BMT367918B,,
BMT367932B,,
BMT367939B,,
BMT367939B,,
BMT367946B,,
BMT367946B,,
BMT367953B,,
BMT367953B,,
BMT346099B,,
BMT367967B,,
BMT123510776,,
BMT123510769,,
BMT367967B,,
BMT123510769,,
BMT368016B,,
BMT123510762,,
BMT123510769,,
BMT148653895,,
BMT123510678,,
BMT148653895,,
BMT148653896,,
BMT148653896,,
BMT368002B,,
BMT368002B,,
BMT368009B,,
BMT349473B,,
BMT159221424,,
BMT349480B,,
BMT349473B,,
BMT148654105,,
BMT349620B,,
BMT349620B,,
BMT349627B,,
BMT349627B,,
BMT349634B,,
BMT349634B,,
BMT349340B,,
BMT349711B,,
BMT159221423,,
BMT349718B,,
BMT349711B,,
BMT166726319,,
BMT357124B,,
BMT357103B,,
BMT166726319,,
BMT357110B,,
BMT357103B,,
BMT357117B,,
BMT357110B,,
BMT357124B,,
BMT357131B,,
BMT357131B,,
BMT357138B,,
BMT357138B,,
BMT357313B,,
BMT123501648,,
BMT357166B,,
BMT357166B,,
BMT357173B,,
BMT357173B,,
BMT357180B,,
BMT357180B,,
BMT357187B,,
BMT357187B,,
BMT357229B,,
BMT357194B,,
BMT123501648,,
BMT357201B,,
BMT357194B,,
BMT123501641,,
BMT357201B,,
BMT168965068,,
BMT123501634,,
BMT169613426,,
BMT168965068,,
BMT357229B,,
BMT357236B,,
BMT357313B,,
BMT166726320,,
BMT166726320,,
BMT357376B,,
BMT357376B,,
BMT166726321,,
BMT166726321,,
BMT355577B,,
BMT166726321,,
BMT357390B,,
BMT166726321,,
BMT357418B,,
BMT357390B,,
BMT357397B,,
BMT357397B,,
BMT166726323,,
BMT363039B,,
BMT169388850,,
BMT363046B,,
BMT363039B,,
BMT363053B,,
BMT169388848,,
BMT363060B,,
BMT363053B,,
BMT127229540,,
BMT353127B,,
BMT363256B,,
BMT127229540,,
BMT363263B,,
BMT363256B,,
BMT363270B,,
BMT363263B,,
BMT172305330,,
BMT127229519,,
BMT127229526,,
BMT363410B,,
BMT363410B,,
BMT363417B,,
BMT363417B,,
BMT127229533,,
BMT127229533,,
BMT363270B,,
BMT127229533,,
BMT123510461,,
BMT162220849,,
BMT363970B,,
BMT123510461,,
BMT127229547,,
BMT363438B,,
BMT172305330,,
BMT363445B,,
BMT363438B,,
BMT363452B,,
BMT363445B,,
BMT363459B,,
BMT363452B,,
BMT151987780,,
BMT370396B,,
BMT370347B,,
BMT151987780,,
BMT370354B,,
BMT370347B,,
BMT370361B,,
BMT370354B,,
BMT351769B,,
BMT351776B,,
BMT351776B,,
BMT123509747,,
BMT123509747,,
BMT351790B,,
BMT123510328,,
BMT123510335,,
BMT351790B,,
BMT351797B,,
BMT351797B,,
BMT127961607,,
BMT152577321,,
BMT351475B,,
BMT351811B,,
BMT142961305,,
BMT351818B,,
BMT351811B,,
BMT351825B,,
BMT351818B,,
BMT351832B,,
BMT351825B,,
BMT351839B,,
BMT351832B,,
BMT351846B,,
BMT351839B,,
BMT351853B,,
BMT351846B,,
BMT351860B,,
BMT351853B,,
BMT142961298,,
BMT351860B,,
BMT351881B,,
BMT169388862,,
BMT351881B,,
BMT351888B,,
BMT351895B,,
BMT351888B,,
BMT352056B,,
BMT352063B,,
BMT352070B,,
BMT352063B,,
BMT167371652,,
BMT352070B,,
BMT352084B,,
BMT1934098B,,
BMT167371651,,
BMT123503881,,
BMT167371651,,
BMT352084B,,
BMT352098B,,
BMT352056B,,
BMT352105B,,
BMT352098B,,
BMT352112B,,
BMT352105B,,
BMT352112B,,
BMT352119B,,
BMT352126B,,
BMT123504070,,
BMT352126B,,
BMT167371653,,
BMT123504084,,
BMT123504077,,
BMT160096857,,
BMT2963644B,,
BMT123502859,,
BMT123504084,,
BMT170975940,,
BMT170975939,,
BMT352203B,,
BMT352210B,,
BMT352210B,,
BMT123502523,,
BMT123510342,,
BMT352665B,,
BMT167610162,,
BMT167610167,,
BMT365629B,,
BMT167610162,,
BMT167610160,,
BMT365629B,,
BMT167610160,,
BMT167610163,,
BMT167610160,,
BMT167610164,,
BMT123504826,,
BMT123504854,,
BMT123504826,,
BMT123504861,,
BMT365657B,,
BMT123504826,,
BMT123504819,,
BMT365657B,,
BMT123504819,,
BMT123504833,,
BMT172721880,,
BMT1380860B,,
BMT172721878,,
BMT172721880,,
BMT172721878,,
BMT172721881,,
BMT172721878,,
BMT172721882,,
BMT371621B,,
BMT371586B,,
BMT371621B,,
BMT371614B,,
BMT371628B,,
BMT371635B,,
BMT371635B,,
BMT371642B,,
BMT371642B,,
BMT371649B,,
BMT371649B,,
BMT371656B,,
BMT356816B,,
BMT356844B,,
BMT356823B,,
BMT356809B,,
BMT172305327,,
BMT356823B,,
BMT172305325,,
BMT172305326,,
BMT356844B,,
BMT356851B,,
BMT356851B,,
BMT356858B,,
BMT356858B,,
BMT356865B,,
BMT356865B,,
BMT356872B,,
BMT356872B,,
BMT363669B,,
BMT172305329,,
BMT363592B,,
BMT363592B,,
BMT363599B,,
BMT363599B,,
BMT363606B,,
BMT363606B,,
BMT363613B,,
BMT363613B,,
BMT363620B,,
BMT363620B,,
BMT363627B,,
BMT363627B,,
BMT363459B,,
BMT363634B,,
BMT172305329,,
BMT363641B,,
BMT363634B,,
BMT363648B,,
BMT363641B,,
BMT363655B,,
BMT363648B,,
BMT363662B,,
BMT363655B,,
BMT363669B,,
BMT363662B,,
BMT162220848,,
BMT363914B,,
BMT123510615,,
BMT364152B,,
BMT363949B,,
BMT162220848,,
BMT363956B,,
BMT363949B,,
BMT363963B,,
BMT363956B,,
BMT123510622,,
BMT364166B,,
BMT364124B,,
BMT123510622,,
BMT364131B,,
BMT364124B,,
BMT364138B,,
BMT364131B,,
BMT364145B,,
BMT364138B,,
BMT364152B,,
BMT364145B,,
BMT364166B,,
BMT364173B,,
BMT364173B,,
BMT364180B,,
BMT364180B,,
BMT364187B,,
BMT364187B,,
BMT364194B,,
BMT364194B,,
BMT364201B,,
BMT364201B,,
BMT123510629,,
BMT364313B,,
BMT156610532,,
BMT364320B,,
BMT364313B,,
BMT364327B,,
BMT364320B,,
BMT364334B,,
BMT364327B,,
BMT364341B,,
BMT364334B,,
BMT364348B,,
BMT364341B,,
BMT123501676,,
BMT371089B,,
BMT371089B,,
BMT371096B,,
BMT371096B,,
BMT371103B,,
BMT371103B,,
BMT371110B,,
BMT371110B,,
BMT371117B,,
BMT371117B,,
BMT371124B,,
BMT371124B,,
BMT370879B,,
BMT371131B,,
BMT123501676,,
BMT123501669,,
BMT371131B,,
BMT123501690,,
BMT123501697,,
BMT371145B,,
BMT123501669,,
BMT371152B,,
BMT371145B,,
BMT371152B,,
BMT371159B,,
BMT371166B,,
BMT371159B,,
BMT123503958,,
BMT348430B,,
BMT123503958,,
BMT348444B,,
BMT348444B,,
BMT123503979,,
BMT348451B,,
BMT123503958,,
BMT348458B,,
BMT348465B,,
BMT348465B,,
BMT348472B,,
BMT348472B,,
BMT348479B,,
BMT348479B,,
BMT123504049,,
BMT348507B,,
BMT348458B,,
BMT348507B,,
BMT348514B,,
BMT348514B,,
BMT348745B,,
BMT348556B,,
BMT346134B,,
BMT348563B,,
BMT348556B,,
BMT354982B,,
BMT157259037,,
BMT157259037,,
BMT123502565,,
BMT157259037,,
BMT123502572,,
BMT157259036,,
BMT354982B,,
BMT355003B,,
BMT157259036,,
BMT123502544,,
BMT355003B,,
BMT355017B,,
BMT162591053,,
BMT123510307,,
BMT355192B,,
BMT355150B,,
BMT123510307,,
BMT355157B,,
BMT355150B,,
BMT355164B,,
BMT355157B,,
BMT355171B,,
BMT355164B,,
BMT355192B,,
BMT349970B,,
BMT166726315,,
BMT355234B,,
BMT355332B,,
BMT166726315,,
BMT355367B,,
BMT355332B,,
BMT355374B,,
BMT355367B,,
BMT355381B,,
BMT355374B,,
BMT355570B,,
BMT166726322,,
BMT355577B,,
BMT355570B,,
BMT163924676,,
BMT362157B,,
BMT362157B,,
BMT362206B,,
BMT362164B,,
BMT163924676,,
BMT163924675,,
BMT362164B,,
BMT165313202,,
BMT163924668,,
BMT362185B,,
BMT165313202,,
BMT362192B,,
BMT362185B,,
BMT165313201,,
BMT362192B,,
BMT362206B,,
BMT346596B,,
BMT369514B,,
BMT123510909,,
BMT369521B,,
BMT369514B,,
BMT123510902,,
BMT369521B,,
BMT123510902,,
BMT369871B,,
BMT369535B,,
BMT123510902,,
BMT369857B,,
BMT123510916,,
BMT369864B,,
BMT369857B,,
BMT369871B,,
BMT369864B,,
BMT151987781,,
BMT370151B,,
BMT370067B,,
BMT151987781,,
BMT123502355,,
BMT370067B,,
BMT123510636,,
BMT123510643,,
BMT148653893,,
BMT370088B,,
BMT370088B,,
BMT370095B,,
BMT370095B,,
BMT370102B,,
BMT370102B,,
BMT370109B,,
BMT370109B,,
BMT368086B,,
BMT351412B,,
BMT351419B,,
BMT351419B,,
BMT351363B,,
BMT351426B,,
BMT152577322,,
BMT351433B,,
BMT351426B,,
BMT351440B,,
BMT351433B,,
BMT351447B,,
BMT351440B,,
BMT123502432,,
BMT123502439,,
BMT123502432,,
BMT358153B,,
BMT358125B,,
BMT123502432,,
BMT358132B,,
BMT358125B,,
BMT358139B,,
BMT358132B,,
BMT358146B,,
BMT358139B,,
BMT358153B,,
BMT354065B,,
BMT364670B,,
BMT156610533,,
BMT156610530,,
BMT364348B,,
BMT156610530,,
BMT364670B,,
BMT364684B,,
BMT156610530,,
BMT156610529,,
BMT364684B,,
BMT156610529,,
BMT156610531,,
BMT364698B,,
BMT156610529,,
BMT365027B,,
BMT127229554,,
BMT365034B,,
BMT365027B,,
BMT123510475,,
BMT365034B,,
BMT156610528,,
BMT365048B,,
BMT365048B,,
BMT364698B,,
BMT127229547,,
BMT123510475,,
BMT372545B,,
BMT372552B,,
BMT372552B,,
BMT372559B,,
BMT372566B,,
BMT357236B,,
BMT372566B,,
BMT372559B,,
BMT168957292,,
BMT372692B,,
BMT372622B,,
BMT168957292,,
BMT372629B,,
BMT372622B,,
BMT372636B,,
BMT372629B,,
BMT372643B,,
BMT372636B,,
BMT372650B,,
BMT372643B,,
BMT372692B,,
BMT372699B,,
BMT372699B,,
BMT372706B,,
BMT372706B,,
BMT372713B,,
BMT372713B,,
BMT372720B,,
BMT372720B,,
BMT356508B,,
BMT378236B,,
BMT378229B,,
BMT378243B,,
BMT378236B,,
BMT378250B,,
BMT378243B,,
BMT172739557,,
BMT378320B,,
BMT378320B,,
BMT378341B,,
BMT378341B,,
BMT378348B,,
BMT378348B,,
BMT172739559,,
BMT378383B,,
BMT172739557,,
BMT378390B,,
BMT378383B,,
BMT172739552,,
BMT378390B,,
BMT172739552,,
BMT378404B,,
BMT378404B,,
BMT378936B,,
BMT172739550,,
BMT172739551,,
BMT172739549,,
BMT172739550,,
BMT123504623,,
BMT123504630,,
BMT378432B,,
BMT123504602,,
BMT165241727,,
BMT378432B,,
BMT165241727,,
BMT380945B,,
BMT352763B,,
BMT352756B,,
BMT169388848,,
BMT352763B,,
BMT169388848,,
BMT363046B,,
BMT352847B,,
BMT123510363,,
BMT170975944,,
BMT352924B,,
BMT352924B,,
BMT170975943,,
BMT170975943,,
BMT352938B,,
BMT352938B,,
BMT352945B,,
BMT352945B,,
BMT352952B,,
BMT352952B,,
BMT2192874B,,
BMT123502824,,
BMT352483B,,
BMT164191843,,
BMT484363B,,
BMT169388852,,
BMT169388853,,
BMT353078B,,
BMT169388852,,
BMT353085B,,
BMT353078B,,
BMT353092B,,
BMT353085B,,
BMT169388853,,
BMT169388854,,
BMT169388853,,
BMT353155B,,
BMT353113B,,
BMT123510055,,
BMT353120B,,
BMT353113B,,
BMT353127B,,
BMT353120B,,
BMT353155B,,
BMT169388855,,
BMT366616B,,
BMT162220844,,
BMT366623B,,
BMT366616B,,
BMT366630B,,
BMT366623B,,
BMT366637B,,
BMT366630B,,
BMT366644B,,
BMT366637B,,
BMT367190B,,
BMT148653900,,
BMT367197B,,
BMT367190B,,
BMT367204B,,
BMT367197B,,
BMT367211B,,
BMT367204B,,
BMT367218B,,
BMT367211B,,
BMT379447B,,
BMT123507143,,
BMT123507143,,
BMT379461B,,
BMT162445452,,
BMT162445453,,
BMT379461B,,
BMT123507150,,
BMT170081779,,
BMT170081780,,
BMT170081780,,
BMT170081781,,
BMT379510B,,
BMT123508648,,
BMT379517B,,
BMT379510B,,
BMT379524B,,
BMT379517B,,
BMT379531B,,
BMT379524B,,
BMT379538B,,
BMT379531B,,
BMT379545B,,
BMT379538B,,
BMT123509075,,
BMT379559B,,
BMT379559B,,
BMT123509082,,
BMT123509082,,
BMT379573B,,
BMT123509082,,
BMT379594B,,
BMT379573B,,
BMT379580B,,
BMT379580B,,
BMT379587B,,
BMT379587B,,
BMT379692B,,
BMT379594B,,
BMT123509096,,
BMT379615B,,
BMT379650B,,
BMT379622B,,
BMT379615B,,
BMT379629B,,
BMT379622B,,
BMT379636B,,
BMT379629B,,
BMT379643B,,
BMT379636B,,
BMT379650B,,
BMT123509075,,
BMT123509089,,
BMT379699B,,
BMT371656B,,
BMT151987783,,
BMT123501662,,
BMT372090B,,
BMT372055B,,
BMT123501662,,
BMT372062B,,
BMT372055B,,
BMT372069B,,
BMT372062B,,
BMT372076B,,
BMT372069B,,
BMT372083B,,
BMT372076B,,
BMT372090B,,
BMT372097B,,
BMT372097B,,
BMT372104B,,
BMT372104B,,
BMT372111B,,
BMT372111B,,
BMT372118B,,
BMT372118B,,
BMT372125B,,
BMT372125B,,
BMT372531B,,
BMT168957291,,
BMT372314B,,
BMT372286B,,
BMT168957291,,
BMT372293B,,
BMT372286B,,
BMT372300B,,
BMT372293B,,
BMT168957290,,
BMT372300B,,
BMT372314B,,
BMT372321B,,
BMT372321B,,
BMT372328B,,
BMT372328B,,
BMT372335B,,
BMT372335B,,
BMT372342B,,
BMT372342B,,
BMT372349B,,
BMT372349B,,
BMT372650B,,
BMT123501655,,
BMT372538B,,
BMT372503B,,
BMT123501655,,
BMT372510B,,
BMT372503B,,
BMT372517B,,
BMT372510B,,
BMT372524B,,
BMT372517B,,
BMT372531B,,
BMT372524B,,
BMT372538B,,
BMT372545B,,
BMT378908B,,
BMT168774528,,
BMT168774527,,
BMT378908B,,
BMT168774527,,
BMT378964B,,
BMT378922B,,
BMT168774527,,
BMT378936B,,
BMT172739558,,
BMT378964B,,
BMT168774529,,
BMT172260172,,
BMT379111B,,
BMT379062B,,
BMT172260172,,
BMT379069B,,
BMT379062B,,
BMT379076B,,
BMT379069B,,
BMT379083B,,
BMT379076B,,
BMT379090B,,
BMT379083B,,
BMT172260171,,
BMT379090B,,
BMT123504350,,
BMT378656B,,
BMT172260169,,
BMT172260170,,
BMT379111B,,
BMT379132B,,
BMT379132B,,
BMT379139B,,
BMT379139B,,
BMT379146B,,
BMT379146B,,
BMT379153B,,
BMT379153B,,
BMT379160B,,
BMT379160B,,
BMT379167B,,
BMT379167B,,
BMT379426B,,
BMT379174B,,
BMT123504350,,
BMT123504336,,
BMT379174B,,
BMT172721876,,
BMT380224B,,
BMT172739553,,
BMT379300B,,
BMT379195B,,
BMT172739553,,
BMT371166B,,
BMT372083B,,
BMT371586B,,
BMT370179B,,
BMT151987782,,
BMT371607B,,
BMT371600B,,
BMT151987782,,
BMT371607B,,
BMT371628B,,
BMT371614B,,
BMT371600B,,
BMT377627B,,
BMT3087306B,,
BMT167748200,,
BMT3087299B,,
BMT377641B,,
BMT3087285B,,
BMT377648B,,
BMT3087292B,,
BMT167748199,,
BMT377662B,,
BMT377662B,,
BMT377669B,,
BMT377669B,,
BMT377648B,,
BMT167748198,,
BMT167748199,,
BMT377683B,,
BMT167748198,,
BMT142987877,,
BMT377683B,,
BMT142987877,,
BMT377697B,,
BMT142987940,,
BMT142987947,,
BMT377697B,,
BMT377704B,,
BMT377711B,,
BMT377704B,,
BMT377718B,,
BMT377711B,,
BMT377718B,,
BMT377893B,,
BMT142987961,,
BMT377732B,,
BMT377739B,,
BMT377732B,,
BMT377746B,,
BMT377739B,,
BMT142987954,,
BMT377746B,,
BMT142987954,,
BMT377844B,,
BMT377760B,,
BMT142987961,,
BMT377767B,,
BMT377760B,,
BMT377774B,,
BMT377767B,,
BMT160826318,,
BMT160826319,,
BMT160826318,,
BMT160826320,,
BMT377830B,,
BMT142987968,,
BMT377837B,,
BMT377830B,,
BMT377844B,,
BMT377837B,,
BMT142987947,,
BMT142987954,,
BMT167748197,,
BMT377900B,,
BMT377865B,,
BMT167748197,,
BMT377872B,,
BMT377865B,,
BMT377879B,,
BMT377872B,,
BMT377893B,,
BMT377886B,,
BMT377900B,,
BMT377907B,,
BMT377907B,,
BMT377914B,,
BMT377914B,,
BMT377921B,,
BMT377921B,,
BMT377928B,,
BMT377928B,,
BMT377991B,,
BMT167748196,,
BMT377998B,,
BMT377942B,,
BMT167748196,,
BMT123505155,,
BMT377942B,,
BMT148807369,,
BMT3067755B,,
BMT377956B,,
BMT377963B,,
BMT377963B,,
BMT377970B,,
BMT377970B,,
BMT3088027B,,
BMT377977B,,
BMT123505155,,
BMT377984B,,
BMT377977B,,
BMT377991B,,
BMT377984B,,
BMT377998B,,
BMT378005B,,
BMT378005B,,
BMT378012B,,
BMT354625B,,
BMT354618B,,
BMT354632B,,
BMT354625B,,
BMT354639B,,
BMT354632B,,
BMT165313194,,
BMT354639B,,
BMT165313196,,
BMT354695B,,
BMT165313196,,
BMT165313197,,
BMT354695B,,
BMT123510181,,
BMT123510300,,
BMT354709B,,
BMT123510181,,
BMT354716B,,
BMT354709B,,
BMT355171B,,
BMT354716B,,
BMT165313199,,
BMT165313199,,
BMT354730B,,
BMT165313199,,
BMT165313201,,
BMT354730B,,
BMT356221B,,
BMT165313197,,
BMT354744B,,
BMT354751B,,
BMT354758B,,
BMT354758B,,
BMT350166B,,
BMT368457B,,
BMT123510783,,
BMT368464B,,
BMT368457B,,
BMT368471B,,
BMT368464B,,
BMT368478B,,
BMT368471B,,
BMT2629135B,,
BMT1962861B,,
BMT368898B,,
BMT123510895,,
BMT368905B,,
BMT368898B,,
BMT368912B,,
BMT368905B,,
BMT368919B,,
BMT368912B,,
BMT123510888,,
BMT368919B,,
BMT123510888,,
BMT368933B,,
BMT368933B,,
BMT369535B,,
BMT368940B,,
BMT123510888,,
BMT368947B,,
BMT368940B,,
BMT123502180,,
BMT123502187,,
BMT123502173,,
BMT2686969B,,
BMT123502173,,
BMT2686976B,,
BMT380889B,,
BMT380903B,,
BMT380896B,,
BMT380889B,,
BMT380903B,,
BMT380728B,,
BMT380910B,,
BMT123506296,,
BMT380917B,,
BMT380910B,,
BMT380924B,,
BMT380917B,,
BMT380931B,,
BMT380924B,,
BMT123506289,,
BMT380931B,,
BMT381113B,,
BMT381106B,,
BMT381120B,,
BMT381113B,,
BMT381148B,,
BMT381141B,,
BMT381155B,,
BMT381148B,,
BMT381176B,,
BMT148432041,,
BMT381225B,,
BMT381176B,,
BMT381225B,,
BMT3014590B,,
BMT381246B,,
BMT144131488,,
BMT144131488,,
BMT381288B,,
BMT381288B,,
BMT381295B,,
BMT381295B,,
BMT381302B,,
BMT381302B,,
BMT381309B,,
BMT381309B,,
BMT381316B,,
BMT381316B,,
BMT381323B,,
BMT381323B,,
BMT381498B,,
BMT123508270,,
BMT3081776B,,
BMT123508263,,
BMT123508270,,
BMT368009B,,
BMT348654B,,
BMT368016B,,
BMT368478B,,
BMT148653894,,
BMT148653895,,
BMT148653894,,
BMT123510671,,
BMT368072B,,
BMT368079B,,
BMT368079B,,
BMT148653894,,
BMT368086B,,
BMT368072B,,
BMT123510881,,
BMT368947B,,
BMT2626482B,,
BMT123502215,,
BMT380133B,,
BMT380462B,,
BMT170683137,,
BMT380189B,,
BMT380168B,,
BMT170683135,,
BMT380175B,,
BMT380168B,,
BMT380189B,,
BMT380196B,,
BMT380196B,,
BMT380203B,,
BMT380203B,,
BMT170683138,,
BMT170683138,,
BMT170683139,,
BMT170683138,,
BMT170683140,,
BMT380224B,,
BMT172721877,,
BMT380315B,,
BMT123509194,,
BMT380322B,,
BMT380315B,,
BMT123509166,,
BMT123509173,,
BMT123509166,,
BMT408931B,,
BMT380336B,,
BMT380343B,,
BMT380343B,,
BMT380406B,,
BMT380350B,,
BMT123509166,,
BMT380357B,,
BMT380350B,,
BMT123509173,,
BMT380336B,,
BMT123509285,,
BMT123509292,,
BMT123509173,,
BMT2194925B,,
BMT162445453,,
BMT162445454,,
BMT162445453,,
BMT162445455,,
BMT162445453,,
BMT1955315B,,
BMT123509187,,
BMT380413B,,
BMT380392B,,
BMT123509187,,
BMT380399B,,
BMT380392B,,
BMT380406B,,
BMT380399B,,
BMT380413B,,
BMT380420B,,
BMT380420B,,
BMT123509201,,
BMT123509208,,
BMT1959690B,,
BMT123508620,,
BMT123508627,,
BMT380462B,,
BMT123508620,,
BMT123504770,,
BMT123504777,,
BMT170081784,,
BMT380560B,,
BMT170081783,,
BMT170081784,,
BMT170081783,,
BMT463027B,,
BMT380560B,,
BMT1380482B,,
BMT123508592,,
BMT380574B,,
BMT380574B,,
BMT380581B,,
BMT380581B,,
BMT380588B,,
BMT380588B,,
BMT123508599,,
BMT380609B,,
BMT123508592,,
BMT380616B,,
BMT380609B,,
BMT380623B,,
BMT380616B,,
BMT123508585,,
BMT380623B,,
BMT123507213,,
BMT380742B,,
BMT123507213,,
BMT123507227,,
BMT144131698,,
BMT123507213,,
BMT123504749,,
BMT123504868,,
BMT370116B,,
BMT123502355,,
BMT370123B,,
BMT370116B,,
BMT123502348,,
BMT370123B,,
BMT123510923,,
BMT123510930,,
BMT370137B,,
BMT123502348,,
BMT370144B,,
BMT370137B,,
BMT370151B,,
BMT370158B,,
BMT370158B,,
BMT370165B,,
BMT370172B,,
BMT370165B,,
BMT370179B,,
BMT370172B,,
BMT2693297B,,
BMT1379649B,,
BMT2693304B,,
BMT2693297B,,
BMT2693311B,,
BMT2693304B,,
BMT2693325B,,
BMT2693311B,,
BMT2693479B,,
BMT1379642B,,
BMT2693528B,,
BMT1379635B,,
BMT156514165,,
BMT156396058,,
BMT156842186,,
BMT156842187,,
BMT156842187,,
BMT156842188,,
BMT156842187,,
BMT2923191B,,
BMT156514164,,
BMT156514165,,
BMT156514164,,
BMT381862B,,
BMT381841B,,
BMT156514164,,
BMT381862B,,
BMT156514166,,
BMT156514166,,
BMT156514167,,
BMT156514167,,
BMT156514168,,
BMT123509068,,
BMT381925B,,
BMT381925B,,
BMT381932B,,
BMT381932B,,
BMT381939B,,
BMT381939B,,
BMT381946B,,
BMT381946B,,
BMT379643B,,
BMT123509061,,
BMT123509068,,
BMT123509047,,
BMT123509054,,
BMT123509138,,
BMT381967B,,
BMT381967B,,
BMT381974B,,
BMT381974B,,
BMT381981B,,
BMT381981B,,
BMT381988B,,
BMT381988B,,
BMT382023B,,
BMT123509152,,
BMT123509159,,
BMT382002B,,
BMT123509152,,
BMT382009B,,
BMT382002B,,
BMT123509145,,
BMT382009B,,
BMT382023B,,
BMT123509145,,
BMT123509159,,
BMT382058B,,
BMT129760859,,
BMT382086B,,
BMT382058B,,
BMT382065B,,
BMT382065B,,
BMT382072B,,
BMT382072B,,
BMT382079B,,
BMT382079B,,
BMT380357B,,
BMT382086B,,
BMT382135B,,
BMT129760873,,
BMT129760887,,
BMT129760887,,
BMT129760894,,
BMT382121B,,
BMT129760873,,
BMT129760866,,
BMT382121B,,
BMT129760866,,
BMT129760880,,
BMT382135B,,
BMT129760866,,
BMT170814204,,
BMT170814205,,
BMT154571291,,
BMT154571292,,
BMT148807371,,
BMT148807372,,
BMT148807371,,
BMT2962650B,,
BMT2923114B,,
BMT148807370,,
BMT2923128B,,
BMT148807371,,
BMT2923191B,,
BMT2923198B,,
BMT2923198B,,
BMT156842189,,
BMT156842189,,
BMT156842191,,
BMT156842189,,
BMT156842192,,
BMT156842192,,
BMT156842193,,
BMT2923261B,,
BMT2923268B,,
BMT2923268B,,
BMT2923275B,,
BMT2923275B,,
BMT123508998,,
BMT123508998,,
BMT123509005,,
BMT123508998,,
BMT123509012,,
BMT123508998,,
BMT123509019,,
BMT2923345B,,
BMT2923352B,,
BMT2923352B,,
BMT158471573,,
BMT158471573,,
BMT2923366B,,
BMT2923366B,,
BMT158471574,,
BMT158471574,,
BMT158471575,,
BMT158471574,,
BMT158471576,,
BMT158471576,,
BMT158471577,,
BMT167748205,,
BMT157782616,,
BMT157782617,,
BMT2923464B,,
BMT167371653,,
BMT352119B,,
BMT2996852B,,
BMT353428B,,
BMT2996859B,,
BMT2996852B,,
BMT160096864,,
BMT123504140,,
BMT2996922B,,
BMT2996859B,,
BMT139302580,,
BMT2996922B,,
BMT2996936B,,
BMT160096861,,
BMT160096861,,
BMT160096862,,
BMT160096861,,
BMT2997160B,,
BMT160096862,,
BMT141934153,,
BMT141947586,,
BMT2996964B,,
BMT2996964B,,
BMT2996978B,,
BMT2996978B,,
BMT141947593,,
BMT2997160B,,
BMT160096863,,
BMT160096859,,
BMT2963686B,,
BMT160096859,,
BMT123504112,,
BMT160096859,,
BMT2996936B,,
BMT123506310,,
BMT123506317,,
BMT123504588,,
BMT1960726B,,
BMT156851727,,
BMT156851728,,
BMT152555676,,
BMT2998315B,,
BMT152555676,,
BMT2998322B,,
BMT152555675,,
BMT152555676,,
BMT162160381,,
BMT162160382,,
BMT2998350B,,
BMT123504301,,
BMT162160382,,
BMT162160383,,
BMT162160383,,
BMT162160385,,
BMT162160383,,
BMT162160386,,
BMT123504287,,
BMT2882416B,,
BMT123504287,,
BMT2998350B,,
BMT2998392B,,
BMT378754B,,
BMT2998399B,,
BMT123504385,,
BMT151987779,,
BMT370361B,,
BMT151987778,,
BMT151987779,,
BMT123502306,,
BMT123502313,,
BMT151987777,,
BMT151987778,,
BMT370396B,,
BMT370403B,,
BMT370403B,,
BMT370410B,,
BMT370410B,,
BMT370417B,,
BMT370417B,,
BMT370424B,,
BMT370424B,,
BMT370144B,,
BMT123501683,,
BMT370795B,,
BMT370844B,,
BMT123501683,,
BMT370851B,,
BMT370844B,,
BMT370858B,,
BMT370851B,,
BMT370865B,,
BMT370858B,,
BMT370872B,,
BMT370865B,,
BMT370879B,,
BMT370872B,,
BMT2700143B,,
BMT2700150B,,
BMT2700150B,,
BMT2700157B,,
BMT2700157B,,
BMT2700164B,,
BMT2700164B,,
BMT2700171B,,
BMT2700171B,,
BMT1379614B,,
BMT142888904,,
BMT377494B,,
BMT377452B,,
BMT142888904,,
BMT377459B,,
BMT377452B,,
BMT377466B,,
BMT377459B,,
BMT377473B,,
BMT377466B,,
BMT377480B,,
BMT377473B,,
BMT377487B,,
BMT377480B,,
BMT377494B,,
BMT377501B,,
BMT377501B,,
BMT142888911,,
BMT142888911,,
BMT142888918,,
BMT377522B,,
BMT142888925,,
BMT377529B,,
BMT377522B,,
BMT142888918,,
BMT377529B,,
BMT167748202,,
BMT167748205,,
BMT167748201,,
BMT167748202,,
BMT403275B,,
BMT148771180,,
BMT148771179,,
BMT403275B,,
BMT148771179,,
BMT148771181,,
BMT148771179,,
BMT148771182,,
BMT403289B,,
BMT148771179,,
BMT2936400B,,
BMT349438B,,
BMT154571292,,
BMT154571293,,
BMT154571292,,
BMT3003614B,,
BMT3003614B,,
BMT3003607B,,
BMT3009333B,,
BMT123504406,,
BMT3077429B,,
BMT162160387,,
BMT172721877,,
BMT172721878,,
BMT172721877,,
BMT3077548B,,
BMT3077548B,,
BMT172721879,,
BMT3078010B,,
BMT148804690,,
BMT3081741B,,
BMT123508291,,
BMT3081748B,,
BMT3081741B,,
BMT3081755B,,
BMT3081748B,,
BMT3081762B,,
BMT123508277,,
BMT3081769B,,
BMT3081762B,,
BMT3081776B,,
BMT3081769B,,
BMT379202B,,
BMT379195B,,
BMT172739554,,
BMT379223B,,
BMT172739554,,
BMT379251B,,
BMT379223B,,
BMT172739555,,
BMT379251B,,
BMT379258B,,
BMT379258B,,
BMT379265B,,
BMT170683134,,
BMT379279B,,
BMT123504693,,
BMT123504700,,
BMT123504693,,
BMT123504707,,
BMT379279B,,
BMT380175B,,
BMT123504735,,
BMT123504742,,
BMT123504742,,
BMT380672B,,
BMT123504742,,
BMT123504756,,
BMT123504742,,
BMT123504763,,
BMT379300B,,
BMT172739554,,
BMT172260174,,
BMT2998448B,,
BMT379391B,,
BMT2998441B,,
BMT379398B,,
BMT379391B,,
BMT172260173,,
BMT379398B,,
BMT172260173,,
BMT2886231B,,
BMT379412B,,
BMT172260173,,
BMT379419B,,
BMT379412B,,
BMT379426B,,
BMT379419B,,
BMT379433B,,
BMT172260176,,
BMT172260176,,
BMT379447B,,
BMT160826295,,
BMT160826296,,
BMT2885797B,,
BMT123506793,,
BMT123506793,,
BMT2885818B,,
BMT123506793,,
BMT2885888B,,
BMT2885818B,,
BMT123506800,,
BMT2885888B,,
BMT123506807,,
BMT171896728,,
BMT171896729,,
BMT171896729,,
BMT2885979B,,
BMT2885979B,,
BMT171896730,,
BMT2886105B,,
BMT123506401,,
BMT2886105B,,
BMT171629350,,
BMT171629350,,
BMT171629351,,
BMT2886182B,,
BMT155359547,,
BMT2886231B,,
BMT172260175,,
BMT123505932,,
BMT123505953,,
BMT123505932,,
BMT123505960,,
BMT123506905,,
BMT123506912,,
BMT123506905,,
BMT123506919,,
BMT2962650B,,
BMT148807373,,
BMT2963644B,,
BMT160096858,,
BMT160096858,,
BMT2963658B,,
BMT2963658B,,
BMT2963679B,,
BMT2963679B,,
BMT160096859,,
BMT2963686B,,
BMT2963693B,,
BMT2963693B,,
BMT2963700B,,
BMT2963700B,,
BMT2963707B,,
BMT2963707B,,
BMT160096860,,
BMT160096860,,
BMT160096864,,
BMT160096860,,
BMT160096865,,
BMT3122446B,,
BMT3122453B,,
BMT3122453B,,
BMT170683143,,
BMT148807373,,
BMT148807374,,
BMT380672B,,
BMT123504749,,
BMT380707B,,
BMT123506303,,
BMT380714B,,
BMT380707B,,
BMT380721B,,
BMT380714B,,
BMT380728B,,
BMT380721B,,
BMT144131705,,
BMT144131712,,
BMT380742B,,
BMT144131705,,
BMT123508550,,
BMT380756B,,
BMT380756B,,
BMT123508557,,
BMT123508557,,
BMT480373B,,
BMT144131712,,
BMT380777B,,
BMT380777B,,
BMT380784B,,
BMT380784B,,
BMT380791B,,
BMT380791B,,
BMT3081839B,,
BMT123507241,,
BMT123507248,,
BMT380812B,,
BMT380819B,,
BMT380819B,,
BMT380826B,,
BMT380826B,,
BMT380833B,,
BMT380833B,,
BMT381155B,,
BMT162445455,,
BMT162445457,,
BMT123506296,,
BMT380882B,,
BMT380882B,,
BMT380896B,,
BMT142938877,,
BMT142938884,,
BMT172721896,,
BMT172721897,,
BMT172721903,,
BMT172721905,,
BMT172721903,,
BMT123508886,,
BMT172721907,,
BMT172721909,,
BMT172721906,,
BMT172721907,,
BMT172721906,,
BMT172721908,,
BMT167735827,,
BMT1957744B,,
BMT167735825,,
BMT1380146B,,
BMT148771175,,
BMT403289B,,
BMT123505764,,
BMT123505771,,
BMT160826306,,
BMT123504987,,
BMT160826511,,
BMT1955420B,,
BMT408931B,,
BMT3084289B,,
BMT408945B,,
BMT2079754B,,
BMT172721888,,
BMT1380881B,,
BMT172721887,,
BMT172721888,,
BMT123508767,,
BMT172721887,,
BMT123508977,,
BMT123508984,,
BMT170683150,,
BMT170683151,,
BMT170683147,,
BMT1957940B,,
BMT170683144,,
BMT170683147,,
BMT170683144,,
BMT480667B,,
BMT170683142,,
BMT170683144,,
BMT170683142,,
BMT170683145,,
BMT170814193,,
BMT170814196,,
BMT3218241B,,
BMT123504483,,
BMT363970B,,
BMT363963B,,
BMT363914B,,
BMT162220847,,
BMT162220847,,
BMT363928B,,
BMT363928B,,
BMT363935B,,
BMT363935B,,
BMT351020B,,
BMT351020B,,
BMT351013B,,
BMT351013B,,
BMT351006B,,
BMT351006B,,
BMT162220845,,
BMT162220845,,
BMT347443B,,
BMT123507444,,
BMT148432042,,
BMT148432040,,
BMT123507444,,
BMT123508277,,
BMT123508284,,
BMT123508277,,
BMT3081755B,,
BMT381435B,,
BMT148432043,,
BMT148432042,,
BMT381435B,,
BMT148432042,,
BMT148432044,,
BMT381463B,,
BMT144131502,,
BMT381470B,,
BMT381463B,,
BMT144131495,,
BMT381470B,,
BMT144131495,,
BMT381484B,,
BMT381484B,,
BMT381491B,,
BMT381491B,,
BMT381722B,,
BMT381498B,,
BMT144131495,,
BMT148432044,,
BMT148432045,,
BMT148432045,,
BMT1954608B,,
BMT156514168,,
BMT156514169,,
BMT123508284,,
BMT123508298,,
BMT144131509,,
BMT381771B,,
BMT123508340,,
BMT144131509,,
BMT156514162,,
BMT381729B,,
BMT381722B,,
BMT123508340,,
BMT381729B,,
BMT381736B,,
BMT381736B,,
BMT381743B,,
BMT381743B,,
BMT381750B,,
BMT381750B,,
BMT381757B,,
BMT381757B,,
BMT156514163,,
BMT156514163,,
BMT381841B,,
BMT381771B,,
BMT381778B,,
BMT381778B,,
BMT381785B,,
BMT381785B,,
BMT144131516,,
BMT144131516,,
BMT123508361,,
BMT123506646,,
BMT1962140B,,
BMT123506681,,
BMT123506688,,
BMT2987570B,,
BMT354590B,,
BMT160887999,,
BMT160888000,,
BMT160887999,,
BMT160888001,,
BMT160887999,,
BMT160888002,,
BMT411458B,,
BMT160887999,,
BMT411465B,,
BMT411458B,,
BMT160887998,,
BMT411465B,,
BMT123504833,,
BMT123504840,,
BMT151851802,,
BMT462901B,,
BMT151851802,,
BMT2716425B,,
BMT123506709,,
BMT123506716,,
BMT123506709,,
BMT123506723,,
BMT123505792,,
BMT2083058B,,
BMT148771174,,
BMT148771175,,
BMT148771174,,
BMT148771176,,
BMT148771174,,
BMT1957625B,,
BMT172075861,,
BMT172075862,,
BMT172075862,,
BMT172075863,,
BMT156918073,,
BMT354289B,,
BMT354289B,,
BMT354296B,,
BMT354296B,,
BMT2285722B,,
BMT2285722B,,
BMT2285715B,,
BMT123503867,,
BMT123503888,,
BMT123507682,,
BMT123507689,,
BMT2998406B,,
BMT123504448,,
BMT2998413B,,
BMT123504518,,
BMT165241723,,
BMT165241724,,
BMT165241723,,
BMT2998434B,,
BMT165241722,,
BMT165241723,,
BMT2998434B,,
BMT123504567,,
BMT2998441B,,
BMT172260174,,
BMT2998448B,,
BMT379433B,,
BMT2998455B,,
BMT170081786,,
BMT148771181,,
BMT148771183,,
BMT142959590,,
BMT123509726,,
BMT123507941,,
BMT123507948,,
BMT160216980,,
BMT1380832B,,
BMT160216981,,
BMT160216982,,
BMT168810002,,
BMT168810003,,
BMT155359540,,
BMT155359541,,
BMT123507689,,
BMT123507696,,
BMT159897067,,
BMT159897068,,
BMT159897067,,
BMT452086B,,
BMT159897066,,
BMT159897067,,
BMT3067755B,,
BMT377956B,,
BMT3160813B,,
BMT3160820B,,
BMT3160820B,,
BMT3160827B,,
BMT3160827B,,
BMT3160834B,,
BMT3160834B,,
BMT123505813,,
BMT3160862B,,
BMT3160869B,,
BMT3160869B,,
BMT3160876B,,
BMT3160876B,,
BMT3160883B,,
BMT3160883B,,
BMT3160890B,,
BMT3160890B,,
BMT3160897B,,
BMT3160897B,,
BMT3160904B,,
BMT3160904B,,
BMT123505799,,
BMT172075857,,
BMT172075859,,
BMT156918074,,
BMT2285645B,,
BMT2285645B,,
BMT156918076,,
BMT156918074,,
BMT2285841B,,
BMT2285841B,,
BMT2285820B,,
BMT2285820B,,
BMT2285757B,,
BMT2285757B,,
BMT2285750B,,
BMT2285750B,,
BMT2285743B,,
BMT2285743B,,
BMT156918077,,
BMT381141B,,
BMT7021118B,,
BMT7021118B,,
BMT381134B,,
BMT381134B,,
BMT7021146B,,
BMT7021146B,,
BMT144131481,,
BMT144131481,,
BMT7021195B,,
BMT7021195B,,
BMT381120B,,
BMT381106B,,
BMT7023204B,,
BMT7023204B,,
BMT381246B,,
BMT346617B,,
BMT165313208,,
BMT142805100,,
BMT1932432B,,
BMT1932432B,,
BMT142772746,,
BMT142888925,,
BMT377543B,,
BMT377543B,,
BMT377550B,,
BMT377550B,,
BMT377557B,,
BMT377557B,,
BMT377564B,,
BMT377564B,,
BMT377571B,,
BMT379664B,,
BMT123509089,,
BMT379685B,,
BMT379664B,,
BMT379692B,,
BMT379685B,,
BMT379699B,,
BMT123509103,,
BMT123509103,,
BMT379713B,,
BMT123509117,,
BMT123509124,,
BMT379713B,,
BMT379720B,,
BMT379720B,,
BMT379860B,,
BMT123509124,,
BMT1955462B,,
BMT379734B,,
BMT379748B,,
BMT123508641,,
BMT379734B,,
BMT379748B,,
BMT379755B,,
BMT379755B,,
BMT379762B,,
BMT379762B,,
BMT379769B,,
BMT379769B,,
BMT379545B,,
BMT379776B,,
BMT123508641,,
BMT379783B,,
BMT379776B,,
BMT379790B,,
BMT379783B,,
BMT379797B,,
BMT379790B,,
BMT379804B,,
BMT379797B,,
BMT123508634,,
BMT379804B,,
BMT123508599,,
BMT123508606,,
BMT123508599,,
BMT380084B,,
BMT379832B,,
BMT123509110,,
BMT379839B,,
BMT379832B,,
BMT379846B,,
BMT379839B,,
BMT379853B,,
BMT379846B,,
BMT379860B,,
BMT379853B,,
BMT379944B,,
BMT123506338,,
BMT379951B,,
BMT379944B,,
BMT379958B,,
BMT379951B,,
BMT379965B,,
BMT379958B,,
BMT123506331,,
BMT379979B,,
BMT379979B,,
BMT379986B,,
BMT379986B,,
BMT379993B,,
BMT379993B,,
BMT380000B,,
BMT380000B,,
BMT379965B,,
BMT123506324,,
BMT123506331,,
BMT380014B,,
BMT123506324,,
BMT380021B,,
BMT1948735B,,
BMT123506317,,
BMT380021B,,
BMT380049B,,
BMT123504294,,
BMT380084B,,
BMT380105B,,
BMT123508613,,
BMT380112B,,
BMT380098B,,
BMT123508613,,
BMT380105B,,
BMT380098B,,
BMT380112B,,
BMT380119B,,
BMT380119B,,
BMT380126B,,
BMT380126B,,
BMT380133B,,
BMT171629370,,
BMT171629371,,
BMT171629372,,
BMT171629374,,
BMT172269115,,
BMT172269126,,
BMT123509453,,
BMT1959669B,,
BMT123509236,,
BMT123509243,,
BMT123509236,,
BMT123509250,,
BMT3208896B,,
BMT348367B,,
BMT123502593,,
BMT123502600,,
BMT166726313,,
BMT166726314,,
BMT160520917,,
BMT160520918,,
BMT168774524,,
BMT378502B,,
BMT168774523,,
BMT168774524,,
BMT168774523,,
BMT168774525,,
BMT168774525,,
BMT378467B,,
BMT378467B,,
BMT378474B,,
BMT378474B,,
BMT123507031,,
BMT378502B,,
BMT378509B,,
BMT378509B,,
BMT378516B,,
BMT378516B,,
BMT378523B,,
BMT378523B,,
BMT378922B,,
BMT378530B,,
BMT168774523,,
BMT378537B,,
BMT378530B,,
BMT123504378,,
BMT378607B,,
BMT168774522,,
BMT378537B,,
BMT123504371,,
BMT123504378,,
BMT378572B,,
BMT123504371,,
BMT378579B,,
BMT378572B,,
BMT378586B,,
BMT378579B,,
BMT378593B,,
BMT378586B,,
BMT123504364,,
BMT378593B,,
BMT378607B,,
BMT378614B,,
BMT378614B,,
BMT378621B,,
BMT378621B,,
BMT378628B,,
BMT378628B,,
BMT2998392B,,
BMT378649B,,
BMT123504357,,
BMT378656B,,
BMT378649B,,
BMT123504385,,
BMT123504392,,
BMT123504385,,
BMT123504399,,
BMT123504385,,
BMT3009333B,,
BMT378754B,,
BMT2998399B,,
BMT123504413,,
BMT123504420,,
BMT2882171B,,
BMT156929262,,
BMT2882416B,,
BMT380049B,,
BMT2884873B,,
BMT2884880B,,
BMT2884880B,,
BMT2884887B,,
BMT2884887B,,
BMT2626482B,,
BMT2885048B,,
BMT1379796B,,
BMT2885146B,,
BMT1379817B,,
BMT123505918,,
BMT123505925,,
BMT123505918,,
BMT1962777B,,
BMT123505918,,
BMT123505939,,
BMT167735822,,
BMT1380118B,,
BMT144131719,,
BMT141895989,,
BMT144131474,,
BMT380812B,,
BMT171767646,,
BMT171767647,,
BMT171767647,,
BMT171767648,,
BMT171767647,,
BMT171767649,,
BMT1380391B,,
BMT123506562,,
BMT123506625,,
BMT123506632,,
BMT171629366,,
BMT171629368,,
BMT171629366,,
BMT1960439B,,
BMT171629366,,
BMT1960453B,,
BMT123506632,,
BMT123506639,,
BMT123506632,,
BMT123506646,,
BMT123506653,,
BMT123506660,,
BMT123506653,,
BMT123506667,,
BMT123506653,,
BMT1962238B,,
BMT378012B,,
BMT378019B,,
BMT378019B,,
BMT378033B,,
BMT148804688,,
BMT148804689,,
BMT148804688,,
BMT3078010B,,
BMT378110B,,
BMT148804688,,
BMT378117B,,
BMT378110B,,
BMT378124B,,
BMT378117B,,
BMT148804687,,
BMT378124B,,
BMT148432064,,
BMT378250B,,
BMT148432064,,
BMT1948462B,,
BMT148432063,,
BMT148432064,,
BMT148432059,,
BMT378201B,,
BMT148432059,,
BMT148432062,,
BMT378201B,,
BMT148432061,,
BMT148432061,,
BMT148432063,,
BMT378222B,,
BMT148432065,,
BMT378229B,,
BMT378222B,,
BMT155359550,,
BMT155359551,,
BMT172269122,,
BMT172269123,,
BMT123506023,,
BMT1962322B,,
BMT3087285B,,
BMT167748200,,
BMT3087292B,,
BMT377641B,,
BMT3087299B,,
BMT377627B,,
BMT3087306B,,
BMT167748201,,
BMT148807370,,
BMT2923128B,,
BMT3088027B,,
BMT2923114B,,
BMT123504840,,
BMT1955364B,,
BMT160826294,,
BMT160826295,,
BMT481731B,,
BMT162591052,,
BMT162591052,,
BMT355017B,,
BMT350677B,,
BMT156918078,,
BMT123502229,,
BMT129918163,,
BMT129918170,,
BMT123502236,,
BMT129918163,,
BMT8152591B,,
BMT171456565,,
BMT8152738B,,
BMT123502236,,
BMT8152780B,,
BMT123502236,,
BMT8152787B,,
BMT123502103,,
BMT123502110,,
BMT152560487,,
BMT2700143B,,
BMT1379614B,,
BMT1379621B,,
BMT1379621B,,
BMT1379628B,,
BMT1379628B,,
BMT2693528B,,
BMT1379635B,,
BMT2693479B,,
BMT1379642B,,
BMT2693325B,,
BMT1379649B,,
BMT1379656B,,
BMT1379656B,,
BMT2467701B,,
BMT129003746,,
BMT1379670B,,
BMT1379670B,,
BMT2467736B,,
BMT1379677B,,
BMT2467750B,,
BMT1379684B,,
BMT2469535B,,
BMT1379691B,,
BMT2469591B,,
BMT1379698B,,
BMT2469598B,,
BMT1379705B,,
BMT1379712B,,
BMT1379712B,,
BMT2467540B,,
BMT1379719B,,
BMT2471152B,,
BMT1379726B,,
BMT2345404B,,
BMT123502166,,
BMT123502173,,
BMT171629371,,
BMT1380433B,,
BMT171629371,,
BMT1960502B,,
BMT1380433B,,
BMT171629372,,
BMT162361568,,
BMT162361569,,
BMT162361568,,
BMT162361570,,
BMT170746401,,
BMT170746402,,
BMT170746401,,
BMT170746403,,
BMT170746401,,
BMT1957709B,,
BMT1380454B,,
BMT170746404,,
BMT170746403,,
BMT170746409,,
BMT170746403,,
BMT123506884,,
BMT123506884,,
BMT1380475B,,
BMT123506898,,
BMT123506905,,
BMT1380475B,,
BMT170746410,,
BMT1380482B,,
BMT2998455B,,
BMT167610158,,
BMT2882171B,,
BMT148432039,,
BMT148432040,,
BMT148432039,,
BMT3014590B,,
BMT170814182,,
BMT1380510B,,
BMT1380510B,,
BMT1954888B,,
BMT170814183,,
BMT170814184,,
BMT170814183,,
BMT170814185,,
BMT170814185,,
BMT170814186,,
BMT170814712,,
BMT170814713,,
BMT170814186,,
BMT170814187,,
BMT170814186,,
BMT1380538B,,
BMT170814192,,
BMT170814193,,
BMT170814192,,
BMT1955168B,,
BMT170814194,,
BMT170814195,,
BMT170814196,,
BMT1959739B,,
BMT170814197,,
BMT1380573B,,
BMT170814197,,
BMT170814202,,
BMT1380573B,,
BMT170814201,,
BMT148432046,,
BMT148432047,,
BMT148432046,,
BMT1380594B,,
BMT148432047,,
BMT148432049,,
BMT148432047,,
BMT1954440B,,
BMT1380594B,,
BMT148432048,,
BMT148432049,,
BMT148432052,,
BMT148432049,,
BMT148432053,,
BMT148432049,,
BMT148432054,,
BMT148432053,,
BMT148432056,,
BMT148432053,,
BMT1954391B,,
BMT123508193,,
BMT1380622B,,
BMT123507556,,
BMT148432057,,
BMT123507556,,
BMT1954391B,,
BMT123507556,,
BMT1954881B,,
BMT1380622B,,
BMT123508200,,
BMT148432057,,
BMT148432059,,
BMT148432057,,
BMT148432060,,
BMT159127996,,
BMT123507640,,
BMT123507934,,
BMT123507941,,
BMT123507640,,
BMT159127997,,
BMT159127998,,
BMT123507654,,
BMT160216979,,
BMT160216980,,
BMT123507654,,
BMT123507668,,
BMT155359541,,
BMT155359542,,
BMT1379740B,,
BMT2345453B,,
BMT1379747B,,
BMT2467484B,,
BMT1379754B,,
BMT1379761B,,
BMT1379761B,,
BMT2467512B,,
BMT123502208,,
BMT1379775B,,
BMT1379775B,,
BMT2469752B,,
BMT129918156,,
BMT1379789B,,
BMT1379789B,,
BMT2885048B,,
BMT1379796B,,
BMT1379803B,,
BMT1379803B,,
BMT1379810B,,
BMT1379810B,,
BMT2885146B,,
BMT1379817B,,
BMT123502229,,
BMT142961242,,
BMT142961249,,
BMT123504147,,
BMT123504154,,
BMT156851728,,
BMT1959641B,,
BMT156851728,,
BMT1959648B,,
BMT1379845B,,
BMT123504203,,
BMT123504245,,
BMT123504252,,
BMT123509432,,
BMT123509439,,
BMT123504259,,
BMT1956540B,,
BMT123504259,,
BMT123504280,,
BMT123509439,,
BMT123509446,,
BMT123509439,,
BMT1380923B,,
BMT123509026,,
BMT123509033,,
BMT123504273,,
BMT123504287,,
BMT123509040,,
BMT123509047,,
BMT123509215,,
BMT123509222,,
BMT123509215,,
BMT123509229,,
BMT123509215,,
BMT123509236,,
BMT123504448,,
BMT123504455,,
BMT123504448,,
BMT1957240B,,
BMT123504455,,
BMT123504469,,
BMT123504455,,
BMT123504476,,
BMT123504455,,
BMT3218241B,,
BMT123504469,,
BMT123504497,,
BMT123504469,,
BMT123504504,,
BMT123504504,,
BMT123504511,,
BMT158471572,,
BMT2923345B,,
BMT123504504,,
BMT2998413B,,
BMT123504511,,
BMT123504525,,
BMT123506954,,
BMT123506961,,
BMT123504525,,
BMT1957394B,,
BMT123504525,,
BMT1957443B,,
BMT1379936B,,
BMT1957450B,,
BMT123506345,,
BMT123506352,,
BMT123504567,,
BMT3163627B,,
BMT123506352,,
BMT123506359,,
BMT165241725,,
BMT1957772B,,
BMT165241725,,
BMT1957800B,,
BMT1379964B,,
BMT1957807B,,
BMT170683149,,
BMT1957968B,,
BMT123504756,,
BMT123504784,,
BMT123504756,,
BMT1958052B,,
BMT123504784,,
BMT123504798,,
BMT123504784,,
BMT1956883B,,
BMT123504784,,
BMT1956939B,,
BMT123504805,,
BMT123504819,,
BMT171896723,,
BMT171896724,,
BMT171896724,,
BMT171896725,,
BMT171896724,,
BMT1958185B,,
BMT160826296,,
BMT160826297,,
BMT160826296,,
BMT1955371B,,
BMT123505911,,
BMT1380020B,,
BMT123504903,,
BMT160826298,,
BMT1380020B,,
BMT1962819B,,
BMT160826298,,
BMT160826299,,
BMT160826298,,
BMT160826300,,
BMT160826300,,
BMT160826301,,
BMT160826300,,
BMT1955392B,,
BMT160826304,,
BMT160826305,,
BMT160826304,,
BMT1955434B,,
BMT157038614,,
BMT1955441B,,
BMT123504973,,
BMT1955448B,,
BMT157038615,,
BMT157038616,,
BMT157038615,,
BMT157038617,,
BMT123505757,,
BMT123505764,,
BMT123504987,,
BMT160826307,,
BMT160826307,,
BMT160826308,,
BMT160826307,,
BMT160826309,,
BMT160826307,,
BMT1957471B,,
BMT160826309,,
BMT160826311,,
BMT160826309,,
BMT160826312,,
BMT160826312,,
BMT160826313,,
BMT160826312,,
BMT1957583B,,
BMT160826312,,
BMT160826315,,
BMT160826314,,
BMT1957590B,,
BMT160826314,,
BMT160826316,,
BMT172269112,,
BMT1380111B,,
BMT123505057,,
BMT1957604B,,
BMT1380111B,,
BMT1962833B,,
BMT1380118B,,
BMT167735823,,
BMT142964602,,
BMT1957751B,,
BMT142938870,,
BMT142938877,,
BMT167735823,,
BMT167735824,,
BMT167735823,,
BMT1957716B,,
BMT1380146B,,
BMT167735826,,
BMT167735829,,
BMT167735831,,
BMT172269113,,
BMT172269114,,
BMT172269113,,
BMT172269115,,
BMT172269113,,
BMT172269116,,
BMT172269113,,
BMT2629135B,,
BMT172269117,,
BMT172269118,,
BMT172269117,,
BMT1962889B,,
BMT172269119,,
BMT172269120,,
BMT172269119,,
BMT172269121,,
BMT172269119,,
BMT1962917B,,
BMT172269123,,
BMT172269124,,
BMT172269123,,
BMT1962959B,,
BMT172269126,,
BMT172075855,,
BMT172075856,,
BMT172075857,,
BMT172075858,,
BMT172075860,,
BMT172075858,,
BMT142655370,,
BMT142655370,,
BMT1963113B,,
BMT123505771,,
BMT123505778,,
BMT160520918,,
BMT160520919,,
BMT160520918,,
BMT8526769B,,
BMT8526769B,,
BMT8526790B,,
BMT8526790B,,
BMT160520920,,
BMT155359541,,
BMT155359543,,
BMT168810003,,
BMT168810004,,
BMT168810003,,
BMT1954790B,,
BMT1380832B,,
BMT1954797B,,
BMT123508200,,
BMT123508207,,
BMT123508200,,
BMT123508214,,
BMT123508214,,
BMT123508221,,
BMT123508214,,
BMT123508228,,
BMT123508214,,
BMT123508235,,
BMT1380853B,,
BMT123508256,,
BMT1380860B,,
BMT1380867B,,
BMT172721884,,
BMT172721886,,
BMT172721884,,
BMT123508767,,
BMT1380881B,,
BMT172721890,,
BMT172721891,,
BMT172721893,,
BMT172721891,,
BMT172721894,,
BMT172721894,,
BMT172721895,,
BMT172721894,,
BMT172721896,,
BMT172721897,,
BMT172721898,,
BMT172721897,,
BMT172721899,,
BMT172721898,,
BMT172721900,,
BMT172721898,,
BMT172721901,,
BMT172721901,,
BMT172721902,,
BMT172721901,,
BMT1957954B,,
BMT1380923B,,
BMT123509453,,
BMT1380930B,,
BMT1956638B,,
BMT1380930B,,
BMT1956659B,,
BMT123505806,,
BMT3160813B,,
BMT123505785,,
BMT1955455B,,
BMT160826512,,
BMT160826513,,
BMT160826512,,
BMT1955427B,,
BMT160826514,,
BMT160826515,,
BMT160826514,,
BMT160826516,,
BMT160826514,,
BMT160826517,,
BMT123505953,,
BMT123505967,,
BMT123505953,,
BMT123505974,,
BMT123506002,,
BMT123506009,,
BMT123505974,,
BMT1962084B,,
BMT123505981,,
BMT123505988,,
BMT123505981,,
BMT123505995,,
BMT123506009,,
BMT123506016,,
BMT123506009,,
BMT1962224B,,
BMT1380272B,,
BMT1962259B,,
BMT123506030,,
BMT123506037,,
BMT123506030,,
BMT1962420B,,
BMT123506933,,
BMT123506940,,
BMT123506933,,
BMT123506947,,
BMT170746398,,
BMT170746399,,
BMT123506401,,
BMT171629352,,
BMT123506401,,
BMT171629353,,
BMT170746399,,
BMT170746400,,
BMT170746399,,
BMT170746401,,
BMT171629352,,
BMT171629355,,
BMT171629352,,
BMT123506443,,
BMT123506443,,
BMT1962014B,,
BMT123506786,,
BMT2885797B,,
BMT171629376,,
BMT171629377,,
BMT171629356,,
BMT1962021B,,
BMT1380335B,,
BMT171629357,,
BMT171629357,,
BMT171629358,,
BMT171629357,,
BMT162361951,,
BMT162362109,,
BMT162362110,,
BMT162361951,,
BMT171629359,,
BMT162361951,,
BMT123506492,,
BMT162361951,,
BMT162361548,,
BMT162361566,,
BMT162361567,,
BMT162361566,,
BMT162361568,,
BMT123506492,,
BMT171629360,,
BMT123506702,,
BMT123506709,,
BMT171629361,,
BMT171629362,,
BMT171629361,,
BMT167421703,,
BMT171629363,,
BMT171629364,,
BMT171629363,,
BMT1380391B,,
BMT377571B,,
BMT142811029,,
BMT142831826,,
BMT8531431B,,
BMT8531431B,,
BMT142831833,,
BMT142831833,,
BMT8531445B,,
BMT8531445B,,
BMT8531452B,,
BMT8531452B,,
BMT8531459B,,
BMT8531459B,,
BMT8531466B,,
BMT8531466B,,
BMT8531473B,,
BMT8531473B,,
BMT142831840,,
BMT142831840,,
BMT142831588,,
BMT142985819,,
BMT8531494B,,
BMT8531494B,,
BMT8531501B,,
BMT8531501B,,
BMT8531508B,,
BMT8531508B,,
BMT8531515B,,
BMT8531515B,,
BMT8531522B,,
BMT8531522B,,
BMT8531536B,,
BMT8531536B,,
BMT8531550B,,
BMT8531550B,,
BMT8531557B,,
BMT8531557B,,
BMT8531571B,,
BMT8531571B,,
BMT8531578B,,
BMT8531578B,,
BMT8531585B,,
BMT8531585B,,
BMT8531592B,,
BMT8531592B,,
BMT8532397B,,
BMT8532397B,,
BMT8531599B,,
BMT8531599B,,
BMT142985826,,
BMT142985826,,
BMT8531669B,,
BMT8531669B,,
BMT142938730,,
BMT377774B,,
BMT142848395,,
BMT1957821B,,
BMT8533370B,,
BMT8533370B,,
BMT142882177,,
BMT142882177,,
BMT8533433B,,
BMT8533433B,,
BMT142985833,,
BMT142985833,,
BMT123505267,,
BMT142985833,,
BMT142985840,,
BMT142985847,,
BMT8533601B,,
BMT123505267,,
BMT8533601B,,
BMT142985861,,
BMT8533636B,,
BMT142985847,,
BMT8533636B,,
BMT142985861,,
BMT142985868,,
BMT142985868,,
BMT8533664B,,
BMT8533664B,,
BMT8533671B,,
BMT8533671B,,
BMT8533678B,,
BMT8533678B,,
BMT8533692B,,
BMT8533692B,,
BMT142985875,,
BMT142985875,,
BMT142934915,,
BMT148771173,,
BMT8533797B,,
BMT8533797B,,
BMT148771174,,
BMT142934915,,
BMT142936952,,
BMT167748195,,
BMT378033B,,
BMT377879B,,
BMT377886B,,
BMT167748201,,
BMT167748203,,
BMT167748203,,
BMT167748204,,
BMT167748205,,
BMT142943329,,
BMT148809814,,
BMT148809815,,
BMT347443B,,
BMT162220843,,
BMT162220843,,
BMT347422B,,
BMT347415B,,
BMT347408B,,
BMT347408B,,
BMT162220841,,
BMT162220841,,
BMT162220840,,
BMT155359548,,
BMT155359549,,
BMT155359548,,
BMT155359550,,
BMT159897069,,
BMT159897070,,
BMT159897069,,
BMT159897071,,
BMT452086B,,
BMT159897069,,
BMT452100B,,
BMT123508249,,
BMT452107B,,
BMT452100B,,
BMT123508228,,
BMT452107B,,
BMT123508228,,
BMT1380853B,,
BMT156855751,,
BMT1958031B,,
BMT452156B,,
BMT172721906,,
BMT123508886,,
BMT452156B,,
BMT156855750,,
BMT1957975B,,
BMT152560486,,
BMT7848658B,,
BMT7848658B,,
BMT7848665B,,
BMT7848665B,,
BMT152560487,,
BMT160826302,,
BMT160826303,,
BMT160826303,,
BMT160826304,,
BMT123506387,,
BMT171629350,,
BMT379265B,,
BMT172739556,,
BMT172739556,,
BMT123504693,,
BMT379209B,,
BMT8324196B,,
BMT379202B,,
BMT8324196B,,
BMT170683138,,
BMT170683141,,
BMT156918071,,
BMT140060407,,
BMT3081839B,,
BMT123507241,,
BMT3084289B,,
BMT123509180,,
BMT3084632B,,
BMT123504973,,
BMT3163627B,,
BMT165241725,,
BMT172739551,,
BMT172739552,,
BMT172739551,,
BMT379209B,,
BMT2192874B,,
BMT170975942,,
BMT170975942,,
BMT123502824,,
BMT170334432,,
BMT170334431,,
BMT167421703,,
BMT171629363,,
BMT462901B,,
BMT151851803,,
BMT462908B,,
BMT151851802,,
BMT123508984,,
BMT123508991,,
BMT123508984,,
BMT2923261B,,
BMT123504420,,
BMT1957184B,,
BMT123504420,,
BMT123504434,,
BMT463027B,,
BMT170081785,,
BMT170336916,,
BMT170336919,,
BMT463055B,,
BMT170336916,,
BMT123509292,,
BMT463118B,,
BMT463118B,,
BMT123509299,,
BMT123502159,,
BMT2345397B,,
BMT123502187,,
BMT4322787B,,
BMT452135B,,
BMT6655403B,,
BMT6655403B,,
BMT6655438B,,
BMT6655438B,,
BMT156855752,,
BMT156855752,,
BMT6655473B,,
BMT6655473B,,
BMT156855753,,
BMT156855753,,
BMT6655501B,,
BMT6655501B,,
BMT6655515B,,
BMT6655515B,,
BMT6655536B,,
BMT6655536B,,
BMT156855754,,
BMT452135B,,
BMT6655291B,,
BMT142985847,,
BMT142985854,,
BMT142985854,,
BMT7782109B,,
BMT7782109B,,
BMT7782151B,,
BMT7782151B,,
BMT142985882,,
BMT142805100,,
BMT142805093,,
BMT346253B,,
BMT128323325,,
BMT159127998,,
BMT3222595B,,
BMT3222595B,,
BMT159128000,,
BMT148807373,,
BMT145981623,,
BMT145981623,,
BMT148807375,,
BMT172075863,,
BMT172075864,,
BMT155359544,,
BMT123507787,,
BMT155359544,,
BMT155359546,,
BMT155359544,,
BMT2886182B,,
BMT123508564,,
BMT123508571,,
BMT123508564,,
BMT2081903B,,
BMT480373B,,
BMT123508564,,
BMT167610164,,
BMT167610165,,
BMT167610164,,
BMT167610166,,
BMT480667B,,
BMT170683148,,
BMT142805107,,
BMT142805100,,
BMT461207B,,
BMT123507682,,
BMT123507675,,
BMT461207B,,
BMT164191847,,
BMT484286B,,
BMT484286B,,
BMT484293B,,
BMT484293B,,
BMT484314B,,
BMT484314B,,
BMT164191846,,
BMT164191846,,
BMT2285435B,,
BMT164191845,,
BMT484335B,,
BMT484335B,,
BMT484342B,,
BMT484342B,,
BMT164191844,,
BMT164191844,,
BMT484363B,,
BMT484356B,,
BMT164191846,,
BMT484356B,,
BMT164191844,,
BMT484524B,,
BMT484531B,,
BMT484531B,,
BMT484538B,,
BMT484538B,,
BMT484545B,,
BMT484545B,,
BMT123509929,,
BMT123507402,,
BMT123507409,,
BMT148432038,,
BMT148432039,,
BMT123506926,,
BMT123506933,,
BMT171629349,,
BMT123506387,,
BMT123506352,,
BMT123506366,,
BMT123506366,,
BMT123506373,,
BMT463076B,,
BMT170336917,,
BMT170336917,,
BMT170336918,,
BMT2527677B,,
BMT2527691B,,
BMT2527691B,,
BMT172720603,,
BMT172720603,,
BMT2968005B,,
BMT2968005B,,
BMT2968012B,,
BMT2968012B,,
BMT3079004B,,
BMT3079004B,,
BMT172720604,,
BMT354744B,,
BMT7384299B,,
BMT354751B,,
BMT7384299B,,
BMT140060533,,
BMT140060540,,
BMT162361571,,
BMT162361572,,
BMT162361572,,
BMT162361573,,
BMT162361568,,
BMT162361571,,
BMT140060540,,
BMT140060547,,
