BMT100247B,,
BMT100548B,,
BMT100674B,,
BMT100688B,,
BMT100695B,,
BMT100744B,,
BMT100828B,,
BMT100849B,,
BMT100898B,,
BMT100912B,,
BMT100996B,,
BMT101003B,,
BMT101052B,,
BMT101178B,,
BMT101206B,,
BMT130669B,,
BMT132832B,,
BMT132895B,,
BMT132937B,,
BMT169014303,,
BMT169014305,,
BMT169014328,,
BMT169014332,,
BMT169014367,,
BMT169014436,,
BMT169014444,,
BMT169014446,,
BMT169014471,,
BMT169014520,,
BMT169014529,,
BMT169014530,,
BMT169014533,,
BMT169014549,,
BMT169014567,,
BMT169014572,,
BMT169014573,,
BMT169014576,,
BMT169014594,,
BMT169014670,,
BMT169014696,,
BMT169014711,,
BMT169014722,,
BMT169014723,,
BMT169014757,,
BMT169014760,,
BMT169014761,,
BMT169014772,,
BMT169014773,,
BMT169014784,,
BMT169014789,,
BMT169014824,,
BMT169014832,,
BMT169014847,,
BMT169014855,,
BMT169014890,,
BMT169015230,,
BMT169015274,,
BMT169015282,,
BMT169015295,,
BMT169015324,,
BMT169015331,,
BMT169015347,,
BMT169015348,,
BMT169015349,,
BMT169015354,,
BMT169015371,,
BMT169015372,,
BMT169015375,,
BMT169015377,,
BMT169015386,,
BMT169015391,,
BMT169015394,,
BMT169015400,,
BMT169015410,,
BMT169015412,,
BMT169015413,,
BMT169015424,,
BMT169015426,,
BMT169015454,,
BMT169015456,,
BMT169015464,,
BMT169015466,,
BMT169015567,,
BMT169015656,,
BMT169015699,,
BMT169015811,,
BMT169015861,,
BMT169015874,,
BMT169015878,,
BMT169015891,,
BMT169015905,,
BMT169015930,,
BMT169015964,,
BMT169016053,,
BMT169016068,,
BMT169016091,,
BMT169016100,,
BMT169016104,,
BMT169016106,,
BMT169016107,,
BMT169016113,,
BMT169016124,,
BMT169016127,,
BMT169016129,,
BMT169016141,,
BMT169016202,,
BMT169016214,,
BMT169016220,,
BMT169016225,,
BMT169016238,,
BMT169016239,,
BMT169016243,,
BMT169016272,,
BMT169016290,,
BMT169016310,,
BMT169016849,,
BMT169016857,,
BMT169016862,,
BMT169016868,,
BMT169016882,,
BMT169016883,,
BMT169016886,,
BMT169016902,,
BMT169017087,,
BMT169017365,,
BMT169017377,,
BMT169017379,,
BMT169017383,,
BMT169017387,,
BMT169017388,,
BMT169017396,,
BMT169017427,,
BMT169017469,,
BMT169017478,,
BMT169017486,,
BMT169017489,,
BMT169017490,,
BMT169017491,,
BMT169017496,,
BMT169017501,,
BMT169017507,,
BMT169017521,,
BMT169017524,,
BMT169017531,,
BMT169017537,,
BMT169017542,,
BMT169017546,,
BMT169017551,,
BMT169017560,,
BMT169017569,,
BMT169017709,,
BMT169017737,,
BMT169017745,,
BMT169017759,,
BMT169017765,,
BMT169017769,,
BMT169017775,,
BMT169017811,,
BMT169017919,,
BMT169017929,,
BMT169017935,,
BMT169262301,,
BMT169810110,,
BMT169876617,,
BMT169876618,,
BMT169959004,,
BMT169959010,,
BMT169959012,,
BMT170175403,,
BMT170228117,,
BMT170228118,,
BMT170228124,,
BMT170298224,,
BMT170400731,,
BMT170400736,,
BMT170400737,,
BMT170400740,,
BMT170400743,,
BMT170400754,,
BMT170400762,,
BMT170400766,,
BMT170810342,,
BMT170810346,,
BMT171067112,,
BMT171067127,,
BMT171067134,,
BMT171067139,,
BMT171282145,,
BMT171360297,,
BMT171369120,,
BMT171369121,,
BMT171369167,,
BMT171369168,,
BMT171369170,,
BMT171369171,,
BMT171670279,,
BMT172027801,,
BMT172132208,,
BMT172162020,,
BMT172162023,,
BMT172162040,,
BMT100198B,,
BMT100275B,,
BMT100289B,,
BMT100296B,,
BMT100387B,,
BMT100457B,,
BMT100716B,,
BMT100723B,,
BMT100975B,,
BMT100982B,,
BMT130690B,,
BMT132839B,,
BMT132930B,,
BMT169014316,,
BMT169014330,,
BMT169014432,,
BMT169014459,,
BMT169014464,,
BMT169014465,,
BMT169014484,,
BMT169014527,,
BMT169014544,,
BMT169014545,,
BMT169014547,,
BMT169014548,,
BMT169014550,,
BMT169014552,,
BMT169014553,,
BMT169014560,,
BMT169014569,,
BMT169014619,,
BMT169014671,,
BMT169014677,,
BMT169014689,,
BMT169014699,,
BMT169014700,,
BMT169014715,,
BMT169014724,,
BMT169014768,,
BMT169014775,,
BMT169014779,,
BMT169014792,,
BMT169014805,,
BMT169014808,,
BMT169014812,,
BMT169014813,,
BMT169014818,,
BMT169014862,,
BMT169014866,,
BMT169014889,,
BMT169015231,,
BMT169015311,,
BMT169015328,,
BMT169015336,,
BMT169015344,,
BMT169015369,,
BMT169015376,,
BMT169015385,,
BMT169015398,,
BMT169015419,,
BMT169015452,,
BMT169015468,,
BMT169015503,,
BMT169015506,,
BMT169015514,,
BMT169015518,,
BMT169015523,,
BMT169015764,,
BMT169015813,,
BMT169015863,,
BMT169015866,,
BMT169015882,,
BMT169015885,,
BMT169015888,,
BMT169015892,,
BMT169015893,,
BMT169015901,,
BMT169015910,,
BMT169015911,,
BMT169015918,,
BMT169015920,,
BMT169015923,,
BMT169015927,,
BMT169015935,,
BMT169016063,,
BMT169016088,,
BMT169016096,,
BMT169016117,,
BMT169016119,,
BMT169016121,,
BMT169016123,,
BMT169016130,,
BMT169016134,,
BMT169016144,,
BMT169016146,,
BMT169016208,,
BMT169016209,,
BMT169016211,,
BMT169016217,,
BMT169016221,,
BMT169016227,,
BMT169016232,,
BMT169016267,,
BMT169016277,,
BMT169016280,,
BMT169016282,,
BMT169016291,,
BMT169016303,,
BMT169016309,,
BMT169016317,,
BMT169016318,,
BMT169016845,,
BMT169016848,,
BMT169016850,,
BMT169016853,,
BMT169016895,,
BMT169016905,,
BMT169016906,,
BMT169016912,,
BMT169016913,,
BMT169016928,,
BMT169017049,,
BMT169017099,,
BMT169017178,,
BMT169017391,,
BMT169017392,,
BMT169017395,,
BMT169017424,,
BMT169017425,,
BMT169017426,,
BMT169017430,,
BMT169017467,,
BMT169017471,,
BMT169017474,,
BMT169017476,,
BMT169017482,,
BMT169017487,,
BMT169017498,,
BMT169017500,,
BMT169017503,,
BMT169017506,,
BMT169017512,,
BMT169017518,,
BMT169017530,,
BMT169017536,,
BMT169017539,,
BMT169017547,,
BMT169017571,,
BMT169017577,,
BMT169017697,,
BMT169017702,,
BMT169017707,,
BMT169017739,,
BMT169017752,,
BMT169017762,,
BMT169017763,,
BMT169017773,,
BMT169017874,,
BMT169017899,,
BMT169017916,,
BMT169017926,,
BMT169017932,,
BMT169810108,,
BMT169876038,,
BMT169959006,,
BMT170175401,,
BMT170228120,,
BMT170228127,,
BMT170228128,,
BMT170298223,,
BMT170298234,,
BMT170400733,,
BMT170400739,,
BMT170400747,,
BMT170400752,,
BMT170400757,,
BMT170400770,,
BMT171020055,,
BMT171067107,,
BMT171067108,,
BMT171067114,,
BMT171067120,,
BMT171067125,,
BMT171067132,,
BMT171282141,,
BMT171282142,,
BMT171282148,,
BMT171369166,,
BMT171369174,,
BMT171642337,,
BMT171708133,,
BMT171708135,,
BMT171765273,,
BMT172027800,,
BMT172027804,,
BMT172132205,,
BMT172132206,,
BMT172162024,,
BMT172162027,,
BMT172162028,,
BMT100422B,,
BMT100450B,,
BMT100884B,,
BMT101122B,,
BMT101220B,,
BMT101241B,,
BMT132825B,,
BMT132860B,,
BMT132867B,,
BMT132874B,,
BMT132881B,,
BMT169014319,,
BMT169014359,,
BMT169014431,,
BMT169014435,,
BMT169014439,,
BMT169014440,,
BMT169014441,,
BMT169014483,,
BMT169014487,,
BMT169014496,,
BMT169014504,,
BMT169014522,,
BMT169014526,,
BMT169014554,,
BMT169014555,,
BMT169014557,,
BMT169014558,,
BMT169014568,,
BMT169014581,,
BMT169014591,,
BMT169014609,,
BMT169014628,,
BMT169014673,,
BMT169014703,,
BMT169014706,,
BMT169014707,,
BMT169014712,,
BMT169014764,,
BMT169014769,,
BMT169014786,,
BMT169014788,,
BMT169014791,,
BMT169014806,,
BMT169014807,,
BMT169014810,,
BMT169014814,,
BMT169014841,,
BMT169014843,,
BMT169014851,,
BMT169014867,,
BMT169014888,,
BMT169015320,,
BMT169015325,,
BMT169015327,,
BMT169015330,,
BMT169015337,,
BMT169015339,,
BMT169015341,,
BMT169015356,,
BMT169015357,,
BMT169015379,,
BMT169015399,,
BMT169015404,,
BMT169015420,,
BMT169015450,,
BMT169015460,,
BMT169015461,,
BMT169015469,,
BMT169015472,,
BMT169015504,,
BMT169015505,,
BMT169015508,,
BMT169015510,,
BMT169015512,,
BMT169015517,,
BMT169015573,,
BMT169015585,,
BMT169015595,,
BMT169015814,,
BMT169015859,,
BMT169015864,,
BMT169015865,,
BMT169015873,,
BMT169015890,,
BMT169015894,,
BMT169015903,,
BMT169015907,,
BMT169015909,,
BMT169015916,,
BMT169015917,,
BMT169015919,,
BMT169015921,,
BMT169015926,,
BMT169015934,,
BMT169016042,,
BMT169016052,,
BMT169016061,,
BMT169016064,,
BMT169016069,,
BMT169016071,,
BMT169016080,,
BMT169016082,,
BMT169016092,,
BMT169016097,,
BMT169016098,,
BMT169016103,,
BMT169016116,,
BMT169016128,,
BMT169016132,,
BMT169016139,,
BMT169016142,,
BMT169016200,,
BMT169016215,,
BMT169016223,,
BMT169016240,,
BMT169016273,,
BMT169016281,,
BMT169016284,,
BMT169016288,,
BMT169016293,,
BMT169016305,,
BMT169016306,,
BMT169016315,,
BMT169016842,,
BMT169016846,,
BMT169016855,,
BMT169016889,,
BMT169016890,,
BMT169016894,,
BMT169016897,,
BMT169016908,,
BMT169016926,,
BMT169016996,,
BMT169017092,,
BMT169017101,,
BMT169017368,,
BMT169017371,,
BMT169017372,,
BMT169017381,,
BMT169017466,,
BMT169017477,,
BMT169017481,,
BMT169017492,,
BMT169017494,,
BMT169017508,,
BMT169017510,,
BMT169017514,,
BMT169017516,,
BMT169017523,,
BMT169017525,,
BMT169017535,,
BMT169017549,,
BMT169017562,,
BMT169017566,,
BMT169017579,,
BMT169017582,,
BMT169017586,,
BMT169017596,,
BMT169017696,,
BMT169017699,,
BMT169017701,,
BMT169017706,,
BMT169017711,,
BMT169017741,,
BMT169017746,,
BMT169017758,,
BMT169017766,,
BMT169017900,,
BMT169017905,,
BMT169017918,,
BMT169017923,,
BMT169017931,,
BMT169262302,,
BMT169262303,,
BMT169810107,,
BMT169872727,,
BMT169872728,,
BMT169876039,,
BMT169876040,,
BMT169959005,,
BMT169999657,,
BMT169999658,,
BMT170048736,,
BMT170048930,,
BMT170298213,,
BMT170298216,,
BMT170298221,,
BMT170298226,,
BMT170298228,,
BMT170373127,,
BMT170400734,,
BMT170400735,,
BMT170400741,,
BMT170400746,,
BMT170400749,,
BMT170400759,,
BMT170400764,,
BMT170400765,,
BMT170810343,,
BMT100429B,,
BMT100492B,,
BMT100562B,,
BMT100919B,,
BMT101045B,,
BMT101066B,,
BMT101143B,,
BMT101185B,,
BMT101199B,,
BMT101213B,,
BMT132797B,,
BMT132818B,,
BMT132909B,,
BMT132951B,,
BMT169014334,,
BMT169014443,,
BMT169014456,,
BMT169014458,,
BMT169014461,,
BMT169014521,,
BMT169014523,,
BMT169014525,,
BMT169014528,,
BMT169014534,,
BMT169014559,,
BMT169014570,,
BMT169014574,,
BMT169014577,,
BMT169014578,,
BMT169014582,,
BMT169014586,,
BMT169014590,,
BMT169014674,,
BMT169014678,,
BMT169014680,,
BMT169014698,,
BMT169014702,,
BMT169014705,,
BMT169014709,,
BMT169014713,,
BMT169014716,,
BMT169014717,,
BMT169014718,,
BMT169014726,,
BMT169014728,,
BMT169014758,,
BMT169014763,,
BMT169014767,,
BMT169014776,,
BMT169014809,,
BMT169014819,,
BMT169014826,,
BMT169014834,,
BMT169014850,,
BMT169014856,,
BMT169014857,,
BMT169014882,,
BMT169015262,,
BMT169015318,,
BMT169015321,,
BMT169015332,,
BMT169015340,,
BMT169015346,,
BMT169015352,,
BMT169015380,,
BMT169015383,,
BMT169015387,,
BMT169015389,,
BMT169015407,,
BMT169015408,,
BMT169015416,,
BMT169015418,,
BMT169015430,,
BMT169015449,,
BMT169015457,,
BMT169015463,,
BMT169015511,,
BMT169015832,,
BMT169015858,,
BMT169015872,,
BMT169015876,,
BMT169015877,,
BMT169015881,,
BMT169015883,,
BMT169015902,,
BMT169015904,,
BMT169015912,,
BMT169015914,,
BMT169015936,,
BMT169016003,,
BMT169016059,,
BMT169016066,,
BMT169016076,,
BMT169016077,,
BMT169016081,,
BMT169016084,,
BMT169016095,,
BMT169016109,,
BMT169016115,,
BMT169016201,,
BMT169016204,,
BMT169016205,,
BMT169016229,,
BMT169016230,,
BMT169016236,,
BMT169016268,,
BMT169016269,,
BMT169016271,,
BMT169016274,,
BMT169016279,,
BMT169016286,,
BMT169016298,,
BMT169016299,,
BMT169016301,,
BMT169016311,,
BMT169016843,,
BMT169016852,,
BMT169016860,,
BMT169016879,,
BMT169016880,,
BMT169016888,,
BMT169017012,,
BMT169017093,,
BMT169017364,,
BMT169017366,,
BMT169017375,,
BMT169017384,,
BMT169017393,,
BMT169017397,,
BMT169017398,,
BMT169017420,,
BMT169017421,,
BMT169017444,,
BMT169017470,,
BMT169017472,,
BMT169017479,,
BMT169017497,,
BMT169017519,,
BMT169017552,,
BMT169017559,,
BMT169017563,,
BMT169017565,,
BMT169017574,,
BMT169017588,,
BMT169017704,,
BMT169017736,,
BMT169017744,,
BMT169017754,,
BMT169017772,,
BMT169017903,,
BMT169017921,,
BMT169017925,,
BMT169876619,,
BMT169876620,,
BMT169959013,,
BMT170175402,,
BMT170175404,,
BMT170175405,,
BMT170228094,,
BMT170228116,,
BMT170228122,,
BMT170228125,,
BMT170298214,,
BMT170298220,,
BMT170298231,,
BMT170336570,,
BMT170375288,,
BMT170400730,,
BMT170400771,,
BMT171020054,,
BMT171067111,,
BMT171067122,,
BMT171067123,,
BMT171067129,,
BMT171282147,,
BMT171360296,,
BMT171360299,,
BMT171369119,,
BMT171369169,,
BMT171708137,,
BMT171871006,,
BMT172132209,,
BMT172162021,,
BMT172162038,,
BMT172162039,,
BMT172164409,,
BMT172164410,,
BMT172164411,,
BMT172164415,,
BMT172168497,,
BMT172245996,,
BMT172246000,,
BMT172246013,,
BMT172246017,,
BMT172246037,,
BMT172246042,,
BMT172246043,,
BMT172246045,,
BMT172246063,,
BMT172246064,,
BMT172164413,,
BMT172164421,,
BMT172164422,,
BMT172164493,,
BMT172164494,,
BMT172168494,,
BMT172168495,,
BMT172245999,,
BMT172246009,,
BMT172246012,,
BMT172246016,,
BMT172246023,,
BMT172246024,,
BMT172246036,,
BMT172246041,,
BMT172246047,,
BMT172246048,,
BMT172246062,,
BMT172246068,,
BMT172566699,,
BMT172566702,,
BMT172566718,,
BMT172566720,,
BMT172566727,,
BMT172566728,,
BMT172566735,,
BMT172566744,,
BMT172602667,,
BMT172602668,,
BMT173192737,,
BMT173291665,,
BMT173291666,,
BMT173291673,,
BMT173291679,,
BMT173696369,,
BMT173792156,,
BMT173792165,,
BMT173792169,,
BMT173792173,,
BMT173792180,,
BMT173792191,,
BMT173792196,,
BMT173792198,,
BMT173792199,,
BMT173792203,,
BMT173792217,,
BMT173792233,,
BMT173792235,,
BMT173792241,,
BMT173792249,,
BMT173792263,,
BMT173792270,,
BMT173792271,,
BMT173792272,,
BMT173792278,,
BMT173792279,,
BMT173792289,,
BMT173792290,,
BMT173792292,,
BMT173792296,,
BMT173792300,,
BMT173792302,,
BMT173792365,,
BMT173792368,,
BMT173792373,,
BMT173792374,,
BMT173868661,,
BMT174032980,,
BMT174047881,,
BMT174047887,,
BMT174048064,,
BMT174048072,,
BMT174068588,,
BMT174068595,,
BMT174069460,,
BMT174071127,,
BMT174071228,,
BMT174071229,,
BMT174071231,,
BMT174071234,,
BMT174351663,,
BMT174427731,,
BMT174427739,,
BMT174427742,,
BMT174463570,,
BMT174463582,,
BMT174463583,,
BMT174463588,,
BMT174463591,,
BMT174463596,,
BMT174463607,,
BMT174463699,,
BMT174483579,,
BMT174556129,,
BMT174556131,,
BMT174556133,,
BMT174556144,,
BMT174556164,,
BMT174556173,,
BMT175043527,,
BMT175369387,,
BMT175479041,,
BMT175479046,,
BMT175580446,,
BMT175751198,,
BMT175751200,,
BMT175751201,,
BMT175860494,,
BMT175862219,,
BMT175873273,,
BMT175946886,,
BMT175946936,,
BMT175946937,,
BMT175946939,,
BMT175946941,,
BMT175965743,,
BMT176149923,,
BMT176149927,,
BMT176149932,,
BMT176150027,,
BMT176150033,,
BMT176150051,,
BMT176153299,,
BMT176153304,,
BMT176153314,,
BMT176153931,,
BMT176153941,,
BMT176153943,,
BMT176153944,,
BMT176153946,,
BMT176153959,,
BMT176153971,,
BMT176153972,,
BMT176153974,,
BMT176153976,,
BMT176153980,,
BMT176153981,,
BMT176153984,,
BMT176153986,,
BMT176153999,,
BMT176154004,,
BMT176154011,,
BMT176154021,,
BMT176155207,,
BMT176155212,,
BMT176155217,,
BMT176155223,,
BMT176155244,,
BMT176155591,,
BMT176155613,,
BMT176155715,,
BMT176247627,,
BMT176247628,,
BMT176247629,,
BMT176247678,,
BMT176247679,,
BMT176247688,,
BMT176247689,,
BMT176247698,,
BMT176247700,,
BMT176247702,,
BMT176247703,,
BMT176247704,,
BMT176247705,,
BMT176247718,,
BMT176247719,,
BMT176247746,,
BMT176247770,,
BMT176247792,,
BMT176247809,,
BMT176247813,,
BMT176247817,,
BMT176247825,,
BMT176247832,,
BMT176247840,,
BMT176247846,,
BMT176247850,,
BMT176247856,,
BMT176247871,,
BMT176247872,,
BMT176247888,,
BMT176247897,,
BMT176247898,,
BMT176247900,,
BMT176247913,,
BMT176247918,,
BMT176247922,,
BMT176247933,,
BMT176247935,,
BMT176247936,,
BMT176259703,,
BMT176259706,,
BMT176259717,,
BMT176259724,,
BMT176259947,,
BMT176259958,,
BMT176259963,,
BMT176298406,,
BMT176298584,,
BMT172162029,,
BMT172162031,,
BMT172162032,,
BMT172162044,,
BMT172162085,,
BMT172162086,,
BMT172164417,,
BMT172164418,,
BMT172168499,,
BMT172168500,,
BMT172246001,,
BMT172246007,,
BMT172246008,,
BMT172246015,,
BMT172246026,,
BMT172246030,,
BMT172246034,,
BMT172246051,,
BMT172246065,,
BMT172246071,,
BMT172566713,,
BMT172566723,,
BMT172566740,,
BMT172566741,,
BMT172602675,,
BMT173291663,,
BMT173291669,,
BMT173291675,,
BMT173291680,,
BMT173792163,,
BMT173792177,,
BMT173792194,,
BMT173792213,,
BMT173792224,,
BMT173792231,,
BMT173792232,,
BMT173792237,,
BMT173792243,,
BMT173792257,,
BMT173792266,,
BMT173792267,,
BMT173792275,,
BMT173792285,,
BMT173792293,,
BMT173868656,,
BMT173868657,,
BMT174032984,,
BMT174032986,,
BMT174032990,,
BMT174032997,,
BMT174032999,,
BMT174033166,,
BMT174047886,,
BMT174048062,,
BMT174048075,,
BMT174048076,,
BMT174068592,,
BMT174068593,,
BMT174069459,,
BMT174069462,,
BMT174069722,,
BMT174071125,,
BMT174071126,,
BMT174071130,,
BMT174071236,,
BMT174427702,,
BMT174427703,,
BMT174427734,,
BMT174427735,,
BMT174463563,,
BMT174463568,,
BMT174463576,,
BMT174463585,,
BMT174463606,,
BMT174463614,,
BMT174556128,,
BMT174556141,,
BMT174556152,,
BMT174556156,,
BMT174556159,,
BMT174556182,,
BMT175043526,,
BMT175043530,,
BMT175285968,,
BMT175285974,,
BMT175318483,,
BMT175318491,,
BMT175369459,,
BMT175479031,,
BMT175479036,,
BMT175479038,,
BMT175479045,,
BMT175580186,,
BMT175580444,,
BMT175860418,,
BMT175862221,,
BMT175873211,,
BMT175873271,,
BMT175873276,,
BMT175946884,,
BMT175965739,,
BMT175965741,,
BMT175965742,,
BMT176150021,,
BMT176150026,,
BMT176150032,,
BMT176150042,,
BMT176153308,,
BMT176153929,,
BMT176153938,,
BMT176153948,,
BMT176153955,,
BMT176153962,,
BMT176153967,,
BMT176153979,,
BMT176153988,,
BMT176153991,,
BMT176153995,,
BMT176154018,,
BMT176155200,,
BMT176155215,,
BMT176155216,,
BMT176155219,,
BMT176155220,,
BMT176155221,,
BMT176155234,,
BMT176155242,,
BMT176155250,,
BMT176155256,,
BMT176155612,,
BMT176247565,,
BMT176247622,,
BMT176247625,,
BMT176247682,,
BMT176247709,,
BMT176247711,,
BMT176247714,,
BMT176247725,,
BMT176247752,,
BMT176247753,,
BMT176247761,,
BMT176247762,,
BMT176247764,,
BMT176247779,,
BMT176247784,,
BMT176247785,,
BMT176247802,,
BMT176247806,,
BMT176247812,,
BMT176247834,,
BMT176247837,,
BMT176247863,,
BMT176247865,,
BMT176247866,,
BMT176247874,,
BMT176247877,,
BMT176247882,,
BMT176247892,,
BMT176247905,,
BMT176247906,,
BMT176247908,,
BMT176247926,,
BMT176247928,,
BMT176247944,,
BMT176259696,,
BMT176259699,,
BMT176259710,,
BMT176259711,,
BMT176259713,,
BMT176259728,,
BMT176259729,,
BMT176259946,,
BMT176259951,,
BMT176259954,,
BMT176259973,,
BMT176298404,,
BMT176298574,,
BMT176298575,,
BMT176298587,,
BMT176298597,,
BMT176298609,,
BMT176298954,,
BMT176298955,,
BMT176298958,,
BMT176299048,,
BMT176299049,,
BMT176299053,,
BMT176299055,,
BMT176299056,,
BMT176454036,,
BMT176454043,,
BMT176454049,,
BMT176454051,,
BMT176454100,,
BMT176454105,,
BMT176517467,,
BMT176517468,,
BMT176517473,,
BMT176517474,,
BMT172246070,,
BMT172566703,,
BMT172566716,,
BMT172566726,,
BMT172566738,,
BMT172602669,,
BMT172602672,,
BMT172602673,,
BMT172602676,,
BMT173291660,,
BMT173291672,,
BMT173291674,,
BMT173291678,,
BMT173291686,,
BMT173291689,,
BMT173696368,,
BMT173792158,,
BMT173792159,,
BMT173792168,,
BMT173792185,,
BMT173792187,,
BMT173792189,,
BMT173792193,,
BMT173792200,,
BMT173792202,,
BMT173792214,,
BMT173792218,,
BMT173792219,,
BMT173792227,,
BMT173792248,,
BMT173792251,,
BMT173792252,,
BMT173792255,,
BMT173792273,,
BMT173792286,,
BMT173792294,,
BMT173792298,,
BMT173792372,,
BMT173868655,,
BMT174032976,,
BMT174032977,,
BMT174032979,,
BMT174032981,,
BMT174032992,,
BMT174032994,,
BMT174033169,,
BMT174047883,,
BMT174048063,,
BMT174048071,,
BMT174068589,,
BMT174068590,,
BMT174069876,,
BMT174069877,,
BMT174069878,,
BMT174071232,,
BMT174427706,,
BMT174427709,,
BMT174427729,,
BMT174427733,,
BMT174463571,,
BMT174463574,,
BMT174463581,,
BMT174463586,,
BMT174463589,,
BMT174463593,,
BMT174463598,,
BMT174463599,,
BMT174463609,,
BMT174463611,,
BMT174463613,,
BMT174483474,,
BMT174483583,,
BMT174556135,,
BMT174556147,,
BMT174556153,,
BMT174556160,,
BMT174556166,,
BMT174556167,,
BMT174556179,,
BMT175043528,,
BMT175043529,,
BMT175043531,,
BMT175285969,,
BMT175285970,,
BMT175318484,,
BMT175318486,,
BMT175479042,,
BMT175479044,,
BMT175580443,,
BMT175751203,,
BMT175860488,,
BMT175860489,,
BMT175860491,,
BMT175860493,,
BMT176149920,,
BMT176149921,,
BMT176149925,,
BMT176149933,,
BMT176150020,,
BMT176150022,,
BMT176150023,,
BMT176150024,,
BMT176153302,,
BMT176153305,,
BMT176153312,,
BMT176153928,,
BMT176153935,,
BMT176153947,,
BMT176153954,,
BMT176153975,,
BMT176153977,,
BMT176155202,,
BMT176155204,,
BMT176155209,,
BMT176155210,,
BMT176155214,,
BMT176155229,,
BMT176155231,,
BMT176155237,,
BMT176155238,,
BMT176155252,,
BMT176155716,,
BMT176155717,,
BMT176247631,,
BMT176247632,,
BMT176247675,,
BMT176247684,,
BMT176247694,,
BMT176247701,,
BMT176247708,,
BMT176247724,,
BMT176247730,,
BMT176247731,,
BMT176247739,,
BMT176247740,,
BMT176247741,,
BMT176247748,,
BMT176247749,,
BMT176247750,,
BMT176247756,,
BMT176247759,,
BMT176247760,,
BMT176247778,,
BMT176247783,,
BMT176247810,,
BMT176247816,,
BMT176247821,,
BMT176247822,,
BMT176247827,,
BMT176247828,,
BMT176247829,,
BMT176247843,,
BMT176247844,,
BMT176247847,,
BMT176247857,,
BMT176247875,,
BMT176247880,,
BMT176247903,,
BMT176247904,,
BMT176247907,,
BMT176247912,,
BMT176247919,,
BMT176247930,,
BMT176247939,,
BMT176259697,,
BMT176259701,,
BMT176259704,,
BMT176259716,,
BMT176259719,,
BMT176259727,,
BMT176259948,,
BMT176259949,,
BMT176259952,,
BMT176259959,,
BMT176298407,,
BMT176298576,,
BMT176298577,,
BMT176298578,,
BMT176298591,,
BMT176298592,,
BMT176298607,,
BMT176298951,,
BMT176298963,,
BMT176299061,,
BMT176299062,,
BMT176299065,,
BMT176372100,,
BMT176454039,,
BMT176454041,,
BMT176454046,,
BMT176454060,,
BMT176454102,,
BMT176454103,,
BMT176454104,,
BMT176500288,,
BMT176517482,,
BMT177471B,,
BMT177485B,,
BMT177541B,,
BMT171067109,,
BMT171067130,,
BMT171067136,,
BMT171067137,,
BMT171067138,,
BMT171067145,,
BMT171360295,,
BMT171369122,,
BMT171369172,,
BMT171642338,,
BMT171708132,,
BMT172027803,,
BMT172162036,,
BMT172164419,,
BMT172168504,,
BMT172168505,,
BMT172245995,,
BMT172245997,,
BMT172245998,,
BMT172246002,,
BMT172246004,,
BMT172246006,,
BMT172246011,,
BMT172246032,,
BMT172246040,,
BMT172246059,,
BMT172246072,,
BMT172566698,,
BMT172566706,,
BMT172566707,,
BMT172566708,,
BMT172566714,,
BMT172566722,,
BMT172566725,,
BMT172566733,,
BMT172566743,,
BMT172602670,,
BMT173192736,,
BMT173291661,,
BMT173291662,,
BMT173291668,,
BMT173291670,,
BMT173291693,,
BMT173792161,,
BMT173792170,,
BMT173792179,,
BMT173792182,,
BMT173792184,,
BMT173792209,,
BMT173792210,,
BMT173792222,,
BMT173792225,,
BMT173792234,,
BMT173792254,,
BMT173792258,,
BMT173792277,,
BMT173792364,,
BMT173792369,,
BMT173868658,,
BMT174032993,,
BMT174047882,,
BMT174048065,,
BMT174048069,,
BMT174048070,,
BMT174068591,,
BMT174068596,,
BMT174069464,,
BMT174069721,,
BMT174071128,,
BMT174071131,,
BMT174071230,,
BMT174351737,,
BMT174351738,,
BMT174351740,,
BMT174427705,,
BMT174427730,,
BMT174463564,,
BMT174463566,,
BMT174463569,,
BMT174463592,,
BMT174463604,,
BMT174463608,,
BMT174463610,,
BMT174463612,,
BMT174463616,,
BMT174483577,,
BMT174483578,,
BMT174483582,,
BMT174483586,,
BMT174556130,,
BMT174556132,,
BMT174556136,,
BMT174556138,,
BMT174556149,,
BMT174556151,,
BMT174556165,,
BMT174556169,,
BMT174556172,,
BMT175318480,,
BMT175318481,,
BMT175318485,,
BMT175318493,,
BMT175479029,,
BMT175479030,,
BMT175479032,,
BMT175479033,,
BMT175479034,,
BMT175479047,,
BMT175580187,,
BMT175580658,,
BMT175751199,,
BMT175860490,,
BMT175862220,,
BMT175873212,,
BMT175873213,,
BMT175873269,,
BMT175873270,,
BMT175873272,,
BMT176149926,,
BMT176149930,,
BMT176150030,,
BMT176150043,,
BMT176150052,,
BMT176153291,,
BMT176153297,,
BMT176153298,,
BMT176153307,,
BMT176153932,,
BMT176153939,,
BMT176153949,,
BMT176153950,,
BMT176153952,,
BMT176153958,,
BMT176153961,,
BMT176153966,,
BMT176153968,,
BMT176154008,,
BMT176155197,,
BMT176155198,,
BMT176155235,,
BMT176155241,,
BMT176155243,,
BMT176155246,,
BMT176155247,,
BMT176155257,,
BMT176247623,,
BMT176247635,,
BMT176247676,,
BMT176247680,,
BMT176247683,,
BMT176247687,,
BMT176247690,,
BMT176247697,,
BMT176247722,,
BMT176247729,,
BMT176247733,,
BMT176247743,,
BMT176247744,,
BMT176247755,,
BMT176247765,,
BMT176247773,,
BMT176247787,,
BMT176247788,,
BMT176247801,,
BMT176247807,,
BMT176247815,,
BMT176247830,,
BMT176247860,,
BMT176247862,,
BMT176247867,,
BMT176247869,,
BMT176247870,,
BMT176247885,,
BMT176247893,,
BMT176247916,,
BMT176247920,,
BMT176247940,,
BMT176259723,,
BMT176259731,,
BMT176259955,,
BMT176259957,,
BMT176259960,,
BMT176259962,,
BMT176259968,,
BMT176298405,,
BMT176298573,,
BMT176298602,,
BMT176298948,,
BMT176299046,,
BMT176299066,,
BMT176299072,,
BMT176454045,,
BMT176454057,,
BMT176454065,,
BMT176454097,,
BMT176517469,,
BMT176517478,,
BMT176517479,,
BMT176719371,,
BMT176298585,,
BMT176298586,,
BMT176298596,,
BMT176298601,,
BMT176298603,,
BMT176298605,,
BMT176298945,,
BMT176298950,,
BMT176298959,,
BMT176299051,,
BMT176299058,,
BMT176299063,,
BMT176299070,,
BMT176454037,,
BMT176454053,,
BMT176454062,,
BMT176454099,,
BMT176500287,,
BMT176742199,,
BMT177548B,,
BMT177709B,,
BMT177786B,,
BMT177947B,,
BMT177954B,,
BMT178934B,,
BMT1935528B,,
BMT1935584B,,
BMT1935647B,,
BMT1935724B,,
BMT1935759B,,
BMT1935948B,,
BMT1936018B,,
BMT1936186B,,
BMT1936270B,,
BMT1936473B,,
BMT1936550B,,
BMT1936823B,,
BMT1937271B,,
BMT1937278B,,
BMT1937383B,,
BMT1937397B,,
BMT1937495B,,
BMT1937754B,,
BMT1937782B,,
BMT1938237B,,
BMT1938272B,,
BMT1938573B,,
BMT1938650B,,
BMT1938797B,,
BMT1938888B,,
BMT1938965B,,
BMT1939595B,,
BMT1939658B,,
BMT1939777B,,
BMT1940176B,,
BMT1940267B,,
BMT1940351B,,
BMT1940568B,,
BMT1940820B,,
BMT1941415B,,
BMT1941576B,,
BMT1941611B,,
BMT1941702B,,
BMT1941807B,,
BMT1941828B,,
BMT1942045B,,
BMT1942122B,,
BMT1943165B,,
BMT1943186B,,
BMT1943438B,,
BMT1943480B,,
BMT1943872B,,
BMT1943942B,,
BMT1944670B,,
BMT199738B,,
BMT199927B,,
BMT200389B,,
BMT201292B,,
BMT201495B,,
BMT202769B,,
BMT202811B,,
BMT213290B,,
BMT213360B,,
BMT214018B,,
BMT214480B,,
BMT2501625B,,
BMT2501646B,,
BMT2501723B,,
BMT2595439B,,
BMT2630901B,,
BMT2631006B,,
BMT2670325B,,
BMT2751399B,,
BMT2792146B,,
BMT2792160B,,
BMT2798845B,,
BMT2798859B,,
BMT2802653B,,
BMT2820692B,,
BMT2855216B,,
BMT2855223B,,
BMT2890209B,,
BMT2912924B,,
BMT2936724B,,
BMT3078502B,,
BMT3087742B,,
BMT3140172B,,
BMT3140249B,,
BMT3156363B,,
BMT3156517B,,
BMT3157056B,,
BMT3157392B,,
BMT3157490B,,
BMT3157679B,,
BMT3158519B,,
BMT3160388B,,
BMT3161221B,,
BMT3161312B,,
BMT3161543B,,
BMT3162166B,,
BMT3163930B,,
BMT3164000B,,
BMT3164350B,,
BMT3167101B,,
BMT3174346B,,
BMT3174423B,,
BMT3176355B,,
BMT3176691B,,
BMT3177195B,,
BMT3183243B,,
BMT3183327B,,
BMT3183355B,,
BMT3183446B,,
BMT3183467B,,
BMT3202045B,,
BMT3202080B,,
BMT3221071B,,
BMT3221575B,,
BMT3221750B,,
BMT3221757B,,
BMT3230591B,,
BMT3230710B,,
BMT3231200B,,
BMT3265262B,,
BMT3265269B,,
BMT3265297B,,
BMT3267236B,,
BMT3267502B,,
BMT3267684B,,
BMT3271450B,,
BMT3271527B,,
BMT3271835B,,
BMT3273515B,,
BMT3273858B,,
BMT3274152B,,
BMT3274432B,,
BMT3276364B,,
BMT3280284B,,
BMT3285359B,,
BMT3285513B,,
BMT3285779B,,
BMT3285793B,,
BMT3286241B,,
BMT3286290B,,
BMT3286402B,,
BMT3286409B,,
BMT3286430B,,
BMT3288068B,,
BMT3288103B,,
BMT3288404B,,
BMT3288740B,,
BMT3288810B,,
BMT3288817B,,
BMT3291029B,,
BMT3291106B,,
BMT3291743B,,
BMT3291904B,,
BMT3292065B,,
BMT3292086B,,
BMT3292093B,,
BMT3292135B,,
BMT3417911B,,
BMT3666677B,,
BMT3704869B,,
BMT3728711B,,
BMT3729362B,,
BMT3736075B,,
BMT3771719B,,
BMT3772650B,,
BMT3773280B,,
BMT3790703B,,
BMT3793342B,,
BMT3793349B,,
BMT3793405B,,
BMT3793482B,,
BMT3796156B,,
BMT3796464B,,
BMT3798256B,,
BMT3798823B,,
BMT3798900B,,
BMT3801448B,,
BMT3801791B,,
BMT3804136B,,
BMT3804619B,,
BMT3808147B,,
BMT3823274B,,
BMT3824933B,,
BMT3825507B,,
BMT3825528B,,
BMT3825535B,,
BMT3825591B,,
BMT3825780B,,
BMT3826137B,,
BMT3827292B,,
BMT3832626B,,
BMT3832633B,,
BMT3837043B,,
BMT3844022B,,
BMT3844036B,,
BMT176742204,,
BMT177513B,,
BMT177597B,,
BMT177716B,,
BMT178906B,,
BMT1935507B,,
BMT1935570B,,
BMT1936130B,,
BMT1936214B,,
BMT1936249B,,
BMT1936277B,,
BMT1936368B,,
BMT1936732B,,
BMT1936942B,,
BMT1937264B,,
BMT1937285B,,
BMT1937586B,,
BMT1937621B,,
BMT1937775B,,
BMT1937880B,,
BMT1937985B,,
BMT1938356B,,
BMT1938447B,,
BMT1938699B,,
BMT1938748B,,
BMT1938881B,,
BMT1939070B,,
BMT1939091B,,
BMT1939098B,,
BMT1940001B,,
BMT1940036B,,
BMT1940197B,,
BMT1940484B,,
BMT1940575B,,
BMT1940855B,,
BMT1941191B,,
BMT1941464B,,
BMT1942010B,,
BMT1942066B,,
BMT1942087B,,
BMT1942108B,,
BMT1942164B,,
BMT1943291B,,
BMT1943340B,,
BMT1943494B,,
BMT1944663B,,
BMT198842B,,
BMT198856B,,
BMT198891B,,
BMT200088B,,
BMT200179B,,
BMT200410B,,
BMT201299B,,
BMT202776B,,
BMT202790B,,
BMT202895B,,
BMT213157B,,
BMT213185B,,
BMT213234B,,
BMT213353B,,
BMT213381B,,
BMT213458B,,
BMT213962B,,
BMT2501527B,,
BMT2501534B,,
BMT2501590B,,
BMT2670381B,,
BMT2705045B,,
BMT2768080B,,
BMT2792244B,,
BMT2792300B,,
BMT2825956B,,
BMT2832676B,,
BMT2992962B,,
BMT2992969B,,
BMT2993529B,,
BMT3002426B,,
BMT3035319B,,
BMT3139857B,,
BMT3156636B,,
BMT3160367B,,
BMT3160640B,,
BMT3160836B,,
BMT3161774B,,
BMT3163993B,,
BMT3164357B,,
BMT3174304B,,
BMT3174339B,,
BMT3177293B,,
BMT3177454B,,
BMT3182935B,,
BMT3182942B,,
BMT3183250B,,
BMT3183341B,,
BMT3183348B,,
BMT3202024B,,
BMT3221085B,,
BMT3221519B,,
BMT3221610B,,
BMT3221631B,,
BMT3224186B,,
BMT3224403B,,
BMT3224466B,,
BMT3230724B,,
BMT3231130B,,
BMT3265248B,,
BMT3265276B,,
BMT3267292B,,
BMT3267677B,,
BMT3267964B,,
BMT3267971B,,
BMT3271499B,,
BMT3271506B,,
BMT3271639B,,
BMT3271646B,,
BMT3271814B,,
BMT3271828B,,
BMT3273354B,,
BMT3273375B,,
BMT3273585B,,
BMT3274061B,,
BMT3274453B,,
BMT3274460B,,
BMT3274502B,,
BMT3274509B,,
BMT3274628B,,
BMT3274635B,,
BMT3274642B,,
BMT3274740B,,
BMT3276630B,,
BMT3280424B,,
BMT3285366B,,
BMT3285548B,,
BMT3286185B,,
BMT3286227B,,
BMT3286346B,,
BMT3286360B,,
BMT3286367B,,
BMT3288054B,,
BMT3288110B,,
BMT3288726B,,
BMT3288754B,,
BMT3288803B,,
BMT3288831B,,
BMT3288838B,,
BMT3290882B,,
BMT3291043B,,
BMT3291071B,,
BMT3291078B,,
BMT3291113B,,
BMT3291757B,,
BMT3291890B,,
BMT3291897B,,
BMT3292072B,,
BMT3292079B,,
BMT3292268B,,
BMT3539473B,,
BMT3598035B,,
BMT3601731B,,
BMT3604580B,,
BMT3735956B,,
BMT3735963B,,
BMT3736978B,,
BMT3773273B,,
BMT3773287B,,
BMT3793328B,,
BMT3793461B,,
BMT3796338B,,
BMT3796947B,,
BMT3797661B,,
BMT3798179B,,
BMT3798312B,,
BMT3798662B,,
BMT3799033B,,
BMT3799040B,,
BMT3802596B,,
BMT3802750B,,
BMT3803870B,,
BMT3804591B,,
BMT3804661B,,
BMT3805228B,,
BMT3807083B,,
BMT3823155B,,
BMT3823281B,,
BMT3823911B,,
BMT3824072B,,
BMT3824940B,,
BMT3825248B,,
BMT3825255B,,
BMT3825311B,,
BMT3825514B,,
BMT3825521B,,
BMT3825675B,,
BMT3826095B,,
BMT3827320B,,
BMT3828503B,,
BMT3852660B,,
BMT3852688B,,
BMT3853612B,,
BMT3853619B,,
BMT3853843B,,
BMT3857574B,,
BMT3858708B,,
BMT3858785B,,
BMT3861746B,,
BMT3862565B,,
BMT3862572B,,
BMT3862698B,,
BMT3862866B,,
BMT3862978B,,
BMT3863244B,,
BMT3863461B,,
BMT3869537B,,
BMT3917074B,,
BMT3926629B,,
BMT3933650B,,
BMT3933657B,,
BMT3933664B,,
BMT3947601B,,
BMT3947608B,,
BMT3947692B,,
BMT3947699B,,
BMT3947706B,,
BMT3947755B,,
BMT3971163B,,
BMT3973935B,,
BMT3974222B,,
BMT3974334B,,
BMT3974418B,,
BMT3979591B,,
BMT3985457B,,
BMT4007577B,,
BMT4019708B,,
BMT4060987B,,
BMT4088987C,,
BMT4089078C,,
BMT4089162E,,
BMT4089183E,,
BMT4091339B,,
BMT4127200B,,
BMT4138372B,,
BMT4138379B,,
BMT4138386B,,
BMT4138400B,,
BMT4194533B,,
BMT4204032B,,
BMT4275327B,,
BMT6979776B,,
BMT6979860B,,
BMT7062747B,,
BMT7361409B,,
BMT7361423B,,
BMT7361444B,,
BMT7527946B,,
BMT7713299B,,
BMT8032240B,,
BMT8510879B,,
BMT8672929B,,
BMT8700769B,,
BMT8700772B,,
BMT8700773B,,
BMT8700776B,,
BMT8733286B,,
BMT8810366B,,
BMT8845451B,,
BMT8845454B,,
BMT8845456B,,
BMT8892677B,,
BMT8954394B,,
BMT8979915B,,
BMT9005625B,,
BMT9005626B,,
BMT9014891B,,
BMT9077227B,,
BMT9092327B,,
BMT9172113B,,
BMT9218114B,,
BMT9242702B,,
BMT9242710B,,
BMT9242714B,,
BMT9242716B,,
BMT9242717B,,
BMT9277006B,,
BMT9304792B,,
BMT9328369B,,
BMT9331250B,,
BMT9347468B,,
BMT9385548B,,
BMT9390880B,,
BMT9397390B,,
BMT9449889B,,
BMT9449905B,,
BMT9449916B,,
BMT9472601B,,
BMT9472614B,,
BMT9472617B,,
BMT9472633B,,
BMT9472696B,,
BMT9472699B,,
BMT9472744B,,
BMT9480232B,,
BMT9484564B,,
BMT95606B,,
BMT95634B,,
BMT96026B,,
BMT96110B,,
BMT96215B,,
BMT96327B,,
BMT96369B,,
BMT96397B,,
BMT96607B,,
BMT96670B,,
BMT96845B,,
BMT96922B,,
BMT96957B,,
BMT97090B,,
BMT97125B,,
BMT97265B,,
BMT97272B,,
BMT97307B,,
BMT97314B,,
BMT97384B,,
BMT97419B,,
BMT97601B,,
BMT97811B,,
BMT97874B,,
BMT98056B,,
BMT98070B,,
BMT98140B,,
BMT98749B,,
BMT99127B,,
BMT99190B,,
BMT99211B,,
BMT99246B,,
BMT99260B,,
BMT99498B,,
BMT99505B,,
BMT99512B,,
BMT99974B,,
BMT99981B,,
BMT3852527B,,
BMT3853850B,,
BMT3853948B,,
BMT3858603B,,
BMT3861816B,,
BMT3862859B,,
BMT3869530B,,
BMT3890075B,,
BMT3926636B,,
BMT3926650B,,
BMT3947748B,,
BMT3973942B,,
BMT3974005B,,
BMT3974390B,,
BMT4019715B,,
BMT4019729B,,
BMT4019743B,,
BMT4089092C,,
BMT4089099C,,
BMT4089281B,,
BMT4117071B,,
BMT4195135B,,
BMT4228126B,,
BMT4229267B,,
BMT4275334B,,
BMT6844221B,,
BMT7361458B,,
BMT7613220B,,
BMT7613241B,,
BMT8111501B,,
BMT8452023B,,
BMT8510781B,,
BMT8510795B,,
BMT8510816B,,
BMT8510935B,,
BMT8532684B,,
BMT8700774B,,
BMT8700808B,,
BMT8747262B,,
BMT8747270B,,
BMT8773237B,,
BMT8845455B,,
BMT8845461B,,
BMT8845478B,,
BMT8845479B,,
BMT8954395B,,
BMT8954397B,,
BMT8979230B,,
BMT8979970B,,
BMT9054638B,,
BMT9077221B,,
BMT9091045B,,
BMT9092328B,,
BMT9099353B,,
BMT9126441B,,
BMT9150252B,,
BMT9156493B,,
BMT9171863B,,
BMT9242701B,,
BMT9242712B,,
BMT9347461B,,
BMT9347470B,,
BMT9347472B,,
BMT9350181B,,
BMT9387098B,,
BMT9390267B,,
BMT9404303B,,
BMT9422547B,,
BMT9449890B,,
BMT9449894B,,
BMT9449909B,,
BMT9449915B,,
BMT9449918B,,
BMT9468908B,,
BMT9472629B,,
BMT9472647B,,
BMT9472653B,,
BMT9472686B,,
BMT9484561B,,
BMT9492017B,,
BMT95578B,,
BMT95844B,,
BMT95935B,,
BMT96033B,,
BMT96040B,,
BMT96054B,,
BMT96068B,,
BMT96089B,,
BMT96243B,,
BMT96306B,,
BMT96334B,,
BMT96348B,,
BMT96411B,,
BMT96516B,,
BMT96614B,,
BMT96621B,,
BMT96677B,,
BMT96719B,,
BMT97160B,,
BMT97167B,,
BMT97237B,,
BMT97258B,,
BMT97286B,,
BMT97349B,,
BMT97517B,,
BMT97769B,,
BMT97783B,,
BMT97846B,,
BMT97860B,,
BMT97979B,,
BMT98168B,,
BMT98196B,,
BMT98238B,,
BMT98420B,,
BMT98462B,,
BMT98581B,,
BMT98637B,,
BMT98756B,,
BMT98770B,,
BMT98959B,,
BMT99029B,,
BMT99050B,,
BMT99085B,,
BMT99134B,,
BMT99351B,,
BMT99575B,,
BMT99589B,,
BMT99778B,,
BMT99967B,,
BMT176742200,,
BMT176742205,,
BMT177478B,,
BMT177492B,,
BMT177562B,,
BMT177639B,,
BMT177646B,,
BMT177667B,,
BMT177688B,,
BMT177842B,,
BMT177961B,,
BMT177968B,,
BMT177982B,,
BMT178052B,,
BMT1935731B,,
BMT1935962B,,
BMT1935969B,,
BMT1935990B,,
BMT1936074B,,
BMT1936151B,,
BMT1936382B,,
BMT1936648B,,
BMT1936711B,,
BMT1937166B,,
BMT1937355B,,
BMT1937376B,,
BMT1937467B,,
BMT1937635B,,
BMT1938132B,,
BMT1938223B,,
BMT1938384B,,
BMT1938454B,,
BMT1938867B,,
BMT1938951B,,
BMT1939077B,,
BMT1939553B,,
BMT1939945B,,
BMT1939959B,,
BMT1940302B,,
BMT1940519B,,
BMT1940876B,,
BMT1940883B,,
BMT1941429B,,
BMT1941499B,,
BMT1941625B,,
BMT1942080B,,
BMT1943095B,,
BMT1943242B,,
BMT1943368B,,
BMT1943417B,,
BMT198849B,,
BMT198905B,,
BMT199948B,,
BMT200060B,,
BMT200067B,,
BMT200081B,,
BMT200116B,,
BMT200186B,,
BMT200893B,,
BMT201278B,,
BMT202860B,,
BMT213150B,,
BMT213171B,,
BMT213178B,,
BMT213206B,,
BMT213297B,,
BMT213374B,,
BMT2501576B,,
BMT2501597B,,
BMT2577750B,,
BMT2577757B,,
BMT2597602B,,
BMT2597707B,,
BMT2615949B,,
BMT2670332B,,
BMT2792139B,,
BMT2792174B,,
BMT2792223B,,
BMT2796521B,,
BMT2798838B,,
BMT2802660B,,
BMT2820685B,,
BMT2832683B,,
BMT2855279B,,
BMT3005947B,,
BMT3017917B,,
BMT3061730B,,
BMT3079447B,,
BMT3079979B,,
BMT3139794B,,
BMT3156027B,,
BMT3156139B,,
BMT3156524B,,
BMT3156657B,,
BMT3157483B,,
BMT3157567B,,
BMT3157700B,,
BMT3157791B,,
BMT3158820B,,
BMT3160360B,,
BMT3160535B,,
BMT3160542B,,
BMT3161438B,,
BMT3162187B,,
BMT3162593B,,
BMT3162852B,,
BMT3162992B,,
BMT3163335B,,
BMT3163342B,,
BMT3163874B,,
BMT3163979B,,
BMT3164238B,,
BMT3164308B,,
BMT3174276B,,
BMT3174367B,,
BMT3174409B,,
BMT3174416B,,
BMT3174458B,,
BMT3176334B,,
BMT3182928B,,
BMT3183040B,,
BMT3183320B,,
BMT3183425B,,
BMT3183432B,,
BMT3221057B,,
BMT3221092B,,
BMT3221589B,,
BMT3221617B,,
BMT3221743B,,
BMT3224592B,,
BMT3230682B,,
BMT3251297B,,
BMT3265255B,,
BMT3265311B,,
BMT3267383B,,
BMT3267866B,,
BMT3268048B,,
BMT3271520B,,
BMT3271555B,,
BMT3271562B,,
BMT3271569B,,
BMT3271821B,,
BMT3274138B,,
BMT3274257B,,
BMT3274299B,,
BMT3274712B,,
BMT3274733B,,
BMT3280410B,,
BMT3280417B,,
BMT3285436B,,
BMT3285954B,,
BMT3286234B,,
BMT3286304B,,
BMT3286311B,,
BMT3286353B,,
BMT3286416B,,
BMT3288075B,,
BMT3288845B,,
BMT3288852B,,
BMT3288859B,,
BMT3288866B,,
BMT3288880B,,
BMT3290812B,,
BMT3291099B,,
BMT3291673B,,
BMT3291680B,,
BMT3292142B,,
BMT3292226B,,
BMT3546354B,,
BMT3588774B,,
BMT3588781B,,
BMT3601815B,,
BMT3736068B,,
BMT3779545B,,
BMT3793391B,,
BMT3793454B,,
BMT3796191B,,
BMT3796485B,,
BMT3796562B,,
BMT3796940B,,
BMT3798613B,,
BMT3803884B,,
BMT3804129B,,
BMT3804276B,,
BMT3804556B,,
BMT3806901B,,
BMT3807097B,,
BMT3807202B,,
BMT3824044B,,
BMT3824800B,,
BMT3824905B,,
BMT3824912B,,
BMT3824926B,,
BMT3825668B,,
BMT3825892B,,
BMT3826060B,,
BMT3826284B,,
BMT3826606B,,
BMT3827313B,,
BMT3827341B,,
BMT3844029B,,
BMT3844050B,,
BMT3852695B,,
BMT3853857B,,
BMT3858638B,,
BMT3858666B,,
BMT3858673B,,
BMT3858764B,,
BMT3858778B,,
BMT3861809B,,
BMT3862040B,,
BMT3862047B,,
BMT3863300B,,
BMT3863321B,,
BMT3890061B,,
BMT3917081B,,
BMT3947020B,,
BMT3947741B,,
BMT3947762B,,
BMT3947769B,,
BMT3973837B,,
BMT177681B,,
BMT177793B,,
BMT177940B,,
BMT177989B,,
BMT1935556B,,
BMT1935563B,,
BMT1935598B,,
BMT1936137B,,
BMT1936403B,,
BMT1936410B,,
BMT1936452B,,
BMT1936515B,,
BMT1936879B,,
BMT1936921B,,
BMT1937033B,,
BMT1937173B,,
BMT1937439B,,
BMT1937460B,,
BMT1937488B,,
BMT1937516B,,
BMT1937789B,,
BMT1937894B,,
BMT1938125B,,
BMT1938153B,,
BMT1938412B,,
BMT1938643B,,
BMT1938727B,,
BMT1938832B,,
BMT1938895B,,
BMT1939539B,,
BMT1939602B,,
BMT1939630B,,
BMT1939840B,,
BMT1939917B,,
BMT1939924B,,
BMT1940078B,,
BMT1940344B,,
BMT1940757B,,
BMT1940897B,,
BMT1941037B,,
BMT1941072B,,
BMT1941114B,,
BMT1941338B,,
BMT1941534B,,
BMT1941982B,,
BMT1942017B,,
BMT1943389B,,
BMT1943410B,,
BMT1944656B,,
BMT1944677B,,
BMT198814B,,
BMT198828B,,
BMT198835B,,
BMT201285B,,
BMT213164B,,
BMT213192B,,
BMT213451B,,
BMT219191B,,
BMT240688B,,
BMT2501660B,,
BMT2501667B,,
BMT2501681B,,
BMT2588089B,,
BMT2588096B,,
BMT2630894B,,
BMT2792230B,,
BMT2792482B,,
BMT2825949B,,
BMT2832606B,,
BMT2854873B,,
BMT2896502B,,
BMT2920043B,,
BMT2961042B,,
BMT2983414B,,
BMT3061723B,,
BMT3061737B,,
BMT3061751B,,
BMT3070158B,,
BMT3076927B,,
BMT3087735B,,
BMT3087770B,,
BMT3139850B,,
BMT3140053B,,
BMT3156020B,,
BMT3156314B,,
BMT3156356B,,
BMT3156496B,,
BMT3156510B,,
BMT3157231B,,
BMT3157259B,,
BMT3157560B,,
BMT3157693B,,
BMT3157784B,,
BMT3160395B,,
BMT3160815B,,
BMT3161179B,,
BMT3161249B,,
BMT3161319B,,
BMT3163503B,,
BMT3163699B,,
BMT3163713B,,
BMT3164301B,,
BMT3165057B,,
BMT3165092B,,
BMT3174430B,,
BMT3174465B,,
BMT3177300B,,
BMT3177328B,,
BMT3177461B,,
BMT3183334B,,
BMT3202031B,,
BMT3221505B,,
BMT3221638B,,
BMT3224319B,,
BMT3224396B,,
BMT3230717B,,
BMT3230934B,,
BMT3265234B,,
BMT3271457B,,
BMT3271625B,,
BMT3271632B,,
BMT3271800B,,
BMT3273361B,,
BMT3273620B,,
BMT3273949B,,
BMT3274047B,,
BMT3274313B,,
BMT3274390B,,
BMT3274418B,,
BMT3274439B,,
BMT3274572B,,
BMT3274579B,,
BMT3274726B,,
BMT3276469B,,
BMT3276784B,,
BMT3280382B,,
BMT3285534B,,
BMT3285590B,,
BMT3286213B,,
BMT3286388B,,
BMT3286395B,,
BMT3288180B,,
BMT3288551B,,
BMT3288712B,,
BMT3288719B,,
BMT3288733B,,
BMT3288824B,,
BMT3290805B,,
BMT3290896B,,
BMT3546361B,,
BMT3588767B,,
BMT3736985B,,
BMT3793398B,,
BMT3796436B,,
BMT3796835B,,
BMT3796842B,,
BMT3798424B,,
BMT3802603B,,
BMT3802722B,,
BMT3804549B,,
BMT3804577B,,
BMT3804612B,,
BMT3804626B,,
BMT3805417B,,
BMT3807104B,,
BMT3807111B,,
BMT3807216B,,
BMT3807923B,,
BMT3808154B,,
BMT3822777B,,
BMT3823316B,,
BMT3824030B,,
BMT3824898B,,
BMT3824919B,,
BMT3825619B,,
BMT3832647B,,
BMT3832654B,,
BMT3836252B,,
BMT3837036B,,
BMT3837050B,,
BMT3853759B,,
BMT3853927B,,
BMT3857581B,,
BMT3858386B,,
BMT3858463B,,
BMT3862117B,,
BMT3863251B,,
BMT3863314B,,
BMT3863790B,,
BMT3863804B,,
BMT3863951B,,
BMT3864014B,,
BMT3864154B,,
BMT3926643B,,
BMT3926657B,,
BMT3947685B,,
BMT3947734B,,
BMT3974327B,,
BMT3985464B,,
BMT4019736B,,
BMT4089050C,,
BMT4089064C,,
BMT4089141E,,
BMT4089148E,,
BMT4089155E,,
BMT4089169B,,
BMT4089225E,,
BMT4155851B,,
BMT4210388B,,
BMT4210395B,,
BMT4228140B,,
BMT4228147B,,
BMT4249168B,,
BMT4249175B,,
BMT4252927B,,
BMT6979741B,,
BMT7062670B,,
BMT7213366B,,
BMT8032219B,,
BMT8032226B,,
BMT8085181B,,
BMT3974404B,,
BMT3974411B,,
BMT4019722B,,
BMT4089036C,,
BMT4089106C,,
BMT4089134E,,
BMT4089204E,,
BMT4089218B,,
BMT4091353B,,
BMT4132639B,,
BMT4138393B,,
BMT4228133B,,
BMT4229260B,,
BMT4249189B,,
BMT4252934B,,
BMT6854427B,,
BMT6979832B,,
BMT6979930B,,
BMT7062705B,,
BMT7071196B,,
BMT7361430B,,
BMT7613010B,,
BMT7790404B,,
BMT7991724C,,
BMT8032268B,,
BMT8510788B,,
BMT8510886B,,
BMT8510900B,,
BMT8734551B,,
BMT8810367B,,
BMT8820245B,,
BMT8845458B,,
BMT8845459B,,
BMT8845476B,,
BMT8851128B,,
BMT8892674B,,
BMT8896561B,,
BMT9091040B,,
BMT9172119B,,
BMT9218113B,,
BMT9242703B,,
BMT9242709B,,
BMT9242711B,,
BMT9288091B,,
BMT9316942B,,
BMT9364142B,,
BMT9404305B,,
BMT9418751B,,
BMT9449893B,,
BMT9449900B,,
BMT9449920B,,
BMT9472602B,,
BMT9472610B,,
BMT9472623B,,
BMT9472688B,,
BMT9472697B,,
BMT9472715B,,
BMT9472716B,,
BMT9472717B,,
BMT9472825B,,
BMT9480224B,,
BMT9480229B,,
BMT95648B,,
BMT95676B,,
BMT95732B,,
BMT95928B,,
BMT96047B,,
BMT96341B,,
BMT96390B,,
BMT96439B,,
BMT96537B,,
BMT96593B,,
BMT96768B,,
BMT96824B,,
BMT96873B,,
BMT97069B,,
BMT97202B,,
BMT97300B,,
BMT97335B,,
BMT97454B,,
BMT97650B,,
BMT97727B,,
BMT97776B,,
BMT97839B,,
BMT98063B,,
BMT98175B,,
BMT98259B,,
BMT98343B,,
BMT98455B,,
BMT98490B,,
BMT98518B,,
BMT98525B,,
BMT98728B,,
BMT98812B,,
BMT98966B,,
BMT99057B,,
BMT99064B,,
BMT99470B,,
BMT99582B,,
BMT99596B,,
BMT99617B,,
BMT99757B,,
BMT99792B,,
BMT99862B,,
BMT99883B,,
BMT8510550B,,
BMT8510732B,,
BMT8510746B,,
BMT8510809B,,
BMT8700805B,,
BMT8746401B,,
BMT8746404B,,
BMT8747263B,,
BMT8747376B,,
BMT8845460B,,
BMT8845472B,,
BMT8845475B,,
BMT8852844B,,
BMT9077218B,,
BMT9077224B,,
BMT9091044B,,
BMT9108272B,,
BMT9156491B,,
BMT9156497B,,
BMT9172120B,,
BMT9242705B,,
BMT9318534B,,
BMT9318536B,,
BMT9347474B,,
BMT9423584B,,
BMT9423591B,,
BMT9424712B,,
BMT9441081B,,
BMT9441083B,,
BMT9449891B,,
BMT9449892B,,
BMT9449896B,,
BMT9449897B,,
BMT9457430B,,
BMT9472599B,,
BMT9472606B,,
BMT9472609B,,
BMT9472621B,,
BMT9472624B,,
BMT9472627B,,
BMT9472687B,,
BMT9472695B,,
BMT9480226B,,
BMT95592B,,
BMT95613B,,
BMT95627B,,
BMT95753B,,
BMT95851B,,
BMT96005B,,
BMT96061B,,
BMT96103B,,
BMT96117B,,
BMT96264B,,
BMT96684B,,
BMT96705B,,
BMT96866B,,
BMT96929B,,
BMT97097B,,
BMT97139B,,
BMT97209B,,
BMT97230B,,
BMT97293B,,
BMT97440B,,
BMT97545B,,
BMT97587B,,
BMT97664B,,
BMT97755B,,
BMT97762B,,
BMT98091B,,
BMT98133B,,
BMT98161B,,
BMT98329B,,
BMT98371B,,
BMT98399B,,
BMT98938B,,
BMT98973B,,
BMT99001B,,
BMT99155B,,
BMT99281B,,
BMT99484B,,
BMT99533B,,
