BMT152676957,,
BMT1890960B,,
BMT1890960B,,
BMT152676959,,
BMT152676958,,
BMT1890995B,,
BMT1890995B,,
BMT152676960,,
BMT148564426,,
BMT102746359,,
BMT148564427,,
BMT102746359,,
BMT152416006,,
BMT2701567B,,
BMT2701567B,,
BMT2701574B,,
BMT2701574B,,
BMT2701581B,,
BMT2701581B,,
BMT2701588B,,
BMT2701588B,,
BMT2701609B,,
BMT2701609B,,
BMT3867270B,,
BMT3867270B,,
BMT3867277B,,
BMT3867277B,,
BMT3867284B,,
BMT3867284B,,
BMT3867291B,,
BMT152416005,,
BMT3867291B,,
BMT106739936,,
BMT106739943,,
BMT154520471,,
BMT154520472,,
BMT154520472,,
BMT6836748B,,
BMT161873817,,
BMT161873818,,
BMT164153933,,
BMT510217B,,
BMT510217B,,
BMT164153936,,
BMT169117414,,
BMT2710058B,,
BMT169990067,,
BMT169990068,,
BMT169990067,,
BMT527199C,,
BMT527199C,,
BMT527213C,,
BMT527213C,,
BMT527234C,,
BMT527227C,,
BMT2718325C,,
BMT527234C,,
BMT527227C,,
BMT2718325C,,
BMT527206C,,
BMT527206C,,
BMT9316498C,,
BMT9316498C,,
BMT169990068,,
BMT169990069,,
BMT9316500B,,
BMT9316500B,,
BMT9316501B,,
BMT9316501B,,
BMT9316503B,,
BMT9316503B,,
BMT9316505B,,
BMT9316505B,,
BMT9316508B,,
BMT9316508B,,
BMT9221874B,,
BMT9221874B,,
BMT9316511B,,
BMT9316511B,,
BMT9316513B,,
BMT9316513B,,
BMT9316514B,,
BMT9316514B,,
BMT9316516B,,
BMT9316516B,,
BMT9221875B,,
BMT9221875B,,
BMT169990070,,
BMT169991066,,
BMT169991067,,
BMT171173370,,
BMT171173371,,
BMT171173371,,
BMT171173372,,
BMT1401961B,,
BMT1408058B,,
BMT1401968B,,
BMT1401961B,,
BMT1401975B,,
BMT2712711B,,
BMT1401982B,,
BMT1401975B,,
BMT1401989B,,
BMT1401982B,,
BMT171491288,,
BMT1401989B,,
BMT1402003B,,
BMT171491288,,
BMT1402010B,,
BMT1402003B,,
BMT164658735,,
BMT164658736,,
BMT165599621,,
BMT2688890B,,
BMT2688890B,,
BMT165599622,,
BMT102745631,,
BMT7605229B,,
BMT7605229B,,
BMT171611528,,
BMT164033639,,
BMT2719039B,,
BMT2719039B,,
BMT2719046B,,
BMT2719046B,,
BMT164033638,,
BMT169240569,,
BMT169240571,,
BMT2539818B,,
BMT171006333,,
BMT171006333,,
BMT2539825B,,
BMT171598604,,
BMT9345512B,,
BMT9345512B,,
BMT171598605,,
BMT171598605,,
BMT171598606,,
BMT171598724,,
BMT9345524B,,
BMT9345524B,,
BMT9345520B,,
BMT9345520B,,
BMT9345522B,,
BMT9345522B,,
BMT9345529B,,
BMT171598605,,
BMT9345533B,,
BMT9345533B,,
BMT9345534B,,
BMT9345534B,,
BMT171598607,,
BMT171598607,,
BMT171598608,,
BMT9345529B,,
BMT9345542B,,
BMT9345542B,,
BMT9345541B,,
BMT171598607,,
BMT9345545B,,
BMT9345545B,,
BMT9345546B,,
BMT9345541B,,
BMT171598725,,
BMT171598725,,
BMT9345551B,,
BMT171598725,,
BMT9345553B,,
BMT9345553B,,
BMT171598727,,
BMT9345551B,,
BMT171598726,,
BMT171598726,,
BMT9345571B,,
BMT9345571B,,
BMT171598728,,
BMT171598728,,
BMT9345573B,,
BMT171598728,,
BMT171598731,,
BMT171598728,,
BMT171598732,,
BMT171598732,,
BMT9345638B,,
BMT171598732,,
BMT9345641B,,
BMT9345641B,,
BMT171598734,,
BMT171598726,,
BMT9345667B,,
BMT9345667B,,
BMT9345669B,,
BMT9345669B,,
BMT9345671B,,
BMT9345671B,,
BMT171598729,,
BMT9345573B,,
BMT171598730,,
BMT9345638B,,
BMT9345724B,,
BMT9345724B,,
BMT171598733,,
BMT117377101,,
BMT2708483B,,
BMT169117413,,
BMT2335362B,,
BMT171491294,,
BMT2335593B,,
BMT171010708,,
BMT102749068,,
BMT171173372,,
BMT2420230B,,
BMT1407547B,,
BMT1407561B,,
BMT1407561B,,
BMT1407554B,,
BMT171010706,,
BMT1407624B,,
BMT2690752B,,
BMT165599620,,
BMT169240566,,
BMT2689170B,,
BMT2689170B,,
BMT169240568,,
BMT169240567,,
BMT169240569,,
BMT169240569,,
BMT2688050B,,
BMT2688050B,,
BMT169240570,,
BMT164153924,,
BMT164153925,,
BMT164658728,,
BMT164658737,,
BMT102748900,,
BMT135269640,,
BMT6306603B,,
BMT157602018,,
BMT169120365,,
BMT169120366,,
BMT165591368,,
BMT9134120B,,
BMT9134120B,,
BMT2711871B,,
BMT169492856,,
BMT2715021B,,
BMT2715021B,,
BMT167536185,,
BMT171600555,,
BMT9319024B,,
BMT9319024B,,
BMT9319027B,,
BMT9319027B,,
BMT9319030B,,
BMT9319030B,,
BMT171600557,,
BMT1382221B,,
BMT102746576,,
BMT1382228B,,
BMT1382221B,,
BMT1382235B,,
BMT1382228B,,
BMT1407652B,,
BMT1407659B,,
BMT1407659B,,
BMT1407666B,,
BMT1407666B,,
BMT1407673B,,
BMT1407673B,,
BMT171010708,,
BMT171491292,,
BMT2574307B,,
BMT171491292,,
BMT2574342B,,
BMT1408037B,,
BMT171491292,,
BMT171491291,,
BMT1408037B,,
BMT171491290,,
BMT171491291,,
BMT1408058B,,
BMT171491290,,
BMT102746275,,
BMT2420475B,,
BMT171491287,,
BMT1402031B,,
BMT171491287,,
BMT2857674B,,
BMT171491286,,
BMT171491287,,
BMT1410382B,,
BMT171491286,,
BMT1410389B,,
BMT1410382B,,
BMT1410396B,,
BMT1410389B,,
BMT102746723,,
BMT1410396B,,
BMT1410410B,,
BMT165591373,,
BMT1410410B,,
BMT1410417B,,
BMT1410417B,,
BMT1410424B,,
BMT1410424B,,
BMT2688666B,,
BMT171173365,,
BMT2575889B,,
BMT171173365,,
BMT2576092B,,
BMT169256699,,
BMT2334837B,,
BMT1506163B,,
BMT2706124B,,
BMT169256701,,
BMT2334886B,,
BMT1506478B,,
BMT1506485B,,
BMT1506485B,,
BMT1506492B,,
BMT1506492B,,
BMT134723717,,
BMT136051736,,
BMT136051743,,
BMT136051743,,
BMT102748900,,
BMT1507066B,,
BMT150552912,,
BMT6836748B,,
BMT154520473,,
BMT165599623,,
BMT2690444B,,
BMT2690444B,,
BMT165599624,,
BMT164033636,,
BMT164033634,,
BMT171173366,,
BMT2420321B,,
BMT162490957,,
BMT2382045B,,
BMT150552911,,
BMT2710758B,,
BMT169117406,,
BMT2710688B,,
BMT169117406,,
BMT2710716B,,
BMT168560597,,
BMT168560598,,
BMT2335677B,,
BMT2711486B,,
BMT2335684B,,
BMT2705627B,,
BMT2335691B,,
BMT2335698B,,
BMT2335698B,,
BMT2335705B,,
BMT2335705B,,
BMT2335712B,,
BMT2335712B,,
BMT2335719B,,
BMT2335719B,,
BMT169492853,,
BMT169492853,,
BMT2335733B,,
BMT169492853,,
BMT2705305B,,
BMT169492853,,
BMT2705361B,,
BMT2335733B,,
BMT2705802B,,
BMT2335740B,,
BMT2705795B,,
BMT2335761B,,
BMT2696842B,,
BMT2335768B,,
BMT2697003B,,
BMT2335775B,,
BMT2697059B,,
BMT171440939,,
BMT165118207,,
BMT171440939,,
BMT171440940,,
BMT165641429,,
BMT165641430,,
BMT171440940,,
BMT102747479,,
BMT171440940,,
BMT102747486,,
BMT169240561,,
BMT169240562,,
BMT165599524,,
BMT2657348B,,
BMT2335817B,,
BMT2657460B,,
BMT165599526,,
BMT1892101B,,
BMT165599526,,
BMT165599528,,
BMT169240562,,
BMT2335845B,,
BMT169240562,,
BMT2690857B,,
BMT169240564,,
BMT169240565,,
BMT169240564,,
BMT2689163B,,
BMT2335845B,,
BMT169240563,,
BMT2335859B,,
BMT165641432,,
BMT2335866B,,
BMT1625149B,,
BMT165641433,,
BMT165641434,,
BMT165641433,,
BMT2715448B,,
BMT2335880B,,
BMT2335887B,,
BMT2335880B,,
BMT2715455B,,
BMT2335887B,,
BMT102747528,,
BMT102747528,,
BMT165641435,,
BMT152676956,,
BMT1890974B,,
BMT165641436,,
BMT1889448B,,
BMT165641436,,
BMT2715784B,,
BMT165641439,,
BMT165641440,,
BMT165641439,,
BMT2713362B,,
BMT102747570,,
BMT2335936B,,
BMT164658725,,
BMT164658726,,
BMT165403546,,
BMT2624798B,,
BMT2624798B,,
BMT165403549,,
BMT148564425,,
BMT135805735,,
BMT162298417,,
BMT162298418,,
BMT163208805,,
BMT163208806,,
BMT171491295,,
BMT2575602B,,
BMT164033636,,
BMT164033637,,
BMT164033637,,
BMT2719060B,,
BMT2719060B,,
BMT164033638,,
BMT165599622,,
BMT165431407,,
BMT166446696,,
BMT2684823B,,
BMT2684823B,,
BMT2684851B,,
BMT2684851B,,
BMT2684858B,,
BMT2684858B,,
BMT4132556B,,
BMT4132556B,,
BMT4132563B,,
BMT4132563B,,
BMT166446698,,
BMT166446700,,
BMT166446701,,
BMT166446701,,
BMT9208057B,,
BMT9208057B,,
BMT166446702,,
BMT167536592,,
BMT167536595,,
BMT167536595,,
BMT9244123B,,
BMT9244123B,,
BMT167536596,,
BMT3554006B,,
BMT9361631B,,
BMT9361631B,,
BMT3554027B,,
BMT1370454B,,
BMT102727228,,
BMT102727221,,
BMT1370454B,,
BMT165591369,,
BMT2335572B,,
BMT165591371,,
BMT2335628B,,
BMT102749026,,
BMT2578633B,,
BMT1416129B,,
BMT102746282,,
BMT165072516,,
BMT2706873B,,
BMT169119872,,
BMT2715154B,,
BMT1418005B,,
BMT102746429,,
BMT1418012B,,
BMT1418005B,,
BMT1418019B,,
BMT1418012B,,
BMT171143007,,
BMT2703604B,,
BMT109298366,,
BMT2331708B,,
BMT169256697,,
BMT2703786B,,
BMT169256698,,
BMT2334788B,,
BMT171143009,,
BMT2703527B,,
BMT171440938,,
BMT171440939,,
BMT1741188C,,
BMT1741230C,,
BMT1741230C,,
BMT1741237C,,
BMT1741237C,,
BMT1741370C,,
BMT1741370C,,
BMT1741384C,,
BMT1741384C,,
BMT1741398C,,
BMT1741398C,,
BMT1741412C,,
BMT1741412C,,
BMT1741426C,,
BMT1741426C,,
BMT1741440C,,
BMT1741440C,,
BMT3812054C,,
BMT159273847,,
BMT1741538C,,
BMT1741538C,,
BMT1741188C,,
BMT164658733,,
BMT164658735,,
BMT162490956,,
BMT2722217B,,
BMT5296369,,
BMT102748592,,
BMT1402017B,,
BMT1402010B,,
BMT1402024B,,
BMT1402017B,,
BMT1402031B,,
BMT1402024B,,
BMT1403067B,,
BMT2577317B,,
BMT171491293,,
BMT2716533B,,
BMT102747353,,
BMT2696331B,,
BMT169991067,,
BMT102727214,,
BMT169991067,,
BMT1574623B,,
BMT1574623B,,
BMT1407554B,,
BMT168012897,,
BMT2335775B,,
BMT169337430,,
BMT2720271B,,
BMT1625149B,,
BMT165641433,,
BMT1743155B,,
BMT4150511B,,
BMT169347625,,
BMT2382115B,,
BMT169347629,,
BMT102748256,,
BMT165599616,,
BMT165599615,,
BMT165599615,,
BMT165599614,,
BMT165599615,,
BMT2688631B,,
BMT2333983B,,
BMT2689037B,,
BMT165599612,,
BMT165599610,,
BMT165599612,,
BMT2689009B,,
BMT165599613,,
BMT165599618,,
BMT165599613,,
BMT2688218B,,
BMT2334004B,,
BMT165599619,,
BMT165599609,,
BMT165599608,,
BMT165599609,,
BMT2689142B,,
BMT102747794,,
BMT2690633B,,
BMT111817827,,
BMT111817834,,
BMT102747794,,
BMT165599620,,
BMT165599166,,
BMT165599165,,
BMT165599164,,
BMT2334081B,,
BMT165599164,,
BMT102747374,,
BMT2334081B,,
BMT164448701,,
BMT102747367,,
BMT2688022B,,
BMT2334095B,,
BMT102747360,,
BMT102747360,,
BMT2696541B,,
BMT102747360,,
BMT2696597B,,
BMT102747339,,
BMT102747325,,
BMT102747325,,
BMT102747318,,
BMT102747318,,
BMT102747311,,
BMT102747318,,
BMT102747332,,
BMT102747269,,
BMT104598944,,
BMT102747927,,
BMT2334144B,,
BMT2334144B,,
BMT2696534B,,
BMT102747934,,
BMT2334165B,,
BMT102747934,,
BMT2700258B,,
BMT102747948,,
BMT102747955,,
BMT2334165B,,
BMT2334172B,,
BMT2334172B,,
BMT2334179B,,
BMT2334179B,,
BMT102747941,,
BMT2334186B,,
BMT102747969,,
BMT169582154,,
BMT2334207B,,
BMT169337421,,
BMT169337422,,
BMT169337421,,
BMT2334438B,,
BMT169337421,,
BMT169337420,,
BMT2334207B,,
BMT2700804B,,
BMT2334214B,,
BMT2700930B,,
BMT2334221B,,
BMT2719893B,,
BMT2334228B,,
BMT2719837B,,
BMT169582158,,
BMT2334242B,,
BMT169582158,,
BMT162229078,,
BMT169582158,,
BMT2719851B,,
BMT2334242B,,
BMT2334319B,,
BMT169582159,,
BMT102748018,,
BMT169582159,,
BMT2719830B,,
BMT169342385,,
BMT1895335B,,
BMT169342386,,
BMT102748151,,
BMT169342386,,
BMT157109936,,
BMT2334319B,,
BMT2719788B,,
BMT164033633,,
BMT164033634,,
BMT164033634,,
BMT2334340B,,
BMT164033634,,
BMT164031456,,
BMT2334340B,,
BMT2719704B,,
BMT165403540,,
BMT2334361B,,
BMT165403540,,
BMT2719417B,,
BMT165403540,,
BMT165403539,,
BMT165403540,,
BMT2719438B,,
BMT2334354B,,
BMT2334431B,,
BMT2334361B,,
BMT165403541,,
BMT165403542,,
BMT2334382B,,
BMT165403542,,
BMT2719648B,,
BMT165403542,,
BMT2719662B,,
BMT165403548,,
BMT2716253B,,
BMT2334382B,,
BMT2719669B,,
BMT2334389B,,
BMT2719599B,,
BMT2334396B,,
BMT165403545,,
BMT2334403B,,
BMT2334410B,,
BMT2334410B,,
BMT102748102,,
BMT102748116,,
BMT2983093B,,
BMT2334424B,,
BMT102748123,,
BMT2334431B,,
BMT2714832B,,
BMT2334438B,,
BMT2697787B,,
BMT169337428,,
BMT169337430,,
BMT2334480B,,
BMT2720215B,,
BMT2334480B,,
BMT169336849,,
BMT2334494B,,
BMT2715035B,,
BMT2334494B,,
BMT2720278B,,
BMT2334501B,,
BMT169337431,,
BMT162490952,,
BMT2700195B,,
BMT2334515B,,
BMT162490953,,
BMT2334522B,,
BMT2699747B,,
BMT2334529B,,
BMT162490954,,
BMT2334529B,,
BMT2723631B,,
BMT2334536B,,
BMT2722462B,,
BMT155048218,,
BMT2334550B,,
BMT155048220,,
BMT2334557B,,
BMT2334550B,,
BMT2696219B,,
BMT2334557B,,
BMT155048221,,
BMT2334564B,,
BMT2334571B,,
BMT2334571B,,
BMT2697815B,,
BMT2334578B,,
BMT2334585B,,
BMT2334585B,,
BMT2699026B,,
BMT2334592B,,
BMT171143011,,
BMT171143011,,
BMT102747248,,
BMT171143011,,
BMT2334606B,,
BMT2334606B,,
BMT2334613B,,
BMT2334613B,,
BMT2334620B,,
BMT2334620B,,
BMT171143010,,
BMT2334627B,,
BMT2334634B,,
BMT2334634B,,
BMT2334641B,,
BMT2334641B,,
BMT2703520B,,
BMT2334648B,,
BMT2703534B,,
BMT2334655B,,
BMT2703541B,,
BMT2334662B,,
BMT2703590B,,
BMT164696863,,
BMT102747136,,
BMT102747136,,
BMT2334683B,,
BMT150341951,,
BMT150341952,,
BMT2334683B,,
BMT2704003B,,
BMT164696862,,
BMT102747129,,
BMT164696862,,
BMT102747010,,
BMT164696947,,
BMT2707265B,,
BMT102747003,,
BMT2334711B,,
BMT2334711B,,
BMT2708000B,,
BMT102746989,,
BMT102746926,,
BMT102746989,,
BMT2703877B,,
BMT153155436,,
BMT6242812B,,
BMT169256696,,
BMT2334739B,,
BMT2334739B,,
BMT169256697,,
BMT2334746B,,
BMT2703821B,,
BMT2334753B,,
BMT2334760B,,
BMT2334760B,,
BMT2703996B,,
BMT2334767B,,
BMT2334774B,,
BMT2334774B,,
BMT2704108B,,
BMT2334781B,,
BMT169256698,,
BMT2334788B,,
BMT2334795B,,
BMT2334795B,,
BMT2334802B,,
BMT2334802B,,
BMT2334809B,,
BMT2334809B,,
BMT2334816B,,
BMT2334816B,,
BMT2709561B,,
BMT2334823B,,
BMT2334830B,,
BMT2334830B,,
BMT169256699,,
BMT2334837B,,
BMT154520384,,
BMT2334844B,,
BMT2334851B,,
BMT2334851B,,
BMT2334858B,,
BMT2334858B,,
BMT2714776B,,
BMT2334865B,,
BMT2714783B,,
BMT2334872B,,
BMT2714888B,,
BMT2334879B,,
BMT169256701,,
BMT2334886B,,
BMT2334893B,,
BMT2334893B,,
BMT2334900B,,
BMT2334900B,,
BMT102747066,,
BMT102747066,,
BMT2334914B,,
BMT169119870,,
BMT2334921B,,
BMT2334914B,,
BMT169256702,,
BMT2334921B,,
BMT2334928B,,
BMT2334928B,,
BMT2715357B,,
BMT2335264B,,
BMT153155435,,
BMT2335264B,,
BMT6242812B,,
BMT153155435,,
BMT102746933,,
BMT153155435,,
BMT2707006B,,
BMT102748732,,
BMT2703982B,,
BMT2335285B,,
BMT2703940B,,
BMT153155433,,
BMT102746898,,
BMT153155433,,
BMT2706383B,,
BMT169492852,,
BMT2335691B,,
BMT2335306B,,
BMT2706369B,,
BMT2335313B,,
BMT153155432,,
BMT2335320B,,
BMT2706397B,,
BMT2335327B,,
BMT2706446B,,
BMT2335327B,,
BMT2706516B,,
BMT2335334B,,
BMT2706530B,,
BMT153155429,,
BMT2706544B,,
BMT153155429,,
BMT2706572B,,
BMT153155429,,
BMT2708413B,,
BMT2335348B,,
BMT153155430,,
BMT102746534,,
BMT169117413,,
BMT2335362B,,
BMT2708315B,,
BMT2335369B,,
BMT169117412,,
BMT169117412,,
BMT1507717B,,
BMT169117412,,
BMT102746520,,
BMT169117412,,
BMT166519300,,
BMT117377094,,
BMT117377101,,
BMT2335390B,,
BMT117377108,,
BMT2335390B,,
BMT2708504B,,
BMT117377108,,
BMT117377115,,
BMT117377108,,
BMT2335411B,,
BMT117377115,,
BMT2710324B,,
BMT2335411B,,
BMT117377122,,
BMT117377122,,
BMT2710492B,,
BMT117377129,,
BMT2335432B,,
BMT2335432B,,
BMT2335439B,,
BMT2335439B,,
BMT2710471B,,
BMT2335446B,,
BMT117377143,,
BMT117377143,,
BMT117377150,,
BMT2335460B,,
BMT102746618,,
BMT102746618,,
BMT102746625,,
BMT164906305,,
BMT2335481B,,
BMT165591362,,
BMT165591363,,
BMT2335481B,,
BMT2335488B,,
BMT2335488B,,
BMT164906306,,
BMT2335516B,,
BMT2335523B,,
BMT2335523B,,
BMT2335530B,,
BMT2335530B,,
BMT2708056B,,
BMT165591364,,
BMT2712620B,,
BMT165591364,,
BMT2712655B,,
BMT165591365,,
BMT1383985B,,
BMT165591365,,
BMT2335551B,,
BMT2335551B,,
BMT2711885B,,
BMT165591368,,
BMT165591369,,
BMT165591370,,
BMT165591371,,
BMT5296369,,
BMT2697920B,,
BMT2331484B,,
BMT109298387,,
BMT166446690,,
BMT2331498B,,
BMT2331498B,,
BMT2331505B,,
BMT2331505B,,
BMT2331512B,,
BMT2331512B,,
BMT2331519B,,
BMT2331519B,,
BMT2697836B,,
BMT2331526B,,
BMT2695407B,,
BMT166446692,,
BMT2331540B,,
BMT166446692,,
BMT2695351B,,
BMT166446692,,
BMT2695358B,,
BMT2331540B,,
BMT166446693,,
BMT166446695,,
BMT2331561B,,
BMT166446695,,
BMT2331568B,,
BMT166446695,,
BMT2687854B,,
BMT166446694,,
BMT2695967B,,
BMT2331568B,,
BMT2331575B,,
BMT2331575B,,
BMT2331582B,,
BMT2331582B,,
BMT2687763B,,
BMT2331589B,,
BMT2684970B,,
BMT109298387,,
BMT2331603B,,
BMT109298387,,
BMT2698354B,,
BMT2331603B,,
BMT2331610B,,
BMT2331610B,,
BMT102748585,,
BMT122399258,,
BMT122399265,,
BMT122399265,,
BMT2701210B,,
BMT122399265,,
BMT2701224B,,
BMT2331631B,,
BMT2331659B,,
BMT2331638B,,
BMT2331645B,,
BMT2331645B,,
BMT2331652B,,
BMT2331652B,,
BMT2701476B,,
BMT2331659B,,
BMT2331666B,,
BMT2331666B,,
BMT2711297B,,
BMT2331673B,,
BMT2711227B,,
BMT2331680B,,
BMT2331687B,,
BMT2331687B,,
BMT2701763B,,
BMT2331694B,,
BMT2698326B,,
BMT2331708B,,
BMT2331715B,,
BMT2331715B,,
BMT2331722B,,
BMT2331722B,,
BMT2698200B,,
BMT109298345,,
BMT2331743B,,
BMT109298345,,
BMT2698361B,,
BMT2331736B,,
BMT2331778B,,
BMT2331743B,,
BMT109298303,,
BMT109298289,,
BMT2698991B,,
BMT109298289,,
BMT2699439B,,
BMT2331757B,,
BMT2699425B,,
BMT2331771B,,
BMT109298317,,
BMT2331778B,,
BMT109298359,,
BMT102748606,,
BMT102748613,,
BMT169347636,,
BMT2710415B,,
BMT102748298,,
BMT2381954B,,
BMT102748284,,
BMT169347632,,
BMT2381947B,,
BMT102748277,,
BMT2381947B,,
BMT169347632,,
BMT165591370,,
BMT2711836B,,
BMT2335572B,,
BMT2335579B,,
BMT2335579B,,
BMT2711920B,,
BMT2335586B,,
BMT2716540B,,
BMT2335593B,,
BMT2335600B,,
BMT2335600B,,
BMT2335607B,,
BMT2335607B,,
BMT2574664B,,
BMT171491295,,
BMT2575728B,,
BMT2335628B,,
BMT102746709,,
BMT169117407,,
BMT169117408,,
BMT169117407,,
BMT2335642B,,
BMT2335642B,,
BMT169117406,,
BMT2420188B,,
BMT162126453,,
BMT2420188B,,
BMT162126454,,
BMT162126453,,
BMT102746149,,
BMT162126453,,
BMT2577569B,,
BMT162126452,,
BMT2420482B,,
BMT171173359,,
BMT2577562B,,
BMT171173360,,
BMT1403067B,,
BMT171173360,,
BMT171173362,,
BMT171173360,,
BMT2577506B,,
BMT171173360,,
BMT2577562B,,
BMT2420230B,,
BMT2577450B,,
BMT2420237B,,
BMT2578801B,,
BMT102749019,,
BMT2578598B,,
BMT102749117,,
BMT102749124,,
BMT102749068,,
BMT171006387,,
BMT171006387,,
BMT2420265B,,
BMT171006387,,
BMT171010710,,
BMT2420265B,,
BMT2420272B,,
BMT2420272B,,
BMT2420279B,,
BMT2420279B,,
BMT2577940B,,
BMT2420286B,,
BMT171010713,,
BMT171173361,,
BMT102746191,,
BMT171173361,,
BMT2577317B,,
BMT171173364,,
BMT102746219,,
BMT171173364,,
BMT2576106B,,
BMT102746268,,
BMT2578997B,,
BMT2420314B,,
BMT2575868B,,
BMT2420321B,,
BMT2420314B,,
BMT2420328B,,
BMT2420335B,,
BMT2420328B,,
BMT2575840B,,
BMT2420335B,,
BMT2575847B,,
BMT171173367,,
BMT2420349B,,
BMT171173367,,
BMT2575973B,,
BMT171173367,,
BMT2576463B,,
BMT2420349B,,
BMT2576470B,,
BMT102746261,,
BMT148564344,,
BMT171173369,,
BMT2576456B,,
BMT148564344,,
BMT148564345,,
BMT148564344,,
BMT102746303,,
BMT2420370B,,
BMT148564345,,
BMT2420370B,,
BMT2420377B,,
BMT2420377B,,
BMT148564346,,
BMT148564346,,
BMT148564347,,
BMT166446691,,
BMT2697136B,,
BMT1892101B,,
BMT2691921B,,
BMT162490955,,
BMT2382073B,,
BMT165599614,,
BMT2333983B,,
BMT162490959,,
BMT2788024,,
BMT162490959,,
BMT2712326B,,
BMT2576456B,,
BMT2576463B,,
BMT2576470B,,
BMT2576477B,,
BMT2576477B,,
BMT171173368,,
BMT2576575B,,
BMT148727709,,
BMT2576582B,,
BMT2576575B,,
BMT2576589B,,
BMT2576582B,,
BMT2576596B,,
BMT2576589B,,
BMT2576603B,,
BMT2576596B,,
BMT2576610B,,
BMT148727708,,
BMT2576610B,,
BMT2576603B,,
BMT2576631B,,
BMT2576638B,,
BMT2576638B,,
BMT148727711,,
BMT148727709,,
BMT2420440B,,
BMT148727709,,
BMT2420447B,,
BMT148727709,,
BMT2576631B,,
BMT2576673B,,
BMT2576680B,,
BMT2576680B,,
BMT2420454B,,
BMT2576701B,,
BMT2576708B,,
BMT2576708B,,
BMT148727710,,
BMT2576932B,,
BMT446832B,,
BMT2577121B,,
BMT2577114B,,
BMT2577128B,,
BMT2577121B,,
BMT2577149B,,
BMT2577156B,,
BMT2577156B,,
BMT148564351,,
BMT2577275B,,
BMT171173361,,
BMT171173363,,
BMT2577275B,,
BMT2577289B,,
BMT171173363,,
BMT2577296B,,
BMT2577289B,,
BMT2577296B,,
BMT3510186B,,
BMT2577310B,,
BMT2577303B,,
BMT2577450B,,
BMT2577457B,,
BMT2577457B,,
BMT2577464B,,
BMT2577464B,,
BMT2420237B,,
BMT2577506B,,
BMT102746184,,
BMT2577569B,,
BMT162126452,,
BMT4068828,,
BMT1407547B,,
BMT2577940B,,
BMT171010709,,
BMT171010709,,
BMT171010712,,
BMT171010709,,
BMT2577954B,,
BMT2577954B,,
BMT2420286B,,
BMT2578598B,,
BMT2578605B,,
BMT2578605B,,
BMT2578612B,,
BMT2578612B,,
BMT2578619B,,
BMT2578619B,,
BMT2578626B,,
BMT2578626B,,
BMT102749026,,
BMT2578633B,,
BMT3824843B,,
BMT2578640B,,
BMT2578647B,,
BMT2578647B,,
BMT2861475B,,
BMT2578654B,,
BMT102749033,,
BMT102749033,,
BMT102749040,,
BMT2382017B,,
BMT1800751B,,
BMT2335943B,,
BMT164658729,,
BMT164658729,,
BMT164658731,,
BMT164658729,,
BMT164658732,,
BMT166519302,,
BMT166519303,,
BMT153966839,,
BMT2327865B,,
BMT153155432,,
BMT2335320B,,
BMT168560598,,
BMT2335677B,,
BMT1392980B,,
BMT2577128B,,
BMT1393022B,,
BMT1392980B,,
BMT1393043B,,
BMT1393022B,,
BMT1393043B,,
BMT148564348,,
BMT148564348,,
BMT1393057B,,
BMT1393057B,,
BMT148564349,,
BMT1393064B,,
BMT1418019B,,
BMT1393071B,,
BMT1393064B,,
BMT1393078B,,
BMT1393071B,,
BMT148564349,,
BMT1393099B,,
BMT148564349,,
BMT1393106B,,
BMT102746422,,
BMT1393078B,,
BMT1393099B,,
BMT102746338,,
BMT1393106B,,
BMT148564350,,
BMT148564424,,
BMT148564425,,
BMT169256700,,
BMT2334865B,,
BMT1512918B,,
BMT1512925B,,
BMT1512925B,,
BMT1512932B,,
BMT1512932B,,
BMT150552905,,
BMT102747955,,
BMT102747962,,
BMT109298359,,
BMT102748599,,
BMT162490954,,
BMT2722469B,,
BMT169990066,,
BMT503189C,,
BMT169990066,,
BMT503203B,,
BMT169990066,,
BMT102746002,,
BMT169990067,,
BMT102745995,,
BMT169985706,,
BMT2718283B,,
BMT169985707,,
BMT2715742B,,
BMT169985707,,
BMT2715763B,,
BMT169985709,,
BMT169985710,,
BMT169985709,,
BMT102746051,,
BMT169985709,,
BMT2715833B,,
BMT2327844B,,
BMT2716232B,,
BMT153966838,,
BMT2327858B,,
BMT153966838,,
BMT2716197B,,
BMT2327858B,,
BMT2715889B,,
BMT2327865B,,
BMT2715896B,,
BMT2327872B,,
BMT2327879B,,
BMT2327872B,,
BMT2327886B,,
BMT2327872B,,
BMT2715910B,,
BMT2574307B,,
BMT2574321B,,
BMT2574321B,,
BMT2574335B,,
BMT2574335B,,
BMT171491293,,
BMT2574342B,,
BMT2574349B,,
BMT2574349B,,
BMT2574363B,,
BMT2574363B,,
BMT171491294,,
BMT2574664B,,
BMT171491295,,
BMT171600554,,
BMT3084033B,,
BMT3084033B,,
BMT3084054B,,
BMT3084054B,,
BMT3084411B,,
BMT3084411B,,
BMT3084432B,,
BMT3084432B,,
BMT6630955B,,
BMT6630955B,,
BMT6630962B,,
BMT6630962B,,
BMT171600555,,
BMT171600555,,
BMT6630976B,,
BMT6630976B,,
BMT171600556,,
BMT2334403B,,
BMT4092474B,,
BMT2716246B,,
BMT4092474B,,
BMT2331701B,,
BMT7655062B,,
BMT2698249B,,
BMT7655062B,,
BMT160022687,,
BMT160022688,,
BMT2334452B,,
BMT169337424,,
BMT169337424,,
BMT169337426,,
BMT169337424,,
BMT2720257B,,
BMT169337426,,
BMT169337428,,
BMT169337426,,
BMT102748424,,
BMT169337426,,
BMT9297683B,,
BMT9297683B,,
BMT2716365B,,
BMT102748277,,
BMT169347630,,
BMT169347630,,
BMT169347629,,
BMT9345546B,,
BMT171598609,,
BMT1383985B,,
BMT1383992B,,
BMT1383992B,,
BMT1383999B,,
BMT1383999B,,
BMT165591367,,
BMT165591363,,
BMT165591364,,
BMT164906306,,
BMT2335516B,,
BMT122399279,,
BMT2331673B,,
BMT122399272,,
BMT2701280B,,
BMT153155434,,
BMT2706978B,,
BMT109298380,,
BMT2331694B,,
BMT171173373,,
BMT102749012,,
BMT1411453B,,
BMT2706747B,,
BMT1411467B,,
BMT4074043B,,
BMT165072515,,
BMT1411467B,,
BMT1411495B,,
BMT165072515,,
BMT1411502B,,
BMT1411495B,,
BMT1411509B,,
BMT1411502B,,
BMT169117408,,
BMT102746541,,
BMT148727708,,
BMT2576883B,,
BMT165599165,,
BMT165599164,,
BMT171143012,,
BMT2334578B,,
BMT171143010,,
BMT2699145B,,
BMT165403547,,
BMT165403548,,
BMT1889448B,,
BMT1889462B,,
BMT1889462B,,
BMT1889469B,,
BMT1889469B,,
BMT165641437,,
BMT165641435,,
BMT165641436,,
BMT1890974B,,
BMT152676957,,
BMT152676957,,
BMT152676958,,
BMT2657334B,,
BMT165599525,,
BMT2657341B,,
BMT2657334B,,
BMT2657348B,,
BMT2657341B,,
BMT148564346,,
BMT2577114B,,
BMT148564347,,
BMT2577149B,,
BMT148564425,,
BMT148564426,,
BMT150552903,,
BMT2702155B,,
BMT150552904,,
BMT1512918B,,
BMT150552904,,
BMT2420419B,,
BMT2420419B,,
BMT2702190B,,
BMT150552906,,
BMT2710744B,,
BMT150552906,,
BMT150552908,,
BMT148727707,,
BMT2576883B,,
BMT2420440B,,
BMT2576673B,,
BMT2420454B,,
BMT2420468B,,
BMT2420454B,,
BMT2576701B,,
BMT2420475B,,
BMT1416129B,,
BMT2420482B,,
BMT2719557B,,
BMT2420489B,,
BMT2420496B,,
BMT2420496B,,
BMT2716470B,,
BMT171010710,,
BMT2539790B,,
BMT2539790B,,
BMT2539797B,,
BMT2539797B,,
BMT2539811B,,
BMT2539811B,,
BMT2539818B,,
BMT2539825B,,
BMT171010711,,
BMT2711367B,,
BMT2331631B,,
BMT2711374B,,
BMT2711367B,,
BMT2711381B,,
BMT2711374B,,
BMT2711486B,,
BMT168560599,,
BMT168560599,,
BMT2711500B,,
BMT168560599,,
BMT2844171B,,
BMT2711500B,,
BMT2711507B,,
BMT2711507B,,
BMT2711514B,,
BMT2711514B,,
BMT2711521B,,
BMT2711521B,,
BMT168560600,,
BMT102746821,,
BMT102746828,,
BMT2711836B,,
BMT2711843B,,
BMT2711843B,,
BMT2711850B,,
BMT2711850B,,
BMT165591372,,
BMT2711857B,,
BMT165591370,,
BMT2711864B,,
BMT2711857B,,
BMT2711871B,,
BMT2711864B,,
BMT2711885B,,
BMT165591368,,
BMT2711920B,,
BMT2688666B,,
BMT2712333B,,
BMT162490958,,
BMT2712368B,,
BMT1800751B,,
BMT2712382B,,
BMT2712389B,,
BMT2712389B,,
BMT2712396B,,
BMT2712396B,,
BMT2712403B,,
BMT2712403B,,
BMT2712410B,,
BMT2712410B,,
BMT162490957,,
BMT2712466B,,
BMT102748312,,
BMT2712473B,,
BMT2712466B,,
BMT2712529B,,
BMT171491298,,
BMT2712543B,,
BMT2712529B,,
BMT2712620B,,
BMT165591365,,
BMT2712627B,,
BMT2712634B,,
BMT2712634B,,
BMT2712641B,,
BMT1407624B,,
BMT1407631B,,
BMT1407631B,,
BMT171010707,,
BMT171010707,,
BMT1407652B,,
BMT153966837,,
BMT2327844B,,
BMT168012896,,
BMT2696821B,,
BMT162490953,,
BMT2699663B,,
BMT109298303,,
BMT109298289,,
BMT165599525,,
BMT2657411B,,
BMT102748340,,
BMT2382108B,,
BMT102748305,,
BMT2381961B,,
BMT2701476B,,
BMT122399293,,
BMT102748725,,
BMT152416006,,
BMT2701532B,,
BMT2331638B,,
BMT2701756B,,
BMT122399286,,
BMT2701763B,,
BMT2701756B,,
BMT2702155B,,
BMT150552904,,
BMT2702190B,,
BMT2702204B,,
BMT2702204B,,
BMT2702750B,,
BMT162298418,,
BMT162298419,,
BMT162298418,,
BMT2702239B,,
BMT2702239B,,
BMT2702246B,,
BMT2702246B,,
BMT2702260B,,
BMT2702260B,,
BMT2702309B,,
BMT2702309B,,
BMT2702351B,,
BMT2702351B,,
BMT1506478B,,
BMT2702750B,,
BMT150552906,,
BMT2703499B,,
BMT171143009,,
BMT2703506B,,
BMT2703499B,,
BMT2703513B,,
BMT2703506B,,
BMT2703520B,,
BMT2703513B,,
BMT2703527B,,
BMT2334648B,,
BMT2703534B,,
BMT2334655B,,
BMT2703541B,,
BMT171143008,,
BMT2703576B,,
BMT171143007,,
BMT2703583B,,
BMT2703576B,,
BMT2703590B,,
BMT2703583B,,
BMT2703604B,,
BMT2703667B,,
BMT2703667B,,
BMT2703674B,,
BMT2703674B,,
BMT2703723B,,
BMT2703723B,,
BMT102747150,,
BMT2703786B,,
BMT2334746B,,
BMT2703821B,,
BMT2703842B,,
BMT2703842B,,
BMT2334753B,,
BMT2703863B,,
BMT102746996,,
BMT2703870B,,
BMT2703863B,,
BMT2703877B,,
BMT2703870B,,
BMT2703933B,,
BMT102746989,,
BMT2703940B,,
BMT102748739,,
BMT2703968B,,
BMT2335285B,,
BMT2703975B,,
BMT2703968B,,
BMT2703982B,,
BMT2703975B,,
BMT2703996B,,
BMT2334767B,,
BMT2704003B,,
BMT164696862,,
BMT2704101B,,
BMT2334781B,,
BMT2704108B,,
BMT2704101B,,
BMT150552912,,
BMT150552913,,
BMT1507612B,,
BMT1382235B,,
BMT1507619B,,
BMT1507612B,,
BMT102746569,,
BMT1507619B,,
BMT169117409,,
BMT102746471,,
BMT169117409,,
BMT1507640B,,
BMT1507640B,,
BMT2710604B,,
BMT102748802,,
BMT102748809,,
BMT102746478,,
BMT169117409,,
BMT1507654B,,
BMT102746478,,
BMT169117410,,
BMT1507654B,,
BMT1507668B,,
BMT1411509B,,
BMT165072514,,
BMT1507668B,,
BMT165071964,,
BMT102746590,,
BMT169117411,,
BMT169117410,,
BMT169117411,,
BMT102746499,,
BMT1507703B,,
BMT169117411,,
BMT1507710B,,
BMT1507703B,,
BMT1507717B,,
BMT1507710B,,
BMT169582155,,
BMT2700867B,,
BMT169582156,,
BMT2719837B,,
BMT169582156,,
BMT2719893B,,
BMT165599610,,
BMT165599609,,
BMT1895335B,,
BMT2720684B,,
BMT2706362B,,
BMT2335313B,,
BMT2706369B,,
BMT2706362B,,
BMT2706383B,,
BMT2335306B,,
BMT2706397B,,
BMT2706411B,,
BMT2706411B,,
BMT2706418B,,
BMT2706418B,,
BMT2335327B,,
BMT2706516B,,
BMT2706523B,,
BMT2706523B,,
BMT2335334B,,
BMT2706530B,,
BMT153155429,,
BMT2706544B,,
BMT2335348B,,
BMT2706572B,,
BMT2706579B,,
BMT2706579B,,
BMT2706586B,,
BMT2706586B,,
BMT2706593B,,
BMT2706593B,,
BMT153155431,,
BMT2706747B,,
BMT2706754B,,
BMT2706754B,,
BMT165072516,,
BMT2706873B,,
BMT2706887B,,
BMT2706887B,,
BMT2335460B,,
BMT2706978B,,
BMT153155433,,
BMT2707006B,,
BMT153155434,,
BMT2707048B,,
BMT164906307,,
BMT2707055B,,
BMT2707048B,,
BMT2707062B,,
BMT2707055B,,
BMT2707090B,,
BMT1506163B,,
BMT169492856,,
BMT2707090B,,
BMT2707265B,,
BMT164696948,,
BMT2708000B,,
BMT2703933B,,
BMT2708056B,,
BMT2707062B,,
BMT2708315B,,
BMT2335369B,,
BMT106738858,,
BMT153155428,,
BMT2708413B,,
BMT106738858,,
BMT102747570,,
BMT2713362B,,
BMT165641440,,
BMT165641443,,
BMT164658727,,
BMT164658728,,
BMT164658727,,
BMT2335943B,,
BMT164658727,,
BMT2713187B,,
BMT2335936B,,
BMT165641442,,
BMT2335950B,,
BMT2713544B,,
BMT164658731,,
BMT164658733,,
BMT164658731,,
BMT2335964B,,
BMT2335964B,,
BMT164658734,,
BMT2697003B,,
BMT168012897,,
BMT2697059B,,
BMT168012898,,
BMT171440937,,
BMT171440938,,
BMT2697136B,,
BMT2697143B,,
BMT2697143B,,
BMT2697157B,,
BMT2697458B,,
BMT102747381,,
BMT2697465B,,
BMT2697458B,,
BMT165641430,,
BMT165641431,,
BMT2697787B,,
BMT169337423,,
BMT169337423,,
BMT2334452B,,
BMT2697815B,,
BMT2699019B,,
BMT2697836B,,
BMT166446691,,
BMT109298394,,
BMT2331484B,,
BMT109298394,,
BMT2697920B,,
BMT2698200B,,
BMT109298345,,
BMT2698235B,,
BMT109298366,,
BMT2698242B,,
BMT2698235B,,
BMT2698249B,,
BMT2698242B,,
BMT109298373,,
BMT2331701B,,
BMT2698326B,,
BMT109298373,,
BMT2698333B,,
BMT109298380,,
BMT2698347B,,
BMT2698333B,,
BMT2698347B,,
BMT2698354B,,
BMT2698361B,,
BMT2331736B,,
BMT2698991B,,
BMT2698998B,,
BMT2698998B,,
BMT109298261,,
BMT2699005B,,
BMT171143012,,
BMT2699012B,,
BMT2699005B,,
BMT2699019B,,
BMT2699012B,,
BMT2699026B,,
BMT2699033B,,
BMT2699033B,,
BMT2699040B,,
BMT2699040B,,
BMT2699075B,,
BMT2699075B,,
BMT2334592B,,
BMT2699145B,,
BMT2699152B,,
BMT2699152B,,
BMT2334627B,,
BMT2699425B,,
BMT2331771B,,
BMT2699439B,,
BMT2331757B,,
BMT2699663B,,
BMT2699677B,,
BMT2699677B,,
BMT2699705B,,
BMT2699705B,,
BMT2334522B,,
BMT2699747B,,
BMT2723659B,,
BMT2699789B,,
BMT2334515B,,
BMT2699803B,,
BMT2699789B,,
BMT2699866B,,
BMT2699803B,,
BMT2700034B,,
BMT2699866B,,
BMT2381954B,,
BMT102748305,,
BMT2381961B,,
BMT2381968B,,
BMT2381968B,,
BMT2712585B,,
BMT2381975B,,
BMT2381982B,,
BMT2381975B,,
BMT2712585B,,
BMT2381982B,,
BMT2381989B,,
BMT2381989B,,
BMT2712473B,,
BMT2382003B,,
BMT2382010B,,
BMT2382003B,,
BMT2712333B,,
BMT2382010B,,
BMT2712368B,,
BMT2382017B,,
BMT2382024B,,
BMT2382024B,,
BMT2382031B,,
BMT2382031B,,
BMT2382038B,,
BMT2382038B,,
BMT2712382B,,
BMT2382045B,,
BMT2382052B,,
BMT2382052B,,
BMT2382059B,,
BMT2382059B,,
BMT2712627B,,
BMT2382066B,,
BMT2722392B,,
BMT102748319,,
BMT102748326,,
BMT102748333,,
BMT2710485B,,
BMT102748256,,
BMT169347627,,
BMT169347626,,
BMT2722609B,,
BMT169347626,,
BMT169347627,,
BMT169347626,,
BMT2722812B,,
BMT2382101B,,
BMT102748340,,
BMT2382101B,,
BMT2710478B,,
BMT2382108B,,
BMT102748347,,
BMT2382115B,,
BMT2382122B,,
BMT2382122B,,
BMT2723400B,,
BMT2684921B,,
BMT166446696,,
BMT2684970B,,
BMT2684921B,,
BMT2685047B,,
BMT166446697,,
BMT2685103B,,
BMT2685047B,,
BMT2722364B,,
BMT2382073B,,
BMT2722378B,,
BMT2722364B,,
BMT2722385B,,
BMT2722378B,,
BMT2722392B,,
BMT2722385B,,
BMT2722441B,,
BMT162490955,,
BMT2722448B,,
BMT2722441B,,
BMT2722455B,,
BMT2722448B,,
BMT2722462B,,
BMT2722455B,,
BMT2722469B,,
BMT2722476B,,
BMT2722476B,,
BMT2722490B,,
BMT2722490B,,
BMT2722497B,,
BMT2722497B,,
BMT2334536B,,
BMT2722595B,,
BMT169347625,,
BMT2722609B,,
BMT2722595B,,
BMT2722812B,,
BMT169347628,,
BMT2723400B,,
BMT2723407B,,
BMT2723407B,,
BMT2723428B,,
BMT2723428B,,
BMT2723435B,,
BMT2723435B,,
BMT169347624,,
BMT169347624,,
BMT169347623,,
BMT169342387,,
BMT157109936,,
BMT2723631B,,
BMT2723617B,,
BMT2575602B,,
BMT171491297,,
BMT2575728B,,
BMT171491296,,
BMT2575812B,,
BMT171173366,,
BMT2575819B,,
BMT2575812B,,
BMT2575833B,,
BMT2575819B,,
BMT2575840B,,
BMT2575833B,,
BMT2575854B,,
BMT2420335B,,
BMT2575861B,,
BMT2575854B,,
BMT2575868B,,
BMT2575875B,,
BMT2575875B,,
BMT2575882B,,
BMT2575882B,,
BMT2575889B,,
BMT4363073,,
BMT2575931B,,
BMT2575931B,,
BMT102745813,,
BMT102745813,,
BMT102745820,,
BMT102745813,,
BMT3817493B,,
BMT2575945B,,
BMT102745806,,
BMT102745750,,
BMT3065889B,,
BMT2575959B,,
BMT3065889B,,
BMT2575973B,,
BMT2575861B,,
BMT2576092B,,
BMT171173364,,
BMT2576106B,,
BMT2576120B,,
BMT2576120B,,
BMT2576134B,,
BMT2576134B,,
BMT2576141B,,
BMT2576141B,,
BMT2577310B,,
BMT2716533B,,
BMT2335586B,,
BMT2716540B,,
BMT2716547B,,
BMT2716547B,,
BMT2712543B,,
BMT2718283B,,
BMT2715749B,,
BMT2719417B,,
BMT165403542,,
BMT2719438B,,
BMT2719445B,,
BMT2719445B,,
BMT2719452B,,
BMT2719452B,,
BMT165403543,,
BMT165403543,,
BMT2719473B,,
BMT2719473B,,
BMT2334354B,,
BMT2719550B,,
BMT2420489B,,
BMT2719557B,,
BMT2719550B,,
BMT2719599B,,
BMT165403546,,
BMT2719648B,,
BMT2334389B,,
BMT2719655B,,
BMT165403547,,
BMT2719662B,,
BMT2719655B,,
BMT2719669B,,
BMT2334396B,,
BMT2719704B,,
BMT164033635,,
BMT2719788B,,
BMT164030437,,
BMT2719816B,,
BMT162229078,,
BMT2719823B,,
BMT2719816B,,
BMT2719830B,,
BMT2719823B,,
BMT169582157,,
BMT2334228B,,
BMT2719851B,,
BMT169582157,,
BMT2720201B,,
BMT169336850,,
BMT2720208B,,
BMT2720201B,,
BMT2720215B,,
BMT2720208B,,
BMT2720257B,,
BMT169337427,,
BMT2720278B,,
BMT2720271B,,
BMT2720285B,,
BMT169337424,,
BMT2720684B,,
BMT169342386,,
BMT2712641B,,
BMT149994766,,
BMT149994766,,
BMT2722259B,,
BMT2712655B,,
BMT2712662B,,
BMT2712662B,,
BMT165591366,,
BMT2712711B,,
BMT1401968B,,
BMT2713124B,,
BMT164658727,,
BMT164658726,,
BMT2713145B,,
BMT2713145B,,
BMT2713159B,,
BMT2713159B,,
BMT2713124B,,
BMT2713187B,,
BMT2335950B,,
BMT2713544B,,
BMT164658730,,
BMT2714748B,,
BMT169256700,,
BMT2714755B,,
BMT2714748B,,
BMT2714762B,,
BMT2714755B,,
BMT2714769B,,
BMT2714762B,,
BMT2714776B,,
BMT2714769B,,
BMT2714783B,,
BMT2714790B,,
BMT2714790B,,
BMT2714797B,,
BMT2714797B,,
BMT2714811B,,
BMT2714811B,,
BMT2334872B,,
BMT2714832B,,
BMT165403544,,
BMT2714888B,,
BMT2334879B,,
BMT2715028B,,
BMT2334501B,,
BMT2715035B,,
BMT2715028B,,
BMT169119871,,
BMT169119872,,
BMT169119871,,
BMT6306603B,,
BMT2715357B,,
BMT169119871,,
BMT2715399B,,
BMT169337425,,
BMT2715406B,,
BMT2715399B,,
BMT2715406B,,
BMT2720285B,,
BMT2715455B,,
BMT2715448B,,
BMT165641431,,
BMT2335859B,,
BMT165641431,,
BMT2335866B,,
BMT165641431,,
BMT2715476B,,
BMT2715728B,,
BMT169985708,,
BMT2715742B,,
BMT2715728B,,
BMT2715749B,,
BMT169985707,,
BMT2715763B,,
BMT2715791B,,
BMT2715784B,,
BMT165641439,,
BMT2715791B,,
BMT169985709,,
BMT153966836,,
BMT2716316B,,
BMT2715833B,,
BMT102746058,,
BMT162126449,,
BMT162126448,,
BMT2715868B,,
BMT153966839,,
BMT2715875B,,
BMT2715868B,,
BMT2715882B,,
BMT2715875B,,
BMT2715889B,,
BMT2715882B,,
BMT2715896B,,
BMT2715903B,,
BMT2715903B,,
BMT2327872B,,
BMT2715910B,,
BMT153966841,,
BMT2716197B,,
BMT153966840,,
BMT2716232B,,
BMT153966838,,
BMT2716246B,,
BMT2716253B,,
BMT2716274B,,
BMT153966837,,
BMT2716302B,,
BMT2716274B,,
BMT2578801B,,
BMT171173373,,
BMT2578997B,,
BMT102746275,,
BMT2687763B,,
BMT2331589B,,
BMT2687826B,,
BMT2685103B,,
BMT2687854B,,
BMT2687826B,,
BMT2687903B,,
BMT166446695,,
BMT2687924B,,
BMT2687903B,,
BMT2687945B,,
BMT2687924B,,
BMT2688022B,,
BMT2688029B,,
BMT2688029B,,
BMT2688036B,,
BMT2688036B,,
BMT2334095B,,
BMT2688218B,,
BMT2334004B,,
BMT2688498B,,
BMT165599613,,
BMT2688505B,,
BMT2688498B,,
BMT2688624B,,
BMT165599617,,
BMT2688631B,,
BMT2688624B,,
BMT102747808,,
BMT165599621,,
BMT2689009B,,
BMT2689016B,,
BMT2689016B,,
BMT2688505B,,
BMT2689037B,,
BMT165599612,,
BMT2689135B,,
BMT165599611,,
BMT2689142B,,
BMT2689135B,,
BMT169240566,,
BMT169240567,,
BMT2689163B,,
BMT169240566,,
BMT2690633B,,
BMT165599623,,
BMT2690752B,,
BMT164448757,,
BMT2690857B,,
BMT169240564,,
BMT2691921B,,
BMT2691928B,,
BMT2691928B,,
BMT2691935B,,
BMT2691935B,,
BMT2691942B,,
BMT2691942B,,
BMT165599527,,
BMT159273850,,
BMT102745757,,
BMT102745764,,
BMT416984B,,
BMT416984B,,
BMT416998B,,
BMT416998B,,
BMT417005B,,
BMT417005B,,
BMT429752B,,
BMT150343222,,
BMT150343223,,
BMT450934D,,
BMT457528D,,
BMT463926B,,
BMT102745827,,
BMT3043937B,,
BMT102745799,,
BMT3043944B,,
BMT3043937B,,
BMT463947B,,
BMT102745827,,
BMT463954B,,
BMT503084B,,
BMT164153923,,
BMT164153926,,
BMT164153923,,
BMT488643B,,
BMT164153923,,
BMT488657B,,
BMT488657B,,
BMT488664B,,
BMT488664B,,
BMT164153927,,
BMT154520384,,
BMT2334844B,,
BMT163371906,,
BMT524756B,,
BMT163371906,,
BMT2894389B,,
BMT524756B,,
BMT163371907,,
BMT163371907,,
BMT163371909,,
BMT163371907,,
BMT526709B,,
BMT163371909,,
BMT524777B,,
BMT524777B,,
BMT163371911,,
BMT2705305B,,
BMT169492855,,
BMT2705361B,,
BMT2705368B,,
BMT2705368B,,
BMT2706026B,,
BMT2705606B,,
BMT153155437,,
BMT2705627B,,
BMT2705606B,,
BMT153155430,,
BMT2335684B,,
BMT2705795B,,
BMT169492854,,
BMT2705802B,,
BMT2335740B,,
BMT2706026B,,
BMT2706033B,,
BMT2706033B,,
BMT2706054B,,
BMT2706054B,,
BMT169492856,,
BMT2706068B,,
BMT169492857,,
BMT2706082B,,
BMT2706068B,,
BMT2706103B,,
BMT2706082B,,
BMT2706117B,,
BMT2706103B,,
BMT2706124B,,
BMT2706117B,,
BMT446818B,,
BMT2576932B,,
BMT102745792,,
BMT446818B,,
BMT446832B,,
BMT3043944B,,
BMT446839B,,
BMT102745792,,
BMT446846B,,
BMT446839B,,
BMT446853B,,
BMT446846B,,
BMT446860B,,
BMT446853B,,
BMT102745827,,
BMT463933B,,
BMT102745827,,
BMT463954B,,
BMT164153920,,
BMT492871B,,
BMT164153920,,
BMT492878B,,
BMT164153921,,
BMT164153924,,
BMT164153921,,
BMT489441B,,
BMT496490B,,
BMT496497B,,
BMT496497B,,
BMT164153933,,
BMT3299507B,,
BMT503105B,,
BMT503084B,,
BMT503091B,,
BMT503091B,,
BMT503098B,,
BMT503098B,,
BMT3299507B,,
BMT503105B,,
BMT503112B,,
BMT503112B,,
BMT503119B,,
BMT503119B,,
BMT503126B,,
BMT503126B,,
BMT503133B,,
BMT503133B,,
BMT503140B,,
BMT503140B,,
BMT503147B,,
BMT503147B,,
BMT503154B,,
BMT503154B,,
BMT102745841,,
BMT102745841,,
BMT503168B,,
BMT503168B,,
BMT102745848,,
BMT102745855,,
BMT169990066,,
BMT503203B,,
BMT503217B,,
BMT163371901,,
BMT515656B,,
BMT503217B,,
BMT502727B,,
BMT526709B,,
BMT526716B,,
BMT526716B,,
BMT526723B,,
BMT526723B,,
BMT163371910,,
BMT3812033B,,
BMT102745666,,
BMT3812054C,,
BMT3812061C,,
BMT3812061C,,
BMT159273848,,
BMT159273848,,
BMT3812075C,,
BMT3812075C,,
BMT3812082C,,
BMT2708483B,,
BMT2335390B,,
BMT2709554B,,
BMT2334823B,,
BMT2709561B,,
BMT2709554B,,
BMT166519300,,
BMT169117414,,
BMT2710317B,,
BMT2335446B,,
BMT2710324B,,
BMT2710317B,,
BMT2710415B,,
BMT169347634,,
BMT169347634,,
BMT102748284,,
BMT2710471B,,
BMT117377136,,
BMT2710478B,,
BMT2710485B,,
BMT2710492B,,
BMT117377129,,
BMT2710604B,,
BMT169117407,,
BMT2710688B,,
BMT102746450,,
BMT2710716B,,
BMT102746394,,
BMT2710723B,,
BMT150552907,,
BMT2710730B,,
BMT2710723B,,
BMT2710744B,,
BMT2710730B,,
BMT2710758B,,
BMT1507066B,,
BMT2711003B,,
BMT150552909,,
BMT150552908,,
BMT2711003B,,
BMT2711227B,,
BMT2711234B,,
BMT2711234B,,
BMT2711241B,,
BMT2711241B,,
BMT2711248B,,
BMT2711248B,,
BMT2711255B,,
BMT2711255B,,
BMT2711262B,,
BMT2711262B,,
BMT2331680B,,
BMT2711297B,,
BMT122399279,,
BMT164153934,,
BMT497498B,,
BMT162490958,,
BMT2712326B,,
BMT504134B,,
BMT499745B,,
BMT164153927,,
BMT504134B,,
BMT164153927,,
BMT164153929,,
BMT515628B,,
BMT515635B,,
BMT515635B,,
BMT515642B,,
BMT515642B,,
BMT163371903,,
BMT515649B,,
BMT515628B,,
BMT515656B,,
BMT515677B,,
BMT163371903,,
BMT515684B,,
BMT515670B,,
BMT515649B,,
BMT515677B,,
BMT515698B,,
BMT515684B,,
BMT515705B,,
BMT163371902,,
BMT515670B,,
BMT515698B,,
BMT163371902,,
BMT515705B,,
BMT515719B,,
BMT515719B,,
BMT163371904,,
BMT163371904,,
BMT513738B,,
BMT163371904,,
BMT163371906,,
BMT521711B,,
BMT521718B,,
BMT521718B,,
BMT521725B,,
BMT521725B,,
BMT521732B,,
BMT521732B,,
BMT163371913,,
BMT169986974,,
BMT527213B,,
BMT527213B,,
BMT169986975,,
BMT169986975,,
BMT4039638,,
BMT169986975,,
BMT169985451,,
BMT3824843B,,
BMT2578640B,,
BMT3812082C,,
BMT159273849,,
BMT159273849,,
BMT159273850,,
BMT159273849,,
BMT3816527D,,
BMT3816527D,,
BMT3816534D,,
BMT3816534D,,
BMT3816541D,,
BMT3816541D,,
BMT3816548D,,
BMT3816548D,,
BMT3816555D,,
BMT3816555D,,
BMT3816562D,,
BMT3816562D,,
BMT450934D,,
BMT3817465B,,
BMT3817472B,,
BMT3817472B,,
BMT159273854,,
BMT159273854,,
BMT102745743,,
BMT159273854,,
BMT3817486B,,
BMT3817486B,,
BMT2575959B,,
BMT3817493B,,
BMT2575945B,,
BMT165599620,,
BMT165599621,,
BMT2716316B,,
BMT2716302B,,
BMT2716365B,,
BMT169337429,,
BMT162126450,,
BMT162126449,,
BMT2716456B,,
BMT162126450,,
BMT162126451,,
BMT2935164B,,
BMT2716470B,,
BMT162126451,,
BMT429752B,,
BMT429759B,,
BMT429759B,,
BMT429766B,,
BMT429766B,,
BMT429773B,,
BMT429773B,,
BMT102745771,,
BMT455239B,,
BMT446860B,,
BMT455246B,,
BMT455239B,,
BMT102745785,,
BMT455246B,,
BMT455260B,,
BMT102745785,,
BMT455267B,,
BMT455260B,,
BMT102745778,,
BMT455267B,,
BMT102745834,,
BMT463947B,,
BMT164153919,,
BMT164153920,,
BMT492535B,,
BMT489420B,,
BMT492535B,,
BMT164153920,,
BMT164153933,,
BMT164153935,,
BMT102745617,,
BMT102745624,,
BMT171611529,,
BMT102745659,,
BMT171611529,,
BMT3553957C,,
BMT171611528,,
BMT171611529,,
BMT171611528,,
BMT171611530,,
BMT3553950B,,
BMT3553992B,,
BMT3553957C,,
BMT3553950B,,
BMT3553992B,,
BMT3554006B,,
BMT3554027B,,
BMT3083018B,,
BMT3554076B,,
BMT1743155B,,
BMT3958256B,,
BMT2894403B,,
BMT2722217B,,
BMT2722224B,,
BMT2722224B,,
BMT2722238B,,
BMT2722238B,,
BMT2722245B,,
BMT2722245B,,
BMT2382066B,,
BMT2722252B,,
BMT162490956,,
BMT2722259B,,
BMT2722252B,,
BMT2844171B,,
BMT2844178B,,
BMT2844178B,,
BMT168560601,,
BMT2935164B,,
BMT2716456B,,
BMT2983093B,,
BMT2334424B,,
BMT492878B,,
BMT164153922,,
BMT499745B,,
BMT164153928,,
BMT164153928,,
BMT496420B,,
BMT164153928,,
BMT499766B,,
BMT499773B,,
BMT497498B,,
BMT164153931,,
BMT499766B,,
BMT164153931,,
BMT499787B,,
BMT499794B,,
BMT499773B,,
BMT499801B,,
BMT499787B,,
BMT499808B,,
BMT499801B,,
BMT164153932,,
BMT496476B,,
BMT164153932,,
BMT499794B,,
BMT164153932,,
BMT499808B,,
BMT150341953,,
BMT150341954,,
BMT150341952,,
BMT150341953,,
BMT150343223,,
BMT150343224,,
BMT150343225,,
BMT150343226,,
BMT150343224,,
BMT150343225,,
BMT4150511B,,
BMT3812033B,,
BMT2723659B,,
BMT2723617B,,
BMT2894389B,,
BMT2894396B,,
BMT2894396B,,
BMT3958256B,,
BMT2894403B,,
BMT163371908,,
BMT450836B,,
BMT159273852,,
BMT159273851,,
BMT450836B,,
BMT159273851,,
BMT457542D,,
BMT457528D,,
BMT457535D,,
BMT457535D,,
BMT159273851,,
BMT457542D,,
BMT159273853,,
BMT159273853,,
BMT457556D,,
BMT457556D,,
BMT3817465B,,
BMT3083011B,,
BMT3554076B,,
BMT3083018B,,
BMT3083011B,,
BMT171600553,,
BMT171600554,,
BMT512191B,,
BMT512198B,,
BMT512198B,,
BMT164153938,,
BMT3510186B,,
BMT2577303B,,
BMT2657411B,,
BMT2335817B,,
BMT2657460B,,
BMT2657481B,,
BMT2657481B,,
BMT2657516B,,
BMT2657516B,,
BMT165599526,,
BMT2695323B,,
BMT165599528,,
BMT2695330B,,
BMT2695323B,,
BMT2695351B,,
BMT2695386B,,
BMT2695358B,,
BMT2687945B,,
BMT2695379B,,
BMT166446692,,
BMT2695386B,,
BMT2695393B,,
BMT2695393B,,
BMT166446694,,
BMT2695400B,,
BMT2695379B,,
BMT2695407B,,
BMT2695400B,,
BMT2695435B,,
BMT2331526B,,
BMT2695435B,,
BMT2697157B,,
BMT2695960B,,
BMT166446699,,
BMT2695967B,,
BMT2695960B,,
BMT2696093B,,
BMT155048222,,
BMT155048221,,
BMT2696093B,,
BMT2696219B,,
BMT2334564B,,
BMT171143013,,
BMT155048218,,
BMT2696331B,,
BMT102747346,,
BMT2696534B,,
BMT2700664B,,
BMT2696541B,,
BMT102747353,,
BMT2696597B,,
BMT2697465B,,
BMT2696674B,,
BMT168012896,,
BMT2696702B,,
BMT2696674B,,
BMT2696716B,,
BMT2696702B,,
BMT168012895,,
BMT2696716B,,
BMT2696821B,,
BMT2335761B,,
BMT2696842B,,
BMT2696863B,,
BMT2696863B,,
BMT2335768B,,
BMT2857674B,,
BMT2857688B,,
BMT2857688B,,
BMT2857709B,,
BMT2857709B,,
BMT2857912B,,
BMT2857912B,,
BMT171491289,,
BMT2861475B,,
BMT2578654B,,
BMT165599529,,
BMT2695330B,,
BMT489420B,,
BMT164153921,,
BMT513738B,,
BMT513752B,,
BMT513752B,,
BMT513759B,,
BMT513759B,,
BMT163371905,,
BMT163371911,,
BMT519737B,,
BMT163371911,,
BMT521711B,,
BMT519737B,,
BMT519744B,,
BMT519744B,,
BMT519751B,,
BMT519751B,,
BMT163371912,,
BMT2700069B,,
BMT2700034B,,
BMT2700195B,,
BMT2700069B,,
BMT2700258B,,
BMT102747948,,
BMT171143008,,
BMT2334662B,,
BMT171143008,,
BMT2700440B,,
BMT2700440B,,
BMT102747213,,
BMT102747283,,
BMT2700454B,,
BMT2700454B,,
BMT102747290,,
BMT102747290,,
BMT2700468B,,
BMT102747290,,
BMT2700496B,,
BMT2700468B,,
BMT102747297,,
BMT2700496B,,
BMT2700510B,,
BMT2700510B,,
BMT2700524B,,
BMT2700524B,,
BMT2700545B,,
BMT2700545B,,
BMT2700559B,,
BMT2700559B,,
BMT102747304,,
BMT102747941,,
BMT2334186B,,
BMT102747969,,
BMT102747976,,
BMT2700664B,,
BMT102747934,,
BMT2700797B,,
BMT169582155,,
BMT2700804B,,
BMT2700797B,,
BMT2700867B,,
BMT2700916B,,
BMT2700916B,,
BMT2700923B,,
BMT2700923B,,
BMT2334214B,,
BMT2700930B,,
BMT2700944B,,
BMT2700944B,,
BMT2334221B,,
BMT2701203B,,
BMT122399272,,
BMT2701210B,,
BMT2701203B,,
BMT2701224B,,
BMT2711381B,,
BMT2701280B,,
BMT2701287B,,
BMT2701287B,,
BMT2701294B,,
BMT2701294B,,
BMT2701301B,,
BMT2701301B,,
BMT2701315B,,
BMT2701315B,,
BMT2701350B,,
BMT2701350B,,
BMT2701532B,,
BMT102745820,,
BMT477128B,,
BMT477128B,,
BMT477135B,,
BMT477135B,,
BMT477142B,,
BMT477142B,,
BMT477149B,,
BMT477149B,,
BMT463926B,,
BMT489434B,,
BMT488643B,,
BMT489434B,,
BMT164153921,,
BMT489441B,,
BMT489448B,,
BMT496420B,,
BMT496427B,,
BMT496427B,,
BMT164153930,,
BMT164153930,,
BMT496441B,,
BMT164153930,,
BMT512191B,,
BMT496441B,,
BMT496448B,,
BMT496448B,,
BMT164153937,,
BMT496476B,,
BMT496490B,,
BMT502727B,,
BMT169990067,,
BMT4074043B,,
BMT1411453B,,
BMT106739943,,
BMT106739950,,
