BMT1527420B,-44.349845062,-16.697242659
BMT8711926B,-44.349919484,-16.697423679
BMT8711926B,-44.349919484,-16.697423679
BMT148644783,-44.350050028,-16.697650072
BMT1531081B,-44.348882295,-16.699038457
BMT1531165B,-44.349012747,-16.699291968
BMT148644784,-44.348761254,-16.698775935
BMT148644786,-16.698955539,-44.348385472
BMT1531165B,-44.349012747,-16.699291968
BMT8716826B,-44.349294583,-16.699157265
BMT8716826B,-44.349294583,-16.699157265
BMT148644785,-16.699040581,-44.349557600
BMT148644784,-44.348761254,-16.698775935
BMT8716914B,-16.698641262,-44.349052469
BMT1527364B,-44.349343714,-16.698497549
BMT8716914B,-16.698641262,-44.349052469
BMT121197024,-44.359480847,-16.687808519
BMT1530703B,-44.359350539,-16.687509817
BMT1530703B,-44.359350539,-16.687509817
BMT1530682B,-44.359201444,-16.687220096
BMT1530682B,-44.359201444,-16.687220096
BMT162984422,-44.359071046,-16.686948512
BMT162984422,-44.359071046,-16.686948512
BMT3347077B,-44.358894087,-16.686577351
BMT3347077B,-44.358894087,-16.686577351
BMT6718207B,-44.358800934,-16.686387236
BMT6718207B,-44.358800934,-16.686387236
BMT6718214B,-16.686106584,-44.358661189
BMT160253977,-44.367847637,-16.707494829
BMT160253979,-16.708444008,-44.367863273
BMT172704244,-44.360387921,-16.697067614
BMT1536737B,-44.360670078,-16.696833463
BMT1536737B,-44.360670078,-16.696833463
BMT1536744B,-44.360923946,-16.696644421
BMT1536744B,-44.360923946,-16.696644421
BMT172704246,-16.696392306,-44.361243677
BMT167293345,-44.358193764,-16.699700306
BMT3747694B,-44.357941037,-16.699545853
BMT3747694B,-44.357941037,-16.699545853
BMT3747701B,-44.357707008,-16.699409536
BMT3747701B,-44.357707008,-16.699409536
BMT8771697B,-44.357426205,-16.699236917
BMT8771697B,-44.357426205,-16.699236917
BMT7829478B,-44.357145432,-16.699055258
BMT7829478B,-44.357145432,-16.699055258
BMT8771698B,-44.356966349,-16.699316842
BMT8771698B,-44.356966349,-16.699316842
BMT167293347,-44.356796736,-16.699551338
BMT167293354,-44.356899485,-16.702480401
BMT167293356,-16.702136618,-44.356806840
BMT167293349,-44.359088566,-16.701384396
BMT5598095B,-44.359510668,-16.701376664
BMT5598095B,-44.359510668,-16.701376664
BMT8775362B,-44.359745152,-16.701377390
BMT8775362B,-44.359745152,-16.701377390
BMT167293351,-16.701378435,-44.360082809
BMT155137065,-44.355683286,-16.695950218
BMT2514364B,-44.355822912,-16.696267029
BMT2514364B,-44.355822912,-16.696267029
BMT3346930B,-44.355953402,-16.696511498
BMT3346930B,-44.355953402,-16.696511498
BMT155137066,-44.356037268,-16.696674467
BMT155137066,-44.356037268,-16.696674467
BMT4899817B,-44.356497512,-16.696477033
BMT4899817B,-44.356497512,-16.696477033
BMT155137067,-16.696315435,-44.356854462
BMT155137066,-44.356037268,-16.696674467
BMT3346937B,-44.356149091,-16.696891759
BMT3346937B,-44.356149091,-16.696891759
BMT3346944B,-44.356298128,-16.697199560
BMT3346944B,-44.356298128,-16.697199560
BMT3346951B,-44.356419179,-16.697462077
BMT3346951B,-44.356419179,-16.697462077
BMT8777273B,-44.356437211,-16.697679077
BMT8777273B,-44.356437211,-16.697679077
BMT155137068,-44.356229749,-16.698012887
BMT155137068,-44.356229749,-16.698012887
BMT8777320B,-44.356003558,-16.698337600
BMT8777320B,-44.356003558,-16.698337600
BMT8777346B,-44.355786715,-16.698671380
BMT8777346B,-44.355786715,-16.698671380
BMT8777347B,-44.355560492,-16.699005131
BMT8777347B,-44.355560492,-16.699005131
BMT8777359B,-44.355334268,-16.699338881
BMT8777359B,-44.355334268,-16.699338881
BMT8777364B,-44.355126772,-16.699681729
BMT8777364B,-44.355126772,-16.699681729
BMT155137069,-44.354891197,-16.700006411
BMT155137069,-44.354891197,-16.700006411
BMT8777373B,-44.354674320,-16.700349229
BMT8777373B,-44.354674320,-16.700349229
BMT155137070,-16.700682978,-44.354448093
BMT3897851B,-44.357482107,-16.696543368
BMT164632334,-16.696904239,-44.357255799
BMT1536492B,-44.358415317,-16.695145166
BMT8843700B,-16.695325573,-44.358292786
BMT3897830B,-44.358179664,-16.695496970
BMT8843700B,-16.695325573,-44.358292786
BMT3897830B,-44.358179664,-16.695496970
BMT8843704B,-16.695668366,-44.358066541
BMT3897837B,-44.357943979,-16.695857812
BMT8843704B,-16.695668366,-44.358066541
BMT3897837B,-44.357943979,-16.695857812
BMT8843705B,-16.696038219,-44.357821447
BMT3897844B,-44.357698915,-16.696218625
BMT8843705B,-16.696038219,-44.357821447
BMT3897844B,-44.357698915,-16.696218625
BMT8843711B,-16.696380982,-44.357585821
BMT3897851B,-44.357482107,-16.696543368
BMT8843711B,-16.696380982,-44.357585821
BMT164632333,-44.358641591,-16.694793333
BMT1536492B,-44.358415317,-16.695145166
BMT160084999,-44.351019440,-16.727184556
BMT160085002,-16.726903663,-44.350804635
BMT8460472B,-44.379598040,-16.696637979
BMT153853222,-44.379699664,-16.697117370
BMT153853222,-44.379699664,-16.697117370
BMT170891795,-16.697614896,-44.379819990
BMT169999727,-44.379699664,-16.697117370
BMT8876668B,-44.380344905,-16.697715902
BMT8876668B,-44.380344905,-16.697715902
BMT8876671B,-44.381149189,-16.698441459
BMT8876671B,-44.381149189,-16.698441459
BMT8876673B,-44.381317521,-16.698595632
BMT8876673B,-44.381317521,-16.698595632
BMT8876681B,-44.382178670,-16.699140568
BMT8876681B,-44.382178670,-16.699140568
BMT8876686B,-44.383077515,-16.699631376
BMT8876686B,-44.383077515,-16.699631376
BMT8876687B,-44.383873250,-16.700103795
BMT8876687B,-44.383873250,-16.700103795
BMT8876688B,-44.384612944,-16.700503729
BMT8876688B,-44.384612944,-16.700503729
BMT8876693B,-44.385380924,-16.700858547
BMT8876693B,-44.385380924,-16.700858547
BMT8876696B,-44.385712902,-16.699702493
BMT8876696B,-44.385712902,-16.699702493
BMT169999728,-16.698591579,-44.386025972
BMT160252779,-44.357640336,-16.713736667
BMT160252781,-16.713016324,-44.358543228
BMT1528659B,-44.366713348,-16.687369763
BMT8978061B,-44.367051219,-16.687298482
BMT8978061B,-44.367051219,-16.687298482
BMT8978062B,-44.367389119,-16.687218160
BMT8978062B,-44.367389119,-16.687218160
BMT1537535B,-44.367755185,-16.687128885
BMT169999717,-44.367819588,-16.687508735
BMT8978063B,-44.368232518,-16.687428641
BMT8978063B,-44.368232518,-16.687428641
BMT8978064B,-44.368645447,-16.687348547
BMT8978064B,-44.368645447,-16.687348547
BMT169999719,-44.369030270,-16.687259326
BMT172574474,-44.399112250,-16.709929239
BMT9058469B,-44.399713690,-16.709569410
BMT9058469B,-44.399713690,-16.709569410
BMT9058470B,-44.400709899,-16.708948582
BMT9058470B,-44.400709899,-16.708948582
BMT9058472B,-44.401264350,-16.708615731
BMT9058472B,-44.401264350,-16.708615731
BMT9058473B,-44.401957835,-16.708816604
BMT9058473B,-44.401957835,-16.708816604
BMT9058474B,-44.402866917,-16.709063295
BMT9058474B,-44.402866917,-16.709063295
BMT9058476B,-44.403682287,-16.709282594
BMT9058476B,-44.403682287,-16.709282594
BMT9058477B,-44.404581882,-16.709565407
BMT9058477B,-44.404581882,-16.709565407
BMT9058478B,-44.405397116,-16.709829896
BMT9058478B,-44.405397116,-16.709829896
BMT9058479B,-44.406193705,-16.710058170
BMT9058479B,-44.406193705,-16.710058170
BMT9058480B,-44.406327483,-16.709263087
BMT9058480B,-44.406327483,-16.709263087
BMT9058481B,-44.406433147,-16.708458884
BMT9058481B,-44.406433147,-16.708458884
BMT9058483B,-44.406557543,-16.707663774
BMT9058483B,-44.406557543,-16.707663774
BMT9058485B,-44.406691875,-16.706687904
BMT9058485B,-44.406691875,-16.706687904
BMT9058486B,-44.406825899,-16.705811467
BMT9058486B,-44.406825899,-16.705811467
BMT9058490B,-44.406913190,-16.704880659
BMT9058490B,-44.406913190,-16.704880659
BMT9058491B,-44.407850400,-16.705127408
BMT1532894B,-44.352445156,-16.691067909
BMT9066737B,-44.352360259,-16.691212273
BMT9066737B,-44.352360259,-16.691212273
BMT171450934,-44.352284802,-16.691338587
BMT167293350,-44.359236888,-16.701909137
BMT167293353,-16.702307213,-44.359348114
BMT167293347,-44.356796736,-16.699551338
BMT8771700B,-44.356617622,-16.699821961
BMT8771700B,-44.356617622,-16.699821961
BMT8771701B,-44.356429189,-16.700074476
BMT8771701B,-44.356429189,-16.700074476
BMT9089809B,-44.356176463,-16.699920021
BMT9089809B,-44.356176463,-16.699920021
BMT5298327B,-44.355979982,-16.699774780
BMT5298327B,-44.355979982,-16.699774780
BMT9089826B,-44.355819747,-16.700009304
BMT9089826B,-44.355819747,-16.700009304
BMT167293348,-16.700243828,-44.355659511
BMT163588414,-44.354394619,-16.694264885
BMT5453832B,-44.354451925,-16.693957726
BMT5453832B,-44.354451925,-16.693957726
BMT5453839B,-44.354509504,-16.693569215
BMT5453839B,-44.354509504,-16.693569215
BMT5453846B,-44.354576432,-16.693189771
BMT5453846B,-44.354576432,-16.693189771
BMT8669793B,-44.354285290,-16.693306374
BMT8669793B,-44.354285290,-16.693306374
BMT9118657B,-44.354050512,-16.693396035
BMT9118657B,-44.354050512,-16.693396035
BMT9118662B,-44.353825113,-16.693485725
BMT9118662B,-44.353825113,-16.693485725
BMT163588415,-16.693620347,-44.353515151
BMT169999719,-44.369030270,-16.687259326
BMT9118969B,-44.369076245,-16.687539687
BMT9118969B,-44.369076245,-16.687539687
BMT9118971B,-44.369141006,-16.687811065
BMT9118971B,-44.369141006,-16.687811065
BMT9118978B,-44.369205619,-16.688127640
BMT9118978B,-44.369205619,-16.688127640
BMT5117293B,-44.369279641,-16.688435203
BMT5117293B,-44.369279641,-16.688435203
BMT9118986B,-44.369334994,-16.688715592
BMT9118986B,-44.369334994,-16.688715592
BMT7857289B,-44.369390377,-16.688986942
BMT7857289B,-44.369390377,-16.688986942
BMT7857310B,-44.369436530,-16.689213067
BMT7857310B,-44.369436530,-16.689213067
BMT162888960,-16.689457270,-44.369482624
BMT170891789,-44.369482624,-16.689457270
BMT170891790,-44.369960943,-16.689458726
BMT164632285,-44.359339587,-16.693611342
BMT9160629B,-44.359470350,-16.693774455
BMT9160629B,-44.359470350,-16.693774455
BMT1536933B,-44.359545051,-16.693874119
BMT167293355,-44.355885720,-16.702712269
BMT8628395B,-44.355566547,-16.702792629
BMT8628395B,-44.355566547,-16.702792629
BMT9082376B,-44.355630991,-16.703154403
BMT9082376B,-44.355630991,-16.703154403
BMT9082377B,-44.355695373,-16.703534256
BMT9082377B,-44.355695373,-16.703534256
BMT167293357,-16.703596507,-44.355366880
BMT162756154,-44.359895624,-16.684356770
BMT167749520,-44.359830275,-16.684266174
BMT167749520,-44.359830275,-16.684266174
BMT167749491,-44.359895774,-16.684311574
BMT171231771,-44.359895774,-16.684311574
BMT8247812B,-44.359801417,-16.684483030
BMT8247812B,-44.359801417,-16.684483030
BMT162398141,-44.359678955,-16.684645359
BMT167749491,-44.359895774,-16.684311574
BMT167749589,-16.684239404,-44.359942908
BMT169601353,-44.362882537,-16.714114463
BMT9305780B,-44.362808547,-16.713797858
BMT9305780B,-44.362808547,-16.713797858
BMT169601355,-16.713499390,-44.362753257
BMT169675772,-44.357497834,-16.731082671
BMT9307906B,-44.357601023,-16.731082992
BMT9307906B,-44.357601023,-16.731082992
BMT9307908B,-44.357642240,-16.729980324
BMT9307908B,-44.357642240,-16.729980324
BMT169675774,-16.728434968,-44.357759985
BMT170371745,-44.362562844,-16.688902754
BMT170371748,-16.688777186,-44.362882141
BMT170877111,-44.364785871,-16.683151517
BMT170877112,-16.683170286,-44.365010895
BMT172636422,-44.354257552,-16.684809309
BMT172636424,-16.684771074,-44.353591797
BMT171498561,-44.365179010,-16.680540347
BMT9359041B,-44.365188925,-16.680377669
BMT9359041B,-44.365188925,-16.680377669
BMT121196401,-44.365217597,-16.680215048
BMT172435350,-44.357741717,-16.694636874
BMT2840018B,-44.357788310,-16.694727412
BMT2840039B,-44.357166785,-16.695475747
BMT172435351,-16.695828773,-44.357325050
BMT2840018B,-44.357788310,-16.694727412
BMT9383410B,-44.357572411,-16.694780978
BMT9383410B,-44.357572411,-16.694780978
BMT2840025B,-44.357393937,-16.694861778
BMT2840025B,-44.357393937,-16.694861778
BMT9383411B,-44.357187296,-16.694951529
BMT9383411B,-44.357187296,-16.694951529
BMT2840032B,-44.356961867,-16.695050261
BMT2840032B,-44.356961867,-16.695050261
BMT9383412B,-44.357073659,-16.695276592
BMT9383412B,-44.357073659,-16.695276592
BMT2840039B,-44.357166785,-16.695475747
BMT9058491B,-44.407850400,-16.705127408
BMT172574475,-44.408365862,-16.705264474
BMT172574475,-44.408365862,-16.705264474
BMT172574476,-16.705374073,-44.408759473
BMT172574475,-44.408365862,-16.705264474
BMT9387297B,-44.408480060,-16.704731476
BMT9387297B,-44.408480060,-16.704731476
BMT9387298B,-44.409454650,-16.705023522
BMT9387298B,-44.409454650,-16.705023522
BMT9387300B,-44.410372938,-16.705324442
BMT9387300B,-44.410372938,-16.705324442
BMT9387301B,-44.411010200,-16.705507046
BMT9387301B,-44.411010200,-16.705507046
BMT9387302B,-44.411115149,-16.704928823
BMT9387302B,-44.411115149,-16.704928823
BMT172574477,-16.704967596,-44.412034242
BMT1530206B,-44.355441235,-16.687018597
BMT9388982B,-44.355320009,-16.686810315
BMT9388982B,-44.355320009,-16.686810315
BMT9388979B,-44.355189466,-16.686583924
BMT9388979B,-44.355189466,-16.686583924
BMT172636421,-44.355020469,-16.686637634
BMT135223869,-44.366101331,-16.693785833
BMT135223876,-44.366826521,-16.695722475
BMT160084992,-44.361043051,-16.703135035
BMT160084993,-16.703602611,-44.360244233
BMT2362261B,-44.358438153,-16.688302454
BMT121197059,-16.688447286,-44.358503321
BMT2514294B,-44.355040315,-16.694700787
BMT2514301B,-44.355226652,-16.695071980
BMT2514301B,-44.355226652,-16.695071980
BMT2514308B,-44.355357079,-16.695334527
BMT2515274B,-44.349648954,-16.688672758
BMT160356577,-44.349537235,-16.688428345
BMT2515435B,-44.352137544,-16.687722392
BMT160356573,-16.687459873,-44.352016505
BMT169999717,-44.367819588,-16.687508735
BMT2839906B,-44.367874939,-16.687789124
BMT121196989,-44.362486796,-16.686380541
BMT2614877,-16.686334940,-44.362355645
BMT121196989,-44.362486796,-16.686380541
BMT121196996,-16.686461143,-44.362242682
BMT121196989,-44.362486796,-16.686380541
BMT2782975B,-16.686462529,-44.362692857
BMT2785152B,-44.362674998,-16.686191294
BMT121196982,-44.362590231,-16.686299505
BMT2839850B,-44.359079667,-16.698428506
BMT2839864B,-44.358846091,-16.698156602
BMT2839864B,-44.358846091,-16.698156602
BMT3747512B,-44.358687490,-16.697903009
BMT2839899B,-44.367939758,-16.688042424
BMT169999718,-16.688413263,-44.368013569
BMT2839906B,-44.367874939,-16.687789124
BMT2839899B,-44.367939758,-16.688042424
BMT135223883,-44.367101345,-16.697711973
BMT135223897,-16.698697568,-44.367201272
BMT135223883,-44.367101345,-16.697711973
BMT135223904,-16.697405670,-44.367440008
BMT3259899B,-44.360369680,-16.710997174
BMT3259906B,-44.359323059,-16.709818820
BMT3259906B,-44.359323059,-16.709818820
BMT3259913B,-44.358715729,-16.709111870
BMT3259913B,-44.358715729,-16.709111870
BMT3259920B,-44.357239630,-16.707344618
BMT3259920B,-44.357239630,-16.707344618
BMT3259927B,-44.356258645,-16.706184533
BMT3259927B,-44.356258645,-16.706184533
BMT131818180,-44.355670126,-16.705468593
BMT121197759,-44.362312311,-16.707875565
BMT160084994,-44.362590672,-16.708789396
BMT160253976,-44.362312311,-16.707875565
BMT3304349B,-44.363850969,-16.707762792
BMT3304356B,-44.365126875,-16.707685359
BMT3304363B,-44.366187166,-16.707571100
BMT3304363B,-44.366187166,-16.707571100
BMT160253977,-44.367847637,-16.707494829
BMT160253977,-44.367847637,-16.707494829
BMT160253978,-44.369489407,-16.707400408
BMT160253978,-44.369489407,-16.707400408
BMT3304384B,-44.370671335,-16.707376890
BMT3304384B,-44.370671335,-16.707376890
BMT3304391B,-44.371786836,-16.707588187
BMT3304391B,-44.371786836,-16.707588187
BMT3304398B,-44.373033538,-16.707836033
BMT3304398B,-44.373033538,-16.707836033
BMT3304405B,-44.374055248,-16.708047033
BMT3304405B,-44.374055248,-16.708047033
BMT160253980,-16.707985461,-44.374618237
BMT163588413,-44.353416831,-16.694966900
BMT1533097B,-44.353285372,-16.695011686
BMT3347315B,-44.360122787,-16.695005824
BMT3747813B,-44.360271889,-16.695295544
BMT3747512B,-44.358687490,-16.697903009
BMT3747617B,-44.358517880,-16.698137506
BMT3747617B,-44.358517880,-16.698137506
BMT3747645B,-44.358357618,-16.698381071
BMT3747645B,-44.358357618,-16.698381071
BMT167293344,-44.358600935,-16.698544533
BMT3747813B,-44.360271889,-16.695295544
BMT3747820B,-44.360383686,-16.695521873
BMT3747820B,-44.360383686,-16.695521873
BMT156038554,-16.695369249,-44.360721844
BMT3891684B,-44.366397778,-16.677823230
BMT121196492,-16.677887767,-44.366810211
BMT4417132B,-44.362070102,-16.710197927
BMT121197773,-44.361606886,-16.711281217
BMT131818173,-44.361606886,-16.711281217
BMT3259899B,-44.360369680,-16.710997174
BMT121197773,-44.361606886,-16.711281217
BMT121197780,-44.361143965,-16.712274113
BMT121197780,-44.361143965,-16.712274113
BMT4417153B,-44.360559040,-16.713284710
BMT169601352,-44.361143965,-16.712274113
BMT4417293B,-44.361807805,-16.712917956
BMT4417153B,-44.360559040,-16.713284710
BMT160084995,-44.360030750,-16.714187008
BMT160084995,-44.360030750,-16.714187008
BMT121197794,-44.359539975,-16.715089420
BMT121197794,-44.359539975,-16.715089420
BMT4417174B,-44.358973853,-16.716081991
BMT160252778,-44.359539975,-16.715089420
BMT4417356B,-44.359052787,-16.714916163
BMT4417174B,-44.358973853,-16.716081991
BMT4417181B,-44.358482977,-16.717011518
BMT4417181B,-44.358482977,-16.717011518
BMT4417188B,-44.358095792,-16.717787698
BMT4417188B,-44.358095792,-16.717787698
BMT4417195B,-44.357210455,-16.718860625
BMT4417195B,-44.357210455,-16.718860625
BMT121197801,-44.356296148,-16.720177520
BMT121197801,-44.356296148,-16.720177520
BMT121197808,-44.356154382,-16.720493454
BMT121198046,-44.356296148,-16.720177520
BMT121198053,-44.354138229,-16.720306377
BMT121197808,-44.356154382,-16.720493454
BMT160084996,-44.355860893,-16.721297039
BMT121197927,-44.356154382,-16.720493454
BMT4417468B,-44.356480388,-16.721181458
BMT160084996,-44.355860893,-16.721297039
BMT160084997,-44.355482370,-16.722281144
BMT160084997,-44.355482370,-16.722281144
BMT4417230B,-44.354961679,-16.723698691
BMT4417230B,-44.354961679,-16.723698691
BMT160084998,-44.354601998,-16.724655734
BMT160084998,-44.354601998,-16.724655734
BMT4417244B,-44.354496654,-16.725297196
BMT160084998,-44.354601998,-16.724655734
BMT160085000,-16.724636396,-44.354198698
BMT4417244B,-44.354496654,-16.725297196
BMT4417251B,-44.353021290,-16.726069962
BMT4417251B,-44.353021290,-16.726069962
BMT4417258B,-44.352053261,-16.726609286
BMT4417258B,-44.352053261,-16.726609286
BMT160084999,-44.351019440,-16.727184556
BMT160084999,-44.351019440,-16.727184556
BMT160085001,-44.350080124,-16.727552215
BMT160085001,-44.350080124,-16.727552215
BMT121197850,-44.349141019,-16.727856594
BMT121197850,-44.349141019,-16.727856594
BMT160085003,-16.728143039,-44.348248876
BMT121197864,-44.349141019,-16.727856594
BMT4417804B,-44.349445981,-16.729213450
BMT4417293B,-44.361807805,-16.712917956
BMT169601353,-44.362882537,-16.714114463
BMT169601353,-44.362882537,-16.714114463
BMT4417307B,-44.363714510,-16.714975761
BMT4417307B,-44.363714510,-16.714975761
BMT4417314B,-44.364574092,-16.715999850
BMT4417314B,-44.364574092,-16.715999850
BMT4417321B,-44.365284228,-16.716833650
BMT4417321B,-44.365284228,-16.716833650
BMT4417328B,-44.365872728,-16.717576682
BMT4417328B,-44.365872728,-16.717576682
BMT4417335B,-44.366461142,-16.718346830
BMT4417335B,-44.366461142,-16.718346830
BMT169601354,-44.366666343,-16.718699993
BMT4417342B,-44.366927707,-16.719089485
BMT169601356,-16.718855757,-44.367350593
BMT4417356B,-44.359052787,-16.714916163
BMT160252779,-44.357640336,-16.713736667
BMT160252779,-44.357640336,-16.713736667
BMT4417370B,-44.357060322,-16.713273858
BMT4417370B,-44.357060322,-16.713273858
BMT160252780,-44.356237070,-16.712620465
BMT160252780,-44.356237070,-16.712620465
BMT4417384B,-44.354933658,-16.712498891
BMT160252780,-44.356237070,-16.712620465
BMT160252783,-16.712448749,-44.356247025
BMT4417384B,-44.354933658,-16.712498891
BMT4417391B,-44.353536541,-16.712349898
BMT4417391B,-44.353536541,-16.712349898
BMT4417398B,-44.352805275,-16.712239138
BMT4417398B,-44.352805275,-16.712239138
BMT4417405B,-44.352176976,-16.712191974
BMT4417405B,-44.352176976,-16.712191974
BMT160252782,-44.351607612,-16.711358572
BMT160252782,-44.351607612,-16.711358572
BMT160252784,-16.710879846,-44.351721787
BMT121198053,-44.354138229,-16.720306377
BMT4417440B,-44.353633703,-16.719708205
BMT121198053,-44.354138229,-16.720306377
BMT121198067,-16.720920193,-44.353864131
BMT4417440B,-44.353633703,-16.719708205
BMT4417447B,-44.352437638,-16.718339524
BMT4417447B,-44.352437638,-16.718339524
BMT121198060,-16.717623574,-44.351849098
BMT4417468B,-44.356480388,-16.721181458
BMT4417475B,-44.356600181,-16.721823622
BMT4417475B,-44.356600181,-16.721823622
BMT121197934,-44.357170929,-16.722259286
BMT121197934,-44.357170929,-16.722259286
BMT4417489B,-44.358228281,-16.723048993
BMT121197934,-44.357170929,-16.722259286
BMT121197948,-16.722593299,-44.357029102
BMT4417489B,-44.358228281,-16.723048993
BMT121197941,-44.359137276,-16.723322994
BMT121197941,-44.359137276,-16.723322994
BMT4417503B,-44.361206861,-16.724377963
BMT121197941,-44.359137276,-16.723322994
BMT121197962,-16.723413153,-44.359061931
BMT4417503B,-44.361206861,-16.724377963
BMT121197955,-44.362339136,-16.725213078
BMT121197955,-44.362339136,-16.725213078
BMT121197969,-44.363618721,-16.726889298
BMT121197955,-44.362339136,-16.725213078
BMT121197976,-16.725276121,-44.362263881
BMT121197969,-44.363618721,-16.726889298
BMT121197983,-44.364543360,-16.728112453
BMT121197969,-44.363618721,-16.726889298
BMT4417748B,-44.364267002,-16.726583957
BMT121197983,-44.364543360,-16.728112453
BMT4417531B,-44.367832761,-16.729098793
BMT121197983,-44.364543360,-16.728112453
BMT121198004,-16.728492389,-44.364635909
BMT4417531B,-44.367832761,-16.729098793
BMT4417538B,-44.368628933,-16.729462801
BMT4417538B,-44.368628933,-16.729462801
BMT4417545B,-44.370016007,-16.729855727
BMT4417545B,-44.370016007,-16.729855727
BMT4417552B,-44.371356332,-16.730203305
BMT4417552B,-44.371356332,-16.730203305
BMT4417559B,-44.372640318,-16.730568783
BMT4417559B,-44.372640318,-16.730568783
BMT121197997,-44.374326416,-16.731324162
BMT121197997,-44.374326416,-16.731324162
BMT4417573B,-44.374504299,-16.731433172
BMT4417573B,-44.374504299,-16.731433172
BMT4417580B,-44.376343741,-16.731194673
BMT4417580B,-44.376343741,-16.731194673
BMT4417587B,-44.377573219,-16.731017595
BMT4417587B,-44.377573219,-16.731017595
BMT4417594B,-44.378201999,-16.730938135
BMT4417594B,-44.378201999,-16.730938135
BMT4417601B,-44.379422357,-16.730679664
BMT4417601B,-44.379422357,-16.730679664
BMT4417608B,-44.380558021,-16.730502287
BMT4417608B,-44.380558021,-16.730502287
BMT4417615B,-44.381411355,-16.730604277
BMT4417615B,-44.381411355,-16.730604277
BMT4417622B,-44.382245871,-16.730724286
BMT4417622B,-44.382245871,-16.730724286
BMT4417629B,-44.382705473,-16.730743739
BMT4417629B,-44.382705473,-16.730743739
BMT4417636B,-44.384328446,-16.730721465
BMT4417636B,-44.384328446,-16.730721465
BMT4417643B,-44.385829641,-16.730644580
BMT4417643B,-44.385829641,-16.730644580
BMT4417650B,-44.386814860,-16.730575193
BMT4417650B,-44.386814860,-16.730575193
BMT4417657B,-44.388259567,-16.730561398
BMT4417657B,-44.388259567,-16.730561398
BMT4417664B,-44.389657485,-16.730511297
BMT4417664B,-44.389657485,-16.730511297
BMT4417671B,-44.390961393,-16.730524185
BMT4417671B,-44.390961393,-16.730524185
BMT4417678B,-44.392068304,-16.730536486
BMT4417678B,-44.392068304,-16.730536486
BMT4417685B,-44.393437707,-16.730603787
BMT4417685B,-44.393437707,-16.730603787
BMT4417692B,-44.394704122,-16.730607503
BMT4417692B,-44.394704122,-16.730607503
BMT4417699B,-44.396223820,-16.730611951
BMT4417699B,-44.396223820,-16.730611951
BMT4417706B,-44.397227458,-16.730651039
BMT4417706B,-44.397227458,-16.730651039
BMT121198011,-44.399281612,-16.730738378
BMT121198011,-44.399281612,-16.730738378
BMT121198018,-16.731308863,-44.399626921
BMT160102476,-44.399281612,-16.730738378
BMT4461456B,-44.399733733,-16.730152134
BMT4417748B,-44.364267002,-16.726583957
BMT121197990,-16.726052143,-44.364756560
BMT134955874,-44.350846111,-16.731278815
BMT4417832B,-44.351831707,-16.731101124
BMT134955902,-44.350846111,-16.731278815
BMT4678393B,-44.351115310,-16.732120315
BMT4417804B,-44.349445981,-16.729213450
BMT4417811B,-44.349630898,-16.730009490
BMT4417811B,-44.349630898,-16.730009490
BMT121197871,-44.349279149,-16.731382355
BMT169675770,-44.349279149,-16.731382355
BMT134955874,-44.350846111,-16.731278815
BMT121197871,-44.349279149,-16.731382355
BMT121197878,-16.732249438,-44.349060444
BMT4417832B,-44.351831707,-16.731101124
BMT4417839B,-44.352845169,-16.731004870
BMT4417839B,-44.352845169,-16.731004870
BMT4417846B,-44.354195912,-16.731036216
BMT4417846B,-44.354195912,-16.731036216
BMT4417853B,-44.355471580,-16.731076358
BMT4417853B,-44.355471580,-16.731076358
BMT169675771,-44.356963128,-16.731081007
BMT169675771,-44.356963128,-16.731081007
BMT169675772,-44.357497834,-16.731082671
BMT169675771,-44.356963128,-16.731081007
BMT169675773,-16.732567494,-44.358262100
BMT4418252B,-44.362636700,-16.709051678
BMT4417132B,-44.362070102,-16.710197927
BMT4461456B,-44.399733733,-16.730152134
BMT4461484B,-44.399363113,-16.728677639
BMT4461484B,-44.399363113,-16.728677639
BMT4461561B,-44.399058448,-16.727112942
BMT4461561B,-44.399058448,-16.727112942
BMT4461596B,-44.398882622,-16.726344084
BMT4461596B,-44.398882622,-16.726344084
BMT4461673B,-44.398585304,-16.725430242
BMT4461673B,-44.398585304,-16.725430242
BMT4461932B,-44.398109020,-16.724750902
BMT4461932B,-44.398109020,-16.724750902
BMT4461946B,-44.397707812,-16.724062741
BMT4461946B,-44.397707812,-16.724062741
BMT4461960B,-44.396773907,-16.722740268
BMT4461960B,-44.396773907,-16.722740268
BMT4461967B,-44.396120318,-16.721771146
BMT4461967B,-44.396120318,-16.721771146
BMT4461974B,-44.395448089,-16.720765810
BMT4461974B,-44.395448089,-16.720765810
BMT4461981B,-44.394654464,-16.719588369
BMT4461981B,-44.394654464,-16.719588369
BMT4461988B,-44.393963718,-16.718510659
BMT4461988B,-44.393963718,-16.718510659
BMT4461995B,-44.393254304,-16.717405774
BMT4461995B,-44.393254304,-16.717405774
BMT4462009B,-44.392050156,-16.715540126
BMT4462009B,-44.392050156,-16.715540126
BMT4462016B,-44.391237956,-16.714317420
BMT4462016B,-44.391237956,-16.714317420
BMT4462023B,-44.390304774,-16.712796056
BMT4462023B,-44.390304774,-16.712796056
BMT4462030B,-44.391630759,-16.711724276
BMT4462030B,-44.391630759,-16.711724276
BMT4462072B,-44.392731012,-16.710841652
BMT4462072B,-44.392731012,-16.710841652
BMT4462079B,-44.394132436,-16.709634487
BMT4462079B,-44.394132436,-16.709634487
BMT4462086B,-44.395072982,-16.708823696
BMT4462086B,-44.395072982,-16.708823696
BMT4462093B,-44.396211005,-16.707850769
BMT4462093B,-44.396211005,-16.707850769
BMT4462100B,-44.396894222,-16.708331850
BMT4462100B,-44.396894222,-16.708331850
BMT4462107B,-44.397923701,-16.709067040
BMT4462107B,-44.397923701,-16.709067040
BMT160102477,-44.398344830,-16.709375605
BMT160102477,-44.398344830,-16.709375605
BMT160102478,-44.399112250,-16.709929239
BMT160102478,-44.399112250,-16.709929239
BMT160102479,-16.710573699,-44.400029470
BMT169601354,-44.366666343,-16.718699993
BMT4417342B,-44.366927707,-16.719089485
BMT4678393B,-44.351115310,-16.732120315
BMT4678400B,-44.351663279,-16.733749110
BMT4678400B,-44.351663279,-16.733749110
BMT4678407B,-44.351951429,-16.734536433
BMT4678407B,-44.351951429,-16.734536433
BMT4678414B,-44.352268855,-16.734989394
BMT4678414B,-44.352268855,-16.734989394
BMT134955909,-16.736493665,-44.353464562
BMT169999719,-44.369030270,-16.687259326
BMT121196737,-16.687089552,-44.369677963
BMT131818180,-44.355670126,-16.705468593
BMT131818187,-44.355399211,-16.705142333
BMT160408316,-44.355670126,-16.705468593
BMT5183975B,-44.355942345,-16.705406166
BMT5183975B,-44.355942345,-16.705406166
BMT5183982B,-44.356308420,-16.705325952
BMT5183982B,-44.356308420,-16.705325952
BMT160408317,-44.356674465,-16.705254776
BMT160408317,-44.356674465,-16.705254776
BMT160408318,-44.357040540,-16.705174560
BMT160408318,-44.357040540,-16.705174560
BMT160408320,-44.357359686,-16.705103238
BMT167293344,-44.358600935,-16.698544533
BMT3747659B,-44.358844282,-16.698698956
BMT3747659B,-44.358844282,-16.698698956
BMT3747666B,-44.358608594,-16.699059799
BMT3747666B,-44.358608594,-16.699059799
BMT3747673B,-44.358401225,-16.699366494
BMT3747673B,-44.358401225,-16.699366494
BMT167293345,-44.358193764,-16.699700306
BMT167293345,-44.358193764,-16.699700306
BMT3747708B,-44.358483918,-16.699881992
BMT3747708B,-44.358483918,-16.699881992
BMT5594182B,-44.358689840,-16.700009182
BMT5594182B,-44.358689840,-16.700009182
BMT3747715B,-44.358895792,-16.700127331
BMT5117440B,-44.359354414,-16.700418011
BMT5117447B,-44.359579065,-16.700554297
BMT5117447B,-44.359579065,-16.700554297
BMT167293346,-44.359362226,-16.700888081
BMT3747715B,-44.358895792,-16.700127331
BMT5594322B,-44.359129762,-16.700281725
BMT5594322B,-44.359129762,-16.700281725
BMT5117440B,-44.359354414,-16.700418011
BMT2130806B,-44.361451540,-16.693111666
BMT121198333,-44.361563246,-16.693365112
BMT121198333,-44.361563246,-16.693365112
BMT121198340,-16.693654802,-44.361702971
BMT160084991,-44.360144112,-16.699869055
BMT6152131B,-44.360329531,-16.700520461
BMT6152131B,-44.360329531,-16.700520461
BMT6152145B,-44.360597922,-16.701606011
BMT6152145B,-44.360597922,-16.701606011
BMT160084992,-44.361043051,-16.703135035
BMT160084992,-44.361043051,-16.703135035
BMT6152208B,-44.361774988,-16.705858135
BMT6152208B,-44.361774988,-16.705858135
BMT6152215B,-44.362071292,-16.707016085
BMT6152215B,-44.362071292,-16.707016085
BMT121197759,-44.362312311,-16.707875565
BMT3304349B,-44.363850969,-16.707762792
BMT6152222B,-44.364451358,-16.707737520
BMT6152222B,-44.364451358,-16.707737520
BMT3304356B,-44.365126875,-16.707685359
BMT135223862,-44.364905952,-16.689389042
BMT6156513B,-44.365471346,-16.691424631
BMT6156513B,-44.365471346,-16.691424631
BMT6156541B,-44.365851169,-16.692854013
BMT6156541B,-44.365851169,-16.692854013
BMT135223869,-44.366101331,-16.693785833
BMT135223876,-44.366826521,-16.695722475
BMT6156611B,-44.366973341,-16.696708213
BMT6156611B,-44.366973341,-16.696708213
BMT135223883,-44.367101345,-16.697711973
BMT170891790,-44.369960943,-16.689458726
BMT170891791,-16.690534656,-44.370041827
BMT169999729,-44.369677963,-16.687089552
BMT6158893B,-44.370915417,-16.687256024
BMT6158893B,-44.370915417,-16.687256024
BMT2130841B,-44.372143524,-16.687413422
BMT2130841B,-44.372143524,-16.687413422
BMT6158900B,-44.373381454,-16.687435251
BMT6158900B,-44.373381454,-16.687435251
BMT6158907B,-44.374619267,-16.687493231
BMT6158907B,-44.374619267,-16.687493231
BMT2130848B,-44.375585099,-16.687550382
BMT2130848B,-44.375585099,-16.687550382
BMT6158914B,-44.377168843,-16.687943846
BMT6158914B,-44.377168843,-16.687943846
BMT6158921B,-44.378143238,-16.688254114
BMT6158921B,-44.378143238,-16.688254114
BMT6158928B,-44.379380154,-16.688592283
BMT6158928B,-44.379380154,-16.688592283
BMT6158935B,-44.380420324,-16.688866581
BMT6158935B,-44.380420324,-16.688866581
BMT169999730,-16.689113587,-44.381404312
BMT121196604,-44.367793136,-16.681289572
BMT6164395B,-44.368291022,-16.681037989
BMT6164395B,-44.368291022,-16.681037989
BMT121196611,-44.368911093,-16.680705423
BMT121196611,-44.368911093,-16.680705423
BMT6164479B,-44.368958073,-16.680678448
BMT6164479B,-44.368958073,-16.680678448
BMT121196618,-16.680561709,-44.369211675
BMT121196625,-44.368911093,-16.680705423
BMT121196632,-44.369204430,-16.679910852
BMT121196632,-44.369204430,-16.679910852
BMT121196639,-44.369526492,-16.678935581
BMT172636421,-44.355020469,-16.686637634
BMT6165753B,-44.354611115,-16.685651070
BMT6165753B,-44.354611115,-16.685651070
BMT172636422,-44.354257552,-16.684809309
BMT172636422,-44.354257552,-16.684809309
BMT6165767B,-44.353922748,-16.683967605
BMT6165767B,-44.353922748,-16.683967605
BMT172636423,-16.683279744,-44.353643701
BMT131818187,-44.355399211,-16.705142333
BMT6471233B,-44.355212379,-16.704915768
BMT6471233B,-44.355212379,-16.704915768
BMT6471240B,-44.355034927,-16.704689231
BMT6471240B,-44.355034927,-16.704689231
BMT6471268B,-44.354848065,-16.704471705
BMT6471268B,-44.354848065,-16.704471705
BMT6471275B,-44.354670613,-16.704245168
BMT6471275B,-44.354670613,-16.704245168
BMT6471289B,-44.354465085,-16.704000465
BMT6471289B,-44.354465085,-16.704000465
BMT6472094B,-44.354259617,-16.703737683
BMT6472094B,-44.354259617,-16.703737683
BMT6472108B,-44.354007405,-16.703429558
BMT6472108B,-44.354007405,-16.703429558
BMT6472122B,-44.353801909,-16.703175815
BMT6472122B,-44.353801909,-16.703175815
BMT6472157B,-44.353680463,-16.703030806
BMT6472157B,-44.353680463,-16.703030806
BMT6472528B,-44.353548816,-16.703129828
BMT6472528B,-44.353548816,-16.703129828
BMT6472619B,-44.353304494,-16.703264654
BMT6472619B,-44.353304494,-16.703264654
BMT6472612B,-44.353050823,-16.703390411
BMT6472612B,-44.353050823,-16.703390411
BMT131818194,-16.703788020,-44.353011966
BMT160084994,-44.362590672,-16.708789396
BMT4418252B,-44.362636700,-16.709051678
BMT135223911,-44.366101331,-16.693785833
BMT135223918,-44.367105509,-16.693599080
BMT135223918,-44.367105509,-16.693599080
BMT135223925,-44.367377292,-16.693663186
BMT135223925,-44.367377292,-16.693663186
BMT135223939,-16.693820206,-44.368474130
BMT135223918,-44.367105509,-16.693599080
BMT6860335B,-44.367012761,-16.693282419
BMT6860335B,-44.367012761,-16.693282419
BMT135223932,-16.692712171,-44.366761404
BMT135223876,-44.366826521,-16.695722475
BMT135223890,-16.695571417,-44.367680524
BMT170891790,-44.369960943,-16.689458726
BMT6875553B,-44.370533345,-16.689370074
BMT6875553B,-44.370533345,-16.689370074
BMT6875595B,-44.371077729,-16.689245178
BMT6875595B,-44.371077729,-16.689245178
BMT170891792,-44.371349744,-16.689236965
BMT170891792,-44.371349744,-16.689236965
BMT170891793,-44.372211058,-16.689709626
BMT170891793,-44.372211058,-16.689709626
BMT170891794,-16.690453121,-44.372958946
BMT1439192B,-44.368123995,-16.671925794
BMT137359128,-44.368442459,-16.672044276
BMT1439199B,-44.367871058,-16.671843668
BMT1439192B,-44.368123995,-16.671925794
BMT161635496,-44.361635081,-16.685853634
BMT161635494,-44.361260507,-16.685680731
BMT137359107,-44.366636034,-16.673819518
BMT1527147B,-44.366674141,-16.673638847
BMT137359107,-44.366636034,-16.673819518
BMT1527203B,-44.366569555,-16.674072417
BMT1527147B,-44.366674141,-16.673638847
BMT1527154B,-16.673422277,-44.366796769
BMT1527203B,-44.366569555,-16.674072417
BMT1527224B,-44.366512186,-16.674406699
BMT1527224B,-44.366512186,-16.674406699
BMT1527231B,-44.366435971,-16.674768040
BMT1527231B,-44.366435971,-16.674768040
BMT1528162B,-44.366369313,-16.675075175
BMT1527266B,-44.363424660,-16.686383426
BMT1527574B,-16.686645709,-44.363470685
BMT1527280B,-44.364109510,-16.686322256
BMT1527322B,-44.363772327,-16.686185629
BMT1527301B,-44.364411627,-16.685717546
BMT121196814,-44.364419781,-16.686088185
BMT121196814,-44.364419781,-16.686088185
BMT121196821,-44.364418497,-16.686476874
BMT1527322B,-44.363772327,-16.686185629
BMT121196947,-44.363472510,-16.686094314
BMT121196940,-44.364418497,-16.686476874
BMT1527280B,-44.364109510,-16.686322256
BMT121196821,-44.364418497,-16.686476874
BMT121196828,-44.364436268,-16.686775227
BMT121198445,-44.363472510,-16.686094314
BMT1527266B,-44.363424660,-16.686383426
BMT121196947,-44.363472510,-16.686094314
BMT1534469B,-44.363247962,-16.685930915
BMT1527364B,-44.349343714,-16.698497549
BMT1527385B,-16.698237121,-44.349888594
BMT1527378B,-44.350145653,-16.697108013
BMT1527420B,-44.349845062,-16.697242659
BMT1527413B,-44.350245615,-16.698057456
BMT1527385B,-16.698237121,-44.349888594
BMT148644783,-44.350050028,-16.697650072
BMT1527413B,-44.350245615,-16.698057456
BMT121196583,-44.366356217,-16.681899857
BMT1527455B,-16.681971339,-44.366084004
BMT121196667,-44.366356217,-16.681899857
BMT1527469B,-44.366357259,-16.681583482
BMT121196583,-44.366356217,-16.681899857
BMT1527896B,-44.366600324,-16.681819249
BMT1527469B,-44.366357259,-16.681583482
BMT1527497B,-44.366358331,-16.681258069
BMT1527497B,-44.366358331,-16.681258069
BMT121196674,-16.680914547,-44.366350084
BMT1527560B,-44.363535079,-16.687025560
BMT1527574B,-16.686645709,-44.363470685
BMT121198452,-44.363599683,-16.687342136
BMT1527560B,-44.363535079,-16.687025560
BMT121196800,-44.365653032,-16.684681827
BMT121196807,-16.684645009,-44.365437445
BMT121196695,-44.365653032,-16.684681827
BMT1528645B,-44.365661576,-16.684934956
BMT1527707B,-44.365539131,-16.682249890
BMT1527700B,-16.682240132,-44.365304700
BMT170877110,-44.365829744,-16.682286938
BMT1527707B,-44.365539131,-16.682249890
BMT121196513,-44.365829744,-16.682286938
BMT121196555,-44.365811762,-16.682051859
BMT121196513,-44.365829744,-16.682286938
BMT121196562,-16.682558202,-44.365856985
BMT1527749B,-44.365756653,-16.681699155
BMT166595297,-16.681473145,-44.365748020
BMT121196576,-44.365811762,-16.682051859
BMT1527455B,-16.681971339,-44.366084004
BMT121196555,-44.365811762,-16.682051859
BMT1527749B,-44.365756653,-16.681699155
BMT121196926,-44.364436268,-16.686775227
BMT1527847B,-44.364680203,-16.686748858
BMT121196828,-44.364436268,-16.686775227
BMT1527861B,-16.687037423,-44.364454159
BMT1527847B,-44.364680203,-16.686748858
BMT121196933,-16.686731211,-44.364820942
BMT1527854B,-44.364500097,-16.687326824
BMT1527861B,-16.687037423,-44.364454159
BMT1527896B,-44.366600324,-16.681819249
BMT121196590,-44.366863306,-16.681702542
BMT121196590,-44.366863306,-16.681702542
BMT1527931B,-44.367144926,-16.681622049
BMT121196597,-44.367379654,-16.681541411
BMT121196604,-44.367793136,-16.681289572
BMT121196653,-44.367379654,-16.681541411
BMT121196660,-16.681705121,-44.367707364
BMT1527931B,-44.367144926,-16.681622049
BMT121196597,-44.367379654,-16.681541411
BMT1527959B,-44.365370900,-16.679230227
BMT1528015B,-44.365437651,-16.678895975
BMT137359093,-44.365608696,-16.678218547
BMT1527973B,-44.365694113,-16.677911470
BMT1527973B,-44.365694113,-16.677911470
BMT1527980B,-16.677586315,-44.365779590
BMT1527987B,-44.365883852,-16.677252177
BMT1527980B,-16.677586315,-44.365779590
BMT1527994B,-44.365969388,-16.676908943
BMT1527987B,-44.365883852,-16.677252177
BMT1528001B,-44.366074126,-16.676430177
BMT1527994B,-44.365969388,-16.676908943
BMT1528008B,-44.366056293,-16.676149902
BMT1528001B,-44.366074126,-16.676430177
BMT1528015B,-44.365437651,-16.678895975
BMT1528022B,-44.365523189,-16.678552742
BMT1528022B,-44.365523189,-16.678552742
BMT137359093,-44.365608696,-16.678218547
BMT1528029B,-44.365256154,-16.679898789
BMT121196408,-16.679591597,-44.365304060
BMT137359086,-44.365304060,-16.679591597
BMT1527959B,-44.365370900,-16.679230227
BMT1528113B,-44.366160256,-16.675906158
BMT1528008B,-44.366056293,-16.676149902
BMT1528162B,-44.366369313,-16.675075175
BMT1528190B,-16.675382281,-44.366293276
BMT137359100,-44.366245731,-16.675581002
BMT1528113B,-44.366160256,-16.675906158
BMT137359100,-44.366245731,-16.675581002
BMT1528190B,-16.675382281,-44.366293276
BMT1528351B,-44.365757258,-16.678670970
BMT121196478,-44.365833327,-16.678354825
BMT1528358B,-44.365671661,-16.679032283
BMT1528351B,-44.365757258,-16.678670970
BMT1528365B,-44.365586124,-16.679375517
BMT1528358B,-44.365671661,-16.679032283
BMT1528379B,-44.365500467,-16.679754908
BMT1528365B,-44.365586124,-16.679375517
BMT1528393B,-44.365471349,-16.680053117
BMT1528379B,-44.365500467,-16.679754908
BMT121196478,-44.365833327,-16.678354825
BMT1528414B,-44.365909365,-16.678047720
BMT1528414B,-44.365909365,-16.678047720
BMT121196485,-44.365975996,-16.677749625
BMT121196485,-44.365975996,-16.677749625
BMT3891684B,-44.366397778,-16.677823230
BMT1528435B,-44.364881686,-16.682537134
BMT1528477B,-44.364833749,-16.682853365
BMT170877109,-44.364939060,-16.682202854
BMT1527700B,-16.682240132,-44.365304700
BMT170877109,-44.364939060,-16.682202854
BMT1528435B,-44.364881686,-16.682537134
BMT121196373,-44.365015311,-16.681832474
BMT170877109,-44.364939060,-16.682202854
BMT121196359,-44.365044550,-16.681498107
BMT121196366,-16.681832474,-44.365015311
BMT121196359,-44.365044550,-16.681498107
BMT1528519B,-44.364855908,-16.681822946
BMT121196359,-44.365044550,-16.681498107
BMT121196380,-16.681163827,-44.365101925
BMT1528477B,-44.364833749,-16.682853365
BMT170877111,-44.364785871,-16.683151517
BMT170877111,-44.364785871,-16.683151517
BMT1528505B,-44.364718968,-16.683530965
BMT1528505B,-44.364718968,-16.683530965
BMT121196527,-44.364699047,-16.683883439
BMT1528519B,-44.364855908,-16.681822946
BMT1534385B,-44.364648359,-16.682192923
BMT121196401,-44.365217597,-16.680215048
BMT1528029B,-44.365256154,-16.679898789
BMT121196471,-44.365217597,-16.680215048
BMT1528393B,-44.365471349,-16.680053117
BMT1528540B,-44.365140452,-16.680856607
BMT171498560,-16.681163827,-44.365101925
BMT171498561,-44.365179010,-16.680540347
BMT1528540B,-44.365140452,-16.680856607
BMT1528582B,-44.365761998,-16.685766884
BMT1528589B,-44.365789031,-16.686101424
BMT1528589B,-44.365789031,-16.686101424
BMT1528596B,-44.365862927,-16.686445146
BMT1528596B,-44.365862927,-16.686445146
BMT170000095,-44.365974070,-16.686870336
BMT170000095,-44.365974070,-16.686870336
BMT1528624B,-44.366057584,-16.687141772
BMT169999716,-44.366375447,-16.687450084
BMT1528659B,-44.366713348,-16.687369763
BMT170000096,-44.366150239,-16.687485552
BMT157333895,-16.687450084,-44.366375447
BMT1528624B,-44.366057584,-16.687141772
BMT170000096,-44.366150239,-16.687485552
BMT1528631B,-44.365725318,-16.685513670
BMT1528582B,-44.365761998,-16.685766884
BMT1528638B,-44.365698047,-16.685251445
BMT1528631B,-44.365725318,-16.685513670
BMT1528645B,-44.365661576,-16.684934956
BMT1528638B,-44.365698047,-16.685251445
BMT1528652B,-44.365757269,-16.684356730
BMT121196695,-44.365653032,-16.684681827
BMT160356571,-44.352416835,-16.688337941
BMT1528820B,-44.351571684,-16.688651672
BMT160356571,-44.352416835,-16.688337941
BMT1528897B,-44.352277129,-16.688048245
BMT160356571,-44.352416835,-16.688337941
BMT2517381B,-16.688691000,-44.352584465
BMT171450930,-44.352742869,-16.688998832
BMT1534546B,-16.689288528,-44.352882576
BMT121197213,-44.352742869,-16.688998832
BMT2517381B,-16.688691000,-44.352584465
BMT1528820B,-44.351571684,-16.688651672
BMT1529191B,-44.351252350,-16.688786262
BMT1528841B,-44.353778480,-16.687826954
BMT160356570,-16.687555367,-44.353648090
BMT1528848B,-44.353946173,-16.688161933
BMT1528841B,-44.353778480,-16.687826954
BMT1528897B,-44.352277129,-16.688048245
BMT2515435B,-44.352137544,-16.687722392
BMT1528918B,-44.360663465,-16.687540994
BMT1529037B,-44.360784576,-16.687785431
BMT162984421,-44.360870397,-16.687360846
BMT121197017,-44.360616902,-16.687441417
BMT1528946B,-44.361123921,-16.687271235
BMT162984421,-44.360870397,-16.687360846
BMT1528953B,-44.361321324,-16.687136254
BMT1528946B,-44.361123921,-16.687271235
BMT1528967B,-44.361678643,-16.686857136
BMT1528974B,-44.361509377,-16.686992204
BMT1528974B,-44.361509377,-16.686992204
BMT1528953B,-44.361321324,-16.687136254
BMT1528995B,-44.361988859,-16.686641148
BMT1528967B,-44.361678643,-16.686857136
BMT161108148,-44.360616902,-16.687441417
BMT1528918B,-44.360663465,-16.687540994
BMT121197017,-44.360616902,-16.687441417
BMT1529009B,-44.360382194,-16.687513007
BMT1529009B,-44.360382194,-16.687513007
BMT1529016B,-44.360109912,-16.687602559
BMT1529016B,-44.360109912,-16.687602559
BMT1529023B,-44.359818871,-16.687692053
BMT1529023B,-44.359818871,-16.687692053
BMT121197024,-44.359480847,-16.687808519
BMT1529037B,-44.360784576,-16.687785431
BMT1531508B,-44.360952161,-16.688156561
BMT160356575,-44.349751447,-16.688871946
BMT2515274B,-44.349648954,-16.688672758
BMT1529149B,-44.350200894,-16.689090301
BMT160356574,-44.349863228,-16.689098280
BMT1529170B,-44.349262836,-16.689141590
BMT1529198B,-44.348681384,-16.689130722
BMT1529177B,-44.350566817,-16.689046253
BMT1529149B,-44.350200894,-16.689090301
BMT160356572,-44.350876773,-16.688911635
BMT1529177B,-44.350566817,-16.689046253
BMT1529191B,-44.351252350,-16.688786262
BMT160356572,-44.350876773,-16.688911635
BMT1529198B,-44.348681384,-16.689130722
BMT160356576,-16.689029253,-44.348034588
BMT160356574,-44.349863228,-16.689098280
BMT160356575,-44.349751447,-16.688871946
BMT160356574,-44.349863228,-16.689098280
BMT1529170B,-44.349262836,-16.689141590
BMT160356568,-44.354262893,-16.688804714
BMT160356569,-44.354104518,-16.688487843
BMT160356569,-44.354104518,-16.688487843
BMT1528848B,-44.353946173,-16.688161933
BMT160356569,-44.354104518,-16.688487843
BMT1529261B,-44.353757110,-16.688604270
BMT1529261B,-44.353757110,-16.688604270
BMT1529268B,-44.353400262,-16.688738746
BMT1529268B,-44.353400262,-16.688738746
BMT1529275B,-44.353062202,-16.688864241
BMT1529275B,-44.353062202,-16.688864241
BMT121197213,-44.352742869,-16.688998832
BMT1529310B,-44.354655708,-16.689131355
BMT121197087,-16.689130566,-44.354402482
BMT160356567,-44.354402482,-16.689130566
BMT160356568,-44.354262893,-16.688804714
BMT1529324B,-44.355105858,-16.689141798
BMT1529352B,-44.354880829,-16.689123018
BMT1529352B,-44.354880829,-16.689123018
BMT1529310B,-44.354655708,-16.689131355
BMT1529366B,-44.358169190,-16.684586448
BMT1529373B,-44.357915909,-16.684603742
BMT1529373B,-44.357915909,-16.684603742
BMT1529380B,-16.684674776,-44.357503012
BMT1529387B,-44.357099493,-16.684745838
BMT1529380B,-16.684674776,-44.357503012
BMT1529387B,-44.357099493,-16.684745838
BMT1529730B,-16.684898544,-44.356789487
BMT163478062,-44.358431759,-16.684596302
BMT1529366B,-44.358169190,-16.684586448
BMT163478062,-44.358431759,-16.684596302
BMT1529499B,-44.358600724,-16.684551628
BMT1529499B,-44.358600724,-16.684551628
BMT1529506B,-16.684543431,-44.358872731
BMT163478063,-44.359182253,-16.684535350
BMT1529506B,-16.684543431,-44.358872731
BMT163478063,-44.359182253,-16.684535350
BMT163478064,-16.684499948,-44.359426216
BMT1529597B,-44.356077314,-16.690319936
BMT1529611B,-44.355729813,-16.690463485
BMT1529639B,-44.355175644,-16.690705821
BMT1529674B,-44.354893854,-16.690831494
BMT146342305,-44.355485569,-16.690580236
BMT1529639B,-44.355175644,-16.690705821
BMT1529674B,-44.354893854,-16.690831494
BMT1529681B,-44.354574519,-16.690966088
BMT1529681B,-44.354574519,-16.690966088
BMT1529926B,-44.354236364,-16.691118702
BMT163478061,-44.356488799,-16.685069357
BMT1529730B,-16.684898544,-44.356789487
BMT163478061,-44.356488799,-16.685069357
BMT163478060,-16.685222208,-44.356225685
BMT1529758B,-44.356037326,-16.685456645
BMT160263327,-16.685222208,-44.356225685
BMT1529765B,-44.355905058,-16.685745493
BMT1529758B,-44.356037326,-16.685456645
BMT1529765B,-44.355905058,-16.685745493
BMT1530171B,-16.685989086,-44.355754183
BMT146342312,-44.353851284,-16.691280208
BMT146342319,-16.690954327,-44.353702316
BMT1529926B,-44.354236364,-16.691118702
BMT146342312,-44.353851284,-16.691280208
BMT121197052,-44.357443434,-16.688471116
BMT1530129B,-44.357199316,-16.688551713
BMT1529968B,-44.355800401,-16.688990292
BMT1529975B,-44.355471751,-16.689106780
BMT1529975B,-44.355471751,-16.689106780
BMT1529324B,-44.355105858,-16.689141798
BMT1529989B,-44.357762674,-16.688363635
BMT121197052,-44.357443434,-16.688471116
BMT1529996B,-44.358072473,-16.688274202
BMT1529989B,-44.357762674,-16.688363635
BMT1530052B,-44.356259324,-16.689181545
BMT121197297,-16.688891910,-44.356138369
BMT121197080,-44.356138369,-16.688891910
BMT1529968B,-44.355800401,-16.688990292
BMT171145941,-44.356356440,-16.688187520
BMT1530080B,-44.356244561,-16.687988306
BMT121197073,-44.356356440,-16.688187520
BMT1530101B,-16.688404899,-44.356496395
BMT121197304,-44.356352446,-16.689380701
BMT1530052B,-44.356259324,-16.689181545
BMT1530080B,-44.356244561,-16.687988306
BMT1530199B,-44.356095531,-16.687680505
BMT1530087B,-44.356454856,-16.689607003
BMT121197311,-16.689380701,-44.356352446
BMT1530087B,-44.356454856,-16.689607003
BMT1530094B,-44.356547979,-16.689806158
BMT1530094B,-44.356547979,-16.689806158
BMT121197318,-44.356669086,-16.690050596
BMT1530108B,-44.356964606,-16.688623298
BMT121197066,-44.356654744,-16.688730808
BMT1530115B,-44.356673683,-16.688676630
BMT1530101B,-16.688404899,-44.356496395
BMT121197066,-44.356654744,-16.688730808
BMT1530115B,-44.356673683,-16.688676630
BMT121197066,-44.356654744,-16.688730808
BMT1530136B,-44.356391867,-16.688811345
BMT1530129B,-44.357199316,-16.688551713
BMT1530108B,-44.356964606,-16.688623298
BMT1530136B,-44.356391867,-16.688811345
BMT121197080,-44.356138369,-16.688891910
BMT171145943,-44.355584035,-16.686386287
BMT1530157B,-16.686621162,-44.355536354
BMT171145943,-44.355584035,-16.686386287
BMT121197136,-44.355659700,-16.686196697
BMT121197136,-44.355659700,-16.686196697
BMT1530171B,-16.685989086,-44.355754183
BMT121197164,-44.355659700,-16.686196697
BMT121197171,-44.355519172,-16.686151063
BMT171145942,-44.355507219,-16.686919370
BMT1530157B,-16.686621162,-44.355536354
BMT172636420,-44.355507219,-16.686919370
BMT1530206B,-44.355441235,-16.687018597
BMT1530185B,-44.355665687,-16.687209122
BMT171145942,-44.355507219,-16.686919370
BMT1530185B,-44.355665687,-16.687209122
BMT1530192B,-16.687444814,-44.355880609
BMT1530199B,-44.356095531,-16.687680505
BMT1530192B,-16.687444814,-44.355880609
BMT121197325,-44.356808831,-16.690331250
BMT1530276B,-16.690630012,-44.356957894
BMT121197318,-44.356669086,-16.690050596
BMT121197325,-44.356808831,-16.690331250
BMT146342291,-44.356669086,-16.690050596
BMT1530269B,-44.356377859,-16.690194320
BMT1530269B,-44.356377859,-16.690194320
BMT1529597B,-44.356077314,-16.690319936
BMT1530283B,-44.357078882,-16.690910607
BMT1530276B,-16.690630012,-44.356957894
BMT121197171,-44.355519172,-16.686151063
BMT121197178,-16.686141527,-44.355359766
BMT154591365,-44.364699047,-16.683883439
BMT1530444B,-44.364914753,-16.683884100
BMT121196527,-44.364699047,-16.683883439
BMT170877113,-44.364632352,-16.684199612
BMT1530444B,-44.364914753,-16.683884100
BMT1530857B,-44.365149066,-16.683930016
BMT1530472B,-44.364440480,-16.685500690
BMT1527301B,-44.364411627,-16.685717546
BMT1530486B,-44.364469482,-16.685238638
BMT1530472B,-44.364440480,-16.685500690
BMT1530493B,-44.364517480,-16.684904329
BMT1530486B,-44.364469482,-16.685238638
BMT170877113,-44.364632352,-16.684199612
BMT170877114,-16.684551942,-44.364565538
BMT121196548,-44.364565538,-16.684551942
BMT1530493B,-44.364517480,-16.684904329
BMT121197598,-44.358503321,-16.688447286
BMT1531235B,-16.688782203,-44.358652265
BMT121198249,-44.357888672,-16.687143714
BMT1530549B,-44.357776913,-16.686908344
BMT1530549B,-44.357776913,-16.686908344
BMT121198256,-16.686583222,-44.357871786
BMT1530556B,-44.357972476,-16.687324761
BMT121198249,-44.357888672,-16.687143714
BMT1530570B,-44.358673374,-16.688077199
BMT121197045,-44.358372924,-16.688175701
BMT1530584B,-44.358936250,-16.687996659
BMT1530570B,-44.358673374,-16.688077199
BMT121197045,-44.358372924,-16.688175701
BMT1529996B,-44.358072473,-16.688274202
BMT121198235,-44.358372924,-16.688175701
BMT121198242,-44.358261103,-16.687958410
BMT121197045,-44.358372924,-16.688175701
BMT2362261B,-44.358438153,-16.688302454
BMT121198242,-44.358261103,-16.687958410
BMT1530605B,-44.358177359,-16.687759285
BMT1530605B,-44.358177359,-16.687759285
BMT1530612B,-44.358093494,-16.687596317
BMT1530612B,-44.358093494,-16.687596317
BMT1530556B,-44.357972476,-16.687324761
BMT121198270,-44.359620624,-16.688080132
BMT1530731B,-16.688351745,-44.359760402
BMT121197038,-44.359180397,-16.687907022
BMT1530584B,-44.358936250,-16.687996659
BMT121197024,-44.359480847,-16.687808519
BMT121197031,-16.687907022,-44.359180397
BMT121198263,-44.359480847,-16.687808519
BMT1530710B,-44.359555455,-16.687935301
BMT1530710B,-44.359555455,-16.687935301
BMT121198270,-44.359620624,-16.688080132
BMT1530738B,-44.359890772,-16.688632368
BMT1530731B,-16.688351745,-44.359760402
BMT1530752B,-44.360021081,-16.688931069
BMT1530738B,-44.359890772,-16.688632368
BMT1530780B,-44.358819968,-16.689117178
BMT1531235B,-16.688782203,-44.358652265
BMT170000094,-44.365911528,-16.683082652
BMT1530829B,-44.365938799,-16.683344877
BMT1530815B,-44.365884286,-16.682811388
BMT170000094,-44.365911528,-16.683082652
BMT170000093,-44.365856985,-16.682558202
BMT1530815B,-44.365884286,-16.682811388
BMT1530829B,-44.365938799,-16.683344877
BMT1530836B,-44.365966100,-16.683598063
BMT1530836B,-44.365966100,-16.683598063
BMT1530843B,-44.365842809,-16.684013496
BMT1530843B,-44.365842809,-16.684013496
BMT1528652B,-44.365757269,-16.684356730
BMT1530857B,-44.365149066,-16.683930016
BMT154591366,-16.684273422,-44.365119797
BMT148644784,-44.348761254,-16.698775935
BMT1531081B,-44.348882295,-16.699038457
BMT121197605,-44.358950396,-16.689379723
BMT1530780B,-44.358819968,-16.689117178
BMT121197605,-44.358950396,-16.689379723
BMT1531256B,-16.689687552,-44.359108811
BMT1531249B,-44.359239180,-16.689968175
BMT1531256B,-16.689687552,-44.359108811
BMT1531249B,-44.359239180,-16.689968175
BMT1532425B,-16.690294082,-44.359397536
BMT121198277,-44.360300579,-16.689492372
BMT1531305B,-44.360160770,-16.689229799
BMT121198277,-44.360300579,-16.689492372
BMT1531333B,-16.689818278,-44.360458936
BMT1531305B,-44.360160770,-16.689229799
BMT1530752B,-44.360021081,-16.688931069
BMT1531347B,-44.360598656,-16.690107969
BMT1531333B,-16.689818278,-44.360458936
BMT1531382B,-44.361945406,-16.688430806
BMT170371743,-16.688583519,-44.361635398
BMT170371744,-44.362264792,-16.688278121
BMT1531368B,-16.688585947,-44.362423212
BMT170371744,-44.362264792,-16.688278121
BMT1531382B,-44.361945406,-16.688430806
BMT170371744,-44.362264792,-16.688278121
BMT170371746,-16.687997499,-44.362134420
BMT1531473B,-44.361222313,-16.688708796
BMT161108150,-44.361240950,-16.688745010
BMT161108150,-44.361240950,-16.688745010
BMT121198368,-16.688583519,-44.361635398
BMT161108150,-44.361240950,-16.688745010
BMT1531466B,-16.688772012,-44.361203345
BMT161108150,-44.361240950,-16.688745010
BMT121198375,-16.689016564,-44.361361973
BMT161108149,-44.361101200,-16.688464359
BMT1531473B,-44.361222313,-16.688708796
BMT1531508B,-44.360952161,-16.688156561
BMT161108149,-44.361101200,-16.688464359
BMT163803788,-44.361361973,-16.689016564
BMT1531697B,-16.689315323,-44.361511043
BMT1531529B,-44.364813030,-16.689126616
BMT121196842,-16.689389042,-44.364905952
BMT1531550B,-44.364721303,-16.688502619
BMT1531557B,-44.364776560,-16.688810126
BMT1531557B,-44.364776560,-16.688810126
BMT1531529B,-44.364813030,-16.689126616
BMT1531564B,-44.364546004,-16.687625263
BMT1527854B,-44.364500097,-16.687326824
BMT121196835,-44.364601410,-16.687887575
BMT1531564B,-44.364546004,-16.687625263
BMT121196835,-44.364601410,-16.687887575
BMT1531599B,-44.364656727,-16.688177004
BMT1531599B,-44.364656727,-16.688177004
BMT1531550B,-44.364721303,-16.688502619
BMT1531690B,-44.361920559,-16.690265717
BMT1531669B,-16.689967017,-44.361790246
BMT1531690B,-44.361920559,-16.690265717
BMT1531998B,-44.362060252,-16.690564446
BMT1531704B,-44.361529650,-16.689360577
BMT1531697B,-16.689315323,-44.361511043
BMT163803789,-44.361659963,-16.689659277
BMT1531669B,-16.689967017,-44.361790246
BMT163803789,-44.361659963,-16.689659277
BMT1531704B,-44.361529650,-16.689360577
BMT1531977B,-44.362498000,-16.691487809
BMT1531984B,-16.691170973,-44.362348987
BMT163803790,-44.362190626,-16.690845068
BMT1531984B,-16.691170973,-44.362348987
BMT1531998B,-44.362060252,-16.690564446
BMT163803790,-44.362190626,-16.690845068
BMT171450935,-44.351247332,-16.693052811
BMT1532208B,-16.692773447,-44.351520267
BMT1532215B,-44.351765064,-16.692493995
BMT1532208B,-16.692773447,-44.351520267
BMT1532215B,-44.351765064,-16.692493995
BMT1532929B,-44.351906783,-16.692187102
BMT137359114,-44.367240626,-16.672483539
BMT1532229B,-44.367401151,-16.672149572
BMT1532229B,-44.367401151,-16.672149572
BMT1532236B,-44.367542800,-16.671851705
BMT1532236B,-44.367542800,-16.671851705
BMT137359121,-44.367590106,-16.671725298
BMT137359121,-44.367590106,-16.671725298
BMT1439199B,-44.367871058,-16.671843668
BMT1532278B,-44.367675190,-16.671517652
BMT137359121,-44.367590106,-16.671725298
BMT1532285B,-44.367835565,-16.671228882
BMT1532278B,-44.367675190,-16.671517652
BMT1532292B,-44.368005376,-16.670922061
BMT1532285B,-44.367835565,-16.671228882
BMT1532299B,-44.368175157,-16.670624280
BMT1532292B,-44.368005376,-16.670922061
BMT1532299B,-44.368175157,-16.670624280
BMT137359135,-16.670335480,-44.368326152
BMT1532327B,-44.367070753,-16.672808437
BMT137359114,-44.367240626,-16.672483539
BMT1532334B,-44.366919575,-16.673151471
BMT1527154B,-16.673422277,-44.366796769
BMT1532334B,-44.366919575,-16.673151471
BMT1532327B,-44.367070753,-16.672808437
BMT1532383B,-44.359788647,-16.691135951
BMT1532362B,-16.690891514,-44.359667535
BMT1532383B,-44.359788647,-16.691135951
BMT1535596B,-16.691479907,-44.359937565
BMT121197612,-44.359527906,-16.690574705
BMT1532362B,-16.690891514,-44.359667535
BMT121197612,-44.359527906,-16.690574705
BMT1532425B,-16.690294082,-44.359397536
BMT121198284,-44.360868719,-16.690687321
BMT1532516B,-44.360738287,-16.690424778
BMT1532502B,-44.361027078,-16.691013227
BMT121198284,-44.360868719,-16.690687321
BMT1532516B,-44.360738287,-16.690424778
BMT1531347B,-44.360598656,-16.690107969
BMT1532523B,-44.361157450,-16.691293849
BMT1532502B,-44.361027078,-16.691013227
BMT121196982,-44.362590231,-16.686299505
BMT121196324,-16.686144827,-44.362262488
BMT121196982,-44.362590231,-16.686299505
BMT121196989,-44.362486796,-16.686380541
BMT1532733B,-44.360932766,-16.685526050
BMT161635494,-44.361260507,-16.685680731
BMT161635494,-44.361260507,-16.685680731
BMT1532761B,-44.361430132,-16.685437191
BMT1532761B,-44.361430132,-16.685437191
BMT1532775B,-44.361599937,-16.685139416
BMT1532768B,-44.361845159,-16.684724362
BMT1532866B,-44.361939424,-16.684580023
BMT1532775B,-44.361599937,-16.685139416
BMT1532768B,-44.361845159,-16.684724362
BMT1532789B,-44.362076265,-16.685737482
BMT121198480,-44.362255418,-16.685448774
BMT121196310,-44.361925368,-16.685990119
BMT161635496,-44.361635081,-16.685853634
BMT121196310,-44.361925368,-16.685990119
BMT161635497,-16.686144827,-44.362262488
BMT121198473,-44.361925368,-16.685990119
BMT1532789B,-44.362076265,-16.685737482
BMT1532803B,-44.360661208,-16.685398661
BMT1532733B,-44.360932766,-16.685526050
BMT161635493,-44.360314712,-16.685243922
BMT1532803B,-44.360661208,-16.685398661
BMT1532838B,-44.360033805,-16.685107463
BMT121196275,-16.685243922,-44.360314712
BMT171231772,-44.359762218,-16.684989112
BMT1532838B,-44.360033805,-16.685107463
BMT162398141,-44.359678955,-16.684645359
BMT171231772,-44.359762218,-16.684989112
BMT1532866B,-44.361939424,-16.684580023
BMT1533335B,-44.362090261,-16.684345464
BMT1532901B,-44.352643086,-16.690779270
BMT1532894B,-44.352445156,-16.691067909
BMT171450934,-44.352284802,-16.691338587
BMT1532915B,-16.691636383,-44.352124356
BMT1532922B,-44.352029623,-16.691916306
BMT1532915B,-16.691636383,-44.352124356
BMT1532929B,-44.351906783,-16.692187102
BMT1532922B,-44.352029623,-16.691916306
BMT1532964B,-44.352346129,-16.695406479
BMT1533069B,-44.352064330,-16.695532148
BMT163588416,-44.352007964,-16.695559089
BMT1532985B,-44.351773183,-16.695648747
BMT163588416,-44.352007964,-16.695559089
BMT1533020B,-44.351989389,-16.695504795
BMT163588416,-44.352007964,-16.695559089
BMT1533041B,-16.695839717,-44.352138327
BMT1532985B,-44.351773183,-16.695648747
BMT1533027B,-44.351482005,-16.695774385
BMT1533020B,-44.351989389,-16.695504795
BMT163588418,-16.695251373,-44.351887073
BMT1533027B,-44.351482005,-16.695774385
BMT1533034B,-44.351190857,-16.695890984
BMT1533034B,-44.351190857,-16.695890984
BMT121197423,-16.696025719,-44.350918406
BMT1533069B,-44.352064330,-16.695532148
BMT163588416,-44.352007964,-16.695559089
BMT1533097B,-44.353285372,-16.695011686
BMT1533111B,-44.352965998,-16.695155317
BMT150547586,-44.354863266,-16.694356740
BMT1533146B,-16.694473431,-44.354600259
BMT150547586,-44.354863266,-16.694356740
BMT1536429B,-44.355323505,-16.694159309
BMT155137064,-44.354863266,-16.694356740
BMT2514294B,-44.355040315,-16.694700787
BMT1533111B,-44.352965998,-16.695155317
BMT1533118B,-44.352665443,-16.695280928
BMT1533118B,-44.352665443,-16.695280928
BMT1532964B,-44.352346129,-16.695406479
BMT1533125B,-44.353651641,-16.694868201
BMT163588413,-44.353416831,-16.694966900
BMT1533132B,-44.354017970,-16.694706637
BMT1533125B,-44.353651641,-16.694868201
BMT163588412,-44.354346661,-16.694581112
BMT1533132B,-44.354017970,-16.694706637
BMT163588412,-44.354346661,-16.694581112
BMT1533146B,-16.694473431,-44.354600259
BMT1533300B,-44.362335481,-16.683930409
BMT1533342B,-44.362533508,-16.683605602
BMT1533307B,-44.362250625,-16.684065738
BMT1533300B,-44.362335481,-16.683930409
BMT121198480,-44.362255418,-16.685448774
BMT1533321B,-44.362415693,-16.685196166
BMT1533321B,-44.362415693,-16.685196166
BMT1533328B,-44.362594754,-16.684934576
BMT1533328B,-44.362594754,-16.684934576
BMT121198487,-16.684636916,-44.362802071
BMT1533335B,-44.362090261,-16.684345464
BMT1533307B,-44.362250625,-16.684065738
BMT1533342B,-44.362533508,-16.683605602
BMT1533349B,-44.362646679,-16.683416124
BMT1533349B,-44.362646679,-16.683416124
BMT1533615B,-44.362835237,-16.683118406
BMT161635495,-44.362976783,-16.682856700
BMT1533573B,-16.683002136,-44.363238901
BMT161635495,-44.362976783,-16.682856700
BMT161635498,-16.682711177,-44.362686529
BMT1533615B,-44.362835237,-16.683118406
BMT161635495,-44.362976783,-16.682856700
BMT1533874B,-44.348955361,-16.696851170
BMT1533881B,-44.348617222,-16.696994735
BMT1533874B,-44.348955361,-16.696851170
BMT121197493,-16.696725624,-44.349274679
BMT1533881B,-44.348617222,-16.696994735
BMT121197500,-16.696686988,-44.348486956
BMT154526798,-44.349565860,-16.696599989
BMT121197472,-16.696725624,-44.349274679
BMT1534007B,-44.349603438,-16.696582029
BMT154526798,-44.349565860,-16.696599989
BMT1534028B,-44.349819463,-16.696492314
BMT1534007B,-44.349603438,-16.696582029
BMT154526800,-44.349528466,-16.696563714
BMT154526798,-44.349565860,-16.696599989
BMT154526800,-44.349528466,-16.696563714
BMT154526801,-16.696274076,-44.349407517
BMT1534042B,-44.350082445,-16.696384669
BMT1534028B,-44.349819463,-16.696492314
BMT1534147B,-44.363108241,-16.685641226
BMT1534154B,-44.363296651,-16.685388704
BMT1534154B,-44.363296651,-16.685388704
BMT121196968,-16.685199312,-44.363437958
BMT148644782,-44.351000345,-16.696758162
BMT1534245B,-44.350709165,-16.696883799
BMT1534245B,-44.350709165,-16.696883799
BMT1527378B,-44.350145653,-16.697108013
BMT1534252B,-44.350336047,-16.696276993
BMT1534042B,-44.350082445,-16.696384669
BMT1534280B,-44.350674183,-16.696133425
BMT1534252B,-44.350336047,-16.696276993
BMT154526797,-44.350711761,-16.696115464
BMT1534238B,-16.696061141,-44.350683807
BMT154526797,-44.350711761,-16.696115464
BMT1534280B,-44.350674183,-16.696133425
BMT154526797,-44.350711761,-16.696115464
BMT154526799,-44.350832742,-16.696396063
BMT154526796,-44.350918406,-16.696025719
BMT154526797,-44.350711761,-16.696115464
BMT154526799,-44.350832742,-16.696396063
BMT121197465,-16.696758162,-44.351000345
BMT1534364B,-44.364412554,-16.682598970
BMT1534378B,-16.682878727,-44.364261573
BMT1534371B,-44.364535220,-16.682373363
BMT1534364B,-44.364412554,-16.682598970
BMT1534385B,-44.364648359,-16.682192923
BMT1534371B,-44.364535220,-16.682373363
BMT1534392B,-44.363510368,-16.683156640
BMT1533573B,-16.683002136,-44.363238901
BMT121196331,-44.363847336,-16.683356541
BMT1534392B,-44.363510368,-16.683156640
BMT121196345,-44.363847336,-16.683356541
BMT121196352,-44.364054469,-16.683113114
BMT121196352,-44.364054469,-16.683113114
BMT1534378B,-16.682878727,-44.364261573
BMT121196975,-44.362788140,-16.686010855
BMT2785152B,-44.362674998,-16.686191294
BMT1534434B,-44.362910392,-16.685911798
BMT121196975,-44.362788140,-16.686010855
BMT121196961,-44.363014036,-16.685767487
BMT1534147B,-44.363108241,-16.685641226
BMT121196961,-44.363014036,-16.685767487
BMT1534434B,-44.362910392,-16.685911798
BMT162984420,-44.362242682,-16.686461143
BMT1528995B,-44.361988859,-16.686641148
BMT1534469B,-44.363247962,-16.685930915
BMT121196954,-16.685767487,-44.363014036
BMT1534532B,-44.352840924,-16.690517748
BMT1532901B,-44.352643086,-16.690779270
BMT171450932,-44.353171463,-16.689840830
BMT171450931,-44.353022284,-16.689578223
BMT171450932,-44.353171463,-16.689840830
BMT171450933,-44.352852250,-16.689939265
BMT171450931,-44.353022284,-16.689578223
BMT1534546B,-16.689288528,-44.352882576
BMT1534560B,-44.352738487,-16.690300483
BMT1534532B,-44.352840924,-16.690517748
BMT171450933,-44.352852250,-16.689939265
BMT1534574B,-44.352608036,-16.690046974
BMT1534574B,-44.352608036,-16.690046974
BMT1534560B,-44.352738487,-16.690300483
BMT1534819B,-44.356556299,-16.692924756
BMT1534868B,-44.356246310,-16.693068422
BMT1534833B,-44.357294606,-16.693713473
BMT1534854B,-16.693378555,-44.357145661
BMT1534840B,-44.357462371,-16.694030371
BMT1534833B,-44.357294606,-16.693713473
BMT1534840B,-44.357462371,-16.694030371
BMT1536156B,-44.357602028,-16.694338142
BMT1534861B,-44.357166777,-16.692673552
BMT121197360,-44.356856879,-16.692790100
BMT1534868B,-44.356246310,-16.693068422
BMT164455992,-44.356039700,-16.693149133
BMT121197360,-44.356856879,-16.692790100
BMT1534812B,-16.692609024,-44.356763694
BMT121197360,-44.356856879,-16.692790100
BMT1534819B,-44.356556299,-16.692924756
BMT172435348,-44.356856879,-16.692790100
BMT172435349,-44.357005944,-16.693088862
BMT172435349,-44.357005944,-16.693088862
BMT1534854B,-16.693378555,-44.357145661
BMT170371747,-44.362981924,-16.689798940
BMT1535253B,-44.362842260,-16.689491172
BMT1535253B,-44.362842260,-16.689491172
BMT1535330B,-44.362711886,-16.689210551
BMT1535330B,-44.362711886,-16.689210551
BMT170371745,-44.362562844,-16.688902754
BMT170371745,-44.362562844,-16.688902754
BMT1531368B,-16.688585947,-44.362423212
BMT1535393B,-44.361332015,-16.692388149
BMT121198305,-44.361162955,-16.692459942
BMT121198298,-44.361623152,-16.692271536
BMT1535393B,-44.361332015,-16.692388149
BMT121198298,-44.361623152,-16.692271536
BMT1535407B,-44.361914349,-16.692136843
BMT1535407B,-44.361914349,-16.692136843
BMT121198312,-16.691975264,-44.362280666
BMT163803791,-44.362647013,-16.691804645
BMT1531977B,-44.362498000,-16.691487809
BMT163803791,-44.362647013,-16.691804645
BMT121198319,-16.691975264,-44.362280666
BMT163803791,-44.362647013,-16.691804645
BMT1535512B,-44.362749402,-16.692039983
BMT121198291,-44.361464762,-16.691954670
BMT121198298,-44.361623152,-16.692271536
BMT121198291,-44.361464762,-16.691954670
BMT1535470B,-44.361306461,-16.691610686
BMT1535470B,-44.361306461,-16.691610686
BMT1532523B,-44.361157450,-16.691293849
BMT1535505B,-44.362701339,-16.692392370
BMT163803792,-16.692717581,-44.362634607
BMT1535512B,-44.362749402,-16.692039983
BMT1535505B,-44.362701339,-16.692392370
BMT121197619,-44.360077376,-16.691742480
BMT1535596B,-16.691479907,-44.359937565
BMT121197619,-44.360077376,-16.691742480
BMT1535610B,-44.360207748,-16.692023103
BMT1535610B,-44.360207748,-16.692023103
BMT121197626,-16.692376184,-44.360384774
BMT164632327,-44.360384774,-16.692376184
BMT164632328,-44.360561891,-16.692702148
BMT164632331,-44.359942039,-16.692953334
BMT1535694B,-44.359688416,-16.693070061
BMT164632329,-44.360242556,-16.692836751
BMT164632331,-44.359942039,-16.692953334
BMT1535694B,-44.359688416,-16.693070061
BMT1535708B,-44.359537419,-16.693349813
BMT1535694B,-44.359688416,-16.693070061
BMT1535715B,-44.359406655,-16.693186700
BMT1535701B,-44.359134274,-16.693303368
BMT1536065B,-44.358946393,-16.693393180
BMT1535708B,-44.359537419,-16.693349813
BMT164632281,-44.359339587,-16.693611342
BMT1535715B,-44.359406655,-16.693186700
BMT1535701B,-44.359134274,-16.693303368
BMT121196639,-44.369526492,-16.678935581
BMT121196646,-16.678692890,-44.369977449
BMT1535729B,-44.360824862,-16.692594488
BMT164632330,-16.692504820,-44.361059636
BMT164632328,-44.360561891,-16.692702148
BMT164632329,-44.360242556,-16.692836751
BMT164632328,-44.360561891,-16.692702148
BMT1535729B,-44.360824862,-16.692594488
BMT121198305,-44.361162955,-16.692459942
BMT121197661,-16.692504820,-44.361059636
BMT121198326,-44.361162955,-16.692459942
BMT2130806B,-44.361451540,-16.693111666
BMT121197332,-44.357395588,-16.691562423
BMT1535778B,-44.357237235,-16.691236515
BMT121197332,-44.357395588,-16.691562423
BMT1535827B,-44.357526016,-16.691824969
BMT1535778B,-44.357237235,-16.691236515
BMT1530283B,-44.357078882,-16.690910607
BMT1535799B,-44.357647035,-16.692096525
BMT121197339,-44.357796132,-16.692386247
BMT1535827B,-44.357526016,-16.691824969
BMT1535799B,-44.357647035,-16.692096525
BMT164455991,-44.356409656,-16.691902855
BMT1535904B,-44.356521446,-16.692129186
BMT1535904B,-44.356521446,-16.692129186
BMT1535911B,-44.356577326,-16.692246871
BMT1535911B,-44.356577326,-16.692246871
BMT1535939B,-44.356642555,-16.692373625
BMT1535939B,-44.356642555,-16.692373625
BMT1534812B,-16.692609024,-44.356763694
BMT1535960B,-44.357486114,-16.692538953
BMT1534861B,-44.357166777,-16.692673552
BMT1536058B,-44.358636434,-16.693527810
BMT1536072B,-44.358373431,-16.693644506
BMT1536065B,-44.358946393,-16.693393180
BMT1536058B,-44.358636434,-16.693527810
BMT1536072B,-44.358373431,-16.693644506
BMT1536086B,-44.358119866,-16.693743152
BMT1536086B,-44.358119866,-16.693743152
BMT1536100B,-16.693859848,-44.357856862
BMT164455990,-44.357796132,-16.692386247
BMT1535960B,-44.357486114,-16.692538953
BMT121197339,-44.357796132,-16.692386247
BMT121197346,-16.692694018,-44.357935789
BMT1536156B,-44.357602028,-16.694338142
BMT172435350,-44.357741717,-16.694636874
BMT164455994,-44.356319132,-16.693728520
BMT1536415B,-16.693836232,-44.356074915
BMT163588411,-44.355821349,-16.693934876
BMT1536408B,-16.694042617,-44.355586511
BMT121197381,-44.355821349,-16.693934876
BMT1536415B,-16.693836232,-44.356074915
BMT1536422B,-44.356170097,-16.693420719
BMT164455994,-44.356319132,-16.693728520
BMT1536429B,-44.355323505,-16.694159309
BMT1536408B,-16.694042617,-44.355586511
BMT164455992,-44.356039700,-16.693149133
BMT1536338B,-44.356011775,-16.693085771
BMT164455992,-44.356039700,-16.693149133
BMT1536422B,-44.356170097,-16.693420719
BMT164455992,-44.356039700,-16.693149133
BMT1536443B,-16.693194037,-44.355945759
BMT1536478B,-44.358783121,-16.694540670
BMT164632333,-44.358641591,-16.694793333
BMT164632332,-44.358962317,-16.694242927
BMT1536478B,-44.358783121,-16.694540670
BMT1536499B,-44.359150922,-16.693936174
BMT164632332,-44.358962317,-16.694242927
BMT164632281,-44.359339587,-16.693611342
BMT1536499B,-44.359150922,-16.693936174
BMT172704247,-44.360232077,-16.698802685
BMT1536583B,-44.359987615,-16.698982716
BMT1536583B,-44.359987615,-16.698982716
BMT121197724,-44.359761880,-16.699171844
BMT121197724,-44.359761880,-16.699171844
BMT1536604B,-44.360014157,-16.699461883
BMT167293343,-44.359761880,-16.699171844
BMT1536611B,-44.359537592,-16.698927087
BMT1536604B,-44.360014157,-16.699461883
BMT121197731,-16.699869055,-44.360144112
BMT1536611B,-44.359537592,-16.698927087
BMT1536618B,-44.359331972,-16.698709506
BMT1536618B,-44.359331972,-16.698709506
BMT2839850B,-44.359079667,-16.698428506
BMT1536625B,-44.360476569,-16.698613615
BMT172704247,-44.360232077,-16.698802685
BMT1536632B,-44.360730470,-16.698415534
BMT1536625B,-44.360476569,-16.698613615
BMT1536639B,-44.360993689,-16.698235560
BMT1536632B,-44.360730470,-16.698415534
BMT1536646B,-44.361247498,-16.698064597
BMT1536639B,-44.360993689,-16.698235560
BMT172704245,-44.360593451,-16.697312311
BMT1536709B,-44.360817709,-16.697566106
BMT1536709B,-44.360817709,-16.697566106
BMT1536723B,-44.361041967,-16.697819900
BMT1536723B,-44.361041967,-16.697819900
BMT1536646B,-44.361247498,-16.698064597
BMT172704244,-44.360387921,-16.697067614
BMT172704245,-44.360593451,-16.697312311
BMT1536772B,-44.360135647,-16.696777575
BMT172704244,-44.360387921,-16.697067614
BMT1536779B,-44.359892663,-16.696514682
BMT1536772B,-44.360135647,-16.696777575
BMT1536786B,-44.359668407,-16.696260887
BMT1536779B,-44.359892663,-16.696514682
BMT1536905B,-44.359247914,-16.695789539
BMT1536912B,-44.359444152,-16.696007091
BMT1536912B,-44.359444152,-16.696007091
BMT1536786B,-44.359668407,-16.696260887
BMT1536926B,-44.359004992,-16.695508567
BMT1536905B,-44.359247914,-16.695789539
BMT1536933B,-44.359545051,-16.693874119
BMT136183863,-16.694118527,-44.359656786
BMT172704242,-44.359656786,-16.694118527
BMT121197696,-44.359806097,-16.694344972
BMT172704243,-44.359438327,-16.694940431
BMT1536982B,-44.359259101,-16.695247213
BMT1536954B,-44.359617553,-16.694633648
BMT172704243,-44.359438327,-16.694940431
BMT121197696,-44.359806097,-16.694344972
BMT1536954B,-44.359617553,-16.694633648
BMT156038553,-44.359806097,-16.694344972
BMT1536968B,-44.359973836,-16.694670907
BMT1536968B,-44.359973836,-16.694670907
BMT3347315B,-44.360122787,-16.695005824
BMT1536982B,-44.359259101,-16.695247213
BMT1536926B,-44.359004992,-16.695508567
BMT1537535B,-44.367755185,-16.687128885
BMT169999717,-44.367819588,-16.687508735
BMT167293346,-44.359362226,-16.700888081
BMT5511232B,-44.359220812,-16.701104587
BMT5511232B,-44.359220812,-16.701104587
BMT167293349,-44.359088566,-16.701384396
BMT167293349,-44.359088566,-16.701384396
BMT5511169B,-44.359162757,-16.701637728
BMT5511169B,-44.359162757,-16.701637728
BMT167293350,-44.359236888,-16.701909137
BMT167293350,-44.359236888,-16.701909137
BMT5511176B,-44.358842592,-16.702016388
BMT5511176B,-44.358842592,-16.702016388
BMT5598137B,-44.358476493,-16.702105646
BMT5598137B,-44.358476493,-16.702105646
BMT5598144B,-44.358101016,-16.702194875
BMT5598144B,-44.358101016,-16.702194875
BMT167293352,-44.357687990,-16.702293025
BMT146342312,-44.353851284,-16.691280208
BMT1529898B,-44.353990965,-16.691578943
BMT1529898B,-44.353990965,-16.691578943
BMT1529940B,-44.354130707,-16.691859598
BMT1529940B,-44.354130707,-16.691859598
BMT146342326,-16.692113048,-44.354242403
BMT160408320,-44.357359686,-16.705103238
BMT5184010B,-44.357603735,-16.705049760
BMT5184010B,-44.357603735,-16.705049760
BMT5184017B,-44.357866574,-16.704987301
BMT5184017B,-44.357866574,-16.704987301
BMT5184024B,-44.358148171,-16.704924899
BMT5184024B,-44.358148171,-16.704924899
BMT5184031B,-44.358457937,-16.704853546
BMT5184031B,-44.358457937,-16.704853546
BMT5184038B,-44.358748944,-16.704782134
BMT5184038B,-44.358748944,-16.704782134
BMT160408321,-16.704456488,-44.358674994
BMT160252782,-44.351607612,-16.711358572
BMT8267377B,-44.351121510,-16.710868924
BMT8267377B,-44.351121510,-16.710868924
BMT160252785,-16.709908116,-44.350280569
BMT137359128,-44.368442459,-16.672044276
BMT137359142,-16.672144652,-44.368751606
BMT2514308B,-44.355357079,-16.695334527
BMT2514322B,-44.355524842,-16.695651426
BMT2514322B,-44.355524842,-16.695651426
BMT155137065,-44.355683286,-16.695950218
BMT164455994,-44.356319132,-16.693728520
BMT164455995,-16.694054399,-44.356468106
BMT1536338B,-44.356011775,-16.693085771
BMT164455993,-16.692832292,-44.355890697
BMT170891793,-44.372211058,-16.689709626
BMT8460437B,-44.373512681,-16.690337286
BMT8460437B,-44.373512681,-16.690337286
BMT8460444B,-44.374269279,-16.691288708
BMT8460444B,-44.374269279,-16.691288708
BMT8460458B,-44.375137873,-16.692412214
BMT8460458B,-44.375137873,-16.692412214
BMT8460514B,-44.376446968,-16.693636477
BMT8460514B,-44.376446968,-16.693636477
BMT8460507B,-44.377569143,-16.694661304
BMT8460507B,-44.377569143,-16.694661304
BMT8460493B,-44.378289255,-16.695305264
BMT8460493B,-44.378289255,-16.695305264
BMT8460486B,-44.379046480,-16.696075884
BMT8460486B,-44.379046480,-16.696075884
BMT8460472B,-44.379598040,-16.696637979
BMT160356577,-44.349537235,-16.688428345
BMT1529086B,-44.349397533,-16.688138648
BMT1529086B,-44.349397533,-16.688138648
BMT160356579,-16.687758528,-44.349248759
BMT167293352,-44.357687990,-16.702293025
BMT5598165B,-44.357274963,-16.702391175
BMT5598165B,-44.357274963,-16.702391175
BMT167293354,-44.356899485,-16.702480401
BMT167293354,-44.356899485,-16.702480401
BMT7886563B,-44.356542795,-16.702560646
BMT7886563B,-44.356542795,-16.702560646
BMT7886584B,-44.356204863,-16.702640948
BMT7886584B,-44.356204863,-16.702640948
BMT167293355,-44.355885720,-16.702712269
BMT1529611B,-44.355729813,-16.690463485
BMT146342298,-44.355598297,-16.690526350
BMT146342298,-44.355598297,-16.690526350
BMT146342305,-44.355485569,-16.690580236
BMT160408317,-44.356674465,-16.705254776
BMT8660623B,-44.356739032,-16.705580393
BMT8660623B,-44.356739032,-16.705580393
BMT8660588B,-44.356803599,-16.705906009
BMT8660588B,-44.356803599,-16.705906009
BMT160408319,-16.705834716,-44.357132127
BMT163588412,-44.354346661,-16.694581112
BMT163588414,-44.354394619,-16.694264885
BMT163588413,-44.353416831,-16.694966900
BMT163588417,-16.694695371,-44.353305195
