BMT164367377,,
BMT164367401,,
BMT164367415,,
BMT164367422,,
BMT164367430,,
BMT164367433,,
BMT164367439,,
BMT164367442,,
BMT164367456,,
BMT164367458,,
BMT164367460,,
BMT164367463,,
BMT164367479,,
BMT164367495,,
BMT164367504,,
BMT164367520,,
BMT164367563,,
BMT164367566,,
BMT164367567,,
BMT164367569,,
BMT164367595,,
BMT164367605,,
BMT164367624,,
BMT164367625,,
BMT164367653,,
BMT164367662,,
BMT164367666,,
BMT164367691,,
BMT164367693,,
BMT164367703,,
BMT164367705,,
BMT164367716,,
BMT164367723,,
BMT164367728,,
BMT164367749,,
BMT164367751,,
BMT164367757,,
BMT164367763,,
BMT164367765,,
BMT164367771,,
BMT164367779,,
BMT164367781,,
BMT164367784,,
BMT164367787,,
BMT164367793,,
BMT164367854,,
BMT164367860,,
BMT164367866,,
BMT164367878,,
BMT164367881,,
BMT164367894,,
BMT164367901,,
BMT164367905,,
BMT164367916,,
BMT164367945,,
BMT164367951,,
BMT164367967,,
BMT164367968,,
BMT164367973,,
BMT164367983,,
BMT164367986,,
BMT164367989,,
BMT164367992,,
BMT164367994,,
BMT164368003,,
BMT164368007,,
BMT164368012,,
BMT164368014,,
BMT164368019,,
BMT164368025,,
BMT164368032,,
BMT164368034,,
BMT164368039,,
BMT164368040,,
BMT164368042,,
BMT164368044,,
BMT164368049,,
BMT164368092,,
BMT164368095,,
BMT164368099,,
BMT164368104,,
BMT164368105,,
BMT164368125,,
BMT164368133,,
BMT164368138,,
BMT164368147,,
BMT164368158,,
BMT164368172,,
BMT164368180,,
BMT164368182,,
BMT164368192,,
BMT164368201,,
BMT164368210,,
BMT164368213,,
BMT164368217,,
BMT164368244,,
BMT164368249,,
BMT164368268,,
BMT164368303,,
BMT164368312,,
BMT164368317,,
BMT164368318,,
BMT164368329,,
BMT164368359,,
BMT164368366,,
BMT164368367,,
BMT164368371,,
BMT164368391,,
BMT164368393,,
BMT164368395,,
BMT164368426,,
BMT164368427,,
BMT164368432,,
BMT164368452,,
BMT164368461,,
BMT164368464,,
BMT164368471,,
BMT164368489,,
BMT164368518,,
BMT164368531,,
BMT164368532,,
BMT164368535,,
BMT164368577,,
BMT164368578,,
BMT164368609,,
BMT164368610,,
BMT164368614,,
BMT164368616,,
BMT164368617,,
BMT164368634,,
BMT164368641,,
BMT164368660,,
BMT164368662,,
BMT164368665,,
BMT164368666,,
BMT164368667,,
BMT164368674,,
BMT164368675,,
BMT164368678,,
BMT164368683,,
BMT164368688,,
BMT164368693,,
BMT164368698,,
BMT164368706,,
BMT164368713,,
BMT164368722,,
BMT164368737,,
BMT164368738,,
BMT164368741,,
BMT164368748,,
BMT164368753,,
BMT164368758,,
BMT164368766,,
BMT164368783,,
BMT164368795,,
BMT164368813,,
BMT164368833,,
BMT164368835,,
BMT164368846,,
BMT164368851,,
BMT164368854,,
BMT164368862,,
BMT164368867,,
BMT164368868,,
BMT164368870,,
BMT164368876,,
BMT164368879,,
BMT164368883,,
BMT164368890,,
BMT164368896,,
BMT164368897,,
BMT164368899,,
BMT164368906,,
BMT164368909,,
BMT164368911,,
BMT164368928,,
BMT164368934,,
BMT164368951,,
BMT164368955,,
BMT164368962,,
BMT164368964,,
BMT164368976,,
BMT164369015,,
BMT164369028,,
BMT164369037,,
BMT164369040,,
BMT164369051,,
BMT164369070,,
BMT164369072,,
BMT164369075,,
BMT164369099,,
BMT164369100,,
BMT164369165,,
BMT164369166,,
BMT164369167,,
BMT164369169,,
BMT164369204,,
BMT164369205,,
BMT164369209,,
BMT164367375,,
BMT164367386,,
BMT164367416,,
BMT164367423,,
BMT164367429,,
BMT164367440,,
BMT164367443,,
BMT164367447,,
BMT164367449,,
BMT164367451,,
BMT164367486,,
BMT164367488,,
BMT164367492,,
BMT164367500,,
BMT164367508,,
BMT164367514,,
BMT164367521,,
BMT164367558,,
BMT164367560,,
BMT164367562,,
BMT164367574,,
BMT164367661,,
BMT164367671,,
BMT164367673,,
BMT164367683,,
BMT164367685,,
BMT164367688,,
BMT164367717,,
BMT164367722,,
BMT164367735,,
BMT164367743,,
BMT164367760,,
BMT164367769,,
BMT164367775,,
BMT164367790,,
BMT164367792,,
BMT164367812,,
BMT164367816,,
BMT164367819,,
BMT164367836,,
BMT164367859,,
BMT164367873,,
BMT164367883,,
BMT164367896,,
BMT164367912,,
BMT164367948,,
BMT164367950,,
BMT164367957,,
BMT164367961,,
BMT164367972,,
BMT164367974,,
BMT164367982,,
BMT164367993,,
BMT164367999,,
BMT164368005,,
BMT164368009,,
BMT164368016,,
BMT164368017,,
BMT164368023,,
BMT164368031,,
BMT164368047,,
BMT164368064,,
BMT164368082,,
BMT164368096,,
BMT164368097,,
BMT164368100,,
BMT164368102,,
BMT164368113,,
BMT164368118,,
BMT164368122,,
BMT164368151,,
BMT164368154,,
BMT164368159,,
BMT164368163,,
BMT164368166,,
BMT164368173,,
BMT164368175,,
BMT164368176,,
BMT164368184,,
BMT164368189,,
BMT164368191,,
BMT164368199,,
BMT164368215,,
BMT164368219,,
BMT164368230,,
BMT164368243,,
BMT164368248,,
BMT164368264,,
BMT164368298,,
BMT164368302,,
BMT164368315,,
BMT164368324,,
BMT164368330,,
BMT164368344,,
BMT164368372,,
BMT164368378,,
BMT164368380,,
BMT164368384,,
BMT164368390,,
BMT164368398,,
BMT164368404,,
BMT164368418,,
BMT164368433,,
BMT164368446,,
BMT164368450,,
BMT164368453,,
BMT164368455,,
BMT164368457,,
BMT164368466,,
BMT164368491,,
BMT164368501,,
BMT164368504,,
BMT164368506,,
BMT164368509,,
BMT164368511,,
BMT164368514,,
BMT164368527,,
BMT164368605,,
BMT164368613,,
BMT164368623,,
BMT164368640,,
BMT164368646,,
BMT164368647,,
BMT164368650,,
BMT164368652,,
BMT164368679,,
BMT164368704,,
BMT164368707,,
BMT164368709,,
BMT164368760,,
BMT164368761,,
BMT164368764,,
BMT164368767,,
BMT164368769,,
BMT164368780,,
BMT164368782,,
BMT164368789,,
BMT164368803,,
BMT164368805,,
BMT164368812,,
BMT164368818,,
BMT164368822,,
BMT164368827,,
BMT164368832,,
BMT164368838,,
BMT164368841,,
BMT164368844,,
BMT164368850,,
BMT164368859,,
BMT164368863,,
BMT164368865,,
BMT164368874,,
BMT164368880,,
BMT164368882,,
BMT164368887,,
BMT164368888,,
BMT164368891,,
BMT164368894,,
BMT164368902,,
BMT164368913,,
BMT164368917,,
BMT164368919,,
BMT164368921,,
BMT164368925,,
BMT164368937,,
BMT164368939,,
BMT164368943,,
BMT164368946,,
BMT164368950,,
BMT164368958,,
BMT164368963,,
BMT164368966,,
BMT164368967,,
BMT164368969,,
BMT164368972,,
BMT164368974,,
BMT164368983,,
BMT164368986,,
BMT164369005,,
BMT164369009,,
BMT164369020,,
BMT164369022,,
BMT164369034,,
BMT164369035,,
BMT164369065,,
BMT164369077,,
BMT164369078,,
BMT164369080,,
BMT164369117,,
BMT164369160,,
BMT164369171,,
BMT164369174,,
BMT164369203,,
BMT164369207,,
BMT164369210,,
BMT164369221,,
BMT164369244,,
BMT164369256,,
BMT164369257,,
BMT164367376,,
BMT164367382,,
BMT164367383,,
BMT164367397,,
BMT164367412,,
BMT164367417,,
BMT164367424,,
BMT164367426,,
BMT164367437,,
BMT164367475,,
BMT164367482,,
BMT164367483,,
BMT164367487,,
BMT164367491,,
BMT164367502,,
BMT164367503,,
BMT164367507,,
BMT164367509,,
BMT164367515,,
BMT164367559,,
BMT164367561,,
BMT164367568,,
BMT164367575,,
BMT164367606,,
BMT164367613,,
BMT164367637,,
BMT164367650,,
BMT164367656,,
BMT164367665,,
BMT164367668,,
BMT164367675,,
BMT164367677,,
BMT164367678,,
BMT164367681,,
BMT164367687,,
BMT164367690,,
BMT164367719,,
BMT164367720,,
BMT164367734,,
BMT164367737,,
BMT164367742,,
BMT164367746,,
BMT164367748,,
BMT164367752,,
BMT164367753,,
BMT164367755,,
BMT164367774,,
BMT164367778,,
BMT164367780,,
BMT164367782,,
BMT164367783,,
BMT164367809,,
BMT164367827,,
BMT164367850,,
BMT164367853,,
BMT164367867,,
BMT164367868,,
BMT164367870,,
BMT164367872,,
BMT164367875,,
BMT164367876,,
BMT164367880,,
BMT164367893,,
BMT164367917,,
BMT164367942,,
BMT164367943,,
BMT164367947,,
BMT164367953,,
BMT164367964,,
BMT164367966,,
BMT164367977,,
BMT164367978,,
BMT164367979,,
BMT164367987,,
BMT164367995,,
BMT164368004,,
BMT164368028,,
BMT164368061,,
BMT164368083,,
BMT164368087,,
BMT164368103,,
BMT164368108,,
BMT164368110,,
BMT164368115,,
BMT164368117,,
BMT164368119,,
BMT164368128,,
BMT164368131,,
BMT164368136,,
BMT164368148,,
BMT164368160,,
BMT164368162,,
BMT164368174,,
BMT164368179,,
BMT164368203,,
BMT164368207,,
BMT164368214,,
BMT164368220,,
BMT164368232,,
BMT164368250,,
BMT164368256,,
BMT164368263,,
BMT164368299,,
BMT164368307,,
BMT164368309,,
BMT164368311,,
BMT164368314,,
BMT164368321,,
BMT164368361,,
BMT164368368,,
BMT164368370,,
BMT164368388,,
BMT164368399,,
BMT164368434,,
BMT164368436,,
BMT164368442,,
BMT164368443,,
BMT164368445,,
BMT164368449,,
BMT164368462,,
BMT164368465,,
BMT164368467,,
BMT164368468,,
BMT164368482,,
BMT164368483,,
BMT164368485,,
BMT164368487,,
BMT164368515,,
BMT164368520,,
BMT164368524,,
BMT164368530,,
BMT164368552,,
BMT164368558,,
BMT164368576,,
BMT164368601,,
BMT164368615,,
BMT164368621,,
BMT164368633,,
BMT164368636,,
BMT164368642,,
BMT164368659,,
BMT164368663,,
BMT164368670,,
BMT164368682,,
BMT164368690,,
BMT164368692,,
BMT164368696,,
BMT164368735,,
BMT164368743,,
BMT164368745,,
BMT164368770,,
BMT164368771,,
BMT164368781,,
BMT164368790,,
BMT164368804,,
BMT164368806,,
BMT164368811,,
BMT164368821,,
BMT164368837,,
BMT164368839,,
BMT164368848,,
BMT164368852,,
BMT164368853,,
BMT164368855,,
BMT164368860,,
BMT164368866,,
BMT164368877,,
BMT164368907,,
BMT164368910,,
BMT164368915,,
BMT164368924,,
BMT164368930,,
BMT164368935,,
BMT164368940,,
BMT164368960,,
BMT164368971,,
BMT164368978,,
BMT164368980,,
BMT164368985,,
BMT164369012,,
BMT164369027,,
BMT164369031,,
BMT164369053,,
BMT164369066,,
BMT164369069,,
BMT164369087,,
BMT164369088,,
BMT164369114,,
BMT164369115,,
BMT164369119,,
BMT164369132,,
BMT164369158,,
BMT164369163,,
BMT164369212,,
BMT164369213,,
BMT164369218,,
BMT164369225,,
BMT164369241,,
BMT164369263,,
BMT164367369,,
BMT164367388,,
BMT164367396,,
BMT164367400,,
BMT164367421,,
BMT164367428,,
BMT164367434,,
BMT164367436,,
BMT164367448,,
BMT164367452,,
BMT164367455,,
BMT164367496,,
BMT164367512,,
BMT164367517,,
BMT164367518,,
BMT164367565,,
BMT164367573,,
BMT164367577,,
BMT164367580,,
BMT164367596,,
BMT164367607,,
BMT164367670,,
BMT164367680,,
BMT164367694,,
BMT164367695,,
BMT164367704,,
BMT164367710,,
BMT164367713,,
BMT164367724,,
BMT164367726,,
BMT164367727,,
BMT164367731,,
BMT164367759,,
BMT164367767,,
BMT164367768,,
BMT164367794,,
BMT164367798,,
BMT164367818,,
BMT164367823,,
BMT164367838,,
BMT164367863,,
BMT164367865,,
BMT164367877,,
BMT164367898,,
BMT164367910,,
BMT164367915,,
BMT164367938,,
BMT164367954,,
BMT164367956,,
BMT164367962,,
BMT164367963,,
BMT164367980,,
BMT164367991,,
BMT164367998,,
BMT164368000,,
BMT164368011,,
BMT164368021,,
BMT164368026,,
BMT164368029,,
BMT164368033,,
BMT164368050,,
BMT164368052,,
BMT164368062,,
BMT164368084,,
BMT164368089,,
BMT164368120,,
BMT164368124,,
BMT164368132,,
BMT164368135,,
BMT164368137,,
BMT164368139,,
BMT164368142,,
BMT164368144,,
BMT164368145,,
BMT164368153,,
BMT164368155,,
BMT164368157,,
BMT164368161,,
BMT164368171,,
BMT164368187,,
BMT164368200,,
BMT164368204,,
BMT164368206,,
BMT164368212,,
BMT164368218,,
BMT164368223,,
BMT164368253,,
BMT164368257,,
BMT164368304,,
BMT164368322,,
BMT164368342,,
BMT164368360,,
BMT164368362,,
BMT164368363,,
BMT164368365,,
BMT164368374,,
BMT164368376,,
BMT164368402,,
BMT164368403,,
BMT164368409,,
BMT164368410,,
BMT164368422,,
BMT164368423,,
BMT164368429,,
BMT164368431,,
BMT164368440,,
BMT164368458,,
BMT164368460,,
BMT164368470,,
BMT164368492,,
BMT164368493,,
BMT164368495,,
BMT164368508,,
BMT164368512,,
BMT164368519,,
BMT164368521,,
BMT164368526,,
BMT164368540,,
BMT164368542,,
BMT164368543,,
BMT164368555,,
BMT164368574,,
BMT164368579,,
BMT164368586,,
BMT164368599,,
BMT164368600,,
BMT164368602,,
BMT164368603,,
BMT164368620,,
BMT164368626,,
BMT164368637,,
BMT164368645,,
BMT164368648,,
BMT164368671,,
BMT164368684,,
BMT164368685,,
BMT164368702,,
BMT164368703,,
BMT164368720,,
BMT164368739,,
BMT164368749,,
BMT164368754,,
BMT164368756,,
BMT164368759,,
BMT164368762,,
BMT164368763,,
BMT164368774,,
BMT164368776,,
BMT164368777,,
BMT164368779,,
BMT164368784,,
BMT164368787,,
BMT164368794,,
BMT164368801,,
BMT164368809,,
BMT164368814,,
BMT164368816,,
BMT164368826,,
BMT164368830,,
BMT164368836,,
BMT164368845,,
BMT164368861,,
BMT164368869,,
BMT164368873,,
BMT164368875,,
BMT164368884,,
BMT164368892,,
BMT164368895,,
BMT164368918,,
BMT164368923,,
BMT164368929,,
BMT164368938,,
BMT164368948,,
BMT164368954,,
BMT164368981,,
BMT164368998,,
BMT164369011,,
BMT164369014,,
BMT164369016,,
BMT164369024,,
BMT164369026,,
BMT164369038,,
BMT164369073,,
BMT164369085,,
BMT164369086,,
BMT164369089,,
BMT164369093,,
BMT164369118,,
BMT164369121,,
BMT164369172,,
BMT164369219,,
BMT164369223,,
BMT164369242,,
BMT164369260,,
BMT164369265,,
BMT164369271,,
BMT164369330,,
BMT164369333,,
BMT164369344,,
BMT164369262,,
BMT164369273,,
BMT164369277,,
BMT164369282,,
BMT164369284,,
BMT164369294,,
BMT164369329,,
BMT164369335,,
BMT164369342,,
BMT164369347,,
BMT164369348,,
BMT164369351,,
BMT164369355,,
BMT164369367,,
BMT164369379,,
BMT164369389,,
BMT164369391,,
BMT164369406,,
BMT164369416,,
BMT164369420,,
BMT164369434,,
BMT164369440,,
BMT164369451,,
BMT164369454,,
BMT164369476,,
BMT164369481,,
BMT164369508,,
BMT164369516,,
BMT164917337,,
BMT164917340,,
BMT164917342,,
BMT164917345,,
BMT165242461,,
BMT165242470,,
BMT165242472,,
BMT166452424,,
BMT166452676,,
BMT166680979,,
BMT166680986,,
BMT166680991,,
BMT167191780,,
BMT167191782,,
BMT168223938,,
BMT168223939,,
BMT168223944,,
BMT168380817,,
BMT168380827,,
BMT169371279,,
BMT169932267,,
BMT169932269,,
BMT169932276,,
BMT170182980,,
BMT170182982,,
BMT170264952,,
BMT170264953,,
BMT170264954,,
BMT170368905,,
BMT170826040,,
BMT170826041,,
BMT170826042,,
BMT171049795,,
BMT171049798,,
BMT171122846,,
BMT171333558,,
BMT171334991,,
BMT171419275,,
BMT171469766,,
BMT171469770,,
BMT171503059,,
BMT171503069,,
BMT171504187,,
BMT171742569,,
BMT171861405,,
BMT172358965,,
BMT173638097,,
BMT173638100,,
BMT173962929,,
BMT173985429,,
BMT173985431,,
BMT173985433,,
BMT174069382,,
BMT174109622,,
BMT174133468,,
BMT174625372,,
BMT174625380,,
BMT174625384,,
BMT174713350,,
BMT174713352,,
BMT174805134,,
BMT174805135,,
BMT174805139,,
BMT174805142,,
BMT175017818,,
BMT175017819,,
BMT175017864,,
BMT175017867,,
BMT175027895,,
BMT175027897,,
BMT175027902,,
BMT175474800,,
BMT175474802,,
BMT175474805,,
BMT175474846,,
BMT175478998,,
BMT175478999,,
BMT175479000,,
BMT175479002,,
BMT175507905,,
BMT175507908,,
BMT175507920,,
BMT175507921,,
BMT175507923,,
BMT175543339,,
BMT175804635,,
BMT176001542,,
BMT176001554,,
BMT176098316,,
BMT176130264,,
BMT176272356,,
BMT176276070,,
BMT176276074,,
BMT176276078,,
BMT176458545,,
BMT176618565,,
BMT176623423,,
BMT176623951,,
BMT176623952,,
BMT176623954,,
BMT176764225,,
BMT1898823B,,
BMT1898949B,,
BMT1899131B,,
BMT1899201B,,
BMT1899208B,,
BMT1899530B,,
BMT1899649B,,
BMT1899670B,,
BMT1899887B,,
BMT1900132B,,
BMT1900223B,,
BMT1900251B,,
BMT1900321B,,
BMT1900377B,,
BMT1900433B,,
BMT1900482B,,
BMT1900510B,,
BMT1900552B,,
BMT1900580B,,
BMT1900657B,,
BMT1900685B,,
BMT1900790B,,
BMT1900881B,,
BMT1900958B,,
BMT1901049B,,
BMT1901105B,,
BMT1901224B,,
BMT1901315B,,
BMT1901392B,,
BMT1901497B,,
BMT1901518B,,
BMT1901532B,,
BMT1901581B,,
BMT1901602B,,
BMT1902050B,,
BMT1902246B,,
BMT1902519B,,
BMT1902533B,,
BMT1902631B,,
BMT1902694B,,
BMT1902708B,,
BMT1933669B,,
BMT1934082B,,
BMT1934985B,,
BMT1935209B,,
BMT1935307B,,
BMT1935370B,,
BMT1935538B,,
BMT1935629B,,
BMT1935706B,,
BMT1935944B,,
BMT1935951B,,
BMT1935958B,,
BMT1935986B,,
BMT1936021B,,
BMT1936028B,,
BMT1936035B,,
BMT2071352B,,
BMT2085226B,,
BMT2122907B,,
BMT2122935B,,
BMT2122942B,,
BMT2141345B,,
BMT2160945B,,
BMT2162709B,,
BMT2162730B,,
BMT2162737B,,
BMT2162793B,,
BMT2164060B,,
BMT2164074B,,
BMT2164081B,,
BMT2164564B,,
BMT2178480B,,
BMT2178543B,,
BMT2206256B,,
BMT2209917B,,
BMT2210127B,,
BMT2214901B,,
BMT164369243,,
BMT164369259,,
BMT164369261,,
BMT164369268,,
BMT164369275,,
BMT164369279,,
BMT164369281,,
BMT164369287,,
BMT164369293,,
BMT164369309,,
BMT164369317,,
BMT164369332,,
BMT164369336,,
BMT164369339,,
BMT164369352,,
BMT164369358,,
BMT164369370,,
BMT164369374,,
BMT164369390,,
BMT164369398,,
BMT164369404,,
BMT164369409,,
BMT164369411,,
BMT164369414,,
BMT164369419,,
BMT164369436,,
BMT164369442,,
BMT164369461,,
BMT164369464,,
BMT164369486,,
BMT164369510,,
BMT164369522,,
BMT164917374,,
BMT165242463,,
BMT165242464,,
BMT165242476,,
BMT166341031,,
BMT166452675,,
BMT166680990,,
BMT167191781,,
BMT167610215,,
BMT168223940,,
BMT168380816,,
BMT168380822,,
BMT169932264,,
BMT169932280,,
BMT170182976,,
BMT170182978,,
BMT170272380,,
BMT170272381,,
BMT170272382,,
BMT170478873,,
BMT170812443,,
BMT170812444,,
BMT170826039,,
BMT171049796,,
BMT171419269,,
BMT171419271,,
BMT171419272,,
BMT171419276,,
BMT171469762,,
BMT171469763,,
BMT171469774,,
BMT171503052,,
BMT171503053,,
BMT171503061,,
BMT171503063,,
BMT171503855,,
BMT171650914,,
BMT171650919,,
BMT171742561,,
BMT171742563,,
BMT171742567,,
BMT171742888,,
BMT171765696,,
BMT171765697,,
BMT171765698,,
BMT172358966,,
BMT173628227,,
BMT173628232,,
BMT173638096,,
BMT173638098,,
BMT173888888,,
BMT173888889,,
BMT173888891,,
BMT173888892,,
BMT173888894,,
BMT173888898,,
BMT173985366,,
BMT173985424,,
BMT174069381,,
BMT174109617,,
BMT174109621,,
BMT174109623,,
BMT174109626,,
BMT174109627,,
BMT174109628,,
BMT174133475,,
BMT174508916,,
BMT174508918,,
BMT174625371,,
BMT174625373,,
BMT174625377,,
BMT174625381,,
BMT174627366,,
BMT174713346,,
BMT174713347,,
BMT174805141,,
BMT174805146,,
BMT174861729,,
BMT174861733,,
BMT175017820,,
BMT175017861,,
BMT175017863,,
BMT175017865,,
BMT175017970,,
BMT175017971,,
BMT175017988,,
BMT175018004,,
BMT175027894,,
BMT175027898,,
BMT175027899,,
BMT175474806,,
BMT175474845,,
BMT175478996,,
BMT175478997,,
BMT175521092,,
BMT175543197,,
BMT175543327,,
BMT175543336,,
BMT175804622,,
BMT175804623,,
BMT175804627,,
BMT176001539,,
BMT176098280,,
BMT176098281,,
BMT176098284,,
BMT176098315,,
BMT176130263,,
BMT176130268,,
BMT176272351,,
BMT176272352,,
BMT176272358,,
BMT176272359,,
BMT176272360,,
BMT176276081,,
BMT176618559,,
BMT176618569,,
BMT176618570,,
BMT176623420,,
BMT176623945,,
BMT176623947,,
BMT176734722,,
BMT176734725,,
BMT176764218,,
BMT176764219,,
BMT1898809B,,
BMT1899075B,,
BMT1899145B,,
BMT1899159B,,
BMT1899264B,,
BMT1899425B,,
BMT1899607B,,
BMT1899621B,,
BMT1899789B,,
BMT1899838B,,
BMT1899915B,,
BMT1899943B,,
BMT1899957B,,
BMT1900167B,,
BMT1900461B,,
BMT1900769B,,
BMT1900776B,,
BMT1900867B,,
BMT1900972B,,
BMT1901154B,,
BMT1901399B,,
BMT1901637B,,
BMT1901840B,,
BMT1901952B,,
BMT1902078B,,
BMT1902176B,,
BMT1902253B,,
BMT1902386B,,
BMT1902400B,,
BMT1902652B,,
BMT1902680B,,
BMT1902736B,,
BMT1933725B,,
BMT1933837B,,
BMT1933865B,,
BMT1934054B,,
BMT1934075B,,
BMT1934957B,,
BMT1935216B,,
BMT1935279B,,
BMT1935398B,,
BMT1935482B,,
BMT1935531B,,
BMT1935734B,,
BMT1935769B,,
BMT1935993B,,
BMT1936105B,,
BMT2085142B,,
BMT2214922B,,
BMT2214992B,,
BMT2215055B,,
BMT2215069B,,
BMT2215090B,,
BMT2215419B,,
BMT2235824B,,
BMT2238232B,,
BMT2240381B,,
BMT2266911B,,
BMT2289423B,,
BMT2290935B,,
BMT2301484B,,
BMT2301491B,,
BMT2307588B,,
BMT2307595B,,
BMT2307623B,,
BMT2369041B,,
BMT2369069B,,
BMT2369132B,,
BMT2408003B,,
BMT2426651B,,
BMT2426665B,,
BMT2426672B,,
BMT2527150B,,
BMT2544594B,,
BMT2699238B,,
BMT2709640B,,
BMT2709682B,,
BMT2729562B,,
BMT2729576B,,
BMT2749743B,,
BMT2749750B,,
BMT2749960B,,
BMT2749967B,,
BMT2750023B,,
BMT2759340B,,
BMT2759389B,,
BMT2759396B,,
BMT2760089B,,
BMT2760264B,,
BMT2762784B,,
BMT2762826B,,
BMT2762840B,,
BMT2762875B,,
BMT2762882B,,
BMT2762959B,,
BMT2763071B,,
BMT2763204B,,
BMT2763232B,,
BMT2765717B,,
BMT2765906B,,
BMT2765920B,,
BMT2766053B,,
BMT2766123B,,
BMT2766151B,,
BMT2766711B,,
BMT2767131B,,
BMT2769595B,,
BMT2834996B,,
BMT2960723B,,
BMT2987260B,,
BMT2987652B,,
BMT2987771B,,
BMT2988023B,,
BMT2988065B,,
BMT2988212B,,
BMT2988219B,,
BMT2988436B,,
BMT2988443B,,
BMT2988632B,,
BMT2988681B,,
BMT2988730B,,
BMT2989087B,,
BMT2989227B,,
BMT2989241B,,
BMT2989808B,,
BMT2989920B,,
BMT2990480B,,
BMT2992300B,,
BMT2992440B,,
BMT2995758B,,
BMT2995765B,,
BMT2995779B,,
BMT2995947B,,
BMT2996185B,,
BMT2996234B,,
BMT2996402B,,
BMT2997130B,,
BMT2997186B,,
BMT2997585B,,
BMT2997606B,,
BMT2997907B,,
BMT3000273B,,
BMT3001568B,,
BMT3002219B,,
BMT3002611B,,
BMT3002744B,,
BMT3002919B,,
BMT3003773B,,
BMT3003787B,,
BMT3003934B,,
BMT3003941B,,
BMT3003962B,,
BMT3004774B,,
BMT3005222B,,
BMT3005236B,,
BMT3005257B,,
BMT3005320B,,
BMT3005579B,,
BMT3005635B,,
BMT3005943B,,
BMT3005999B,,
BMT3006076B,,
BMT3007749B,,
BMT3007777B,,
BMT3007784B,,
BMT3008218B,,
BMT3008225B,,
BMT3008232B,,
BMT3008246B,,
BMT3008260B,,
BMT3008288B,,
BMT3008309B,,
BMT3008456B,,
BMT3008505B,,
BMT3008610B,,
BMT3008750B,,
BMT3008799B,,
BMT3008890B,,
BMT3008967B,,
BMT3008974B,,
BMT3009002B,,
BMT3009065B,,
BMT3009093B,,
BMT3009114B,,
BMT3009135B,,
BMT3017864B,,
BMT3017885B,,
BMT3018158B,,
BMT3019257B,,
BMT3020510B,,
BMT3020580B,,
BMT3020622B,,
BMT3020657B,,
BMT3020790B,,
BMT3020972B,,
BMT3021182B,,
BMT3021189B,,
BMT3021238B,,
BMT3021266B,,
BMT3021301B,,
BMT3021308B,,
BMT3021329B,,
BMT3021917B,,
BMT3022057B,,
BMT3022085B,,
BMT3022099B,,
BMT3022106B,,
BMT3022120B,,
BMT3025277B,,
BMT3038269B,,
BMT3038318B,,
BMT3038346B,,
BMT3038367B,,
BMT3038437B,,
BMT3038934B,,
BMT3039081B,,
BMT3040621B,,
BMT3040915B,,
BMT3040964B,,
BMT3040978B,,
BMT3040992B,,
BMT3041013B,,
BMT3041020B,,
BMT3041034B,,
BMT3041055B,,
BMT3041097B,,
BMT3041118B,,
BMT3041125B,,
BMT3041167B,,
BMT3041181B,,
BMT3041209B,,
BMT3041237B,,
BMT3041251B,,
BMT3041398B,,
BMT3044464B,,
BMT3044492B,,
BMT3044527B,,
BMT3044604B,,
BMT3045045B,,
BMT3046235B,,
BMT3046242B,,
BMT3046263B,,
BMT3046340B,,
BMT3046347B,,
BMT3046536B,,
BMT3046760B,,
BMT3046795B,,
BMT3047138B,,
BMT3047313B,,
BMT3047334B,,
BMT3047516B,,
BMT3047649B,,
BMT3047740B,,
BMT3048538B,,
BMT3048867B,,
BMT3049287B,,
BMT3080059B,,
BMT3137389B,,
BMT3339647B,,
BMT3339794B,,
BMT3340137B,,
BMT3340284B,,
BMT3340424B,,
BMT3340634B,,
BMT3341089B,,
BMT3341348B,,
BMT3341362B,,
BMT3341810B,,
BMT3342615B,,
BMT164369283,,
BMT164369291,,
BMT164369304,,
BMT164369314,,
BMT164369331,,
BMT164369340,,
BMT164369356,,
BMT164369360,,
BMT164369369,,
BMT164369373,,
BMT164369382,,
BMT164369383,,
BMT164369394,,
BMT164369402,,
BMT164369405,,
BMT164369407,,
BMT164369408,,
BMT164369412,,
BMT164369415,,
BMT164369418,,
BMT164369424,,
BMT164369426,,
BMT164369430,,
BMT164369444,,
BMT164369450,,
BMT164369469,,
BMT164369473,,
BMT164369477,,
BMT164369480,,
BMT164369509,,
BMT164369515,,
BMT164369520,,
BMT164369524,,
BMT164917349,,
BMT164917373,,
BMT165242462,,
BMT165242469,,
BMT166680983,,
BMT166680984,,
BMT166680985,,
BMT166680989,,
BMT167191779,,
BMT168380819,,
BMT169371280,,
BMT169371282,,
BMT169371283,,
BMT169744612,,
BMT169744613,,
BMT169932687,,
BMT170182977,,
BMT170216309,,
BMT170478872,,
BMT170478874,,
BMT170478876,,
BMT171419268,,
BMT171469751,,
BMT171469758,,
BMT171469759,,
BMT171469765,,
BMT171469772,,
BMT171503054,,
BMT171503056,,
BMT171503065,,
BMT171503066,,
BMT171504188,,
BMT171650913,,
BMT171650918,,
BMT171742560,,
BMT171742562,,
BMT171742565,,
BMT171742566,,
BMT171861406,,
BMT173628228,,
BMT173638092,,
BMT173638093,,
BMT173638094,,
BMT173638101,,
BMT173638102,,
BMT173888896,,
BMT173985363,,
BMT173985364,,
BMT173985422,,
BMT173985430,,
BMT174109613,,
BMT174109618,,
BMT174109620,,
BMT174133467,,
BMT174133469,,
BMT174133470,,
BMT174361279,,
BMT174508914,,
BMT174625376,,
BMT174713348,,
BMT174713354,,
BMT174805131,,
BMT174805136,,
BMT174861731,,
BMT175017816,,
BMT175017823,,
BMT175017857,,
BMT175017860,,
BMT175017873,,
BMT175017973,,
BMT175017987,,
BMT175018001,,
BMT175018002,,
BMT175258161,,
BMT175258164,,
BMT175474506,,
BMT175478994,,
BMT175507922,,
BMT175507925,,
BMT175521090,,
BMT175521091,,
BMT175541985,,
BMT175541986,,
BMT175543195,,
BMT175543334,,
BMT175543341,,
BMT175804624,,
BMT176001538,,
BMT176001547,,
BMT176001553,,
BMT176098278,,
BMT176130265,,
BMT176130270,,
BMT176272353,,
BMT176272354,,
BMT176272363,,
BMT176272365,,
BMT176272366,,
BMT176276071,,
BMT176276072,,
BMT176276079,,
BMT176618557,,
BMT176618567,,
BMT176618568,,
BMT176623946,,
BMT176623949,,
BMT176623955,,
BMT176623957,,
BMT176734719,,
BMT176734723,,
BMT176734728,,
BMT176764221,,
BMT176764227,,
BMT176764229,,
BMT176764902,,
BMT1898830B,,
BMT1898865B,,
BMT1898879B,,
BMT1899180B,,
BMT1899250B,,
BMT1899404B,,
BMT1899558B,,
BMT1899600B,,
BMT1899873B,,
BMT1900020B,,
BMT1900048B,,
BMT1900104B,,
BMT1900111B,,
BMT1900139B,,
BMT1900174B,,
BMT1900195B,,
BMT1900258B,,
BMT1900468B,,
BMT1900664B,,
BMT1900762B,,
BMT1900804B,,
BMT1900839B,,
BMT1901133B,,
BMT1901182B,,
BMT1901273B,,
BMT1901448B,,
BMT1901560B,,
BMT1901630B,,
BMT1901805B,,
BMT1901903B,,
BMT1901945B,,
BMT1902043B,,
BMT1902169B,,
BMT1902267B,,
BMT1902281B,,
BMT1902449B,,
BMT1902470B,,
BMT1902512B,,
BMT1933704B,,
BMT1933718B,,
BMT1933746B,,
BMT1933767B,,
BMT1933774B,,
BMT1933802B,,
BMT1933858B,,
BMT1933879B,,
BMT1934068B,,
BMT1934950B,,
BMT1934999B,,
BMT1935062B,,
BMT1935335B,,
BMT1935377B,,
BMT1935475B,,
BMT1935587B,,
BMT1935636B,,
BMT1935678B,,
BMT164369346,,
BMT164369359,,
BMT164369364,,
BMT164369366,,
BMT164369377,,
BMT164369378,,
BMT164369387,,
BMT164369397,,
BMT164369421,,
BMT164369428,,
BMT164369433,,
BMT164369435,,
BMT164369437,,
BMT164369439,,
BMT164369448,,
BMT164369452,,
BMT164369453,,
BMT164369455,,
BMT164369460,,
BMT164369487,,
BMT164369488,,
BMT164369490,,
BMT164369513,,
BMT164369518,,
BMT164917338,,
BMT164917372,,
BMT165242465,,
BMT165242467,,
BMT165242471,,
BMT165242474,,
BMT166680978,,
BMT166680981,,
BMT166680982,,
BMT166680987,,
BMT167191784,,
BMT167191786,,
BMT168223941,,
BMT168223942,,
BMT168380815,,
BMT168380820,,
BMT168380825,,
BMT169744611,,
BMT169932263,,
BMT169932272,,
BMT169932273,,
BMT169932278,,
BMT169932282,,
BMT170182979,,
BMT170182983,,
BMT170272385,,
BMT170272386,,
BMT170368904,,
BMT171469750,,
BMT171469753,,
BMT171469755,,
BMT171469767,,
BMT171469768,,
BMT171469769,,
BMT171469773,,
BMT171503057,,
BMT171503058,,
BMT171503067,,
BMT171503072,,
BMT171650912,,
BMT171650915,,
BMT171650916,,
BMT171742889,,
BMT172358968,,
BMT173628230,,
BMT173638095,,
BMT173888895,,
BMT173962928,,
BMT173985362,,
BMT173985423,,
BMT173985426,,
BMT173985427,,
BMT173985434,,
BMT174109614,,
BMT174109615,,
BMT174109624,,
BMT174109625,,
BMT174133474,,
BMT174361278,,
BMT174508913,,
BMT174551960,,
BMT174627365,,
BMT174805132,,
BMT174805138,,
BMT174805145,,
BMT174805149,,
BMT174861734,,
BMT175017817,,
BMT175017855,,
BMT175017858,,
BMT175017871,,
BMT175017969,,
BMT175017972,,
BMT175018003,,
BMT175258160,,
BMT175474801,,
BMT175474803,,
BMT175474847,,
BMT175507904,,
BMT175507906,,
BMT175507910,,
BMT175507924,,
BMT175521088,,
BMT175541980,,
BMT175543193,,
BMT175543194,,
BMT175543328,,
BMT175543330,,
BMT175543332,,
BMT175543343,,
BMT175804626,,
BMT175804631,,
BMT175804633,,
BMT176001535,,
BMT176001536,,
BMT176001540,,
BMT176001543,,
BMT176001545,,
BMT176001549,,
BMT176001551,,
BMT176130271,,
BMT176272361,,
BMT176272362,,
BMT176276064,,
BMT176276065,,
BMT176276067,,
BMT176276069,,
BMT176276073,,
BMT176618560,,
BMT176618562,,
BMT176618563,,
BMT176623421,,
BMT176623422,,
BMT176623948,,
BMT176734720,,
BMT176734721,,
BMT176764223,,
BMT1898914B,,
BMT1898991B,,
BMT1899061B,,
BMT1899124B,,
BMT1899229B,,
BMT1899299B,,
BMT1899313B,,
BMT1899362B,,
BMT1899572B,,
BMT1899614B,,
BMT1899705B,,
BMT1899719B,,
BMT1899964B,,
BMT1899978B,,
BMT1900097B,,
BMT1900160B,,
BMT1900307B,,
BMT1900384B,,
BMT1900440B,,
BMT1900489B,,
BMT1900671B,,
BMT1900678B,,
BMT1900699B,,
BMT1900741B,,
BMT1900783B,,
BMT1900811B,,
BMT1900895B,,
BMT1901077B,,
BMT1901091B,,
BMT1901098B,,
BMT1901161B,,
BMT1901476B,,
BMT1901511B,,
BMT1901546B,,
BMT1901553B,,
BMT1901693B,,
BMT1901728B,,
BMT1901833B,,
BMT1901889B,,
BMT1901973B,,
BMT1902029B,,
BMT1902183B,,
BMT1902190B,,
BMT1902218B,,
BMT1902225B,,
BMT1902274B,,
BMT1902309B,,
BMT1902540B,,
BMT1902568B,,
BMT1902624B,,
BMT1902701B,,
BMT1902729B,,
BMT1933851B,,
BMT1935013B,,
BMT1935174B,,
BMT1935300B,,
BMT1935328B,,
BMT1935342B,,
BMT1935503B,,
BMT1935510B,,
BMT1935517B,,
BMT1935699B,,
BMT1935720B,,
BMT1935783B,,
BMT2141317B,,
BMT2160966B,,
BMT2160973B,,
BMT2160987B,,
BMT2162275B,,
BMT2162800B,,
BMT2162821B,,
BMT2164067B,,
BMT2164361B,,
BMT2164578B,,
BMT2209924B,,
BMT2210078B,,
BMT2210358B,,
BMT2210365B,,
BMT2210463B,,
BMT2210484B,,
BMT2210540B,,
BMT2211548B,,
BMT2214999B,,
BMT2215006B,,
BMT2215062B,,
BMT2238253B,,
BMT2265462B,,
BMT2265469B,,
BMT2275892B,,
BMT2290991B,,
BMT2292615B,,
BMT2292622B,,
BMT2320363B,,
BMT2369461B,,
BMT2369601B,,
BMT2426658B,,
BMT2514088B,,
BMT2516650B,,
BMT2516741B,,
BMT2516748B,,
BMT2565349B,,
BMT2565370B,,
BMT2729548B,,
BMT2744724B,,
BMT2744766B,,
BMT2749939B,,
BMT2760110B,,
BMT2760271B,,
BMT2762980B,,
BMT2763218B,,
BMT2763225B,,
BMT2765563B,,
BMT2766277B,,
BMT2766291B,,
BMT2766606B,,
BMT2766613B,,
BMT2766641B,,
BMT2766676B,,
BMT2766718B,,
BMT2766725B,,
BMT2769518B,,
BMT2769602B,,
BMT2769693B,,
BMT2927508B,,
BMT2987253B,,
BMT2987680B,,
BMT2987764B,,
BMT2988002B,,
BMT2988009B,,
BMT2988037B,,
BMT2988198B,,
BMT2988513B,,
BMT2988625B,,
BMT2988891B,,
BMT2988898B,,
BMT2988989B,,
BMT2989262B,,
BMT2989276B,,
BMT2989290B,,
BMT2989794B,,
BMT2989927B,,
BMT2990046B,,
BMT2990256B,,
BMT2995163B,,
BMT2995331B,,
BMT2995338B,,
BMT2995772B,,
BMT2996339B,,
BMT2997137B,,
BMT2997200B,,
BMT2997508B,,
BMT2997592B,,
BMT3000252B,,
BMT3000287B,,
BMT3001589B,,
BMT3002233B,,
BMT3002359B,,
BMT3002387B,,
BMT3002492B,,
BMT3002499B,,
BMT3003171B,,
BMT3003318B,,
BMT3003332B,,
BMT3003766B,,
BMT3003780B,,
BMT3003822B,,
BMT3004018B,,
BMT3004410B,,
BMT3004473B,,
BMT3004564B,,
BMT3005075B,,
BMT3005096B,,
BMT3005229B,,
BMT3005271B,,
BMT3005285B,,
BMT3005376B,,
BMT3005383B,,
BMT3005453B,,
BMT3005460B,,
BMT3005495B,,
BMT3005509B,,
BMT3005600B,,
BMT3005957B,,
BMT3005971B,,
BMT3005992B,,
BMT3006006B,,
BMT3006034B,,
BMT3006041B,,
BMT3006055B,,
BMT3006069B,,
BMT3007763B,,
BMT3007770B,,
BMT3007847B,,
BMT3007854B,,
BMT3007959B,,
BMT3007980B,,
BMT3008022B,,
BMT3008050B,,
BMT3008085B,,
BMT3008099B,,
BMT3008113B,,
BMT3008148B,,
BMT3008274B,,
BMT3008582B,,
BMT3008596B,,
BMT3008617B,,
BMT3008806B,,
BMT3008946B,,
BMT3008995B,,
BMT3009044B,,
BMT3009107B,,
BMT3009128B,,
BMT3009534B,,
BMT3009597B,,
BMT3009604B,,
BMT3014616B,,
BMT3014630B,,
BMT3015267B,,
BMT3017605B,,
BMT3017850B,,
BMT3018305B,,
BMT3018312B,,
BMT3018627B,,
BMT3018963B,,
BMT3019726B,,
BMT3019747B,,
BMT3019831B,,
BMT3019845B,,
BMT3019859B,,
BMT3020223B,,
BMT3020307B,,
BMT3020321B,,
BMT3020783B,,
BMT3020979B,,
BMT3021203B,,
BMT3021217B,,
BMT3021245B,,
BMT3021252B,,
BMT3021357B,,
BMT3021861B,,
BMT3021868B,,
BMT3022113B,,
BMT3025284B,,
BMT3038276B,,
BMT3038458B,,
BMT3038521B,,
BMT3038920B,,
BMT3039067B,,
BMT3039277B,,
BMT3039746B,,
BMT3039760B,,
BMT3039781B,,
BMT3040012B,,
BMT3040026B,,
BMT3040362B,,
BMT3040446B,,
BMT3040607B,,
BMT3040684B,,
BMT3040691B,,
BMT3040838B,,
BMT3040922B,,
BMT3040936B,,
BMT3040999B,,
BMT3041041B,,
BMT3041069B,,
BMT3041083B,,
BMT3041195B,,
BMT3041307B,,
BMT3041321B,,
BMT3041335B,,
BMT3041370B,,
BMT3041384B,,
BMT3042980B,,
BMT3044156B,,
BMT3044184B,,
BMT3044534B,,
BMT3044541B,,
BMT3044569B,,
BMT3044611B,,
BMT3044625B,,
BMT3044639B,,
BMT3045843B,,
BMT3046165B,,
BMT3046277B,,
BMT3046354B,,
BMT3342622B,,
BMT3342657B,,
BMT3441847B,,
BMT3441882B,,
BMT3441980B,,
BMT3442043B,,
BMT3442400B,,
BMT3442407B,,
BMT3442610B,,
BMT3442694B,,
BMT3442715B,,
BMT3443779B,,
BMT3443898B,,
BMT3443912B,,
BMT3444143B,,
BMT3444171B,,
BMT3444185B,,
BMT3445095B,,
BMT3485163B,,
BMT3486346B,,
BMT3487438B,,
BMT3487452B,,
BMT3487466B,,
BMT3487760B,,
BMT3487774B,,
BMT3487844B,,
BMT3488026B,,
BMT3488033B,,
BMT3488096B,,
BMT3488180B,,
BMT3488187B,,
BMT3488215B,,
BMT3488306B,,
BMT3488327B,,
BMT3488439B,,
BMT3497770B,,
BMT3498043B,,
BMT3498218B,,
BMT3498393B,,
BMT3499597B,,
BMT3499751B,,
BMT3499765B,,
BMT3499863B,,
BMT3499870B,,
BMT3500136B,,
BMT3500304B,,
BMT3500787B,,
BMT3500948B,,
BMT3501256B,,
BMT3501284B,,
BMT3501347B,,
BMT3502495B,,
BMT3555247B,,
BMT3555261B,,
BMT3555275B,,
BMT3616623B,,
BMT3630917B,,
BMT3711081B,,
BMT3712635B,,
BMT3765436B,,
BMT3765786B,,
BMT3766857B,,
BMT3766878B,,
BMT3766885B,,
BMT3766969B,,
BMT3767144B,,
BMT3767319B,,
BMT3767354B,,
BMT3767417B,,
BMT3769349B,,
BMT3769356B,,
BMT3769370B,,
BMT3776286B,,
BMT3776867B,,
BMT3778015B,,
BMT3788585B,,
BMT3788991B,,
BMT3789005B,,
BMT3807548B,,
BMT565351B,,
BMT566758B,,
BMT566849B,,
BMT566933B,,
BMT567024B,,
BMT567031B,,
BMT567101B,,
BMT567171B,,
BMT567178B,,
BMT567185B,,
BMT567654B,,
BMT567675B,,
BMT567682B,,
BMT567696B,,
BMT567738B,,
BMT567759B,,
BMT567885B,,
BMT568039B,,
BMT571826B,,
BMT571973B,,
BMT572029B,,
BMT572127B,,
BMT572169B,,
BMT572218B,,
BMT576124B,,
BMT576250B,,
BMT576285B,,
BMT580387B,,
BMT580415B,,
BMT580422B,,
BMT580471B,,
BMT591139B,,
BMT591153B,,
BMT593106B,,
BMT593176B,,
BMT593253B,,
BMT593309B,,
BMT593344B,,
BMT593393B,,
BMT594037B,,
BMT594072B,,
BMT594100B,,
BMT594114B,,
BMT594149B,,
BMT605363B,,
BMT6390484B,,
BMT6390512B,,
BMT6390547B,,
BMT6390554B,,
BMT6390589B,,
BMT6420332B,,
BMT6428074B,,
BMT6428837B,,
BMT6446624B,,
BMT6446659B,,
BMT6703146B,,
BMT6704399B,,
BMT6704406B,,
BMT6705505B,,
BMT6705764B,,
BMT6705778B,,
BMT6707346B,,
BMT6708123B,,
BMT6708144B,,
BMT6711595B,,
BMT6715536B,,
BMT6715550B,,
BMT6728780B,,
BMT6728850B,,
BMT6730831B,,
BMT6862396B,,
BMT6949882B,,
BMT697154B,,
BMT697896B,,
BMT697903B,,
BMT697917B,,
BMT697980B,,
BMT698344B,,
BMT698456B,,
BMT698491B,,
BMT698554B,,
BMT698568B,,
BMT699114B,,
BMT699380B,,
BMT700556B,,
BMT700570B,,
BMT702642B,,
BMT703545B,,
BMT703594B,,
BMT707640B,,
BMT707871B,,
BMT707934B,,
BMT7159868B,,
BMT7160330B,,
BMT718595B,,
BMT718693B,,
BMT718700B,,
BMT719414B,,
BMT719435B,,
BMT719470B,,
BMT719505B,,
BMT719876B,,
BMT719883B,,
BMT719995B,,
BMT721346B,,
BMT721381B,,
BMT721479B,,
BMT721500B,,
BMT721773B,,
BMT721836B,,
BMT721990B,,
BMT722004B,,
BMT722018B,,
BMT722025B,,
BMT723999B,,
BMT724475B,,
BMT724706B,,
BMT724867B,,
BMT724895B,,
BMT725112B,,
BMT725161B,,
BMT725175B,,
BMT725308B,,
BMT725343B,,
BMT725350B,,
BMT725581B,,
BMT725630B,,
BMT725693B,,
BMT725875B,,
BMT725903B,,
BMT726015B,,
BMT726036B,,
BMT726050B,,
BMT726099B,,
BMT726106B,,
BMT726204B,,
BMT726344B,,
BMT726456B,,
BMT726463B,,
BMT726547B,,
BMT726561B,,
BMT726687B,,
BMT1935867B,,
BMT1935888B,,
BMT1935895B,,
BMT1936091B,,
BMT2073753B,,
BMT2073781B,,
BMT2093507B,,
BMT2093696B,,
BMT2093731B,,
BMT2122900B,,
BMT2141310B,,
BMT2141324B,,
BMT2141331B,,
BMT2141338B,,
BMT2160959B,,
BMT2160980B,,
BMT2162842B,,
BMT2164550B,,
BMT2178473B,,
BMT2209910B,,
BMT2210470B,,
BMT2210526B,,
BMT2210778B,,
BMT2214908B,,
BMT2214915B,,
BMT2214950B,,
BMT2214978B,,
BMT2216574B,,
BMT2238246B,,
BMT2238267B,,
BMT2290928B,,
BMT2335245B,,
BMT2346249B,,
BMT2369454B,,
BMT2369531B,,
BMT2438845B,,
BMT2516657B,,
BMT2547534B,,
BMT2547569B,,
BMT2565356B,,
BMT2709633B,,
BMT2744437B,,
BMT2744703B,,
BMT2744843B,,
BMT2744850B,,
BMT2749176B,,
BMT2749316B,,
BMT2749715B,,
BMT2762574B,,
BMT2762581B,,
BMT2762595B,,
BMT2762623B,,
BMT2762847B,,
BMT2762966B,,
BMT2763085B,,
BMT2766060B,,
BMT2766144B,,
BMT2766263B,,
BMT2766557B,,
BMT2766571B,,
BMT2766655B,,
BMT2766683B,,
BMT2766697B,,
BMT2767152B,,
BMT2769609B,,
BMT2769616B,,
BMT2769623B,,
BMT2960702B,,
BMT2988044B,,
BMT2988289B,,
BMT2988296B,,
BMT2988499B,,
BMT2988653B,,
BMT2989080B,,
BMT2989220B,,
BMT2989801B,,
BMT2989913B,,
BMT2990312B,,
BMT2990494B,,
BMT2990508B,,
BMT2992664B,,
BMT2995170B,,
BMT2995786B,,
BMT2997165B,,
BMT2997172B,,
BMT2997599B,,
BMT3000224B,,
BMT3000266B,,
BMT3000280B,,
BMT3001582B,,
BMT3001680B,,
BMT3002016B,,
BMT3002226B,,
BMT3002373B,,
BMT3002380B,,
BMT3002926B,,
BMT3003388B,,
BMT3003829B,,
BMT3004718B,,
BMT3004725B,,
BMT3005082B,,
BMT3005264B,,
BMT3005278B,,
BMT3005292B,,
BMT3005390B,,
BMT3005474B,,
BMT3005649B,,
BMT3005726B,,
BMT3008057B,,
BMT3008071B,,
BMT3008078B,,
BMT3008134B,,
BMT3008155B,,
BMT3008197B,,
BMT3008211B,,
BMT3008239B,,
BMT3008267B,,
BMT3008281B,,
BMT3008295B,,
BMT3008337B,,
BMT3008372B,,
BMT3008463B,,
BMT3008526B,,
BMT3008575B,,
BMT3008603B,,
BMT3008708B,,
BMT3008827B,,
BMT3008925B,,
BMT3008939B,,
BMT3008981B,,
BMT3009149B,,
BMT3009282B,,
BMT3014644B,,
BMT3014973B,,
BMT3014980B,,
BMT3015288B,,
BMT3017689B,,
BMT3017878B,,
BMT3018459B,,
BMT3019544B,,
BMT3019838B,,
BMT3019908B,,
BMT3020419B,,
BMT3020615B,,
BMT3021168B,,
BMT3021175B,,
BMT3021224B,,
BMT3021322B,,
BMT3022071B,,
BMT3025193B,,
BMT3025263B,,
BMT3025270B,,
BMT3038262B,,
BMT3038444B,,
BMT3038451B,,
BMT3038990B,,
BMT3039319B,,
BMT3039473B,,
BMT3039669B,,
BMT3040033B,,
BMT3040488B,,
BMT3040593B,,
BMT3040677B,,
BMT3040698B,,
BMT3040705B,,
BMT3040768B,,
BMT3040789B,,
BMT3040971B,,
BMT3041006B,,
BMT3041027B,,
BMT3041076B,,
BMT3041132B,,
BMT3041174B,,
BMT3041202B,,
BMT3041223B,,
BMT3041230B,,
BMT3041258B,,
BMT3041272B,,
BMT3041279B,,
BMT3041293B,,
BMT3041300B,,
BMT3041328B,,
BMT3041349B,,
BMT3041356B,,
BMT3041363B,,
BMT3041391B,,
BMT3041405B,,
BMT3044149B,,
BMT3044457B,,
BMT3044632B,,
BMT3044695B,,
BMT3046074B,,
BMT3046081B,,
BMT3046284B,,
BMT3046480B,,
BMT3046942B,,
BMT3046963B,,
BMT3046998B,,
BMT3047320B,,
BMT3047411B,,
BMT3047663B,,
BMT3047677B,,
BMT3048195B,,
BMT3048804B,,
BMT3048860B,,
BMT3049049B,,
BMT3049112B,,
BMT3049378B,,
BMT3049658B,,
BMT3049861B,,
BMT3075047B,,
BMT3075082B,,
BMT3158543B,,
BMT3339801B,,
BMT3339822B,,
BMT3340200B,,
BMT3340480B,,
BMT3340487B,,
BMT3341677B,,
BMT3341901B,,
BMT3342608B,,
BMT726785B,,
BMT726897B,,
BMT727170B,,
BMT727478B,,
BMT727548B,,
BMT7547878B,,
BMT7547892B,,
BMT7587638B,,
BMT7606860B,,
BMT7606874B,,
BMT7606888B,,
BMT7612222B,,
BMT7646795B,,
BMT7647404B,,
BMT7774559B,,
BMT7774566B,,
BMT7774594B,,
BMT7774713B,,
BMT7774867B,,
BMT7774895B,,
BMT7774909B,,
BMT7774923B,,
BMT7792157B,,
BMT7792262B,,
BMT7873182B,,
BMT7944099B,,
BMT8100129B,,
BMT8100136B,,
BMT8707146B,,
BMT8738253B,,
BMT8738262B,,
BMT8738268B,,
BMT8738286B,,
BMT8738291B,,
BMT8739308B,,
BMT8763998B,,
BMT8764000B,,
BMT8851164B,,
BMT8863046B,,
BMT8927638B,,
BMT8928991B,,
BMT8928997B,,
BMT8957964B,,
BMT8984214B,,
BMT9021532B,,
BMT9021566B,,
BMT9022857B,,
BMT9026192B,,
BMT9026197B,,
BMT9084819B,,
BMT9148807B,,
BMT9208254B,,
BMT9208256B,,
BMT9233710B,,
BMT9356552B,,
BMT9356557B,,
BMT9356559B,,
BMT9417859B,,
BMT9417865B,,
BMT9417870B,,
BMT9417981B,,
BMT9421346B,,
BMT9440185B,,
BMT9440186B,,
BMT9440187B,,
BMT9449152B,,
BMT9449155B,,
BMT9449160B,,
BMT9449163B,,
BMT9449188B,,
BMT9461760B,,
BMT3046788B,,
BMT3047005B,,
BMT3047145B,,
BMT3047327B,,
BMT3047418B,,
BMT3048111B,,
BMT3048391B,,
BMT3048874B,,
BMT3049119B,,
BMT3049252B,,
BMT3049280B,,
BMT3049371B,,
BMT3049392B,,
BMT3074949B,,
BMT3075026B,,
BMT3075033B,,
BMT3137410B,,
BMT3259091B,,
BMT3339836B,,
BMT3340438B,,
BMT3341026B,,
BMT3341159B,,
BMT3342566B,,
BMT3342573B,,
BMT3393246B,,
BMT3442008B,,
BMT3442561B,,
BMT3442729B,,
BMT3443919B,,
BMT3444157B,,
BMT3485149B,,
BMT3487487B,,
BMT3487634B,,
BMT3487767B,,
BMT3487837B,,
BMT3488173B,,
BMT3488222B,,
BMT3488404B,,
BMT3488586B,,
BMT3488663B,,
BMT3497588B,,
BMT3497742B,,
BMT3497777B,,
BMT3497882B,,
BMT3497945B,,
BMT3499492B,,
BMT3499499B,,
BMT3499723B,,
BMT3499849B,,
BMT3499996B,,
BMT3500220B,,
BMT3500297B,,
BMT3500563B,,
BMT3501116B,,
BMT3501270B,,
BMT3502390B,,
BMT3529452B,,
BMT3529487B,,
BMT3555268B,,
BMT3555296B,,
BMT3556640B,,
BMT3558040B,,
BMT3584038B,,
BMT3584059B,,
BMT3589960B,,
BMT3676781B,,
BMT3679133B,,
BMT3695632B,,
BMT3700749B,,
BMT3765611B,,
BMT3766052B,,
BMT3766906B,,
BMT3766920B,,
BMT3767151B,,
BMT3767158B,,
BMT3767172B,,
BMT3767361B,,
BMT3769041B,,
BMT3769048B,,
BMT3769055B,,
BMT3769363B,,
BMT3769377B,,
BMT3776916B,,
BMT3776923B,,
BMT3776979B,,
BMT3778022B,,
BMT3778491B,,
BMT3778519B,,
BMT3781095B,,
BMT3810131B,,
BMT566464B,,
BMT566632B,,
BMT566639B,,
BMT566737B,,
BMT566765B,,
BMT566772B,,
BMT566863B,,
BMT567010B,,
BMT567052B,,
BMT567157B,,
BMT567164B,,
BMT567192B,,
BMT567199B,,
BMT567360B,,
BMT567367B,,
BMT567388B,,
BMT567423B,,
BMT567472B,,
BMT567710B,,
BMT567752B,,
BMT567822B,,
BMT567934B,,
BMT567969B,,
BMT568025B,,
BMT568053B,,
BMT571553B,,
BMT571567B,,
BMT571616B,,
BMT571791B,,
BMT571819B,,
BMT572246B,,
BMT576075B,,
BMT576110B,,
BMT576180B,,
BMT580212B,,
BMT580226B,,
BMT591118B,,
BMT591125B,,
BMT591160B,,
BMT591167B,,
BMT591209B,,
BMT591223B,,
BMT591244B,,
BMT593113B,,
BMT593148B,,
BMT593183B,,
BMT593218B,,
BMT593267B,,
BMT594065B,,
BMT594086B,,
BMT6337515B,,
BMT6390470B,,
BMT6390533B,,
BMT6390568B,,
BMT6390575B,,
BMT6703125B,,
BMT6703139B,,
BMT6705470B,,
BMT6705750B,,
BMT6707647B,,
BMT6708592B,,
BMT6709859B,,
BMT6710244B,,
BMT6710279B,,
BMT6728829B,,
BMT6862354B,,
BMT6862368B,,
BMT6862382B,,
BMT697889B,,
BMT697966B,,
BMT697973B,,
BMT697987B,,
BMT698316B,,
BMT698673B,,
BMT699219B,,
BMT700850B,,
BMT702579B,,
BMT707899B,,
BMT7093452B,,
BMT718707B,,
BMT718805B,,
BMT718826B,,
BMT718840B,,
BMT718959B,,
BMT719386B,,
BMT719407B,,
BMT719512B,,
BMT719953B,,
BMT719967B,,
BMT720366B,,
BMT720380B,,
BMT721402B,,
BMT722039B,,
BMT722389B,,
BMT722403B,,
BMT722410B,,
BMT723985B,,
BMT724510B,,
BMT724909B,,
BMT725091B,,
BMT725196B,,
BMT725616B,,
BMT725623B,,
BMT725861B,,
BMT725917B,,
BMT726022B,,
BMT726337B,,
BMT726442B,,
BMT726757B,,
BMT726764B,,
BMT726876B,,
BMT726890B,,
BMT727163B,,
BMT727275B,,
BMT727471B,,
BMT727485B,,
BMT7549663B,,
BMT7606790B,,
BMT7607812B,,
BMT7612390B,,
BMT7750234B,,
BMT7774552B,,
BMT7774888B,,
BMT7774958B,,
BMT7792248B,,
BMT7841885B,,
BMT7845847B,,
BMT7845889B,,
BMT7845910B,,
BMT7852483B,,
BMT8205913B,,
BMT8230287B,,
BMT8707144B,,
BMT8738238B,,
BMT8738240B,,
BMT8738243B,,
BMT8738266B,,
BMT8764029B,,
BMT8764055B,,
BMT8851167B,,
BMT8860205B,,
BMT8860210B,,
BMT8860252B,,
BMT8862924B,,
BMT8899684B,,
BMT8933067B,,
BMT8933400B,,
BMT8933401B,,
BMT8937477B,,
BMT8981794B,,
BMT9006656B,,
BMT9027564B,,
BMT9084820B,,
BMT9266595B,,
BMT9354083B,,
BMT9354084B,,
BMT9366595B,,
BMT9417872B,,
BMT9449154B,,
BMT9449161B,,
BMT9449164B,,
BMT9449189B,,
BMT9461975B,,
BMT3393260B,,
BMT3441840B,,
BMT3441994B,,
BMT3442029B,,
BMT3442050B,,
BMT3442414B,,
BMT3442463B,,
BMT3442575B,,
BMT3442659B,,
BMT3442666B,,
BMT3442673B,,
BMT3442736B,,
BMT3442743B,,
BMT3442750B,,
BMT3443905B,,
BMT3444080B,,
BMT3444150B,,
BMT3444199B,,
BMT3485156B,,
BMT3485394B,,
BMT3486360B,,
BMT3486367B,,
BMT3487501B,,
BMT3487508B,,
BMT3487515B,,
BMT3487606B,,
BMT3487613B,,
BMT3487620B,,
BMT3487928B,,
BMT3488019B,,
BMT3488208B,,
BMT3488334B,,
BMT3488649B,,
BMT3489090B,,
BMT3497938B,,
BMT3497952B,,
BMT3497959B,,
BMT3498246B,,
BMT3498365B,,
BMT3499506B,,
BMT3499513B,,
BMT3499583B,,
BMT3499590B,,
BMT3499737B,,
BMT3500003B,,
BMT3500150B,,
BMT3500290B,,
BMT3500479B,,
BMT3500605B,,
BMT3500710B,,
BMT3501312B,,
BMT3502362B,,
BMT3502404B,,
BMT3502460B,,
BMT3529459B,,
BMT3584066B,,
BMT3701197B,,
BMT3765401B,,
BMT3765772B,,
BMT3766017B,,
BMT3766031B,,
BMT3766892B,,
BMT3767193B,,
BMT3767347B,,
BMT3769335B,,
BMT3776944B,,
BMT3776965B,,
BMT3777014B,,
BMT3777035B,,
BMT3777049B,,
BMT3778512B,,
BMT3781088B,,
BMT3788599B,,
BMT3802123B,,
BMT3810145B,,
BMT566492B,,
BMT566534B,,
BMT566555B,,
BMT566562B,,
BMT566569B,,
BMT566744B,,
BMT566751B,,
BMT566940B,,
BMT566947B,,
BMT566954B,,
BMT566968B,,
BMT566982B,,
BMT567017B,,
BMT567038B,,
BMT567073B,,
BMT567143B,,
BMT567206B,,
BMT567262B,,
BMT567276B,,
BMT567416B,,
BMT567451B,,
BMT567465B,,
BMT567703B,,
BMT567829B,,
BMT567913B,,
BMT567920B,,
BMT567962B,,
BMT567976B,,
BMT568011B,,
BMT571574B,,
BMT571581B,,
BMT571798B,,
BMT571805B,,
BMT571812B,,
BMT572211B,,
BMT572239B,,
BMT576068B,,
BMT576103B,,
BMT576152B,,
BMT576187B,,
BMT576201B,,
BMT580247B,,
BMT580303B,,
BMT580373B,,
BMT580485B,,
BMT580541B,,
BMT591146B,,
BMT591216B,,
BMT591230B,,
BMT593078B,,
BMT593099B,,
BMT593120B,,
BMT593155B,,
BMT593281B,,
BMT593337B,,
BMT593400B,,
BMT594044B,,
BMT594058B,,
BMT594093B,,
BMT594135B,,
BMT605391B,,
BMT6390435B,,
BMT6390442B,,
BMT6390561B,,
BMT6390582B,,
BMT6446610B,,
BMT6483381B,,
BMT6703118B,,
BMT6704371B,,
BMT6707332B,,
BMT6708606B,,
BMT6710062B,,
BMT6711084B,,
BMT6732091B,,
BMT6803652B,,
BMT6804534B,,
BMT6862361B,,
BMT6862410B,,
BMT6949868B,,
BMT698295B,,
BMT698547B,,
BMT698610B,,
BMT698631B,,
BMT698645B,,
BMT698659B,,
BMT699128B,,
BMT699401B,,
BMT699485B,,
BMT699562B,,
BMT700549B,,
BMT700612B,,
BMT700619B,,
BMT700626B,,
BMT700829B,,
BMT703573B,,
BMT703587B,,
BMT707633B,,
BMT707878B,,
BMT718644B,,
BMT718798B,,
BMT719323B,,
BMT719365B,,
BMT719421B,,
BMT719456B,,
BMT719484B,,
BMT719897B,,
BMT720009B,,
BMT720373B,,
BMT721353B,,
BMT721367B,,
BMT721374B,,
BMT721409B,,
BMT721521B,,
BMT721612B,,
BMT721801B,,
BMT721997B,,
BMT722396B,,
BMT724629B,,
BMT724643B,,
BMT724678B,,
BMT724685B,,
BMT724853B,,
BMT724874B,,
BMT725315B,,
BMT725322B,,
BMT725658B,,
BMT725665B,,
BMT725672B,,
BMT725749B,,
BMT725784B,,
BMT725840B,,
BMT725889B,,
BMT726043B,,
BMT726323B,,
BMT726680B,,
BMT726792B,,
BMT727107B,,
BMT727114B,,
BMT727541B,,
BMT727555B,,
BMT7449514B,,
BMT7477983B,,
BMT7547780B,,
BMT7566351B,,
BMT7606818B,,
BMT7606839B,,
BMT7606867B,,
BMT7607791B,,
BMT7607882B,,
BMT7607931B,,
BMT7647376B,,
BMT7726119B,,
BMT7750360B,,
BMT7774986B,,
BMT7775511B,,
BMT7775560B,,
BMT7775581B,,
BMT7775595B,,
BMT7792150B,,
BMT7792199B,,
BMT7792269B,,
BMT7793900B,,
BMT7841878B,,
BMT7845826B,,
BMT7845973B,,
BMT7884746B,,
BMT8100094B,,
BMT8702797B,,
BMT8707143B,,
BMT8707147B,,
BMT8738267B,,
BMT8738269B,,
BMT8738283B,,
BMT8738292B,,
BMT8860202B,,
BMT8860204B,,
BMT8860214B,,
BMT8860219B,,
BMT8863024B,,
BMT8899678B,,
BMT8899687B,,
BMT8965784B,,
BMT8981796B,,
BMT9021534B,,
BMT9026193B,,
BMT9026195B,,
BMT9084822B,,
BMT9084824B,,
BMT9092629B,,
BMT9140183B,,
BMT9148802B,,
BMT9354334B,,
BMT9356553B,,
BMT9356555B,,
BMT9412080B,,
BMT9417871B,,
BMT9421348B,,
BMT9440182B,,
BMT9440183B,,
BMT9440188B,,
BMT9479811B,,
BMT1935881B,,
BMT1935923B,,
BMT1936000B,,
BMT1936049B,,
BMT2085247B,,
BMT2093612B,,
BMT2093689B,,
BMT2122914B,,
BMT2122928B,,
BMT2141352B,,
BMT2160952B,,
BMT2160994B,,
BMT2161001B,,
BMT2162814B,,
BMT2162835B,,
BMT2164053B,,
BMT2210351B,,
BMT2210379B,,
BMT2210519B,,
BMT2214775B,,
BMT2215083B,,
BMT2244203B,,
BMT2266904B,,
BMT2275899B,,
BMT2289416B,,
BMT2290949B,,
BMT2307553B,,
BMT2335238B,,
BMT2350757B,,
BMT2350764B,,
BMT2368628B,,
BMT2369055B,,
BMT2369615B,,
BMT2369657B,,
BMT2369874B,,
BMT2547555B,,
BMT2547702B,,
BMT2565363B,,
BMT2729555B,,
BMT2729583B,,
BMT2744430B,,
BMT2744752B,,
BMT2750037B,,
BMT2760299B,,
BMT2760306B,,
BMT2760320B,,
BMT2760334B,,
BMT2762588B,,
BMT2762889B,,
BMT2762896B,,
BMT2763078B,,
BMT2765591B,,
BMT2765885B,,
BMT2765934B,,
BMT2766067B,,
BMT2766214B,,
BMT2766235B,,
BMT2766312B,,
BMT2766550B,,
BMT2766578B,,
BMT2766585B,,
BMT2766669B,,
BMT2766690B,,
BMT2766704B,,
BMT2769133B,,
BMT2769196B,,
BMT2769644B,,
BMT2834989B,,
BMT2835003B,,
BMT2960695B,,
BMT2987246B,,
BMT2987267B,,
BMT2987617B,,
BMT2987624B,,
BMT2987631B,,
BMT2987645B,,
BMT2987778B,,
BMT2987799B,,
BMT2988016B,,
BMT2988030B,,
BMT2988051B,,
BMT2988058B,,
BMT2988226B,,
BMT2988471B,,
BMT2988520B,,
BMT2988639B,,
BMT2988646B,,
BMT2988660B,,
BMT2988996B,,
BMT2989094B,,
BMT2989234B,,
BMT2989899B,,
BMT2990487B,,
BMT2990501B,,
BMT2991747B,,
BMT2992545B,,
BMT2995968B,,
BMT2996192B,,
BMT2996199B,,
BMT2996444B,,
BMT2997214B,,
BMT2997221B,,
BMT2997396B,,
BMT2997424B,,
BMT3000217B,,
BMT3000259B,,
BMT3000294B,,
BMT3001323B,,
BMT3001428B,,
BMT3001435B,,
BMT3002366B,,
BMT3003836B,,
BMT3003843B,,
BMT3004186B,,
BMT3004375B,,
BMT3004557B,,
BMT3005243B,,
BMT3005250B,,
BMT3005299B,,
BMT3005306B,,
BMT3005369B,,
BMT3005586B,,
BMT3005593B,,
BMT3005642B,,
BMT3005719B,,
BMT3005950B,,
BMT3005978B,,
BMT3006027B,,
BMT3007756B,,
BMT3007952B,,
BMT3007966B,,
BMT3007973B,,
BMT3008029B,,
BMT3008036B,,
BMT3008043B,,
BMT3008106B,,
BMT3008141B,,
BMT3008183B,,
BMT3008190B,,
BMT3008316B,,
BMT3008323B,,
BMT3008484B,,
BMT3008491B,,
BMT3008498B,,
BMT3008512B,,
BMT3008561B,,
BMT3008589B,,
BMT3008722B,,
BMT3008736B,,
BMT3008813B,,
BMT3008820B,,
BMT3008932B,,
BMT3008953B,,
BMT3009023B,,
BMT3009037B,,
BMT3009058B,,
BMT3009079B,,
BMT3009086B,,
BMT3009142B,,
BMT3009156B,,
BMT3014623B,,
BMT3014637B,,
BMT3015260B,,
BMT3015281B,,
BMT3015295B,,
BMT3017598B,,
BMT3017682B,,
BMT3017857B,,
BMT3018452B,,
BMT3018536B,,
BMT3019719B,,
BMT3020314B,,
BMT3020391B,,
BMT3020398B,,
BMT3020412B,,
BMT3020629B,,
BMT3020650B,,
BMT3021126B,,
BMT3021161B,,
BMT3021196B,,
BMT3021259B,,
BMT3021315B,,
BMT3021336B,,
BMT3021343B,,
BMT3021350B,,
BMT3021364B,,
BMT3021371B,,
BMT3021378B,,
BMT3022050B,,
BMT3022092B,,
BMT3038339B,,
BMT3038486B,,
BMT3038493B,,
BMT3038808B,,
BMT3038941B,,
BMT3039088B,,
BMT3039109B,,
BMT3039298B,,
BMT3039767B,,
BMT3039907B,,
BMT3040138B,,
BMT3040278B,,
BMT3040355B,,
BMT3040943B,,
BMT3040985B,,
BMT3041048B,,
BMT3041062B,,
BMT3041090B,,
BMT3041104B,,
BMT3041111B,,
BMT3041265B,,
BMT3041314B,,
BMT3041377B,,
BMT3044562B,,
BMT3044751B,,
BMT3045850B,,
BMT3046060B,,
BMT3046249B,,
BMT3046326B,,
BMT3046333B,,
BMT3046417B,,
BMT3046802B,,
BMT3046844B,,
BMT3046851B,,
BMT3046949B,,
BMT3046956B,,
BMT3047152B,,
BMT3047306B,,
BMT3047642B,,
BMT3047656B,,
BMT3047670B,,
BMT3049056B,,
BMT3049210B,,
BMT3049245B,,
BMT3049343B,,
BMT3049385B,,
BMT3049693B,,
BMT3049749B,,
BMT3049756B,,
BMT3049868B,,
BMT3074942B,,
BMT3137725B,,
BMT3339556B,,
BMT3339619B,,
BMT3339640B,,
BMT3340144B,,
BMT3341355B,,
BMT3341467B,,
BMT3341530B,,
BMT3441833B,,
BMT3442589B,,
BMT3443772B,,
BMT3443800B,,
BMT3443849B,,
BMT3444129B,,
BMT3445102B,,
BMT3485170B,,
BMT3485401B,,
BMT3486353B,,
BMT3487445B,,
BMT3487627B,,
BMT3487893B,,
BMT3488320B,,
BMT3488341B,,
BMT3488348B,,
BMT3488355B,,
BMT3497756B,,
BMT3498092B,,
BMT3498358B,,
BMT3499604B,,
BMT3499730B,,
BMT3499744B,,
BMT3499758B,,
BMT3499793B,,
BMT3500654B,,
BMT3500668B,,
BMT3501060B,,
BMT3501067B,,
BMT3501277B,,
BMT3501417B,,
BMT3502397B,,
BMT3502453B,,
BMT3502467B,,
BMT3529473B,,
BMT3529494B,,
BMT3555240B,,
BMT3555289B,,
BMT3555303B,,
BMT3556703B,,
BMT3558033B,,
BMT3583989B,,
BMT3593019B,,
BMT3616630B,,
BMT3662256B,,
BMT3669557B,,
BMT3695639B,,
BMT3765597B,,
BMT3765765B,,
BMT3765779B,,
BMT3765961B,,
BMT3766024B,,
BMT3766045B,,
BMT3766864B,,
BMT3767165B,,
BMT3767186B,,
BMT3767326B,,
BMT3767333B,,
BMT3767340B,,
BMT3767410B,,
BMT3769342B,,
BMT3769391B,,
BMT3776888B,,
BMT3776930B,,
BMT3776951B,,
BMT3776972B,,
BMT3778505B,,
BMT566457B,,
BMT566485B,,
BMT566499B,,
BMT566527B,,
BMT566548B,,
BMT566730B,,
BMT566856B,,
BMT566996B,,
BMT567066B,,
BMT567108B,,
BMT567136B,,
BMT567150B,,
BMT567213B,,
BMT567283B,,
BMT567332B,,
BMT567444B,,
BMT567458B,,
BMT567479B,,
BMT567689B,,
BMT567836B,,
BMT567997B,,
BMT568032B,,
BMT571560B,,
BMT571609B,,
BMT571966B,,
BMT572113B,,
BMT572232B,,
BMT572253B,,
BMT576243B,,
BMT580240B,,
BMT580534B,,
BMT580548B,,
BMT591237B,,
BMT593302B,,
BMT593316B,,
BMT593323B,,
BMT593351B,,
BMT593358B,,
BMT593386B,,
BMT594051B,,
BMT594121B,,
BMT594128B,,
BMT6390449B,,
BMT6390456B,,
BMT6390463B,,
BMT6390477B,,
BMT6390491B,,
BMT6390498B,,
BMT6390505B,,
BMT6390540B,,
BMT6420129B,,
BMT6420325B,,
BMT6420346B,,
BMT6420493B,,
BMT6428858B,,
BMT6703111B,,
BMT6703132B,,
BMT6705491B,,
BMT6707605B,,
BMT6709257B,,
BMT6709271B,,
BMT6709285B,,
BMT6728864B,,
BMT6755275B,,
BMT6862389B,,
BMT6862403B,,
BMT6862417B,,
BMT697924B,,
BMT698302B,,
BMT698393B,,
BMT698414B,,
BMT698421B,,
BMT698428B,,
BMT698442B,,
BMT698477B,,
BMT698652B,,
BMT698694B,,
BMT699100B,,
BMT699135B,,
BMT700528B,,
BMT700577B,,
BMT700591B,,
BMT700640B,,
BMT700836B,,
BMT700857B,,
BMT702607B,,
BMT702621B,,
BMT703566B,,
BMT703580B,,
BMT707591B,,
BMT707626B,,
BMT707892B,,
BMT7160323B,,
BMT718665B,,
BMT718952B,,
BMT718973B,,
BMT719372B,,
BMT719498B,,
BMT720016B,,
BMT720023B,,
BMT720303B,,
BMT720317B,,
BMT720345B,,
BMT721388B,,
BMT721493B,,
BMT721535B,,
BMT721549B,,
BMT721563B,,
BMT721598B,,
BMT721605B,,
BMT721633B,,
BMT721766B,,
BMT722046B,,
BMT722060B,,
BMT722109B,,
BMT723978B,,
BMT724517B,,
BMT724531B,,
BMT724888B,,
BMT725063B,,
BMT725329B,,
BMT725357B,,
BMT725770B,,
BMT725896B,,
BMT725966B,,
BMT725973B,,
BMT726029B,,
BMT726316B,,
BMT726645B,,
BMT726666B,,
BMT728542B,,
BMT728549B,,
BMT7549628B,,
BMT7606811B,,
BMT7606825B,,
BMT7606853B,,
BMT7607875B,,
BMT7607889B,,
BMT7607924B,,
BMT7607952B,,
BMT7647411B,,
BMT7726105B,,
BMT7726133B,,
BMT7726140B,,
BMT7750311B,,
BMT7774545B,,
BMT7774643B,,
BMT7774937B,,
BMT7792178B,,
BMT7792192B,,
BMT7845875B,,
BMT7873203B,,
BMT7942741B,,
BMT8100115B,,
BMT8738273B,,
BMT8738289B,,
BMT8764002B,,
BMT8767312B,,
BMT8818378B,,
BMT8860208B,,
BMT8860221B,,
BMT8860266B,,
BMT8863032B,,
BMT8895321B,,
BMT8928977B,,
BMT8957971B,,
BMT8981793B,,
BMT8981795B,,
BMT9083488B,,
BMT9233715B,,
BMT9233720B,,
BMT9266597B,,
BMT9341213B,,
BMT9354085B,,
BMT9354332B,,
BMT9354333B,,
BMT9363035B,,
BMT9363038B,,
BMT9398939B,,
BMT9417877B,,
BMT9436451B,,
BMT9440184B,,
BMT9449157B,,
BMT9449159B,,
BMT9449165B,,
BMT9449166B,,
BMT9449176B,,
BMT9449186B,,
