BMT157929121,,
BMT1632556B,,
BMT172280632,,
BMT1632563B,,
BMT172280632,,
BMT100994280,,
BMT172280632,,
BMT6147262B,,
BMT6147759B,,
BMT1635944B,,
BMT164296750,,
BMT1632955B,,
BMT1632955B,,
BMT164296751,,
BMT108682170,,
BMT7190696B,,
BMT7190696B,,
BMT7190717B,,
BMT7190717B,,
BMT7190752B,,
BMT7190752B,,
BMT7190766B,,
BMT7190766B,,
BMT108682177,,
BMT100995358,,
BMT7193342B,,
BMT7193342B,,
BMT100995365,,
BMT100995365,,
BMT7193454B,,
BMT7193454B,,
BMT7193468B,,
BMT7193468B,,
BMT7193482B,,
BMT7193482B,,
BMT7193503B,,
BMT7193503B,,
BMT100995372,,
BMT100995372,,
BMT100995379,,
BMT100995372,,
BMT7195316B,,
BMT7195316B,,
BMT7195330B,,
BMT7195330B,,
BMT7195344B,,
BMT7195344B,,
BMT100995386,,
BMT100995386,,
BMT100995393,,
BMT100995386,,
BMT7195505B,,
BMT7195505B,,
BMT7195526B,,
BMT7195526B,,
BMT7195533B,,
BMT7195533B,,
BMT7195624B,,
BMT7195624B,,
BMT100995400,,
BMT100995400,,
BMT100995407,,
BMT100995400,,
BMT7195932B,,
BMT7195932B,,
BMT7195939B,,
BMT7195939B,,
BMT7195946B,,
BMT7195946B,,
BMT100995414,,
BMT100995414,,
BMT7196142B,,
BMT7196142B,,
BMT100995428,,
BMT100995414,,
BMT7196261B,,
BMT7196261B,,
BMT7196275B,,
BMT7196275B,,
BMT7196282B,,
BMT7196282B,,
BMT7196331B,,
BMT7196331B,,
BMT7196345B,,
BMT7196345B,,
BMT7196366B,,
BMT7196366B,,
BMT100995435,,
BMT100995400,,
BMT100995421,,
BMT166269804,,
BMT7196576B,,
BMT7196576B,,
BMT7196583B,,
BMT7196583B,,
BMT7196618B,,
BMT7196618B,,
BMT7196632B,,
BMT7196632B,,
BMT166269805,,
BMT166269805,,
BMT166269806,,
BMT138921631,,
BMT138921645,,
BMT163144424,,
BMT163144425,,
BMT163144425,,
BMT8892454B,,
BMT8892454B,,
BMT163144426,,
BMT160750031,,
BMT8892851B,,
BMT6220657B,,
BMT123639063,,
BMT163931878,,
BMT6496863B,,
BMT6496863B,,
BMT6496870B,,
BMT6496870B,,
BMT6496877B,,
BMT6496877B,,
BMT6496884B,,
BMT6496884B,,
BMT163931879,,
BMT163931879,,
BMT163931880,,
BMT113326761,,
BMT6683308B,,
BMT6683308B,,
BMT113326775,,
BMT113326775,,
BMT6683322B,,
BMT6683322B,,
BMT113326789,,
BMT166108796,,
BMT166108798,,
BMT172590271,,
BMT7010453B,,
BMT7010453B,,
BMT172590273,,
BMT101000307,,
BMT101000314,,
BMT101000314,,
BMT7013967B,,
BMT7013967B,,
BMT101000321,,
BMT100996947,,
BMT7160197B,,
BMT7160197B,,
BMT100996961,,
BMT172590253,,
BMT172590256,,
BMT172590256,,
BMT172590260,,
BMT172590260,,
BMT172590261,,
BMT172590260,,
BMT7175030B,,
BMT7175030B,,
BMT7175037B,,
BMT7175037B,,
BMT172590262,,
BMT101000860,,
BMT7321351B,,
BMT7321351B,,
BMT7321358B,,
BMT7321358B,,
BMT101000867,,
BMT100996982,,
BMT100996996,,
BMT113326747,,
BMT113326754,,
BMT113326754,,
BMT113326761,,
BMT113326754,,
BMT113326768,,
BMT2611331B,,
BMT7496393B,,
BMT7496393B,,
BMT164631347,,
BMT2838852B,,
BMT7822243B,,
BMT6472454B,,
BMT7822243B,,
BMT123639063,,
BMT123639077,,
BMT123639077,,
BMT123639084,,
BMT123639077,,
BMT7993302B,,
BMT7993302B,,
BMT123639091,,
BMT5769745B,,
BMT164117457,,
BMT5769759B,,
BMT164117457,,
BMT164117483,,
BMT8762191B,,
BMT8762191B,,
BMT8762192B,,
BMT8762192B,,
BMT8762194B,,
BMT8762194B,,
BMT164117484,,
BMT3860327B,,
BMT158829984,,
BMT158829984,,
BMT158829985,,
BMT158829984,,
BMT158829986,,
BMT166632560,,
BMT155214534,,
BMT156292867,,
BMT1717977B,,
BMT1717977B,,
BMT1717984B,,
BMT1717984B,,
BMT1717991B,,
BMT1717991B,,
BMT1717998B,,
BMT1717998B,,
BMT1718005B,,
BMT6313470B,,
BMT101001553,,
BMT154783412,,
BMT154783413,,
BMT154783412,,
BMT154783414,,
BMT154783414,,
BMT6322633B,,
BMT6322633B,,
BMT6322640B,,
BMT6322640B,,
BMT6322647B,,
BMT6322647B,,
BMT6322654B,,
BMT6322654B,,
BMT6322661B,,
BMT6322661B,,
BMT154783415,,
BMT162153455,,
BMT162153456,,
BMT162153455,,
BMT162153457,,
BMT162153457,,
BMT162153458,,
BMT162153457,,
BMT6326406B,,
BMT6326406B,,
BMT162153459,,
BMT6335758B,,
BMT6335765B,,
BMT6335765B,,
BMT159223299,,
BMT172667664,,
BMT172667667,,
BMT3060542B,,
BMT7618998B,,
BMT3060570B,,
BMT7618998B,,
BMT100994595,,
BMT7624619B,,
BMT3938041B,,
BMT7624619B,,
BMT101001483,,
BMT7634650B,,
BMT7634650B,,
BMT101001497,,
BMT7634657B,,
BMT4608767B,,
BMT7634664B,,
BMT7634657B,,
BMT101001469,,
BMT101001476,,
BMT101001476,,
BMT7634664B,,
BMT3551074B,,
BMT7634972B,,
BMT7634972B,,
BMT7634979B,,
BMT7634979B,,
BMT100993986,,
BMT1470835C,,
BMT8140540C,,
BMT1470821C,,
BMT152955416,,
BMT8140540C,,
BMT152955416,,
BMT172849096,,
BMT8797200B,,
BMT8797200B,,
BMT1631408B,,
BMT1631408B,,
BMT1631401B,,
BMT1631401B,,
BMT1631394B,,
BMT1631394B,,
BMT1631387B,,
BMT1631387B,,
BMT1631380B,,
BMT1631380B,,
BMT4182747B,,
BMT4182747B,,
BMT4182775B,,
BMT4182775B,,
BMT172849102,,
BMT3195215C,,
BMT3195222C,,
BMT3195222C,,
BMT3195229C,,
BMT3195229C,,
BMT3195236C,,
BMT3195236C,,
BMT3400735C,,
BMT1450535B,,
BMT8916227B,,
BMT8916227B,,
BMT155756928,,
BMT1454420C,,
BMT163629333,,
BMT166108797,,
BMT155377237,,
BMT166109276,,
BMT166109277,,
BMT166109273,,
BMT166109274,,
BMT166109274,,
BMT166109275,,
BMT166109274,,
BMT166109276,,
BMT155756928,,
BMT3195215C,,
BMT154296193,,
BMT154296194,,
BMT154296194,,
BMT154296195,,
BMT100999439,,
BMT6981004B,,
BMT6981004B,,
BMT100999453,,
BMT172590271,,
BMT172590272,,
BMT2607054B,,
BMT6997727B,,
BMT6997727B,,
BMT172590271,,
BMT163127619,,
BMT7154534B,,
BMT7154534B,,
BMT7154576B,,
BMT7154576B,,
BMT159421044,,
BMT159509158,,
BMT7154807B,,
BMT7154807B,,
BMT159509159,,
BMT166109747,,
BMT166109750,,
BMT4695490B,,
BMT166109750,,
BMT166109750,,
BMT166109752,,
BMT101001798,,
BMT5993164B,,
BMT5993164B,,
BMT172009416,,
BMT172009416,,
BMT5993178B,,
BMT5993178B,,
BMT5993171B,,
BMT5822112B,,
BMT5822105B,,
BMT5822105B,,
BMT5822098B,,
BMT5822098B,,
BMT1634663B,,
BMT1634663B,,
BMT172009418,,
BMT159421044,,
BMT8744631B,,
BMT8744631B,,
BMT8744633B,,
BMT8744633B,,
BMT8744636B,,
BMT8744636B,,
BMT163127620,,
BMT163127620,,
BMT163127621,,
BMT163127621,,
BMT8744640B,,
BMT8744640B,,
BMT163127622,,
BMT164997980,,
BMT164997982,,
BMT1636700B,,
BMT164997980,,
BMT1717487B,,
BMT164997980,,
BMT164997980,,
BMT1717501B,,
BMT1632990B,,
BMT163789777,,
BMT1632997B,,
BMT163789777,,
BMT171866000,,
BMT171866003,,
BMT171866003,,
BMT171866004,,
BMT171866003,,
BMT8905411B,,
BMT8905411B,,
BMT8905412B,,
BMT8905412B,,
BMT171866005,,
BMT157327847,,
BMT157327849,,
BMT157327847,,
BMT8905813B,,
BMT8905813B,,
BMT157327850,,
BMT163565371,,
BMT8906126B,,
BMT8906126B,,
BMT163566370,,
BMT3400735C,,
BMT3400728C,,
BMT3400728C,,
BMT163629331,,
BMT163629331,,
BMT2605640C,,
BMT2605640C,,
BMT155369407,,
BMT155369407,,
BMT1454420C,,
BMT2607355B,,
BMT158830595,,
BMT158830595,,
BMT3860215B,,
BMT158830595,,
BMT9023343B,,
BMT9023343B,,
BMT9023344B,,
BMT157327854,,
BMT157327855,,
BMT166086279,,
BMT5957338B,,
BMT166109275,,
BMT6810869B,,
BMT6810869B,,
BMT166109279,,
BMT3527036B,,
BMT172590270,,
BMT172590270,,
BMT3527043B,,
BMT172957933,,
BMT7252079B,,
BMT7252079B,,
BMT172957934,,
BMT173123226,,
BMT1635846B,,
BMT1635846B,,
BMT1635853B,,
BMT166072458,,
BMT166072460,,
BMT150778567,,
BMT8068034B,,
BMT8068034B,,
BMT8068027B,,
BMT8068027B,,
BMT8068020B,,
BMT8068020B,,
BMT173126674,,
BMT173126672,,
BMT8068349B,,
BMT8068349B,,
BMT8068342B,,
BMT8068342B,,
BMT8068328B,,
BMT8068328B,,
BMT8068321B,,
BMT8068321B,,
BMT8068314B,,
BMT8068314B,,
BMT8068300B,,
BMT8068300B,,
BMT150778567,,
BMT172009403,,
BMT172009402,,
BMT172009402,,
BMT172009404,,
BMT172009403,,
BMT8783947B,,
BMT8783947B,,
BMT8783952B,,
BMT8783952B,,
BMT8783953B,,
BMT8783953B,,
BMT172009406,,
BMT172009406,,
BMT8783955B,,
BMT8783955B,,
BMT172009407,,
BMT172009400,,
BMT172009402,,
BMT164588108,,
BMT8783990B,,
BMT8783990B,,
BMT1724858B,,
BMT164631336,,
BMT8783995B,,
BMT8783995B,,
BMT164631337,,
BMT1724837B,,
BMT8784007B,,
BMT8784007B,,
BMT8784008B,,
BMT1724788B,,
BMT8784010B,,
BMT8784008B,,
BMT8784010B,,
BMT1724823B,,
BMT8784016B,,
BMT1724830B,,
BMT8784016B,,
BMT4048851B,,
BMT168261969,,
BMT168261969,,
BMT8980575B,,
BMT8980575B,,
BMT8980576B,,
BMT8980576B,,
BMT168261970,,
BMT168261969,,
BMT8980597B,,
BMT8980597B,,
BMT4048886B,,
BMT120340082,,
BMT162451196,,
BMT162451196,,
BMT1718222B,,
BMT166600978,,
BMT166600980,,
BMT166600980,,
BMT166600981,,
BMT166600980,,
BMT163963155,,
BMT163963163,,
BMT9142220B,,
BMT9142220B,,
BMT9142222B,,
BMT9142222B,,
BMT163963164,,
BMT163931877,,
BMT163931878,,
BMT6472412B,,
BMT163931877,,
BMT6472419B,,
BMT6472412B,,
BMT6472426B,,
BMT6472419B,,
BMT6472433B,,
BMT6472426B,,
BMT6472454B,,
BMT6472447B,,
BMT6472468B,,
BMT2838831B,,
BMT123639049,,
BMT123639056,,
BMT100998375,,
BMT6484389B,,
BMT6484389B,,
BMT100998382,,
BMT100998382,,
BMT6484403B,,
BMT6484403B,,
BMT6484417B,,
BMT6484417B,,
BMT6484424B,,
BMT6484424B,,
BMT100998389,,
BMT101000300,,
BMT101000307,,
BMT166109741,,
BMT166109742,,
BMT166109742,,
BMT2607908B,,
BMT166108798,,
BMT7047252B,,
BMT7047252B,,
BMT7047273B,,
BMT7047273B,,
BMT166108799,,
BMT101001497,,
BMT4608795B,,
BMT101001497,,
BMT101001511,,
BMT173123223,,
BMT173123225,,
BMT1684909B,,
BMT1684916B,,
BMT1684916B,,
BMT1684923B,,
BMT1684923B,,
BMT172280627,,
BMT1632416B,,
BMT172280625,,
BMT172280625,,
BMT172280626,,
BMT172280625,,
BMT1684909B,,
BMT113326775,,
BMT7874092B,,
BMT7874092B,,
BMT7874099B,,
BMT7874099B,,
BMT113326796,,
BMT149022061,,
BMT149022062,,
BMT149022041,,
BMT172957929,,
BMT149022041,,
BMT172957930,,
BMT166108798,,
BMT166108800,,
BMT166108800,,
BMT166108801,,
BMT166108800,,
BMT166108802,,
BMT166108802,,
BMT166108803,,
BMT163931879,,
BMT8813295B,,
BMT8813295B,,
BMT163931881,,
BMT1629973B,,
BMT8851470B,,
BMT8851470B,,
BMT160534304,,
BMT172714329,,
BMT1717893B,,
BMT1717893B,,
BMT172714330,,
BMT1456149C,,
BMT8906465C,,
BMT8906465C,,
BMT1456135C,,
BMT160750037,,
BMT160750041,,
BMT160750041,,
BMT160750042,,
BMT160750041,,
BMT160750043,,
BMT160750034,,
BMT160749477,,
BMT160749486,,
BMT160749487,,
BMT158376230,,
BMT158376232,,
BMT164296751,,
BMT1632941B,,
BMT1632941B,,
BMT4975273B,,
BMT164631345,,
BMT164631346,,
BMT166109745,,
BMT6823154B,,
BMT6823154B,,
BMT6823168B,,
BMT6823168B,,
BMT166109748,,
BMT171270430,,
BMT171270432,,
BMT100993790,,
BMT157595713,,
BMT1724830B,,
BMT164631340,,
BMT3184253B,,
BMT164631340,,
BMT164631340,,
BMT164631343,,
BMT164631343,,
BMT5765391B,,
BMT5765391B,,
BMT164631344,,
BMT130462831,,
BMT1631653B,,
BMT1631653B,,
BMT130462838,,
BMT130462817,,
BMT130462852,,
BMT157929143,,
BMT157783712,,
BMT157783852,,
BMT8084491B,,
BMT8084491B,,
BMT8084498B,,
BMT8084498B,,
BMT157783853,,
BMT157783853,,
BMT157783854,,
BMT159880164,,
BMT8094984B,,
BMT8094984B,,
BMT8094991B,,
BMT8094991B,,
BMT159880167,,
BMT157327854,,
BMT157327856,,
BMT157327856,,
BMT100998235,,
BMT156375084,,
BMT156375085,,
BMT156375085,,
BMT156375086,,
BMT156375085,,
BMT156375087,,
BMT157783853,,
BMT8991936B,,
BMT8991936B,,
BMT157783855,,
BMT157783855,,
BMT157783856,,
BMT163629314,,
BMT9132629B,,
BMT9132629B,,
BMT1456170C,,
BMT1456170C,,
BMT9132656C,,
BMT9132656C,,
BMT1456149C,,
BMT5993171B,,
BMT172009417,,
BMT172009417,,
BMT5822112B,,
BMT172009417,,
BMT9132702B,,
BMT9132702B,,
BMT9132706B,,
BMT9132706B,,
BMT9132708B,,
BMT9132708B,,
BMT9132710B,,
BMT9132710B,,
BMT172009419,,
BMT172009417,,
BMT9132746B,,
BMT164997979,,
BMT3879864B,,
BMT3879864B,,
BMT3879871B,,
BMT3879871B,,
BMT164997981,,
BMT9200940B,,
BMT9202035B,,
BMT9202035B,,
BMT166269807,,
BMT172557341,,
BMT172557344,,
BMT172627073,,
BMT9386755B,,
BMT9386755B,,
BMT9386754B,,
BMT9386754B,,
BMT9386756B,,
BMT9386756B,,
BMT9386757B,,
BMT9386757B,,
BMT9386758B,,
BMT9386758B,,
BMT9386759B,,
BMT9386759B,,
BMT9386760B,,
BMT8892851B,,
BMT8892852B,,
BMT8892852B,,
BMT8892853B,,
BMT8892853B,,
BMT8892854B,,
BMT8892854B,,
BMT8892855B,,
BMT8892855B,,
BMT160750032,,
BMT160750032,,
BMT160750033,,
BMT160750032,,
BMT160750034,,
BMT160750034,,
BMT160750035,,
BMT160750035,,
BMT160750037,,
BMT160750037,,
BMT160750039,,
BMT160750039,,
BMT160750044,,
BMT160750035,,
BMT160750038,,
BMT158484387,,
BMT158484389,,
BMT172273081,,
BMT172273083,,
BMT172273081,,
BMT1718663B,,
BMT172273083,,
BMT1718649B,,
BMT1718649B,,
BMT9048249B,,
BMT9048249B,,
BMT1718656B,,
BMT1718656B,,
BMT172273084,,
BMT168253875,,
BMT168253876,,
BMT168253876,,
BMT168253877,,
BMT168253876,,
BMT168253878,,
BMT168253878,,
BMT9052799B,,
BMT9052799B,,
BMT168253879,,
BMT168253879,,
BMT168253881,,
BMT159880163,,
BMT159880165,,
BMT155756928,,
BMT163629332,,
BMT2606998B,,
BMT9368728B,,
BMT9368728B,,
BMT4745708B,,
BMT171865996,,
BMT9369032B,,
BMT9369032B,,
BMT9369035B,,
BMT9369035B,,
BMT171865999,,
BMT4850176B,,
BMT173127268,,
BMT173127268,,
BMT2606018B,,
BMT173127268,,
BMT173128387,,
BMT173135836,,
BMT2606032B,,
BMT2606018B,,
BMT9399530B,,
BMT9399530B,,
BMT9399531B,,
BMT9399531B,,
BMT173128386,,
BMT173128386,,
BMT173128388,,
BMT173128388,,
BMT9399544B,,
BMT9399544B,,
BMT173126669,,
BMT173126670,,
BMT173126671,,
BMT173126671,,
BMT111601317,,
BMT9399578B,,
BMT4850176B,,
BMT9399580B,,
BMT9399578B,,
BMT4850183B,,
BMT9399581B,,
BMT9399581B,,
BMT9399580B,,
BMT9399583B,,
BMT4850183B,,
BMT9399588B,,
BMT9399584B,,
BMT9399590B,,
BMT9399588B,,
BMT4850190B,,
BMT9399593B,,
BMT9399593B,,
BMT9399590B,,
BMT9399584B,,
BMT9399602B,,
BMT9399602B,,
BMT9399583B,,
BMT157030833,,
BMT157030835,,
BMT158055066,,
BMT3056573B,,
BMT3056573B,,
BMT3056580B,,
BMT3056580B,,
BMT3056587B,,
BMT3056587B,,
BMT9000169B,,
BMT9000169B,,
BMT3879633B,,
BMT3879633B,,
BMT9000176B,,
BMT9000176B,,
BMT9000193B,,
BMT9000193B,,
BMT9000195B,,
BMT9000195B,,
BMT9000199B,,
BMT9000199B,,
BMT9000204B,,
BMT9000204B,,
BMT158055068,,
BMT159223299,,
BMT6335835B,,
BMT6335835B,,
BMT6335842B,,
BMT6335842B,,
BMT9033246B,,
BMT9033246B,,
BMT159223300,,
BMT1637022B,,
BMT9033315B,,
BMT9033315B,,
BMT4367211B,,
BMT1636910B,,
BMT9068907B,,
BMT9068907B,,
BMT1636966B,,
BMT1636980B,,
BMT9068932B,,
BMT9068932B,,
BMT1636987B,,
BMT1636987B,,
BMT9068939B,,
BMT9068939B,,
BMT160649542,,
BMT1636966B,,
BMT9068943B,,
BMT9068943B,,
BMT1636973B,,
BMT160749477,,
BMT160750036,,
BMT163127621,,
BMT9124035B,,
BMT9124035B,,
BMT9124036B,,
BMT9124036B,,
BMT163127623,,
BMT164631339,,
BMT4869713B,,
BMT4869713B,,
BMT4869720B,,
BMT4869720B,,
BMT164631341,,
BMT3398257B,,
BMT164588112,,
BMT164588112,,
BMT9159409B,,
BMT9159409B,,
BMT3398250B,,
BMT1458312B,,
BMT137054941,,
BMT1458319B,,
BMT1458312B,,
BMT1458326B,,
BMT1458319B,,
BMT160534304,,
BMT1629945B,,
BMT160534304,,
BMT160534306,,
BMT1629980B,,
BMT1629973B,,
BMT1629987B,,
BMT1629980B,,
BMT1629994B,,
BMT1629987B,,
BMT160534303,,
BMT1629994B,,
BMT1630015B,,
BMT160534303,,
BMT1630022B,,
BMT1630015B,,
BMT1630029B,,
BMT1630022B,,
BMT1630036B,,
BMT1630029B,,
BMT100996114,,
BMT1630036B,,
BMT160515906,,
BMT160515907,,
BMT1630148B,,
BMT160515908,,
BMT1630155B,,
BMT1630148B,,
BMT1630162B,,
BMT1630155B,,
BMT1630204B,,
BMT164560603,,
BMT1630211B,,
BMT1630204B,,
BMT1718005B,,
BMT1463821B,,
BMT160750037,,
BMT160750040,,
BMT1718327B,,
BMT8952182B,,
BMT8952182B,,
BMT1718334B,,
BMT157929132,,
BMT8996641B,,
BMT8996641B,,
BMT8996642B,,
BMT8996642B,,
BMT157929134,,
BMT1456135C,,
BMT163629315,,
BMT166072481,,
BMT166072484,,
BMT172280623,,
BMT9037077B,,
BMT9037077B,,
BMT1632416B,,
BMT160649543,,
BMT9064847B,,
BMT9064847B,,
BMT160649544,,
BMT160416253,,
BMT160416252,,
BMT160416250,,
BMT160416252,,
BMT168579257,,
BMT9275038B,,
BMT9275038B,,
BMT9275040B,,
BMT9275040B,,
BMT9275041B,,
BMT9275041B,,
BMT9275042B,,
BMT9275042B,,
BMT9275043B,,
BMT9275043B,,
BMT9275044B,,
BMT9275044B,,
BMT168579258,,
BMT1718530B,,
BMT9305056B,,
BMT9305056B,,
BMT1719650B,,
BMT1719650B,,
BMT9305059B,,
BMT9305059B,,
BMT1719643B,,
BMT1719643B,,
BMT9305065B,,
BMT9305065B,,
BMT1719636B,,
BMT172170279,,
BMT172170280,,
BMT172170279,,
BMT3528254B,,
BMT3528254B,,
BMT3528261B,,
BMT3528261B,,
BMT9377077B,,
BMT9377077B,,
BMT9377078B,,
BMT9377078B,,
BMT172170281,,
BMT1459740B,,
BMT1459747B,,
BMT1459747B,,
BMT1459754B,,
BMT1459754B,,
BMT137054934,,
BMT137054934,,
BMT1458326B,,
BMT137054934,,
BMT1459775B,,
BMT137054927,,
BMT1459740B,,
BMT100993671,,
BMT1717739B,,
BMT1459775B,,
BMT1459838B,,
BMT1459782B,,
BMT137054948,,
BMT1459838B,,
BMT1459782B,,
BMT1632402B,,
BMT172280624,,
BMT1632409B,,
BMT1632402B,,
BMT172280623,,
BMT1632409B,,
BMT1632430B,,
BMT1632073B,,
BMT100995624,,
BMT1632430B,,
BMT1632444B,,
BMT100995624,,
BMT100994252,,
BMT1632444B,,
BMT1632486B,,
BMT165201907,,
BMT165201905,,
BMT1632150B,,
BMT165201905,,
BMT1632486B,,
BMT1632500B,,
BMT165201905,,
BMT157929123,,
BMT100994672,,
BMT1630218B,,
BMT1630400B,,
BMT164560601,,
BMT1630211B,,
BMT164560601,,
BMT1630218B,,
BMT1630232B,,
BMT164560601,,
BMT1630281B,,
BMT164560602,,
BMT1630288B,,
BMT1630281B,,
BMT1630295B,,
BMT1630288B,,
BMT164560600,,
BMT1630232B,,
BMT164560600,,
BMT1630295B,,
BMT164560599,,
BMT164560600,,
BMT1630372B,,
BMT1630358B,,
BMT1630386B,,
BMT1630372B,,
BMT1630400B,,
BMT1630386B,,
BMT1630400B,,
BMT164560604,,
BMT160515907,,
BMT1630162B,,
BMT160515907,,
BMT160515909,,
BMT1630428B,,
BMT100996114,,
BMT1630456B,,
BMT1630428B,,
BMT1630463B,,
BMT1630456B,,
BMT1630484B,,
BMT1630463B,,
BMT1630533B,,
BMT165198408,,
BMT1630540B,,
BMT1630533B,,
BMT1630547B,,
BMT1630540B,,
BMT1630561B,,
BMT1630575B,,
BMT1630575B,,
BMT1630589B,,
BMT1630589B,,
BMT1630603B,,
BMT1630603B,,
BMT152818974,,
BMT1630673B,,
BMT1630547B,,
BMT165198406,,
BMT165198407,,
BMT165198406,,
BMT1630673B,,
BMT165198406,,
BMT1630694B,,
BMT165198405,,
BMT165198406,,
BMT1630694B,,
BMT1630834B,,
BMT1630701B,,
BMT1630708B,,
BMT1630708B,,
BMT1630715B,,
BMT1630715B,,
BMT1630722B,,
BMT1630722B,,
BMT1630729B,,
BMT1630729B,,
BMT165198401,,
BMT165198401,,
BMT1630743B,,
BMT1630743B,,
BMT1630750B,,
BMT1630750B,,
BMT1630757B,,
BMT1630757B,,
BMT165198402,,
BMT165198402,,
BMT1630827B,,
BMT165198402,,
BMT1630988B,,
BMT1630785B,,
BMT165198405,,
BMT165198403,,
BMT1630785B,,
BMT1630806B,,
BMT165198403,,
BMT1630813B,,
BMT1630806B,,
BMT1630820B,,
BMT1630813B,,
BMT1630827B,,
BMT1630820B,,
BMT1630834B,,
BMT1630841B,,
BMT1630841B,,
BMT165198409,,
BMT1630904B,,
BMT1724564B,,
BMT1630911B,,
BMT1630904B,,
BMT1630918B,,
BMT1630911B,,
BMT1630925B,,
BMT1630918B,,
BMT1632514B,,
BMT157929123,,
BMT157929122,,
BMT1632514B,,
BMT1632535B,,
BMT157929122,,
BMT1632542B,,
BMT1632535B,,
BMT1632556B,,
BMT1632542B,,
BMT1632563B,,
BMT172280633,,
BMT172280633,,
BMT1632577B,,
BMT1632577B,,
BMT1632584B,,
BMT166008466,,
BMT1632724B,,
BMT172280631,,
BMT172280632,,
BMT1632619B,,
BMT1632220B,,
BMT1632626B,,
BMT1632619B,,
BMT172849090,,
BMT1632626B,,
BMT1632640B,,
BMT172849090,,
BMT1632647B,,
BMT1632640B,,
BMT1632661B,,
BMT1631982B,,
BMT1632675B,,
BMT1632661B,,
BMT1632675B,,
BMT1632689B,,
BMT1632682B,,
BMT1632500B,,
BMT1632689B,,
BMT165201904,,
BMT165201904,,
BMT1632682B,,
BMT1632724B,,
BMT166008467,,
BMT166008467,,
BMT1632738B,,
BMT1632738B,,
BMT166008468,,
BMT166008468,,
BMT1632752B,,
BMT166008468,,
BMT100994322,,
BMT1632752B,,
BMT1632766B,,
BMT163789774,,
BMT1632927B,,
BMT1632766B,,
BMT1659758B,,
BMT1632773C,,
BMT120338080,,
BMT1632780C,,
BMT1632773C,,
BMT1632787C,,
BMT1632780C,,
BMT1632801C,,
BMT1632787C,,
BMT157595709,,
BMT1718292B,,
BMT1632913B,,
BMT1632983B,,
BMT1632927B,,
BMT163789775,,
BMT163789775,,
BMT163789776,,
BMT163789776,,
BMT1632913B,,
BMT1632983B,,
BMT1632990B,,
BMT1632997B,,
BMT1634362B,,
BMT1633025B,,
BMT1633032B,,
BMT1633032B,,
BMT1633039B,,
BMT1633039B,,
BMT1633053B,,
BMT1633046B,,
BMT161025609,,
BMT1633053B,,
BMT161025608,,
BMT161025608,,
BMT1633067B,,
BMT1633067B,,
BMT5906378B,,
BMT1633074B,,
BMT1633046B,,
BMT1633102B,,
BMT1633025B,,
BMT1633109B,,
BMT1633102B,,
BMT161025607,,
BMT1633109B,,
BMT161025606,,
BMT161025607,,
BMT100993783,,
BMT1718439B,,
BMT100993783,,
BMT1718446B,,
BMT166008469,,
BMT1633221B,,
BMT1633221B,,
BMT1633228B,,
BMT1630932B,,
BMT1630925B,,
BMT1630939B,,
BMT1724501B,,
BMT152818971,,
BMT1630960B,,
BMT152818969,,
BMT1630939B,,
BMT152818969,,
BMT152818971,,
BMT1630960B,,
BMT1630932B,,
BMT1630974B,,
BMT152818969,,
BMT152818968,,
BMT1630974B,,
BMT100994098,,
BMT1684489B,,
BMT1630988B,,
BMT1630995B,,
BMT1630995B,,
BMT1631002B,,
BMT1631002B,,
BMT1631009B,,
BMT1631009B,,
BMT1631016B,,
BMT1631016B,,
BMT165198404,,
BMT165198404,,
BMT1631030B,,
BMT156028761,,
BMT1631079B,,
BMT1631072B,,
BMT156028761,,
BMT1631079B,,
BMT1631086B,,
BMT1631086B,,
BMT1724697B,,
BMT100994119,,
BMT1631163B,,
BMT1631100B,,
BMT1631107B,,
BMT1631107B,,
BMT1631114B,,
BMT1631114B,,
BMT1631121B,,
BMT1631121B,,
BMT150206623,,
BMT150206623,,
BMT1631135B,,
BMT1631135B,,
BMT1631142B,,
BMT1631142B,,
BMT1631149B,,
BMT1631149B,,
BMT1631156B,,
BMT1631156B,,
BMT1631170B,,
BMT1631163B,,
BMT1631100B,,
BMT1631170B,,
BMT1631177B,,
BMT1631177B,,
BMT1631184B,,
BMT1631184B,,
BMT150206624,,
BMT150206624,,
BMT1631198B,,
BMT1631198B,,
BMT100994140,,
BMT100994140,,
BMT1631212B,,
BMT100994140,,
BMT100994154,,
BMT156028757,,
BMT1670377B,,
BMT1631212B,,
BMT1631219B,,
BMT1631219B,,
BMT1631233B,,
BMT130462803,,
BMT130462810,,
BMT1631233B,,
BMT1631240B,,
BMT1631240B,,
BMT1631247B,,
BMT1631247B,,
BMT1631254B,,
BMT1631254B,,
BMT1631261B,,
BMT1631261B,,
BMT1631842B,,
BMT1631275B,,
BMT100995701,,
BMT1631282B,,
BMT1631275B,,
BMT1631289B,,
BMT1631282B,,
BMT1631303B,,
BMT1631289B,,
BMT1631317B,,
BMT1631303B,,
BMT1631331B,,
BMT1631317B,,
BMT1631436B,,
BMT172849096,,
BMT1631450B,,
BMT1631436B,,
BMT1631471B,,
BMT1631450B,,
BMT1631506B,,
BMT165201910,,
BMT172714324,,
BMT1717662B,,
BMT1453853B,,
BMT172760881,,
BMT172760880,,
BMT1453853B,,
BMT172760881,,
BMT1453881B,,
BMT163629333,,
BMT100993622,,
BMT1453881B,,
BMT172760882,,
BMT172760882,,
BMT1453895B,,
BMT1453895B,,
BMT172760883,,
BMT172760884,,
BMT172760883,,
BMT172760883,,
BMT1453916B,,
BMT1453916B,,
BMT1453923B,,
BMT1453923B,,
BMT1453930B,,
BMT1453930B,,
BMT172760885,,
BMT1634712B,,
BMT173123222,,
BMT173123222,,
BMT1634754B,,
BMT1634754B,,
BMT1634761B,,
BMT1634761B,,
BMT1634775B,,
BMT1634775B,,
BMT173123223,,
BMT173123223,,
BMT173123224,,
BMT172467205,,
BMT1635027B,,
BMT173123224,,
BMT1635251B,,
BMT1635251B,,
BMT1635258B,,
BMT1635265B,,
BMT1635258B,,
BMT1635265B,,
BMT1635832B,,
BMT172467200,,
BMT1635496B,,
BMT1635475B,,
BMT1635489B,,
BMT1635489B,,
BMT1635503B,,
BMT1635496B,,
BMT172467201,,
BMT172467201,,
BMT1635524B,,
BMT1635524B,,
BMT1635503B,,
BMT1635594B,,
BMT1635608B,,
BMT1635608B,,
BMT1635615B,,
BMT1635615B,,
BMT149925940,,
BMT1635699B,,
BMT3060528B,,
BMT1635706B,,
BMT1635699B,,
BMT149925939,,
BMT1635594B,,
BMT149925939,,
BMT1635706B,,
BMT1635720B,,
BMT149925939,,
BMT1635727B,,
BMT1635720B,,
BMT149925938,,
BMT1635727B,,
BMT1635741B,,
BMT149925938,,
BMT1635748B,,
BMT1635741B,,
BMT1635755B,,
BMT1635748B,,
BMT1635832B,,
BMT173123226,,
BMT173123226,,
BMT173123227,,
BMT1635853B,,
BMT173123228,,
BMT173123227,,
BMT173123229,,
BMT173123229,,
BMT1635895B,,
BMT173123229,,
BMT1635979B,,
BMT1635895B,,
BMT6147759B,,
BMT1635944B,,
BMT173123230,,
BMT1635979B,,
BMT1701583B,,
BMT1636182B,,
BMT1636196B,,
BMT1636196B,,
BMT1636322B,,
BMT1636210B,,
BMT100995785,,
BMT1636224B,,
BMT1635755B,,
BMT1631513B,,
BMT1631583B,,
BMT1631520B,,
BMT1631506B,,
BMT1631527B,,
BMT1631520B,,
BMT165201908,,
BMT1631513B,,
BMT165201908,,
BMT1631527B,,
BMT165201903,,
BMT165201908,,
BMT1631548B,,
BMT165201903,,
BMT1631583B,,
BMT165201909,,
BMT1631590B,,
BMT1701555B,,
BMT130462817,,
BMT1631590B,,
BMT1631604B,,
BMT130462817,,
BMT130462810,,
BMT1631604B,,
BMT130462810,,
BMT1631625B,,
BMT130462810,,
BMT130462831,,
BMT1631625B,,
BMT1701492B,,
BMT1631772B,,
BMT101002120,,
BMT1631779B,,
BMT1631772B,,
BMT1631800B,,
BMT1631807B,,
BMT1631807B,,
BMT100995652,,
BMT1631842B,,
BMT1631849B,,
BMT1631849B,,
BMT150206625,,
BMT150206625,,
BMT1631863B,,
BMT1631863B,,
BMT1631870B,,
BMT1631870B,,
BMT1631877B,,
BMT1631877B,,
BMT150206626,,
BMT150206626,,
BMT100994161,,
BMT1631954B,,
BMT1631548B,,
BMT165201901,,
BMT165201902,,
BMT165201901,,
BMT1631954B,,
BMT165201901,,
BMT1631975B,,
BMT165201900,,
BMT165201901,,
BMT1631982B,,
BMT1631975B,,
BMT1631989B,,
BMT100995645,,
BMT100995638,,
BMT1631989B,,
BMT1632003B,,
BMT100995638,,
BMT1632010B,,
BMT1632003B,,
BMT100995631,,
BMT1632010B,,
BMT1632038B,,
BMT100995631,,
BMT1632045B,,
BMT1632038B,,
BMT1632066B,,
BMT1632045B,,
BMT1632073B,,
BMT1632066B,,
BMT1632115B,,
BMT165201906,,
BMT1632122B,,
BMT1632115B,,
BMT1632136B,,
BMT1632122B,,
BMT1632143B,,
BMT1632136B,,
BMT1632150B,,
BMT1632143B,,
BMT1632157B,,
BMT1631471B,,
BMT1632164B,,
BMT1632157B,,
BMT1632171B,,
BMT1632164B,,
BMT101002113,,
BMT1631779B,,
BMT172849092,,
BMT101002106,,
BMT172849091,,
BMT101002043,,
BMT172849091,,
BMT172849092,,
BMT172849091,,
BMT172849093,,
BMT172849094,,
BMT172849095,,
BMT172849095,,
BMT1632171B,,
BMT1633228B,,
BMT166008470,,
BMT166008470,,
BMT166008471,,
BMT166008470,,
BMT158996019,,
BMT166008471,,
BMT1633277B,,
BMT158997529,,
BMT158997530,,
BMT1633270B,,
BMT166008472,,
BMT1633277B,,
BMT1633298B,,
BMT1633284B,,
BMT1633270B,,
BMT158997530,,
BMT158997531,,
BMT1633298B,,
BMT2965517B,,
BMT1633305B,,
BMT1633326B,,
BMT1633319B,,
BMT1633284B,,
BMT1633326B,,
BMT1633319B,,
BMT164049682,,
BMT1633347B,,
BMT158997531,,
BMT100994371,,
BMT158997531,,
BMT100994378,,
BMT1633347B,,
BMT164049683,,
BMT100994595,,
BMT1633592B,,
BMT1633585B,,
BMT100994595,,
BMT1633592B,,
BMT100994602,,
BMT100995743,,
BMT1633795B,,
BMT100994182,,
BMT100994189,,
BMT1633711B,,
BMT1633802B,,
BMT1633718B,,
BMT100995750,,
BMT160112089,,
BMT1633732B,,
BMT1633732B,,
BMT1633739B,,
BMT1633739B,,
BMT1633746B,,
BMT1633746B,,
BMT1633760B,,
BMT1633746B,,
BMT3252048B,,
BMT1633760B,,
BMT1633767B,,
BMT1633767B,,
BMT158050283,,
BMT160112090,,
BMT1633781B,,
BMT1633781B,,
BMT1633788B,,
BMT1633788B,,
BMT1636273B,,
BMT1633795B,,
BMT1633711B,,
BMT1633802B,,
BMT1633718B,,
BMT100994588,,
BMT1633585B,,
BMT100994378,,
BMT158997532,,
BMT158997532,,
BMT1633823B,,
BMT1633823B,,
BMT100994392,,
BMT173123221,,
BMT1634712B,,
BMT1633844B,,
BMT1633928B,,
BMT1633851B,,
BMT1633844B,,
BMT1633858B,,
BMT1633851B,,
BMT1633865B,,
BMT1633858B,,
BMT100994448,,
BMT1633865B,,
BMT1633879B,,
BMT100994448,,
BMT1633886B,,
BMT1633879B,,
BMT1633893B,,
BMT1633886B,,
BMT100994441,,
BMT1633893B,,
BMT1633928B,,
BMT1723864B,,
BMT164049683,,
BMT1634236B,,
BMT1634236B,,
BMT164049684,,
BMT164049684,,
BMT100994420,,
BMT164049684,,
BMT164049685,,
BMT9023344B,,
BMT3860201B,,
BMT166565405,,
BMT166565408,,
BMT166565408,,
BMT166565409,,
BMT3885457B,,
BMT166086276,,
BMT166086276,,
BMT166086277,,
BMT166086276,,
BMT166086278,,
BMT162773467,,
BMT9116579B,,
BMT9116579B,,
BMT162773469,,
BMT166072483,,
BMT166072486,,
BMT166072486,,
BMT166072487,,
BMT165928698,,
BMT165928701,,
BMT165928701,,
BMT9193024B,,
BMT9193024B,,
BMT165928702,,
BMT165928702,,
BMT165928703,,
BMT165966677,,
BMT9193992B,,
BMT9193992B,,
BMT9193993B,,
BMT9193993B,,
BMT9193994B,,
BMT9193994B,,
BMT9193996B,,
BMT9193996B,,
BMT9193997B,,
BMT9193997B,,
BMT9193999B,,
BMT9193999B,,
BMT9194001B,,
BMT9194001B,,
BMT9194004B,,
BMT9194004B,,
BMT9194006B,,
BMT9194006B,,
BMT165966679,,
BMT165966679,,
BMT165966680,,
BMT1632584B,,
BMT172280634,,
BMT172280634,,
BMT100994287,,
BMT172280634,,
BMT1632717B,,
BMT1632717B,,
BMT1632710B,,
BMT1632710B,,
BMT172280635,,
BMT172280634,,
BMT9195184B,,
BMT166565364,,
BMT167048869,,
BMT168253878,,
BMT9266548B,,
BMT9266548B,,
BMT9266551B,,
BMT9266551B,,
BMT9266552B,,
BMT9266552B,,
BMT168253880,,
BMT172557336,,
BMT172557337,,
BMT172557337,,
BMT172557338,,
BMT172557337,,
BMT9267768B,,
BMT9267768B,,
BMT9267766B,,
BMT9267766B,,
BMT9267767B,,
BMT9267767B,,
BMT9267782B,,
BMT9267782B,,
BMT9267783B,,
BMT9267783B,,
BMT9267798B,,
BMT9267798B,,
BMT9267801B,,
BMT9267801B,,
BMT172557339,,
BMT172557339,,
BMT172557340,,
BMT172557340,,
BMT9267813B,,
BMT9267813B,,
BMT172557341,,
BMT172557341,,
BMT9267819B,,
BMT9267819B,,
BMT172557343,,
BMT172557340,,
BMT172557342,,
BMT172557343,,
BMT172557345,,
BMT172467200,,
BMT9384171B,,
BMT9384171B,,
BMT172467202,,
BMT165928706,,
BMT165928707,,
BMT4975273B,,
BMT4975280B,,
BMT4975280B,,
BMT8094921B,,
BMT8094921B,,
BMT164296752,,
BMT163931876,,
BMT9141432B,,
BMT9141432B,,
BMT6472433B,,
BMT6472447B,,
BMT9141433B,,
BMT9141433B,,
BMT163931876,,
BMT165198408,,
BMT3042363B,,
BMT3042363B,,
BMT165198410,,
BMT165198410,,
BMT3042377B,,
BMT3042377B,,
BMT5993871B,,
BMT5993871B,,
BMT5993892B,,
BMT5993892B,,
BMT1630505B,,
BMT1630505B,,
BMT1630519B,,
BMT1630519B,,
BMT165198411,,
BMT165201902,,
BMT1631933B,,
BMT1631933B,,
BMT1631919B,,
BMT1631919B,,
BMT1631912B,,
BMT1631912B,,
BMT165201911,,
BMT171270434,,
BMT9352430B,,
BMT9352430B,,
BMT9352492B,,
BMT9352492B,,
BMT171270436,,
BMT1719755B,,
BMT9354025B,,
BMT9354025B,,
BMT172273085,,
BMT172273085,,
BMT9354026B,,
BMT9354026B,,
BMT1719692B,,
BMT1473040B,,
BMT100993846,,
BMT100993846,,
BMT100993853,,
BMT100993839,,
BMT1473040B,,
BMT1667150B,,
BMT172828340,,
BMT1667164B,,
BMT100993895,,
BMT1667171B,,
BMT1667164B,,
BMT1667234B,,
BMT1667171B,,
BMT152818975,,
BMT1667423B,,
BMT1667423B,,
BMT100996023,,
BMT100996023,,
BMT152818978,,
BMT163931875,,
BMT6472468B,,
BMT152818978,,
BMT1667444B,,
BMT152818978,,
BMT100996044,,
BMT1667444B,,
BMT1667451B,,
BMT1667451B,,
BMT1667458B,,
BMT1667458B,,
BMT1667465B,,
BMT1667465B,,
BMT152818979,,
BMT152818972,,
BMT152818975,,
BMT152818972,,
BMT152818976,,
BMT1667479B,,
BMT152818972,,
BMT1667486B,,
BMT1667479B,,
BMT1667493B,,
BMT1667486B,,
BMT100995547,,
BMT100995554,,
BMT100995547,,
BMT100995561,,
BMT171866008,,
BMT2605878B,,
BMT171866008,,
BMT3548645B,,
BMT171866004,,
BMT3550143B,,
BMT172009410,,
BMT101001777,,
BMT172009414,,
BMT5993150B,,
BMT101001812,,
BMT101001819,,
BMT166086268,,
BMT9146310B,,
BMT9146310B,,
BMT9146312B,,
BMT9146312B,,
BMT166086271,,
BMT164117484,,
BMT8762201B,,
BMT8762201B,,
BMT164117485,,
BMT164117485,,
BMT164117486,,
BMT165575191,,
BMT9186063B,,
BMT9186063B,,
BMT165575193,,
BMT165575193,,
BMT165575194,,
BMT100993895,,
BMT172828341,,
BMT172957935,,
BMT172957937,,
BMT172957937,,
BMT172788283,,
BMT101001756,,
BMT172009411,,
BMT172009411,,
BMT172009412,,
BMT172009411,,
BMT9372703B,,
BMT9372703B,,
BMT172009413,,
BMT155838917,,
BMT1466453B,,
BMT1466397B,,
BMT3439333B,,
BMT1466404B,,
BMT1466397B,,
BMT1466411B,,
BMT1466404B,,
BMT1466418B,,
BMT1466411B,,
BMT155838916,,
BMT1466418B,,
BMT1466432B,,
BMT155838916,,
BMT155838915,,
BMT3439396B,,
BMT156028764,,
BMT2611961B,,
BMT1670328B,,
BMT1631072B,,
BMT1670335B,,
BMT156028759,,
BMT156028760,,
BMT1670328B,,
BMT156028758,,
BMT1670335B,,
BMT156028758,,
BMT156028760,,
BMT156028758,,
BMT1670356B,,
BMT1670363B,,
BMT156028758,,
BMT1670377B,,
BMT1670363B,,
BMT169064701,,
BMT169064702,,
BMT157929152,,
BMT100994875,,
BMT100995526,,
BMT3899205B,,
BMT165575183,,
BMT2611632B,,
BMT166086275,,
BMT3885457B,,
BMT166086259,,
BMT2611737B,,
BMT166086259,,
BMT166086261,,
BMT166086263,,
BMT3831291B,,
BMT164117458,,
BMT5769787B,,
BMT162153453,,
BMT162153460,,
BMT154296196,,
BMT1684510B,,
BMT1684482B,,
BMT154296196,,
BMT1684489B,,
BMT1684482B,,
BMT154296195,,
BMT100994098,,
BMT100994063,,
BMT100994070,,
BMT1684510B,,
BMT154296197,,
BMT100996968,,
BMT100996975,,
BMT100996968,,
BMT100996982,,
BMT172280622,,
BMT1684902B,,
BMT150379857,,
BMT1684825B,,
BMT1684825B,,
BMT1684832B,,
BMT1684832B,,
BMT1684839B,,
BMT5992758B,,
BMT165966673,,
BMT5993122B,,
BMT171865995,,
BMT5993150B,,
BMT172009415,,
BMT151564579,,
BMT151564580,,
BMT158195958,,
BMT7845693B,,
BMT7845693B,,
BMT4840698B,,
BMT1635027B,,
BMT1635041B,,
BMT1635041B,,
BMT1635048B,,
BMT1635048B,,
BMT172467206,,
BMT1635013B,,
BMT172467207,,
BMT172467205,,
BMT7998363B,,
BMT1635013B,,
BMT7998363B,,
BMT156028759,,
BMT156028763,,
BMT156028763,,
BMT156028764,,
BMT156028763,,
BMT3423436B,,
BMT156028763,,
BMT3423443B,,
BMT3423443B,,
BMT156028765,,
BMT151564579,,
BMT151564581,,
BMT2607089B,,
BMT151686963,,
BMT151686963,,
BMT151686964,,
BMT152955417,,
BMT8846844C,,
BMT8846844C,,
BMT152955418,,
BMT100995477,,
BMT8886241B,,
BMT8886241B,,
BMT8886242B,,
BMT8886242B,,
BMT165487274,,
BMT156874241,,
BMT8962327B,,
BMT8962327B,,
BMT156874336,,
BMT157327840,,
BMT2792246B,,
BMT157327840,,
BMT157327842,,
BMT159509159,,
BMT9038544B,,
BMT9038544B,,
BMT9038546B,,
BMT9038546B,,
BMT9038554B,,
BMT9038554B,,
BMT159509160,,
BMT166109276,,
BMT166109278,,
BMT166109750,,
BMT166109753,,
BMT166269805,,
BMT9200935B,,
BMT9200935B,,
BMT9200937B,,
BMT9200937B,,
BMT9200939B,,
BMT9200939B,,
BMT9200940B,,
BMT166269807,,
BMT166269808,,
BMT3549597B,,
BMT9393511B,,
BMT9393511B,,
BMT2605766B,,
BMT156292869,,
BMT1464724B,,
BMT156292868,,
BMT156292869,,
BMT1463821B,,
BMT156292868,,
BMT1464724B,,
BMT1464752B,,
BMT1464745B,,
BMT156292870,,
BMT1464752B,,
BMT1464759B,,
BMT1464759B,,
BMT1464745B,,
BMT1664770B,,
BMT1664798B,,
BMT1664798B,,
BMT172849100,,
BMT166109734,,
BMT3545404B,,
BMT100998011,,
BMT2810726B,,
BMT100997927,,
BMT2606487B,,
BMT157327839,,
BMT157327840,,
BMT149925936,,
BMT1636231B,,
BMT100995785,,
BMT100995792,,
BMT1636245B,,
BMT1636224B,,
BMT149925937,,
BMT1636231B,,
BMT149925937,,
BMT1636259B,,
BMT1636259B,,
BMT1636245B,,
BMT100996422,,
BMT1636819B,,
BMT173128147,,
BMT100996443,,
BMT1636273B,,
BMT1636315B,,
BMT1636280B,,
BMT1634432B,,
BMT1636287B,,
BMT1636280B,,
BMT1636294B,,
BMT1636287B,,
BMT160112091,,
BMT1636294B,,
BMT1636308B,,
BMT160112091,,
BMT1636315B,,
BMT1636308B,,
BMT1636322B,,
BMT1636210B,,
BMT100996429,,
BMT100996422,,
BMT1636679B,,
BMT100996415,,
BMT1636686B,,
BMT100996401,,
BMT164997983,,
BMT1636700B,,
BMT164997982,,
BMT150915184,,
BMT1636714B,,
BMT1636721B,,
BMT1636721B,,
BMT1636728B,,
BMT1636728B,,
BMT1636735B,,
BMT1636735B,,
BMT160649535,,
BMT160649535,,
BMT160649536,,
BMT160649535,,
BMT160649537,,
BMT160649535,,
BMT1636770B,,
BMT160649537,,
BMT1636756B,,
BMT1636756B,,
BMT1636763B,,
BMT1636763B,,
BMT1636840B,,
BMT1636770B,,
BMT160649538,,
BMT1636805B,,
BMT1636686B,,
BMT100996415,,
BMT1636805B,,
BMT1636819B,,
BMT1636679B,,
BMT160649534,,
BMT1636714B,,
BMT1636840B,,
BMT1636847B,,
BMT1636847B,,
BMT160649545,,
BMT160649538,,
BMT160649539,,
BMT160649539,,
BMT160649540,,
BMT160649539,,
BMT160649541,,
BMT1636903B,,
BMT1636910B,,
BMT160649541,,
BMT1636882B,,
BMT160649541,,
BMT1636903B,,
BMT160649541,,
BMT101001273,,
BMT172273075,,
BMT1718516B,,
BMT1636973B,,
BMT1636980B,,
BMT160649542,,
BMT1637001B,,
BMT1637001B,,
BMT1637008B,,
BMT1637008B,,
BMT1637015B,,
BMT1637015B,,
BMT1637022B,,
BMT1701492B,,
BMT1701513B,,
BMT1701506B,,
BMT130462824,,
BMT1701513B,,
BMT1701506B,,
BMT1701555B,,
BMT130462845,,
BMT9386760B,,
BMT9386761B,,
BMT9386761B,,
BMT9386762B,,
BMT9386762B,,
BMT172627074,,
BMT172667663,,
BMT172667665,,
BMT172667665,,
BMT172667666,,
BMT163629329,,
BMT163629330,,
BMT163629330,,
BMT1450528B,,
BMT1450528B,,
BMT1450535B,,
BMT1470814C,,
BMT1470828C,,
BMT1470821C,,
BMT1632801C,,
BMT1470828C,,
BMT1470842C,,
BMT1470842C,,
BMT1470863C,,
BMT152955415,,
BMT100993748,,
BMT152955415,,
BMT100993755,,
BMT152955414,,
BMT152955415,,
BMT1470863C,,
BMT152955414,,
BMT156873704,,
BMT2821674B,,
BMT1629931B,,
BMT156873703,,
BMT160534305,,
BMT1629931B,,
BMT1629945B,,
BMT160534305,,
BMT100995687,,
BMT1631331B,,
BMT100995687,,
BMT100995708,,
BMT1674087B,,
BMT100995687,,
BMT100995680,,
BMT1674087B,,
BMT100995680,,
BMT100995694,,
BMT1674101B,,
BMT100995680,,
BMT100995673,,
BMT1674101B,,
BMT1674115B,,
BMT100995673,,
BMT100995666,,
BMT1674115B,,
BMT100995715,,
BMT2611373B,,
BMT100995659,,
BMT100995666,,
BMT100995645,,
BMT1631800B,,
BMT100995645,,
BMT100995659,,
BMT164997978,,
BMT1717508B,,
BMT1717466B,,
BMT164997978,,
BMT1717473B,,
BMT1717466B,,
BMT164997979,,
BMT1717473B,,
BMT1717487B,,
BMT164997979,,
BMT1717508B,,
BMT1717515B,,
BMT1717515B,,
BMT1717522B,,
BMT1717522B,,
BMT1717529B,,
BMT1717529B,,
BMT1717536B,,
BMT1717536B,,
BMT1717543B,,
BMT1717543B,,
BMT1717550B,,
BMT1717550B,,
BMT1719825B,,
BMT1717662B,,
BMT172714325,,
BMT172714325,,
BMT1717676B,,
BMT1717676B,,
BMT1717683B,,
BMT1717683B,,
BMT1717690B,,
BMT1717690B,,
BMT1717697B,,
BMT1717697B,,
BMT1717704B,,
BMT1717704B,,
BMT1717711B,,
BMT1717711B,,
BMT100993671,,
BMT172714326,,
BMT1717746B,,
BMT1717725B,,
BMT172714326,,
BMT1717732B,,
BMT1717725B,,
BMT1717739B,,
BMT1717732B,,
BMT1717746B,,
BMT1717753B,,
BMT1717753B,,
BMT1717760B,,
BMT1717760B,,
BMT1717767B,,
BMT1717767B,,
BMT1717774B,,
BMT1717774B,,
BMT1717872B,,
BMT172714327,,
BMT1717879B,,
BMT1717865B,,
BMT172714327,,
BMT1717872B,,
BMT1717865B,,
BMT1717879B,,
BMT172714328,,
BMT172714328,,
BMT172714329,,
BMT172714329,,
BMT100993692,,
BMT1717907B,,
BMT1717942B,,
BMT1717914B,,
BMT1717907B,,
BMT1717921B,,
BMT1717914B,,
BMT1717928B,,
BMT1717921B,,
BMT166632558,,
BMT1717928B,,
BMT1717942B,,
BMT166632559,,
BMT166632559,,
BMT166632560,,
BMT166632560,,
BMT1717963B,,
BMT1717963B,,
BMT1718159B,,
BMT166632561,,
BMT1718166B,,
BMT1718145B,,
BMT166632561,,
BMT1718152B,,
BMT1718145B,,
BMT1718159B,,
BMT1718152B,,
BMT1718166B,,
BMT1718173B,,
BMT1718173B,,
BMT1718180B,,
BMT1718180B,,
BMT166632562,,
BMT166632562,,
BMT1718194B,,
BMT1718194B,,
BMT166632563,,
BMT166632563,,
BMT100993727,,
BMT166632563,,
BMT1718208B,,
BMT166632563,,
BMT3237537B,,
BMT1718215B,,
BMT1718208B,,
BMT1718215B,,
BMT1718222B,,
BMT152955413,,
BMT1470814C,,
BMT157595711,,
BMT1718299B,,
BMT1718257B,,
BMT157595711,,
BMT1718264B,,
BMT1718257B,,
BMT1718271B,,
BMT1718264B,,
BMT1718278B,,
BMT1718271B,,
BMT1718285B,,
BMT1718278B,,
BMT1718292B,,
BMT1718285B,,
BMT1718299B,,
BMT1718306B,,
BMT1718306B,,
BMT1718313B,,
BMT1718313B,,
BMT100993769,,
BMT172849089,,
BMT1632647B,,
BMT100993769,,
BMT1718327B,,
BMT1718334B,,
BMT1718341B,,
BMT1718341B,,
BMT1718432B,,
BMT157595712,,
BMT1718439B,,
BMT1718369B,,
BMT157595712,,
BMT1718376B,,
BMT1718369B,,
BMT1718383B,,
BMT1718376B,,
BMT1684839B,,
BMT100994182,,
BMT1684846B,,
BMT150379857,,
BMT1684853B,,
BMT1684846B,,
BMT1684860B,,
BMT1684853B,,
BMT1684867B,,
BMT1684860B,,
BMT1684874B,,
BMT1684867B,,
BMT1684881B,,
BMT1684874B,,
BMT150379856,,
BMT1684881B,,
BMT1684895B,,
BMT172280623,,
BMT1684902B,,
BMT1684895B,,
BMT172280630,,
BMT172280631,,
BMT172280628,,
BMT172280629,,
BMT172280628,,
BMT172280630,,
BMT1684951B,,
BMT172280628,,
BMT172280626,,
BMT1684951B,,
BMT166109754,,
BMT2607950B,,
BMT166109740,,
BMT3545495B,,
BMT101000384,,
BMT2607642B,,
BMT166109728,,
BMT166109759,,
BMT166109726,,
BMT166109727,,
BMT100999635,,
BMT100999642,,
BMT100999726,,
BMT100999733,,
BMT172170276,,
BMT3528093B,,
BMT172170277,,
BMT172170278,,
BMT100999467,,
BMT3553489B,,
BMT131577833,,
BMT3562029B,,
BMT131577819,,
BMT3561847B,,
BMT159880166,,
BMT101000244,,
BMT131577840,,
BMT3561259B,,
BMT131577840,,
BMT3561273B,,
BMT172273080,,
BMT1719657B,,
BMT1719636B,,
BMT172273080,,
BMT1719657B,,
BMT1719664B,,
BMT1719664B,,
BMT1719671B,,
BMT1719671B,,
BMT1719678B,,
BMT1719678B,,
BMT1719755B,,
BMT1719692B,,
BMT1719699B,,
BMT1719699B,,
BMT172273086,,
BMT172273086,,
BMT1719713B,,
BMT1719713B,,
BMT1719720B,,
BMT1719720B,,
BMT1719727B,,
BMT1719727B,,
BMT1719734B,,
BMT1719734B,,
BMT1719741B,,
BMT1719741B,,
BMT159208135,,
BMT164997977,,
BMT1719832B,,
BMT1719797B,,
BMT164997977,,
BMT1719804B,,
BMT1719797B,,
BMT1719811B,,
BMT1719804B,,
BMT1719818B,,
BMT1719811B,,
BMT1719825B,,
BMT1719818B,,
BMT1719832B,,
BMT1719839B,,
BMT1719839B,,
BMT1719846B,,
BMT1719846B,,
BMT1719853B,,
BMT1719853B,,
BMT164997976,,
BMT172170273,,
BMT2606998B,,
BMT101000293,,
BMT3561616B,,
BMT101000230,,
BMT159880163,,
BMT2607810B,,
BMT2607817B,,
BMT2607817B,,
BMT3561623B,,
BMT2607824B,,
BMT101000300,,
BMT131577812,,
BMT3561763B,,
BMT131577826,,
BMT131577833,,
BMT131577826,,
BMT3561273B,,
BMT166109725,,
BMT3545285B,,
BMT100999103,,
BMT3545621B,,
BMT166072475,,
BMT2607992B,,
BMT166072475,,
BMT3545684B,,
BMT166109727,,
BMT166109728,,
BMT166109727,,
BMT166109729,,
BMT166109727,,
BMT166109730,,
BMT166109730,,
BMT2607873B,,
BMT166109730,,
BMT166109732,,
BMT2607873B,,
BMT166109731,,
BMT166109731,,
BMT166109734,,
BMT166109731,,
BMT166109735,,
BMT166109737,,
BMT166109738,,
BMT166109737,,
BMT166109739,,
BMT166109739,,
BMT2607901B,,
BMT2607901B,,
BMT166109740,,
BMT2607908B,,
BMT166109743,,
BMT166109743,,
BMT166109744,,
BMT166109743,,
BMT3545530B,,
BMT166109745,,
BMT166109746,,
BMT166109745,,
BMT2607929B,,
BMT2607929B,,
BMT166109747,,
BMT166109747,,
BMT166109749,,
BMT166109749,,
BMT3545551B,,
BMT2607950B,,
BMT3545558B,,
BMT166109755,,
BMT166109756,,
BMT166109755,,
BMT3545586B,,
BMT2607964B,,
BMT2607971B,,
BMT2607964B,,
BMT3545586B,,
BMT2607971B,,
BMT166109757,,
BMT2607978B,,
BMT166109758,,
BMT100999124,,
BMT166072477,,
BMT162773466,,
BMT3545719B,,
BMT2607992B,,
BMT166072476,,
BMT166072476,,
BMT166072488,,
BMT162773467,,
BMT162773468,,
BMT166072477,,
BMT100999138,,
BMT166072477,,
BMT166072478,,
BMT100999614,,
BMT100999621,,
BMT100999138,,
BMT3545901B,,
BMT2608034B,,
BMT166072479,,
BMT100999621,,
BMT100999628,,
BMT100999621,,
BMT100999635,,
BMT100999649,,
BMT2608048B,,
BMT2608048B,,
BMT3528975B,,
BMT2608055B,,
BMT100999656,,
BMT100999656,,
BMT100999663,,
BMT100999656,,
BMT100999670,,
BMT100999670,,
BMT100999677,,
BMT100999670,,
BMT100999684,,
BMT100999684,,
BMT100999691,,
BMT100999684,,
BMT100999698,,
BMT100999698,,
BMT100999705,,
BMT100999698,,
BMT2608090B,,
BMT2608090B,,
BMT100999712,,
BMT100999712,,
BMT100999719,,
BMT100999712,,
BMT2608104B,,
BMT2608104B,,
BMT2608111B,,
BMT2608111B,,
BMT100999726,,
BMT100999733,,
BMT100999740,,
BMT100999733,,
BMT100999747,,
BMT100999747,,
BMT100999754,,
BMT100999747,,
BMT2608132B,,
BMT2608132B,,
BMT100999761,,
BMT166072479,,
BMT166072480,,
BMT166072479,,
BMT166072481,,
BMT166072479,,
BMT3876245B,,
BMT166072481,,
BMT166072483,,
BMT166072483,,
BMT166072485,,
BMT166072483,,
BMT159357072,,
BMT149022041,,
BMT3535891B,,
BMT100999243,,
BMT166295613,,
BMT165928697,,
BMT165928698,,
BMT166295613,,
BMT172957931,,
BMT168574350,,
BMT3536052B,,
BMT165928698,,
BMT165928699,,
BMT165928698,,
BMT3625022B,,
BMT165928700,,
BMT165928704,,
BMT165928700,,
BMT3625015B,,
BMT165928707,,
BMT165928708,,
BMT165928707,,
BMT165928709,,
BMT165928707,,
BMT165928710,,
BMT165928710,,
BMT165928711,,
BMT165928710,,
BMT3625099B,,
BMT172957931,,
BMT2608258B,,
BMT172957931,,
BMT172957932,,
BMT168574351,,
BMT168574352,,
BMT168574351,,
BMT168574353,,
BMT168574351,,
BMT168574354,,
BMT168574354,,
BMT168574355,,
BMT168574354,,
BMT2608251B,,
BMT2608251B,,
BMT3536087B,,
BMT2608258B,,
BMT100999306,,
BMT100999404,,
BMT100999411,,
BMT100999306,,
BMT3626016B,,
BMT100999327,,
BMT172957935,,
BMT100999376,,
BMT3625911B,,
BMT100999327,,
BMT172957933,,
BMT100999418,,
BMT100999425,,
BMT100999418,,
BMT100999432,,
BMT100999439,,
BMT2608293B,,
BMT2608293B,,
BMT3553314B,,
BMT100999446,,
BMT100999460,,
BMT100999446,,
BMT3553468B,,
BMT2608307B,,
BMT100999474,,
BMT172849095,,
BMT1632213B,,
BMT172849095,,
BMT172849098,,
BMT1632213B,,
BMT172849097,,
BMT1632220B,,
BMT172849091,,
BMT172849097,,
BMT172849099,,
BMT1632346B,,
BMT1664770B,,
BMT1632346B,,
BMT172849099,,
BMT1707666B,,
BMT1707673B,,
BMT1707673B,,
BMT1707680B,,
BMT1707680B,,
BMT1707687B,,
BMT1707687B,,
BMT101000664,,
BMT121428106,,
BMT1707792B,,
BMT1707701B,,
BMT121428106,,
BMT1707708B,,
BMT1707701B,,
BMT1707715B,,
BMT1707708B,,
BMT1707743B,,
BMT1707715B,,
BMT1707750B,,
BMT1707743B,,
BMT1707757B,,
BMT1707750B,,
BMT1707764B,,
BMT1707757B,,
BMT1707771B,,
BMT1707764B,,
BMT1707778B,,
BMT1707771B,,
BMT1707785B,,
BMT1707778B,,
BMT1707792B,,
BMT1707799B,,
BMT1707799B,,
BMT1707834B,,
BMT121428113,,
BMT1707862B,,
BMT1707834B,,
BMT121428113,,
BMT1707862B,,
BMT1707869B,,
BMT1707869B,,
BMT1707932B,,
BMT121428120,,
BMT1707960B,,
BMT1707932B,,
BMT121428120,,
BMT1707960B,,
BMT121428127,,
BMT121428127,,
BMT1707995B,,
BMT121428127,,
BMT1708044B,,
BMT1707995B,,
BMT1708009B,,
BMT1708009B,,
BMT121428134,,
BMT121428141,,
BMT1708044B,,
BMT121428141,,
BMT1708072B,,
BMT1708072B,,
BMT1708184B,,
BMT1708184B,,
BMT1708205B,,
BMT1708205B,,
BMT121428148,,
BMT2605766B,,
BMT100993902,,
BMT172009399,,
BMT101001686,,
BMT100993902,,
BMT3158619B,,
BMT100993902,,
BMT3550528B,,
BMT100993923,,
BMT100993930,,
BMT172009400,,
BMT172009401,,
BMT172009403,,
BMT172009405,,
BMT172009407,,
BMT172009408,,
BMT172009407,,
BMT172009409,,
BMT172009409,,
BMT101001749,,
BMT172009409,,
BMT101001756,,
BMT101001756,,
BMT172009410,,
BMT101001938,,
BMT101001945,,
BMT101001945,,
BMT101001952,,
BMT101001945,,
BMT3550381B,,
BMT2605829B,,
BMT101001959,,
BMT101001777,,
BMT172009414,,
BMT171865994,,
BMT5993122B,,
BMT171865996,,
BMT171865997,,
BMT171865996,,
BMT171865998,,
BMT171865998,,
BMT3549982B,,
BMT171865998,,
BMT3549989B,,
BMT2605857B,,
BMT171866001,,
BMT171866000,,
BMT171866002,,
BMT171866006,,
BMT171866007,,
BMT171866006,,
BMT3548645B,,
BMT2605878B,,
BMT171866009,,
BMT171866009,,
BMT171866010,,
BMT100993930,,
BMT100993937,,
BMT101001637,,
BMT101001644,,
BMT101001574,,
BMT101001581,,
BMT100993937,,
BMT3548260B,,
BMT100993937,,
BMT5693655B,,
BMT101001644,,
BMT101001651,,
BMT101001644,,
BMT101001658,,
BMT100993944,,
BMT2605920B,,
BMT100993944,,
BMT100993965,,
BMT100993944,,
BMT3548232B,,
BMT2605920B,,
BMT3547854B,,
BMT2605920B,,
BMT3547889B,,
BMT101001539,,
BMT101001546,,
BMT101001539,,
BMT101001532,,
BMT101001539,,
BMT3548106B,,
BMT101001553,,
BMT3548120B,,
BMT101001553,,
BMT101001567,,
BMT2605941B,,
BMT3547833B,,
BMT2605941B,,
BMT3547854B,,
BMT2605948B,,
BMT2605955B,,
BMT2605955B,,
BMT3547805B,,
BMT100994000,,
BMT100994007,,
BMT100994000,,
BMT3547791B,,
BMT100994014,,
BMT100994021,,
BMT100994014,,
BMT100994028,,
BMT100994014,,
BMT3547791B,,
BMT100994021,,
BMT100994042,,
BMT100994021,,
BMT2605997B,,
BMT100994028,,
BMT100994035,,
BMT100996338,,
BMT100996345,,
BMT100994042,,
BMT3331547B,,
BMT2605997B,,
BMT100994049,,
BMT2606004B,,
BMT100994056,,
BMT173128385,,
BMT3398439B,,
BMT111601317,,
BMT2606039B,,
BMT2606032B,,
BMT4848027B,,
BMT2606039B,,
BMT4840593B,,
BMT2606046B,,
BMT4840726B,,
BMT2606053B,,
BMT4840747B,,
BMT158195959,,
BMT158195960,,
BMT158195959,,
BMT2606067B,,
BMT2606067B,,
BMT2606074B,,
BMT2606074B,,
BMT153647453,,
BMT153647453,,
BMT158195961,,
BMT153647453,,
BMT2606095B,,
BMT153647458,,
BMT4840803B,,
BMT153647459,,
BMT153647460,,
BMT153647459,,
BMT4840859B,,
BMT2606095B,,
BMT4840873B,,
BMT158195962,,
BMT2606109B,,
BMT158195962,,
BMT158195963,,
BMT2606109B,,
BMT4840887B,,
BMT158195963,,
BMT4840957B,,
BMT2606123B,,
BMT2606130B,,
BMT2606123B,,
BMT2606137B,,
BMT2606137B,,
BMT4840901B,,
BMT165105686,,
BMT4840936B,,
BMT2606151B,,
BMT3078714B,,
BMT2606158B,,
BMT3078763B,,
BMT2606165B,,
BMT101001077,,
BMT160416245,,
BMT160416246,,
BMT160416247,,
BMT2606186B,,
BMT160416247,,
BMT3078854B,,
BMT2606186B,,
BMT160416249,,
BMT160416253,,
BMT160416254,,
BMT153647460,,
BMT153647464,,
BMT153647461,,
BMT153647462,,
BMT153647461,,
BMT2606214B,,
BMT153647461,,
BMT101001035,,
BMT2606214B,,
BMT4840866B,,
BMT150778567,,
BMT150778121,,
BMT100996513,,
BMT173126676,,
BMT100996513,,
BMT173126674,,
BMT123639042,,
BMT123639049,,
BMT2606235B,,
BMT6220657B,,
BMT173126676,,
BMT4831150B,,
BMT173126676,,
BMT4831164B,,
BMT2606249B,,
BMT4831199B,,
BMT167048868,,
BMT100996618,,
BMT151564573,,
BMT151564574,,
BMT100996618,,
BMT166565364,,
BMT151564574,,
BMT151564575,,
BMT151564574,,
BMT151564576,,
BMT166565394,,
BMT100996639,,
BMT100996639,,
BMT100996646,,
BMT164117456,,
BMT5769745B,,
BMT100996646,,
BMT4831073B,,
BMT100998396,,
BMT4831080B,,
BMT100996646,,
BMT100996660,,
BMT166565396,,
BMT166565398,,
BMT166565396,,
BMT2606305B,,
BMT2606305B,,
BMT2606312B,,
BMT2606312B,,
BMT3869567B,,
BMT156218086,,
BMT3869602B,,
BMT166565399,,
BMT166565400,,
BMT166565399,,
BMT100996716,,
BMT100998361,,
BMT100998368,,
BMT100996716,,
BMT100996723,,
BMT156874335,,
BMT2606354B,,
BMT100999474,,
BMT100999481,,
BMT100999474,,
BMT2608321B,,
BMT2608321B,,
BMT3553545B,,
BMT2608328B,,
BMT100999488,,
BMT172957935,,
BMT3625897B,,
BMT100999383,,
BMT100999390,,
BMT100999383,,
BMT3625918B,,
BMT162773468,,
BMT162773470,,
BMT162773468,,
BMT162773471,,
BMT162773470,,
BMT162773473,,
BMT162773470,,
BMT3545782B,,
BMT162773471,,
BMT162773472,,
BMT101000741,,
BMT3850730B,,
BMT2611268B,,
BMT2611275B,,
BMT2611275B,,
BMT3850716B,,
BMT101000748,,
BMT101000755,,
BMT101000748,,
BMT101000762,,
BMT101000748,,
BMT2611289B,,
BMT101000748,,
BMT101000776,,
BMT2611289B,,
BMT101000769,,
BMT101000776,,
BMT101000783,,
BMT101000776,,
BMT2611303B,,
BMT101000776,,
BMT3850296B,,
BMT2611303B,,
BMT101000790,,
BMT2611310B,,
BMT101000797,,
BMT101000797,,
BMT101000804,,
BMT123639063,,
BMT123639070,,
BMT2611338B,,
BMT164631342,,
BMT2611338B,,
BMT164631345,,
BMT101001392,,
BMT101001399,,
BMT101001392,,
BMT3547504B,,
BMT101001406,,
BMT101001413,,
BMT101001406,,
BMT101001420,,
BMT101001406,,
BMT101001427,,
BMT101001413,,
BMT101001462,,
BMT101001420,,
BMT101001434,,
BMT101001420,,
BMT101001441,,
BMT101001420,,
BMT4518957B,,
BMT101001420,,
BMT4829617B,,
BMT2611373B,,
BMT100995722,,
BMT100995722,,
BMT100995729,,
BMT100995722,,
BMT4850386B,,
BMT100994672,,
BMT2611401B,,
BMT100995540,,
BMT4850316B,,
BMT2611394B,,
BMT100995547,,
BMT2611401B,,
BMT4850260B,,
BMT157929124,,
BMT157929125,,
BMT157929124,,
BMT157929126,,
BMT157929125,,
BMT157929127,,
BMT157929125,,
BMT2611429B,,
BMT157929127,,
BMT157929153,,
BMT2611429B,,
BMT157929128,,
BMT157929128,,
BMT157929129,,
BMT157929128,,
BMT157929130,,
BMT157929130,,
BMT157929131,,
BMT157929130,,
BMT4850211B,,
BMT100996723,,
BMT166565401,,
BMT100996723,,
BMT166565402,,
BMT166565406,,
BMT166565410,,
BMT166565406,,
BMT100996786,,
BMT2606354B,,
BMT156874241,,
BMT166565410,,
BMT166565422,,
BMT100996786,,
BMT100996793,,
BMT100998032,,
BMT100998039,,
BMT100996793,,
BMT166565411,,
BMT166565411,,
BMT166565412,,
BMT166565411,,
BMT3417997B,,
BMT158376165,,
BMT2606396B,,
BMT158376229,,
BMT158376230,,
BMT2606396B,,
BMT2606403B,,
BMT2606403B,,
BMT3417920B,,
BMT2606410B,,
BMT166565413,,
BMT166565414,,
BMT2606424B,,
BMT166565414,,
BMT100996870,,
BMT2606424B,,
BMT166565417,,
BMT100996870,,
BMT100996877,,
BMT100997983,,
BMT100997990,,
BMT100998004,,
BMT100998011,,
BMT100998004,,
BMT100998018,,
BMT100997969,,
BMT100997976,,
BMT100996877,,
BMT166565418,,
BMT100996877,,
BMT166565419,,
BMT100996877,,
BMT4049068B,,
BMT2606452B,,
BMT100996905,,
BMT100996926,,
BMT3844990B,,
BMT100996933,,
BMT100996940,,
BMT100997920,,
BMT2606480B,,
BMT100996940,,
BMT2606536B,,
BMT100997892,,
BMT100997899,,
BMT2606480B,,
BMT100997927,,
BMT2606487B,,
BMT3888887B,,
BMT2606494B,,
BMT2606501B,,
BMT2606501B,,
BMT2606508B,,
BMT2606508B,,
BMT100997934,,
BMT100997934,,
BMT100997941,,
BMT100997934,,
BMT3888873B,,
BMT100997948,,
BMT100997955,,
BMT100997948,,
BMT2606529B,,
BMT2606529B,,
BMT100997962,,
BMT2606536B,,
BMT2606550B,,
BMT100997899,,
BMT100997906,,
BMT100997899,,
BMT100997913,,
BMT2606550B,,
BMT2606557B,,
BMT2606557B,,
BMT2606564B,,
BMT2606564B,,
BMT2606571B,,
BMT2606571B,,
BMT100996947,,
BMT100996954,,
BMT2606585B,,
BMT162153451,,
BMT162153452,,
BMT2606585B,,
BMT3843912B,,
BMT162153452,,
BMT162153453,,
BMT162153452,,
BMT162153454,,
BMT2611450B,,
BMT2611457B,,
BMT2611457B,,
BMT3881180B,,
BMT2611464B,,
BMT157929132,,
BMT157929133,,
BMT157929135,,
BMT157929133,,
BMT2611478B,,
BMT157929133,,
BMT157929132,,
BMT2611478B,,
BMT157929136,,
BMT157929136,,
BMT157929137,,
BMT157929136,,
BMT157929138,,
BMT157929136,,
BMT157929139,,
BMT157929139,,
BMT157929140,,
BMT157929139,,
BMT2611499B,,
BMT2611499B,,
BMT157929141,,
BMT157929141,,
BMT157929142,,
BMT157929141,,
BMT157929143,,
BMT157929141,,
BMT157929144,,
BMT157929143,,
BMT157929146,,
BMT157929143,,
BMT157929147,,
BMT157929147,,
BMT157929148,,
BMT157929147,,
BMT157929149,,
BMT157929149,,
BMT157929150,,
BMT157929149,,
BMT3880158B,,
BMT2611541B,,
BMT157929151,,
BMT157929151,,
BMT157929152,,
BMT157929151,,
BMT2611555B,,
BMT2611555B,,
BMT100994868,,
BMT165575177,,
BMT2611569B,,
BMT2611569B,,
BMT2611576B,,
BMT2611576B,,
BMT165575178,,
BMT165575178,,
BMT165575179,,
BMT165575178,,
BMT2611597B,,
BMT165575179,,
BMT165575184,,
BMT165575179,,
BMT2611807B,,
BMT2611597B,,
BMT2611604B,,
BMT2611604B,,
BMT165575180,,
BMT165575180,,
BMT165575181,,
BMT165575180,,
BMT165575182,,
BMT165575181,,
BMT2611625B,,
BMT2611625B,,
BMT165575183,,
BMT2611632B,,
BMT100994938,,
BMT166086250,,
BMT2611646B,,
BMT2611646B,,
BMT166086251,,
BMT166086251,,
BMT166086252,,
BMT166086251,,
BMT2611660B,,
BMT2611660B,,
BMT100995022,,
BMT165487271,,
BMT165487272,,
BMT166086253,,
BMT166086254,,
BMT166086253,,
BMT3886542B,,
BMT166086254,,
BMT166086274,,
BMT166086254,,
BMT2611793B,,
BMT154783387,,
BMT166086255,,
BMT154783411,,
BMT154783412,,
BMT166086255,,
BMT166086256,,
BMT166086255,,
BMT2611702B,,
BMT2611702B,,
BMT2611709B,,
BMT2611709B,,
BMT166086257,,
BMT162153452,,
BMT162153455,,
BMT2606599B,,
BMT2606606B,,
BMT2606606B,,
BMT100996968,,
BMT2606613B,,
BMT3843534B,,
BMT100997017,,
BMT100997024,,
BMT165966669,,
BMT165966670,,
BMT100997024,,
BMT100997031,,
BMT100997024,,
BMT3840090B,,
BMT165966670,,
BMT165966671,,
BMT165966670,,
BMT2606648B,,
BMT165966670,,
BMT5992758B,,
BMT2606648B,,
BMT165966672,,
BMT165966672,,
BMT165966674,,
BMT165966672,,
BMT165966675,,
BMT165966675,,
BMT165966676,,
BMT165966675,,
BMT164411065,,
BMT2606669B,,
BMT2606676B,,
BMT2606676B,,
BMT165966677,,
BMT165966677,,
BMT165966678,,
BMT100997038,,
BMT100997045,,
BMT100997038,,
BMT100997052,,
BMT100997052,,
BMT100997059,,
BMT100997052,,
BMT100997066,,
BMT100997066,,
BMT100997073,,
BMT100997066,,
BMT3839530B,,
BMT100997080,,
BMT100997087,,
BMT100997080,,
BMT2606718B,,
BMT2606718B,,
BMT100997094,,
BMT100997094,,
BMT100997101,,
BMT100997094,,
BMT100997108,,
BMT100997108,,
BMT100997115,,
BMT100997108,,
BMT100997122,,
BMT100997108,,
BMT2606739B,,
BMT100997570,,
BMT3527519B,,
BMT2606739B,,
BMT100997129,,
BMT100997577,,
BMT100997584,,
BMT100997584,,
BMT100997591,,
BMT100997584,,
BMT2606760B,,
BMT2606760B,,
BMT3849743B,,
BMT100997598,,
BMT100997605,,
BMT171270429,,
BMT171270430,,
BMT100997605,,
BMT100997612,,
BMT171270430,,
BMT171270431,,
BMT171270431,,
BMT171270433,,
BMT171270431,,
BMT3849785B,,
BMT171270434,,
BMT3849974B,,
BMT100997556,,
BMT100997563,,
BMT100997129,,
BMT100997136,,
BMT100997129,,
BMT100997143,,
BMT100997542,,
BMT2606823B,,
BMT100997143,,
BMT3527204B,,
BMT100997150,,
BMT100997157,,
BMT100997150,,
BMT3527099B,,
BMT100997150,,
BMT3527169B,,
BMT2606823B,,
BMT3527260B,,
BMT2606830B,,
BMT2606837B,,
BMT2606837B,,
BMT100997549,,
BMT100997157,,
BMT100997178,,
BMT100997157,,
BMT3526322B,,
BMT100997178,,
BMT100997192,,
BMT100997178,,
BMT100997199,,
BMT100997178,,
BMT2606858B,,
BMT172590252,,
BMT172590253,,
BMT2606858B,,
BMT2607068B,,
BMT172590253,,
BMT172590254,,
BMT172590253,,
BMT172590255,,
BMT172590256,,
BMT172590257,,
BMT172590256,,
BMT172590258,,
BMT172590256,,
BMT3526364B,,
BMT172590258,,
BMT2606886B,,
BMT172590258,,
BMT2606893B,,
BMT2606886B,,
BMT172590263,,
BMT2606893B,,
BMT3526469B,,
BMT172590264,,
BMT172590265,,
BMT172590264,,
BMT100997325,,
BMT100997325,,
BMT172590266,,
BMT172667662,,
BMT2606921B,,
BMT172590266,,
BMT172590267,,
BMT172590266,,
BMT3526861B,,
BMT2606921B,,
BMT2606928B,,
BMT2606928B,,
BMT2606935B,,
BMT2606935B,,
BMT172667663,,
BMT2606942B,,
BMT2606949B,,
BMT2606949B,,
BMT3526602B,,
BMT2606956B,,
BMT108682114,,
BMT172667668,,
BMT172667669,,
BMT172667668,,
BMT172667670,,
BMT172667668,,
BMT4695245B,,
BMT172667670,,
BMT172667672,,
BMT172667670,,
BMT172667673,,
BMT172667673,,
BMT100997479,,
BMT172170272,,
BMT2606991B,,
BMT2606991B,,
BMT4745694B,,
BMT172170275,,
BMT3528079B,,
BMT2607012B,,
BMT172170277,,
BMT172170278,,
BMT172170279,,
BMT172590268,,
BMT172590269,,
BMT172590268,,
BMT2607033B,,
BMT2607033B,,
BMT100997360,,
BMT100997402,,
BMT100997409,,
BMT100997360,,
BMT3526980B,,
BMT2607047B,,
BMT3527036B,,
BMT172590272,,
BMT172590274,,
BMT2607068B,,
BMT2607075B,,
BMT2607075B,,
BMT100997206,,
BMT151686962,,
BMT2607089B,,
BMT100998046,,
BMT100998053,,
BMT2607103B,,
BMT5911453B,,
BMT166600968,,
BMT166600969,,
BMT2607117B,,
BMT166600969,,
BMT2607117B,,
BMT2607124B,,
BMT2607124B,,
BMT166600970,,
BMT2607131B,,
BMT166600971,,
BMT166600973,,
BMT2607145B,,
BMT166600973,,
BMT166600976,,
BMT2607145B,,
BMT166600975,,
BMT166600976,,
BMT166600977,,
BMT166600976,,
BMT2607159B,,
BMT2607159B,,
BMT2607166B,,
BMT2607166B,,
BMT166600978,,
BMT166600979,,
BMT166600982,,
BMT169064700,,
BMT3877337B,,
BMT151564576,,
BMT151564577,,
BMT151564576,,
BMT151564578,,
BMT151564576,,
BMT151564579,,
BMT151564577,,
BMT151564582,,
BMT151564577,,
BMT151564583,,
BMT151564583,,
BMT151564584,,
BMT151564583,,
BMT2607208B,,
BMT2607208B,,
BMT151564585,,
BMT2607215B,,
BMT151564587,,
BMT151564588,,
BMT2607229B,,
BMT151564588,,
BMT4831248B,,
BMT2607229B,,
BMT151564589,,
BMT151564589,,
BMT151564591,,
BMT2607243B,,
BMT4831213B,,
BMT2607250B,,
BMT3854419B,,
BMT2607257B,,
BMT173126677,,
BMT173126677,,
BMT173126678,,
BMT173126677,,
BMT3854468B,,
BMT173126679,,
BMT100996562,,
BMT173126679,,
BMT173126680,,
BMT100998690,,
BMT100998697,,
BMT100998697,,
BMT100998704,,
BMT100998697,,
BMT100998711,,
BMT100998718,,
BMT100998732,,
BMT100998718,,
BMT100998711,,
BMT100998718,,
BMT3854657B,,
BMT2607299B,,
BMT100998739,,
BMT2607306B,,
BMT3854706B,,
BMT158829978,,
BMT158829979,,
BMT158829978,,
BMT3854923B,,
BMT158829980,,
BMT158829981,,
BMT158829980,,
BMT3854972B,,
BMT158829982,,
BMT158829983,,
BMT158829982,,
BMT154532782,,
BMT154532782,,
BMT100998802,,
BMT158830594,,
BMT2607355B,,
BMT100998802,,
BMT3860236B,,
BMT166108795,,
BMT100998844,,
BMT158702279,,
BMT1707302B,,
BMT100998844,,
BMT3787632B,,
BMT166108797,,
BMT166108804,,
BMT166108797,,
BMT166108805,,
BMT155377237,,
BMT2607404B,,
BMT166108805,,
BMT166108810,,
BMT2607404B,,
BMT3864611B,,
BMT166108806,,
BMT3787751B,,
BMT166108806,,
BMT3864618B,,
BMT166108807,,
BMT100998935,,
BMT166108807,,
BMT3864674B,,
BMT166072455,,
BMT100998956,,
BMT2607432B,,
BMT166108809,,
BMT100998956,,
BMT166072456,,
BMT158484384,,
BMT3864975B,,
BMT166072456,,
BMT166072457,,
BMT166072456,,
BMT3864814B,,
BMT158484386,,
BMT158484387,,
BMT158484387,,
BMT2607467B,,
BMT2607467B,,
BMT3869252B,,
BMT2607474B,,
BMT158484390,,
BMT158484390,,
BMT158484391,,
BMT158484390,,
BMT101000447,,
BMT138921582,,
BMT2607495B,,
BMT101000447,,
BMT3869301B,,
BMT2607495B,,
BMT138921589,,
BMT158484392,,
BMT158484393,,
BMT158484392,,
BMT3543682B,,
BMT158484394,,
BMT158484395,,
BMT158484394,,
BMT158484396,,
BMT158484396,,
BMT158484397,,
BMT158484396,,
BMT158484398,,
BMT138921589,,
BMT138921596,,
BMT138921589,,
BMT138921603,,
BMT138921589,,
BMT2607537B,,
BMT138921589,,
BMT138921617,,
BMT138921603,,
BMT138921666,,
BMT2607537B,,
BMT138921610,,
BMT138921617,,
BMT138921624,,
BMT138921617,,
BMT138921631,,
BMT2607551B,,
BMT2607558B,,
BMT2607558B,,
BMT138921638,,
BMT138921638,,
BMT138921652,,
BMT138921638,,
BMT138921659,,
BMT2607593B,,
BMT166072458,,
BMT166072458,,
BMT166072459,,
BMT166072459,,
BMT166072461,,
BMT166072459,,
BMT100998991,,
BMT100998991,,
BMT166072462,,
BMT100998991,,
BMT166072463,,
BMT101000363,,
BMT101000370,,
BMT166072463,,
BMT166072464,,
BMT166072463,,
BMT166072465,,
BMT2607628B,,
BMT2607635B,,
BMT2607635B,,
BMT3544326B,,
BMT2607642B,,
BMT3544361B,,
BMT101000391,,
BMT101000398,,
BMT166072465,,
BMT166072466,,
BMT166072465,,
BMT166072467,,
BMT166072465,,
BMT100999040,,
BMT100999040,,
BMT166072468,,
BMT100999040,,
BMT166072469,,
BMT101000328,,
BMT101000335,,
BMT166072468,,
BMT166072471,,
BMT166072468,,
BMT2607698B,,
BMT166072468,,
BMT3544648B,,
BMT101000349,,
BMT101000356,,
BMT159880144,,
BMT159880145,,
BMT100999082,,
BMT166072473,,
BMT100999082,,
BMT166072474,,
BMT100999082,,
BMT3545131B,,
BMT166072471,,
BMT166072491,,
BMT2607698B,,
BMT2607705B,,
BMT2607705B,,
BMT2607712B,,
BMT2607712B,,
BMT3544690B,,
BMT166072472,,
BMT166072490,,
BMT166072491,,
BMT166072492,,
BMT2607733B,,
BMT100999103,,
BMT159880145,,
BMT159880146,,
BMT159880145,,
BMT3544823B,,
BMT159880146,,
BMT159880148,,
BMT159880146,,
BMT159880149,,
BMT159880146,,
BMT3544907B,,
BMT159880150,,
BMT159880151,,
BMT159880150,,
BMT159880152,,
BMT159880150,,
BMT159880153,,
BMT159880150,,
BMT159880154,,
BMT159880153,,
BMT159880155,,
BMT159880153,,
BMT152005969,,
BMT152005969,,
BMT159880156,,
BMT152005980,,
BMT152005981,,
BMT159880156,,
BMT159880157,,
BMT159880156,,
BMT159880158,,
BMT159880156,,
BMT3561420B,,
BMT159880159,,
BMT159880160,,
BMT159880159,,
BMT3561483B,,
BMT159880161,,
BMT2607796B,,
BMT159880161,,
BMT101000230,,
BMT2607796B,,
BMT159880162,,
BMT2792246B,,
BMT2792274B,,
BMT2792274B,,
BMT157327841,,
BMT157327841,,
BMT2792295B,,
BMT157327841,,
BMT157327844,,
BMT2792295B,,
BMT157327843,,
BMT157327843,,
BMT157327845,,
BMT157327843,,
BMT100998172,,
BMT157327843,,
BMT157327846,,
BMT100998333,,
BMT100998340,,
BMT100998172,,
BMT157327847,,
BMT150867657,,
BMT2793121B,,
BMT2793121B,,
BMT2793128B,,
BMT2793128B,,
BMT2793135B,,
BMT2793135B,,
BMT150867658,,
BMT2793156B,,
BMT2793163B,,
BMT2793163B,,
BMT2793170B,,
BMT2793170B,,
BMT150867660,,
BMT2793233B,,
BMT2793240B,,
BMT2793233B,,
BMT150867658,,
BMT2793240B,,
BMT2793247B,,
BMT100998039,,
BMT100998046,,
BMT158484385,,
BMT158484386,,
BMT158484388,,
BMT2607474B,,
BMT166600971,,
BMT3876861B,,
BMT166600970,,
BMT2607131B,,
BMT164117461,,
BMT2607103B,,
BMT165487270,,
BMT165487271,,
BMT100995022,,
BMT166086253,,
BMT158702280,,
BMT1707309B,,
BMT1707295B,,
BMT158702280,,
BMT1707302B,,
BMT1707295B,,
BMT1707309B,,
BMT1707316B,,
BMT1707316B,,
BMT158702281,,
BMT158702281,,
BMT1707330B,,
BMT158702281,,
BMT1707547B,,
BMT158702282,,
BMT1707330B,,
BMT158702284,,
BMT1707561B,,
BMT1707449B,,
BMT1707456B,,
BMT1707456B,,
BMT1707463B,,
BMT1707463B,,
BMT1707470B,,
BMT1707470B,,
BMT1707477B,,
BMT1707477B,,
BMT1707484B,,
BMT1707484B,,
BMT1707491B,,
BMT1707491B,,
BMT1707498B,,
BMT1707498B,,
BMT1707505B,,
BMT1707505B,,
BMT1707512B,,
BMT1707512B,,
BMT101000671,,
BMT121428099,,
BMT1707785B,,
BMT158702283,,
BMT158702284,,
BMT158702283,,
BMT1707554B,,
BMT1707540B,,
BMT158702283,,
BMT1707547B,,
BMT1707540B,,
BMT1707561B,,
BMT1707449B,,
BMT158702285,,
BMT1707575B,,
BMT158702285,,
BMT1707582B,,
BMT1707575B,,
BMT1707554B,,
BMT1707589B,,
BMT1707582B,,
BMT1707589B,,
BMT1707596B,,
BMT1707603B,,
BMT1707596B,,
BMT158702286,,
BMT1707617B,,
BMT158702286,,
BMT158702287,,
BMT1707617B,,
BMT1707624B,,
BMT1707624B,,
BMT1707603B,,
BMT158702287,,
BMT1707666B,,
BMT100998711,,
BMT100998725,,
BMT3078714B,,
BMT3078721B,,
BMT3078721B,,
BMT3078728B,,
BMT3078728B,,
BMT3078742B,,
BMT3078742B,,
BMT2606158B,,
BMT3078763B,,
BMT3078770B,,
BMT3078770B,,
BMT3078777B,,
BMT3078777B,,
BMT3078784B,,
BMT3078784B,,
BMT3078791B,,
BMT3078791B,,
BMT3078798B,,
BMT3078798B,,
BMT3078805B,,
BMT3078805B,,
BMT3078812B,,
BMT166086257,,
BMT2611723B,,
BMT166086257,,
BMT2611730B,,
BMT2611723B,,
BMT166086258,,
BMT2611730B,,
BMT166086259,,
BMT2611737B,,
BMT2611744B,,
BMT2611744B,,
BMT3831592B,,
BMT166086260,,
BMT166086262,,
BMT166086260,,
BMT3831592B,,
BMT166086260,,
BMT154502605,,
BMT166086258,,
BMT166086264,,
BMT166086258,,
BMT166086265,,
BMT166086264,,
BMT166086266,,
BMT166086264,,
BMT2611772B,,
BMT2611772B,,
BMT166086267,,
BMT166086268,,
BMT2611786B,,
BMT166086268,,
BMT166086270,,
BMT2611786B,,
BMT3891281B,,
BMT2611793B,,
BMT3885415B,,
BMT100995491,,
BMT4851954B,,
BMT2611807B,,
BMT165575185,,
BMT165575185,,
BMT165575186,,
BMT165575185,,
BMT2611821B,,
BMT2611821B,,
BMT165575187,,
BMT165575187,,
BMT165575188,,
BMT165575187,,
BMT165575189,,
BMT165575189,,
BMT165575190,,
BMT165575189,,
BMT2611842B,,
BMT2611842B,,
BMT2611849B,,
BMT2611849B,,
BMT2611856B,,
BMT2611856B,,
BMT3545355B,,
BMT165575191,,
BMT165575192,,
BMT165575191,,
BMT3545355B,,
BMT100995505,,
BMT3879969B,,
BMT100995512,,
BMT100995519,,
BMT100995512,,
BMT2611905B,,
BMT2611905B,,
BMT100995526,,
BMT100995568,,
BMT100995582,,
BMT100995568,,
BMT100995589,,
BMT100995582,,
BMT100995596,,
BMT100995582,,
BMT100995603,,
BMT100995603,,
BMT100995610,,
BMT100995603,,
BMT100995617,,
BMT2611961B,,
BMT156028766,,
BMT152818976,,
BMT152818977,,
BMT2810726B,,
BMT2810761B,,
BMT2810761B,,
BMT2810768B,,
BMT2810768B,,
BMT100998025,,
BMT166109735,,
BMT166109736,,
BMT166109735,,
BMT3545397B,,
BMT100993993,,
BMT3824725B,,
BMT100993958,,
BMT100993972,,
BMT100993958,,
BMT3551193B,,
BMT3158619B,,
BMT172828342,,
BMT3252048B,,
BMT3252055B,,
BMT166565405,,
BMT166565406,,
BMT166565405,,
BMT166565407,,
BMT164049685,,
BMT1634299B,,
BMT1634299B,,
BMT1634313B,,
BMT1634306B,,
BMT1634586B,,
BMT1634313B,,
BMT164049686,,
BMT164049686,,
BMT100994434,,
BMT172467197,,
BMT1634306B,,
BMT1634362B,,
BMT1634369B,,
BMT1634369B,,
BMT1634376B,,
BMT1634376B,,
BMT1634383B,,
BMT1634383B,,
BMT163789778,,
BMT1634432B,,
BMT1636182B,,
BMT172467203,,
BMT172467204,,
BMT172467203,,
BMT1634509B,,
BMT1634502B,,
BMT172467203,,
BMT1634509B,,
BMT172467205,,
BMT1634516B,,
BMT1634502B,,
BMT1634523B,,
BMT1634516B,,
BMT1634523B,,
BMT1635475B,,
BMT172467198,,
BMT172467199,,
BMT172467198,,
BMT1634579B,,
BMT1634579B,,
BMT172467200,,
BMT1634586B,,
BMT172467198,,
BMT1659744B,,
BMT1659751B,,
BMT1659751B,,
BMT166008469,,
BMT1659758B,,
BMT1659744B,,
BMT151564587,,
BMT4831227B,,
BMT151564584,,
BMT2607215B,,
BMT1736324B,,
BMT100996058,,
BMT160534302,,
BMT1630484B,,
BMT100996051,,
BMT1736324B,,
BMT1736345B,,
BMT100996051,,
BMT152818979,,
BMT1736345B,,
BMT173126672,,
BMT173126673,,
BMT100998340,,
BMT100998347,,
BMT100998340,,
BMT100998354,,
BMT101000370,,
BMT101000377,,
BMT101000370,,
BMT2607628B,,
BMT3544326B,,
BMT101000384,,
BMT3544361B,,
BMT3544368B,,
BMT3544368B,,
BMT101000391,,
BMT166072469,,
BMT166072470,,
BMT3544648B,,
BMT3544655B,,
BMT3544655B,,
BMT3544753B,,
BMT3544690B,,
BMT166072472,,
BMT3544753B,,
BMT100999082,,
BMT166072474,,
BMT3544788B,,
BMT3544788B,,
BMT166072489,,
BMT3544823B,,
BMT159880147,,
BMT3544907B,,
BMT159880150,,
BMT3545131B,,
BMT3545159B,,
BMT3545159B,,
BMT2607733B,,
BMT3545285B,,
BMT166109726,,
BMT166109732,,
BMT166109733,,
BMT3545397B,,
BMT166109737,,
BMT3545404B,,
BMT2607978B,,
BMT3545495B,,
BMT166109741,,
BMT165928699,,
BMT165928706,,
BMT100999411,,
BMT100999418,,
BMT100999425,,
BMT3553300B,,
BMT1723850B,,
BMT100994455,,
BMT1723857B,,
BMT1723850B,,
BMT1723864B,,
BMT1723857B,,
BMT1724487B,,
BMT152818970,,
BMT1724494B,,
BMT1724487B,,
BMT1724501B,,
BMT1724494B,,
BMT1724564B,,
BMT1724627B,,
BMT1724585B,,
BMT1630561B,,
BMT152818973,,
BMT1724585B,,
BMT165198400,,
BMT1630701B,,
BMT100995974,,
BMT1667493B,,
BMT100995974,,
BMT152818973,,
BMT1724606B,,
BMT100995974,,
BMT1724613B,,
BMT1724606B,,
BMT1724627B,,
BMT1724613B,,
BMT1724683B,,
BMT156028762,,
BMT1724690B,,
BMT1724683B,,
BMT1724697B,,
BMT1724690B,,
BMT1724788B,,
BMT1724795B,,
BMT1724795B,,
BMT164631338,,
BMT164631338,,
BMT164631339,,
BMT164631339,,
BMT1724816B,,
BMT1724816B,,
BMT1724823B,,
BMT1724844B,,
BMT1724837B,,
BMT164631337,,
BMT1724844B,,
BMT1724858B,,
BMT164588109,,
BMT1724865B,,
BMT164588110,,
BMT1725341B,,
BMT1725404B,,
BMT101001980,,
BMT1725341B,,
BMT1725355B,,
BMT101001980,,
BMT1725362B,,
BMT1725355B,,
BMT1725369B,,
BMT1725362B,,
BMT1725376B,,
BMT1725369B,,
BMT1725383B,,
BMT1725376B,,
BMT1725390B,,
BMT1725383B,,
BMT1725404B,,
BMT1725411B,,
BMT1725411B,,
BMT1725432B,,
BMT1725432B,,
BMT1725523B,,
BMT101001973,,
BMT1725390B,,
BMT101001966,,
BMT101001973,,
BMT101001686,,
BMT172009400,,
BMT1725502B,,
BMT101001987,,
BMT1725509B,,
BMT1725502B,,
BMT1725516B,,
BMT1725509B,,
BMT1725523B,,
BMT1725516B,,
BMT166108796,,
BMT3787898B,,
BMT158829985,,
BMT158829987,,
BMT158829985,,
BMT3860355B,,
BMT3417920B,,
BMT2606410B,,
BMT3417997B,,
BMT158376165,,
BMT3550381B,,
BMT3550388B,,
BMT3550388B,,
BMT3550416B,,
BMT3550416B,,
BMT3550430B,,
BMT2793247B,,
BMT2793254B,,
BMT2793254B,,
BMT2793261B,,
BMT2793261B,,
BMT2793268B,,
BMT2793268B,,
BMT150867659,,
BMT150867658,,
BMT2793142B,,
BMT150867658,,
BMT2793156B,,
BMT157327848,,
BMT2794150B,,
BMT157327848,,
BMT157327852,,
BMT2794150B,,
BMT2794157B,,
BMT2794157B,,
BMT157327851,,
BMT157327851,,
BMT157327853,,
BMT157327851,,
BMT157327854,,
BMT100998235,,
BMT157327857,,
BMT157030825,,
BMT3132348B,,
BMT157327857,,
BMT157327858,,
BMT2838831B,,
BMT2838852B,,
BMT2965517B,,
BMT1633305B,,
BMT158050283,,
BMT160112090,,
BMT158055065,,
BMT3056559B,,
BMT3056559B,,
BMT158055066,,
BMT158055066,,
BMT3056601B,,
BMT3056601B,,
BMT3056615B,,
BMT3056615B,,
BMT3056629B,,
BMT3056629B,,
BMT158055067,,
BMT3060528B,,
BMT3060535B,,
BMT3060535B,,
BMT149925941,,
BMT3060570B,,
BMT3060577B,,
BMT3060577B,,
BMT3060934B,,
BMT3060584B,,
BMT3060927B,,
BMT3060633B,,
BMT149925942,,
BMT3060920B,,
BMT3060633B,,
BMT3060927B,,
BMT3060920B,,
BMT3060934B,,
BMT3060584B,,
BMT149925941,,
BMT3060542B,,
BMT149925941,,
BMT149925943,,
BMT164588109,,
BMT1724865B,,
BMT164588109,,
BMT164588111,,
BMT164588111,,
BMT3398222B,,
BMT3398208B,,
BMT3398229B,,
BMT3398215B,,
BMT3398208B,,
BMT3398222B,,
BMT3398215B,,
BMT3398229B,,
BMT3398257B,,
BMT3398250B,,
BMT3398264B,,
BMT3398264B,,
BMT3400756B,,
BMT3398439B,,
BMT4850190B,,
BMT3400756B,,
BMT164588113,,
BMT100997990,,
BMT100997997,,
BMT100997990,,
BMT100998004,,
BMT3567251B,,
BMT3567258B,,
BMT3567258B,,
BMT3567265B,,
BMT3567265B,,
BMT3567272B,,
BMT3567272B,,
BMT3567279B,,
BMT3567279B,,
BMT3567286B,,
BMT3567286B,,
BMT3567293B,,
BMT3567293B,,
BMT101001154,,
BMT101001161,,
BMT3567538B,,
BMT3545530B,,
BMT3545537B,,
BMT3545537B,,
BMT166109745,,
BMT3545551B,,
BMT166109754,,
BMT3545558B,,
BMT3545565B,,
BMT3545565B,,
BMT166109755,,
BMT3545621B,,
BMT3545628B,,
BMT3545628B,,
BMT3545635B,,
BMT3545635B,,
BMT3545642B,,
BMT3545642B,,
BMT166072475,,
BMT3545684B,,
BMT3545691B,,
BMT3545691B,,
BMT100999124,,
BMT3545712B,,
BMT162773467,,
BMT3545719B,,
BMT3545712B,,
BMT3545782B,,
BMT162773474,,
BMT3545901B,,
BMT2608034B,,
BMT3547483B,,
BMT3547497B,,
BMT3547497B,,
BMT101001406,,
BMT3547504B,,
BMT3547483B,,
BMT3547539B,,
BMT101001392,,
BMT3547805B,,
BMT100994000,,
BMT3547833B,,
BMT100993958,,
BMT3547833B,,
BMT3547826B,,
BMT3547854B,,
BMT3547861B,,
BMT101001518,,
BMT101001525,,
BMT3548106B,,
BMT6313470B,,
BMT3548120B,,
BMT3548127B,,
BMT3548127B,,
BMT101001560,,
BMT3548232B,,
BMT3548246B,,
BMT3548246B,,
BMT3548253B,,
BMT3548253B,,
BMT3548260B,,
BMT3548260B,,
BMT3548267B,,
BMT3548505B,,
BMT3629971B,,
BMT101001623,,
BMT101001630,,
BMT172828340,,
BMT3549597B,,
BMT171865995,,
BMT171865996,,
BMT3549982B,,
BMT171866000,,
BMT3549989B,,
BMT2605857B,,
BMT3550143B,,
BMT171866006,,
BMT164411065,,
BMT3843436B,,
BMT164411067,,
BMT164411068,,
BMT3843436B,,
BMT3843443B,,
BMT3843443B,,
BMT3843450B,,
BMT3843450B,,
BMT3843471B,,
BMT3843471B,,
BMT2606669B,,
BMT3843520B,,
BMT100997017,,
BMT3843534B,,
BMT3843520B,,
BMT100997003,,
BMT2606613B,,
BMT3843653B,,
BMT100997003,,
BMT100996989,,
BMT3843653B,,
BMT100996989,,
BMT100997010,,
BMT100996982,,
BMT100996989,,
BMT3843905B,,
BMT2606599B,,
BMT3843912B,,
BMT3843905B,,
BMT100996947,,
BMT100996954,,
BMT3844990B,,
BMT100996933,,
BMT3849743B,,
BMT100997598,,
BMT1718390B,,
BMT1718383B,,
BMT1718397B,,
BMT1718390B,,
BMT1718404B,,
BMT1718397B,,
BMT1718411B,,
BMT1718404B,,
BMT1718418B,,
BMT1718411B,,
BMT1718425B,,
BMT1718418B,,
BMT1718432B,,
BMT1718425B,,
BMT1718446B,,
BMT1718453B,,
BMT1718453B,,
BMT1718460B,,
BMT1718460B,,
BMT100993790,,
BMT100993860,,
BMT1718474B,,
BMT1718474B,,
BMT100993867,,
BMT172828338,,
BMT172828339,,
BMT172828339,,
BMT1667150B,,
BMT172828339,,
BMT1667234B,,
BMT172273077,,
BMT172273079,,
BMT1718509B,,
BMT172273077,,
BMT1718509B,,
BMT172273076,,
BMT1718516B,,
BMT172273076,,
BMT172273079,,
BMT1718530B,,
BMT172273079,,
BMT1718537B,,
BMT1718537B,,
BMT1718544B,,
BMT1718544B,,
BMT1718551B,,
BMT1718551B,,
BMT1718565B,,
BMT1718565B,,
BMT1718600B,,
BMT172273082,,
BMT1718607B,,
BMT1718586B,,
BMT172273082,,
BMT1718593B,,
BMT172273081,,
BMT1718600B,,
BMT1718593B,,
BMT1718607B,,
BMT1718614B,,
BMT1718614B,,
BMT1718621B,,
BMT1718621B,,
BMT101001350,,
BMT101001385,,
BMT3547539B,,
BMT172273081,,
BMT1718586B,,
BMT2821674B,,
BMT2821681B,,
BMT2821681B,,
BMT2821702B,,
BMT2821702B,,
BMT156873705,,
BMT156873705,,
BMT100996163,,
BMT166565401,,
BMT166565403,,
BMT166565401,,
BMT166565404,,
BMT166565401,,
BMT166565405,,
BMT166565395,,
BMT166565396,,
BMT166565395,,
BMT166565397,,
BMT3197462B,,
BMT151564586,,
BMT3331141B,,
BMT100996352,,
BMT100996359,,
BMT3331148B,,
BMT3331547B,,
BMT2606004B,,
BMT100996352,,
BMT3331148B,,
BMT101001826,,
BMT101001833,,
BMT172009415,,
BMT101001798,,
BMT101001147,,
BMT3556947B,,
BMT3876245B,,
BMT166072482,,
BMT166600972,,
BMT166600973,,
BMT166600972,,
BMT4048508B,,
BMT3876861B,,
BMT166600972,,
BMT3877337B,,
BMT169064701,,
BMT3078812B,,
BMT3078819B,,
BMT3078819B,,
BMT3078826B,,
BMT3078826B,,
BMT2606165B,,
BMT160416246,,
BMT3078847B,,
BMT160416246,,
BMT160416248,,
BMT3078847B,,
BMT160416247,,
BMT3078854B,,
BMT3078861B,,
BMT3078861B,,
BMT3078868B,,
BMT3078868B,,
BMT160416250,,
BMT3184253B,,
BMT164631342,,
BMT164631346,,
BMT2611331B,,
BMT3535884B,,
BMT100999243,,
BMT3535891B,,
BMT3535884B,,
BMT3536052B,,
BMT168574351,,
BMT3536087B,,
BMT3536094B,,
BMT3536094B,,
BMT168574356,,
BMT3625015B,,
BMT165928705,,
BMT3625022B,,
BMT165928700,,
BMT3625099B,,
BMT165928712,,
BMT3625897B,,
BMT172957936,,
BMT3625911B,,
BMT100999383,,
BMT3625918B,,
BMT100999397,,
BMT172957933,,
BMT3625995B,,
BMT3625995B,,
BMT3626002B,,
BMT3626002B,,
BMT3626009B,,
BMT3626009B,,
BMT3626016B,,
BMT3787632B,,
BMT166108796,,
BMT3787751B,,
BMT166108807,,
BMT3787898B,,
BMT166108797,,
BMT4048508B,,
BMT4048522B,,
BMT4048522B,,
BMT166600974,,
BMT4048711B,,
BMT4048767B,,
BMT4048732B,,
BMT4048746B,,
BMT4048746B,,
BMT4048788B,,
BMT4048767B,,
BMT4048732B,,
BMT4048788B,,
BMT168261967,,
BMT168261967,,
BMT168261968,,
BMT168261967,,
BMT4048837B,,
BMT4048837B,,
BMT4048851B,,
BMT4048886B,,
BMT168261971,,
BMT168261971,,
BMT4049019B,,
BMT4049019B,,
BMT4049558B,,
BMT4049068B,,
BMT166565420,,
BMT166565415,,
BMT166565416,,
BMT4049558B,,
BMT168261972,,
BMT168261972,,
BMT168261973,,
BMT168261972,,
BMT4049586B,,
BMT4049586B,,
BMT168261974,,
BMT168261974,,
BMT168261975,,
BMT168261974,,
BMT100995323,,
BMT100995323,,
BMT168261976,,
BMT100995323,,
BMT168261977,,
BMT100995351,,
BMT100995358,,
BMT168261976,,
BMT168261978,,
BMT162153461,,
BMT4273936B,,
BMT4273936B,,
BMT4273943B,,
BMT3567538B,,
BMT3567559B,,
BMT3567559B,,
BMT3567573B,,
BMT3567573B,,
BMT3567601B,,
BMT3567587B,,
BMT3567636B,,
BMT3567601B,,
BMT151424171,,
BMT151424171,,
BMT151424172,,
BMT151424172,,
BMT3567587B,,
BMT3567636B,,
BMT3567643B,,
BMT3567643B,,
BMT3567657B,,
BMT3567657B,,
BMT3567664B,,
BMT3567664B,,
BMT3567671B,,
BMT3567671B,,
BMT3567678B,,
BMT3567678B,,
BMT151424173,,
BMT151424173,,
BMT3567699B,,
BMT3567699B,,
BMT3567706B,,
BMT3567706B,,
BMT3567720B,,
BMT3567720B,,
BMT3567727B,,
BMT3567727B,,
BMT3567734B,,
BMT3567734B,,
BMT3567741B,,
BMT172273076,,
BMT3608320B,,
BMT3608320B,,
BMT3608327B,,
BMT3608327B,,
BMT3608334B,,
BMT3608334B,,
BMT3608341B,,
BMT3608341B,,
BMT3608348B,,
BMT3608348B,,
BMT172273078,,
BMT3824725B,,
BMT2605948B,,
BMT3839530B,,
BMT100997080,,
BMT3839999B,,
BMT100997038,,
BMT3840076B,,
BMT3839999B,,
BMT3840090B,,
BMT3840076B,,
BMT164117459,,
BMT164117460,,
BMT164117459,,
BMT5769815B,,
BMT101000335,,
BMT101000342,,
BMT101000335,,
BMT101000349,,
BMT4608767B,,
BMT101001483,,
BMT101001483,,
BMT101001490,,
BMT4608795B,,
BMT101001504,,
BMT4831073B,,
BMT166565395,,
BMT4831080B,,
BMT100998403,,
BMT4831143B,,
BMT100996534,,
BMT4831150B,,
BMT4831143B,,
BMT4831157B,,
BMT2606249B,,
BMT4831164B,,
BMT4831157B,,
BMT4831199B,,
BMT4831206B,,
BMT4831206B,,
BMT2607243B,,
BMT4831213B,,
BMT4831220B,,
BMT4831220B,,
BMT2607250B,,
BMT4831227B,,
BMT4831234B,,
BMT4831234B,,
BMT151564588,,
BMT4831248B,,
BMT151564590,,
BMT4840593B,,
BMT173126672,,
BMT4840698B,,
BMT4840705B,,
BMT4840705B,,
BMT4840712B,,
BMT4840712B,,
BMT2606046B,,
BMT4840726B,,
BMT2606053B,,
BMT4840747B,,
BMT4840761B,,
BMT3879969B,,
BMT100995512,,
BMT3880158B,,
BMT2611541B,,
BMT157929144,,
BMT157929145,,
BMT3881180B,,
BMT2611464B,,
BMT154502605,,
BMT3831291B,,
BMT163144423,,
BMT163144424,,
BMT166565413,,
BMT166565414,,
BMT166565413,,
BMT166565415,,
BMT3885415B,,
BMT166086275,,
BMT166086277,,
BMT5957324B,,
BMT3886542B,,
BMT154783387,,
BMT4840761B,,
BMT158195959,,
BMT4840803B,,
BMT4840810B,,
BMT4840810B,,
BMT4840817B,,
BMT4840817B,,
BMT4840824B,,
BMT4840824B,,
BMT153647459,,
BMT4840831B,,
BMT153647461,,
BMT4840838B,,
BMT4840831B,,
BMT4840845B,,
BMT4840838B,,
BMT4840852B,,
BMT4840845B,,
BMT4840859B,,
BMT4840852B,,
BMT4840866B,,
BMT153647463,,
BMT4840873B,,
BMT4840880B,,
BMT4840880B,,
BMT158195962,,
BMT4840887B,,
BMT4840894B,,
BMT4840894B,,
BMT2606123B,,
BMT4840901B,,
BMT4840908B,,
BMT4840908B,,
BMT4840915B,,
BMT4840915B,,
BMT4840922B,,
BMT4840922B,,
BMT4840929B,,
BMT4840929B,,
BMT101001049,,
BMT4840936B,,
BMT2606151B,,
BMT4840957B,,
BMT4840964B,,
BMT4840964B,,
BMT4840971B,,
BMT4840971B,,
BMT158195964,,
BMT4848027B,,
BMT173135837,,
BMT4850211B,,
BMT2611450B,,
BMT4850260B,,
BMT157929124,,
BMT4850316B,,
BMT2611394B,,
BMT4850386B,,
BMT100995736,,
BMT4851870B,,
BMT4851877B,,
BMT4851877B,,
BMT4851884B,,
BMT4851884B,,
BMT4851905B,,
BMT4851905B,,
BMT100995498,,
BMT4851954B,,
BMT4851870B,,
BMT165487272,,
BMT100995477,,
BMT165487272,,
BMT165487273,,
BMT158376230,,
BMT158376231,,
BMT3849785B,,
BMT171270434,,
BMT3849974B,,
BMT171270435,,
BMT3850296B,,
BMT2611310B,,
BMT3850716B,,
BMT101000748,,
BMT3850730B,,
BMT2611268B,,
BMT3854419B,,
BMT2607257B,,
BMT3854468B,,
BMT3854475B,,
BMT3854475B,,
BMT3854482B,,
BMT3854482B,,
BMT173126679,,
BMT3854657B,,
BMT3854664B,,
BMT3854664B,,
BMT2607299B,,
BMT100998746,,
BMT2607306B,,
BMT3854706B,,
BMT100998753,,
BMT100998753,,
BMT158829978,,
BMT3854923B,,
BMT158829980,,
BMT3854972B,,
BMT158829982,,
BMT100995561,,
BMT100995568,,
BMT100995561,,
BMT100995575,,
BMT100996170,,
BMT5540544B,,
BMT5540544B,,
BMT5540551B,,
BMT5540551B,,
BMT5540558B,,
BMT5540558B,,
BMT5540565B,,
BMT5540565B,,
BMT100996177,,
BMT5769759B,,
BMT5769766B,,
BMT5769766B,,
BMT5769773B,,
BMT5769773B,,
BMT5769780B,,
BMT5769780B,,
BMT164117458,,
BMT5769787B,,
BMT5769794B,,
BMT5769794B,,
BMT164117459,,
BMT5769815B,,
BMT164117461,,
BMT5769829B,,
BMT100998445,,
BMT3550430B,,
BMT3550437B,,
BMT3550437B,,
BMT2605829B,,
BMT3550528B,,
BMT100993916,,
BMT100993979,,
BMT3551074B,,
BMT3551130B,,
BMT100993979,,
BMT3551137B,,
BMT3551130B,,
BMT3551151B,,
BMT3551137B,,
BMT3551186B,,
BMT3551151B,,
BMT3551193B,,
BMT3551186B,,
BMT3553300B,,
BMT3553307B,,
BMT3553307B,,
BMT100999439,,
BMT3553314B,,
BMT3553321B,,
BMT3553321B,,
BMT100999446,,
BMT3553468B,,
BMT100999467,,
BMT3553489B,,
BMT3553496B,,
BMT3553496B,,
BMT3553503B,,
BMT3553503B,,
BMT3553510B,,
BMT3553510B,,
BMT2608307B,,
BMT3553545B,,
BMT2608328B,,
BMT3860201B,,
BMT158830597,,
BMT3860215B,,
BMT158830596,,
BMT3860236B,,
BMT3860243B,,
BMT3860243B,,
BMT3860257B,,
BMT3860257B,,
BMT100998809,,
BMT100998809,,
BMT3860306B,,
BMT101000811,,
BMT101000818,,
BMT3860306B,,
BMT3860327B,,
BMT3860355B,,
BMT100998830,,
BMT3864611B,,
BMT166108806,,
BMT3864618B,,
BMT166108808,,
BMT3864674B,,
BMT2607432B,,
BMT3864814B,,
BMT2607593B,,
BMT3864975B,,
BMT158484385,,
BMT3869252B,,
BMT158484388,,
BMT3869301B,,
BMT158484392,,
BMT138921631,,
BMT2607551B,,
BMT3869567B,,
BMT3869574B,,
BMT3869574B,,
BMT156218086,,
BMT3869602B,,
BMT3869609B,,
BMT3869609B,,
BMT166565399,,
BMT164411068,,
BMT4364964B,,
BMT164411068,,
BMT164411070,,
BMT4364964B,,
BMT4364999B,,
BMT4364999B,,
BMT164411069,,
BMT164411069,,
BMT164411071,,
BMT4367211B,,
BMT4367239B,,
BMT4367239B,,
BMT4367246B,,
BMT4367246B,,
BMT4367260B,,
BMT4367260B,,
BMT160649543,,
BMT101001651,,
BMT101001665,,
BMT101001651,,
BMT101001672,,
BMT101001581,,
BMT3548505B,,
BMT101001581,,
BMT101001595,,
BMT100996345,,
BMT3331141B,,
BMT151564585,,
BMT3197462B,,
BMT123639056,,
BMT2606235B,,
BMT3132348B,,
BMT3132355B,,
BMT3132355B,,
BMT157030826,,
BMT157030826,,
BMT157030827,,
BMT157030827,,
BMT157030828,,
BMT157030828,,
BMT3132558B,,
BMT157030828,,
BMT3132670B,,
BMT3132558B,,
BMT157030829,,
BMT157030829,,
BMT157030836,,
BMT3132670B,,
BMT3132684B,,
BMT3132684B,,
BMT3132698B,,
BMT3132698B,,
BMT3132705B,,
BMT3132705B,,
BMT157030830,,
BMT157030830,,
BMT157030831,,
BMT157030830,,
BMT157030832,,
BMT157030831,,
BMT157030833,,
BMT157030833,,
BMT157030834,,
BMT3237537B,,
BMT166632564,,
BMT3439333B,,
BMT155838917,,
BMT3439396B,,
BMT1466432B,,
BMT3543682B,,
BMT3543689B,,
BMT3543689B,,
BMT158484394,,
BMT3629971B,,
BMT3629978B,,
BMT3629978B,,
BMT3629985B,,
BMT3629985B,,
BMT3629999B,,
BMT3629999B,,
BMT101001588,,
BMT101001588,,
BMT3630027B,,
BMT3630027B,,
BMT3630090B,,
BMT3630090B,,
BMT3630097B,,
BMT3630097B,,
BMT101001602,,
BMT101001609,,
BMT101001616,,
BMT173126674,,
BMT173126675,,
BMT3938041B,,
BMT3938048B,,
BMT3938048B,,
BMT100994609,,
BMT152005981,,
BMT152005982,,
BMT152005981,,
BMT4673601B,,
BMT4673601B,,
BMT152005983,,
BMT160416250,,
BMT160416251,,
BMT172849099,,
BMT172849101,,
BMT4695245B,,
BMT172667671,,
BMT4695490B,,
BMT166109751,,
BMT4273943B,,
BMT4274027B,,
BMT4274027B,,
BMT4274076B,,
BMT4274076B,,
BMT162153462,,
BMT162153462,,
BMT162153463,,
BMT162153462,,
BMT162153464,,
BMT162153464,,
BMT162153465,,
BMT162153464,,
BMT162153466,,
BMT4518957B,,
BMT101001448,,
BMT4745694B,,
BMT172170273,,
BMT4745708B,,
BMT4745722B,,
BMT4745722B,,
BMT172170274,,
BMT5906378B,,
BMT1633074B,,
BMT5911453B,,
BMT5769829B,,
BMT1701576B,,
BMT173123231,,
BMT1701583B,,
BMT1701576B,,
BMT166600978,,
BMT166600979,,
BMT101000734,,
BMT101000741,,
BMT3526322B,,
BMT100997185,,
BMT3526364B,,
BMT172590259,,
BMT3526469B,,
BMT172590264,,
BMT172667663,,
BMT2606942B,,
BMT3526602B,,
BMT172667664,,
BMT172667664,,
BMT2606956B,,
BMT108682114,,
BMT172667668,,
BMT3526861B,,
BMT172590268,,
BMT3526980B,,
BMT2607047B,,
BMT3527043B,,
BMT2607054B,,
BMT3527099B,,
BMT100997164,,
BMT3527169B,,
BMT100997171,,
BMT3527204B,,
BMT100997150,,
BMT3527260B,,
BMT2606830B,,
BMT3527519B,,
BMT100997577,,
BMT172170274,,
BMT172170275,,
BMT3528079B,,
BMT3528086B,,
BMT3528086B,,
BMT172170276,,
BMT3528093B,,
BMT2607012B,,
BMT3528961B,,
BMT2608055B,,
BMT3528975B,,
BMT3528961B,,
BMT172957928,,
BMT149022041,,
BMT159208135,,
BMT4972242B,,
BMT159223298,,
BMT6335758B,,
BMT4972242B,,
BMT4972249B,,
BMT4972249B,,
BMT172273087,,
BMT156028766,,
BMT156028767,,
BMT3556947B,,
BMT3556954B,,
BMT3556954B,,
BMT3567251B,,
BMT3561259B,,
BMT131577847,,
BMT3561420B,,
BMT159880159,,
BMT3561483B,,
BMT159880161,,
BMT3561616B,,
BMT2607810B,,
BMT3561623B,,
BMT2607824B,,
BMT159880163,,
BMT159880164,,
BMT159880164,,
BMT159880166,,
BMT3561763B,,
BMT3561777B,,
BMT3561777B,,
BMT131577819,,
BMT3561847B,,
BMT3561854B,,
BMT3561854B,,
BMT131577826,,
BMT166565419,,
BMT2606452B,,
BMT166565419,,
BMT166565421,,
BMT3888873B,,
BMT100997948,,
BMT3888887B,,
BMT2606494B,,
BMT157327847,,
BMT157327848,,
BMT166086267,,
BMT166086268,,
BMT166086267,,
BMT166086269,,
BMT166086270,,
BMT166086272,,
BMT3891281B,,
BMT100995197,,
BMT100995197,,
BMT166086273,,
BMT168261966,,
BMT4048711B,,
BMT3899170B,,
BMT3899240B,,
BMT3899205B,,
BMT3899170B,,
BMT3899240B,,
BMT3899254B,,
BMT3899254B,,
BMT100995533,,
BMT101000818,,
BMT101000825,,
BMT4829617B,,
BMT4829638B,,
BMT4829638B,,
BMT4829659B,,
BMT4829659B,,
BMT4829666B,,
BMT4829666B,,
BMT4829673B,,
BMT4829673B,,
BMT4829680B,,
BMT4829680B,,
BMT4829694B,,
BMT4829694B,,
BMT4829708B,,
BMT4829708B,,
BMT4829729B,,
BMT4829729B,,
BMT4829736B,,
BMT4829736B,,
BMT4829750B,,
BMT4829750B,,
BMT4829757B,,
BMT4829757B,,
BMT4829764B,,
BMT4829764B,,
BMT101001455,,
BMT5693655B,,
BMT100993951,,
BMT5957324B,,
BMT5957331B,,
BMT5957331B,,
BMT166086279,,
BMT5957338B,,
BMT159847544,,
BMT100993755,,
BMT1470835C,,
BMT135265090,,
BMT5976616C,,
BMT5976616C,,
BMT135265097,,
