BMT927559B,,
BMT124489668,,
BMT927538B,,
BMT165403596,,
BMT788777B,,
BMT783527B,,
BMT167708024,,
BMT788847B,,
BMT788847B,,
BMT167708025,,
BMT789204B,,
BMT2318130,,
BMT124489829,,
BMT789204B,,
BMT789225B,,
BMT124489829,,
BMT789246B,,
BMT789225B,,
BMT789260B,,
BMT908694B,,
BMT154377505,,
BMT894288B,,
BMT894288B,,
BMT894267B,,
BMT894267B,,
BMT154377506,,
BMT158338066,,
BMT158338067,,
BMT171789050,,
BMT870705B,,
BMT870761B,,
BMT171789050,,
BMT870782B,,
BMT870761B,,
BMT870789B,,
BMT870768B,,
BMT870789B,,
BMT870782B,,
BMT870789B,,
BMT870796B,,
BMT870803B,,
BMT870789B,,
BMT871041B,,
BMT124490879,,
BMT871048B,,
BMT871041B,,
BMT124490879,,
BMT871076B,,
BMT871062B,,
BMT871048B,,
BMT871069B,,
BMT871062B,,
BMT871076B,,
BMT871090B,,
BMT871083B,,
BMT124490886,,
BMT871090B,,
BMT871083B,,
BMT871090B,,
BMT871097B,,
BMT871090B,,
BMT871104B,,
BMT871482B,,
BMT171789054,,
BMT171789049,,
BMT871482B,,
BMT871496B,,
BMT870803B,,
BMT171789048,,
BMT171789049,,
BMT171789048,,
BMT871496B,,
BMT171789048,,
BMT871524B,,
BMT871510B,,
BMT171789048,,
BMT871517B,,
BMT871510B,,
BMT871517B,,
BMT879259B,,
BMT872357B,,
BMT875696B,,
BMT124490872,,
BMT871069B,,
BMT124490900,,
BMT872357B,,
BMT872371B,,
BMT124490872,,
BMT872385B,,
BMT872371B,,
BMT124490865,,
BMT872385B,,
BMT872413B,,
BMT124490865,,
BMT872420B,,
BMT872413B,,
BMT872434B,,
BMT878888B,,
BMT872434B,,
BMT2283914B,,
BMT124490998,,
BMT124491005,,
BMT124490998,,
BMT872889B,,
BMT124490998,,
BMT872924B,,
BMT872910B,,
BMT124490998,,
BMT872924B,,
BMT878531B,,
BMT872931B,,
BMT872910B,,
BMT782827B,,
BMT782799B,,
BMT782834B,,
BMT782827B,,
BMT783296B,,
BMT789246B,,
BMT167708018,,
BMT788777B,,
BMT783310B,,
BMT124489822,,
BMT783317B,,
BMT783324B,,
BMT783324B,,
BMT783338B,,
BMT124489808,,
BMT783310B,,
BMT783338B,,
BMT2318732,,
BMT783352B,,
BMT124489801,,
BMT124489794,,
BMT789260B,,
BMT783380B,,
BMT783352B,,
BMT124489787,,
BMT124489794,,
BMT124489787,,
BMT783380B,,
BMT124489787,,
BMT783394B,,
BMT783408B,,
BMT124489787,,
BMT124489822,,
BMT783296B,,
BMT124489822,,
BMT124489836,,
BMT124489822,,
BMT783317B,,
BMT783471B,,
BMT891845B,,
BMT167708022,,
BMT783471B,,
BMT167708022,,
BMT167708024,,
BMT783485B,,
BMT167708022,,
BMT783492B,,
BMT783485B,,
BMT167708019,,
BMT167708020,,
BMT783513B,,
BMT167708019,,
BMT783527B,,
BMT783513B,,
BMT878013B,,
BMT158152113,,
BMT881009B,,
BMT172041910,,
BMT878076B,,
BMT878069B,,
BMT878209B,,
BMT878216B,,
BMT878216B,,
BMT148823990,,
BMT878251B,,
BMT878258B,,
BMT878251B,,
BMT881457B,,
BMT148823987,,
BMT878258B,,
BMT148823986,,
BMT148823987,,
BMT878496B,,
BMT158393531,,
BMT878531B,,
BMT878545B,,
BMT878545B,,
BMT878559B,,
BMT878559B,,
BMT878573B,,
BMT878573B,,
BMT881618B,,
BMT878797B,,
BMT124491880,,
BMT878804B,,
BMT878797B,,
BMT878818B,,
BMT878804B,,
BMT124490851,,
BMT124490858,,
BMT124490851,,
BMT878888B,,
BMT124490844,,
BMT124490851,,
BMT879259B,,
BMT171789047,,
BMT171789047,,
BMT879287B,,
BMT879294B,,
BMT879280B,,
BMT879294B,,
BMT3705971B,,
BMT879308B,,
BMT879294B,,
BMT879427B,,
BMT124490396,,
BMT879441B,,
BMT879427B,,
BMT124490389,,
BMT879441B,,
BMT124490403,,
BMT124490410,,
BMT167708020,,
BMT782491B,,
BMT167708020,,
BMT783492B,,
BMT782491B,,
BMT782505B,,
BMT782505B,,
BMT782519B,,
BMT782519B,,
BMT782533B,,
BMT782533B,,
BMT782561B,,
BMT167708021,,
BMT167708026,,
BMT167708027,,
BMT782834B,,
BMT167708026,,
BMT782526B,,
BMT167708026,,
BMT167708027,,
BMT167708026,,
BMT167708028,,
BMT782561B,,
BMT167708021,,
BMT128335188,,
BMT782708B,,
BMT782799B,,
BMT167708029,,
BMT148823989,,
BMT2330541,,
BMT148823989,,
BMT881415B,,
BMT881415B,,
BMT878209B,,
BMT881422B,,
BMT148823989,,
BMT148823988,,
BMT881422B,,
BMT148823988,,
BMT881443B,,
BMT881457B,,
BMT881443B,,
BMT881618B,,
BMT124491012,,
BMT124490984,,
BMT877439B,,
BMT124490984,,
BMT881219B,,
BMT124490984,,
BMT881744B,,
BMT881758B,,
BMT124490984,,
BMT881765B,,
BMT881758B,,
BMT124490928,,
BMT881765B,,
BMT881779B,,
BMT124490921,,
BMT881786B,,
BMT124490928,,
BMT124490921,,
BMT881786B,,
BMT124490921,,
BMT881800B,,
BMT124490921,,
BMT881807B,,
BMT881807B,,
BMT879714B,,
BMT882059B,,
BMT161811571,,
BMT882066B,,
BMT882059B,,
BMT882171B,,
BMT882178B,,
BMT882185B,,
BMT882178B,,
BMT882185B,,
BMT882192B,,
BMT882192B,,
BMT161812491,,
BMT161812491,,
BMT882206B,,
BMT882206B,,
BMT882213B,,
BMT882213B,,
BMT882220B,,
BMT882220B,,
BMT882227B,,
BMT882227B,,
BMT161812492,,
BMT124491873,,
BMT878818B,,
BMT124491873,,
BMT882493B,,
BMT124491873,,
BMT882507B,,
BMT124491873,,
BMT124491887,,
BMT882521B,,
BMT882507B,,
BMT882521B,,
BMT887183B,,
BMT124490956,,
BMT124490977,,
BMT124490956,,
BMT882542B,,
BMT882535B,,
BMT124490949,,
BMT124490949,,
BMT882542B,,
BMT124490949,,
BMT882556B,,
BMT124491747,,
BMT890242B,,
BMT166742719,,
BMT124491754,,
BMT124491761,,
BMT890200B,,
BMT124491768,,
BMT124491775,,
BMT124491775,,
BMT124491789,,
BMT890165B,,
BMT888674B,,
BMT784787B,,
BMT784794B,,
BMT784794B,,
BMT784801B,,
BMT784801B,,
BMT784815B,,
BMT784815B,,
BMT124492377,,
BMT784892B,,
BMT124492412,,
BMT124492412,,
BMT784906B,,
BMT784906B,,
BMT784913B,,
BMT784913B,,
BMT784920B,,
BMT784913B,,
BMT124492419,,
BMT784913B,,
BMT786824B,,
BMT785354B,,
BMT785361B,,
BMT785361B,,
BMT785368B,,
BMT785368B,,
BMT785375B,,
BMT785375B,,
BMT785382B,,
BMT785382B,,
BMT152720720,,
BMT152720720,,
BMT124491684,,
BMT166742712,,
BMT785431B,,
BMT785410B,,
BMT166742715,,
BMT785417B,,
BMT788203B,,
BMT166742714,,
BMT166742713,,
BMT166742714,,
BMT786796B,,
BMT166742714,,
BMT786803B,,
BMT785431B,,
BMT891229B,,
BMT166742713,,
BMT166742712,,
BMT166742713,,
BMT785410B,,
BMT166742713,,
BMT785417B,,
BMT148693131,,
BMT786768B,,
BMT157619602,,
BMT785690B,,
BMT157619602,,
BMT894589B,,
BMT785690B,,
BMT785697B,,
BMT785697B,,
BMT785704B,,
BMT785704B,,
BMT785718B,,
BMT785718B,,
BMT157619603,,
BMT880295B,,
BMT160694277,,
BMT160694277,,
BMT873568B,,
BMT160696176,,
BMT9068952B,,
BMT9068952B,,
BMT160696177,,
BMT171580490,,
BMT888051B,,
BMT171580492,,
BMT888044B,,
BMT888051B,,
BMT171580491,,
BMT171580491,,
BMT888044B,,
BMT171580491,,
BMT888065B,,
BMT171580491,,
BMT171580493,,
BMT888121B,,
BMT888128B,,
BMT888128B,,
BMT888135B,,
BMT888135B,,
BMT888142B,,
BMT888142B,,
BMT888149B,,
BMT888149B,,
BMT124490802,,
BMT148693127,,
BMT2065591B,,
BMT888611B,,
BMT148693128,,
BMT6576964B,,
BMT880302B,,
BMT6576964B,,
BMT881093B,,
BMT6576964B,,
BMT6576957B,,
BMT124491334,,
BMT124491341,,
BMT161811571,,
BMT882045B,,
BMT882045B,,
BMT882038B,,
BMT882038B,,
BMT882031B,,
BMT882031B,,
BMT161811572,,
BMT786747B,,
BMT786754B,,
BMT786754B,,
BMT786761B,,
BMT786761B,,
BMT148693131,,
BMT786768B,,
BMT148693132,,
BMT148693132,,
BMT124491642,,
BMT166742717,,
BMT786789B,,
BMT786789B,,
BMT166742714,,
BMT786803B,,
BMT2043240,,
BMT787006B,,
BMT787027B,,
BMT787027B,,
BMT787048B,,
BMT787048B,,
BMT787055B,,
BMT2065640B,,
BMT893070B,,
BMT158393529,,
BMT9003465B,,
BMT9003465B,,
BMT869263B,,
BMT158152113,,
BMT880890B,,
BMT170923817,,
BMT170045495,,
BMT170045498,,
BMT894491B,,
BMT891922B,,
BMT891929B,,
BMT891929B,,
BMT891936B,,
BMT891936B,,
BMT157619607,,
BMT124490151,,
BMT889269B,,
BMT170175409,,
BMT124490144,,
BMT170175415,,
BMT158338031,,
BMT170175408,,
BMT170175409,,
BMT170175408,,
BMT170175410,,
BMT170175408,,
BMT892580B,,
BMT892573B,,
BMT170175408,,
BMT892580B,,
BMT124490102,,
BMT170175407,,
BMT892573B,,
BMT124492398,,
BMT892601B,,
BMT892601B,,
BMT124492405,,
BMT124491810,,
BMT124491138,,
BMT124491796,,
BMT124491810,,
BMT124491796,,
BMT124491817,,
BMT892622B,,
BMT124490053,,
BMT892755B,,
BMT882906B,,
BMT170634846,,
BMT891082B,,
BMT152669595,,
BMT892755B,,
BMT152669595,,
BMT152669594,,
BMT170923818,,
BMT170634845,,
BMT892811B,,
BMT170923817,,
BMT170923816,,
BMT124490186,,
BMT170923816,,
BMT124490193,,
BMT170923816,,
BMT892811B,,
BMT892825B,,
BMT170923816,,
BMT170923815,,
BMT892825B,,
BMT892881B,,
BMT159301799,,
BMT159301800,,
BMT159301805,,
BMT892930B,,
BMT159301801,,
BMT159301799,,
BMT159301800,,
BMT159301799,,
BMT892930B,,
BMT159301799,,
BMT893742B,,
BMT892951B,,
BMT124491411,,
BMT892958B,,
BMT892951B,,
BMT124491404,,
BMT890494B,,
BMT124491404,,
BMT891754B,,
BMT124491404,,
BMT892958B,,
BMT124491404,,
BMT124491418,,
BMT893007B,,
BMT891502B,,
BMT124491285,,
BMT124491292,,
BMT124491285,,
BMT893007B,,
BMT124491348,,
BMT893035B,,
BMT893035B,,
BMT124491355,,
BMT124491355,,
BMT893049B,,
BMT893049B,,
BMT890508B,,
BMT168351342,,
BMT168351343,,
BMT157619605,,
BMT124490032,,
BMT893273B,,
BMT157619605,,
BMT171601963,,
BMT893287B,,
BMT893287B,,
BMT893294B,,
BMT893294B,,
BMT171601964,,
BMT893301B,,
BMT171601965,,
BMT893301B,,
BMT171601964,,
BMT171601965,,
BMT893336B,,
BMT893336B,,
BMT171601967,,
BMT893378B,,
BMT170175418,,
BMT893385B,,
BMT893378B,,
BMT170175417,,
BMT893385B,,
BMT893406B,,
BMT124490116,,
BMT170175416,,
BMT893406B,,
BMT170175416,,
BMT124490123,,
BMT170175416,,
BMT2170451B,,
BMT893420B,,
BMT170175416,,
BMT124492363,,
BMT124492370,,
BMT158338031,,
BMT893420B,,
BMT124492370,,
BMT784787B,,
BMT893686B,,
BMT159301804,,
BMT159301803,,
BMT893686B,,
BMT124492251,,
BMT159301803,,
BMT124492279,,
BMT124492286,,
BMT893707B,,
BMT124492251,,
BMT893714B,,
BMT893707B,,
BMT159301802,,
BMT893714B,,
BMT893735B,,
BMT159301802,,
BMT893742B,,
BMT893728B,,
BMT893742B,,
BMT893735B,,
BMT893742B,,
BMT893749B,,
BMT893903B,,
BMT157619601,,
BMT893910B,,
BMT893903B,,
BMT157619599,,
BMT889010B,,
BMT157619599,,
BMT893910B,,
BMT157619599,,
BMT893924B,,
BMT888618B,,
BMT148693129,,
BMT148693129,,
BMT888639B,,
BMT888639B,,
BMT888646B,,
BMT888646B,,
BMT888653B,,
BMT888653B,,
BMT786747B,,
BMT124491775,,
BMT124491782,,
BMT888793B,,
BMT888779B,,
BMT124490039,,
BMT124490046,,
BMT124490046,,
BMT888814B,,
BMT888814B,,
BMT888863B,,
BMT888863B,,
BMT892622B,,
BMT888870B,,
BMT157619598,,
BMT157619598,,
BMT888793B,,
BMT157619598,,
BMT124489955,,
BMT157619598,,
BMT157619599,,
BMT889010B,,
BMT157619600,,
BMT124490158,,
BMT124490165,,
BMT889269B,,
BMT124490158,,
BMT889276B,,
BMT888870B,,
BMT157619597,,
BMT889276B,,
BMT889290B,,
BMT157619597,,
BMT889297B,,
BMT889290B,,
BMT889304B,,
BMT124490228,,
BMT124491446,,
BMT124491453,,
BMT124491453,,
BMT889325B,,
BMT124491453,,
BMT889339B,,
BMT124491453,,
BMT889346B,,
BMT889346B,,
BMT124491467,,
BMT889353B,,
BMT889339B,,
BMT889353B,,
BMT889549B,,
BMT124491621,,
BMT124492293,,
BMT124492293,,
BMT152720719,,
BMT124492314,,
BMT124492321,,
BMT152720719,,
BMT889500B,,
BMT889500B,,
BMT889507B,,
BMT889507B,,
BMT785354B,,
BMT889549B,,
BMT124491460,,
BMT124491460,,
BMT889556B,,
BMT124491460,,
BMT889570B,,
BMT124491460,,
BMT124491474,,
BMT124491474,,
BMT889584B,,
BMT889584B,,
BMT889591B,,
BMT889591B,,
BMT788126B,,
BMT889633B,,
BMT154377502,,
BMT154377502,,
BMT889647B,,
BMT889647B,,
BMT154377503,,
BMT124491362,,
BMT890522B,,
BMT124491558,,
BMT124491572,,
BMT889745B,,
BMT124491558,,
BMT889801B,,
BMT166742720,,
BMT889808B,,
BMT889801B,,
BMT124491789,,
BMT124491796,,
BMT124491789,,
BMT124491803,,
BMT890165B,,
BMT124491775,,
BMT890200B,,
BMT124491768,,
BMT882556B,,
BMT124490963,,
BMT124490963,,
BMT882570B,,
BMT882570B,,
BMT882577B,,
BMT882577B,,
BMT885468B,,
BMT882661B,,
BMT124492349,,
BMT882682B,,
BMT882661B,,
BMT882689B,,
BMT882682B,,
BMT882710B,,
BMT882689B,,
BMT882710B,,
BMT124492342,,
BMT882843B,,
BMT152669598,,
BMT152669597,,
BMT882843B,,
BMT882857B,,
BMT152669597,,
BMT152669596,,
BMT882857B,,
BMT882906B,,
BMT152669596,,
BMT883074B,,
BMT883081B,,
BMT883081B,,
BMT124491124,,
BMT124491124,,
BMT883095B,,
BMT883095B,,
BMT883102B,,
BMT883102B,,
BMT883109B,,
BMT883109B,,
BMT124491131,,
BMT883151B,,
BMT883158B,,
BMT883151B,,
BMT124491852,,
BMT883165B,,
BMT124491859,,
BMT124491845,,
BMT883158B,,
BMT124491845,,
BMT883165B,,
BMT124491845,,
BMT124491866,,
BMT171601958,,
BMT171601959,,
BMT883186B,,
BMT124491845,,
BMT171601959,,
BMT171601960,,
BMT124491838,,
BMT883186B,,
BMT124491838,,
BMT883207B,,
BMT883207B,,
BMT883214B,,
BMT883221B,,
BMT883214B,,
BMT883256B,,
BMT124492083,,
BMT883578B,,
BMT124492069,,
BMT883585B,,
BMT883606B,,
BMT883599B,,
BMT883578B,,
BMT883606B,,
BMT883634B,,
BMT883627B,,
BMT883599B,,
BMT883634B,,
BMT124492062,,
BMT883648B,,
BMT883627B,,
BMT124492062,,
BMT883669B,,
BMT883669B,,
BMT883648B,,
BMT883669B,,
BMT883676B,,
BMT883669B,,
BMT883683B,,
BMT124492069,,
BMT883774B,,
BMT124492069,,
BMT124492076,,
BMT124492069,,
BMT883795B,,
BMT883795B,,
BMT883256B,,
BMT884390B,,
BMT170634849,,
BMT884397B,,
BMT884390B,,
BMT170634848,,
BMT884397B,,
BMT884418B,,
BMT170634848,,
BMT884467B,,
BMT167948591,,
BMT884495B,,
BMT124491306,,
BMT124491299,,
BMT884495B,,
BMT171601964,,
BMT883340B,,
BMT883340B,,
BMT883326B,,
BMT883326B,,
BMT171601966,,
BMT124491096,,
BMT885244B,,
BMT885244B,,
BMT124491103,,
BMT124491103,,
BMT885258B,,
BMT885258B,,
BMT885265B,,
BMT885265B,,
BMT885272B,,
BMT885272B,,
BMT124491110,,
BMT885286B,,
BMT161812489,,
BMT161812489,,
BMT885300B,,
BMT885300B,,
BMT885307B,,
BMT885307B,,
BMT161812490,,
BMT161812490,,
BMT885321B,,
BMT885321B,,
BMT885328B,,
BMT885328B,,
BMT885335B,,
BMT885335B,,
BMT882171B,,
BMT148824512,,
BMT124490501,,
BMT148824511,,
BMT879455B,,
BMT148824511,,
BMT148824512,,
BMT148824511,,
BMT885419B,,
BMT148824510,,
BMT148824511,,
BMT124490459,,
BMT171580492,,
BMT885468B,,
BMT885496B,,
BMT885496B,,
BMT124490970,,
BMT885678B,,
BMT171601962,,
BMT885678B,,
BMT885860B,,
BMT171601962,,
BMT885692B,,
BMT885692B,,
BMT171601963,,
BMT171601960,,
BMT885839B,,
BMT171601960,,
BMT885853B,,
BMT171601960,,
BMT885860B,,
BMT885853B,,
BMT885867B,,
BMT885867B,,
BMT171601961,,
BMT886091B,,
BMT167948592,,
BMT886105B,,
BMT886091B,,
BMT886133B,,
BMT886147B,,
BMT886147B,,
BMT887526B,,
BMT886511B,,
BMT124491320,,
BMT124491320,,
BMT124491327,,
BMT124491327,,
BMT886539B,,
BMT886539B,,
BMT886546B,,
BMT886546B,,
BMT886560B,,
BMT886560B,,
BMT124491334,,
BMT886868B,,
BMT876277B,,
BMT886889B,,
BMT886868B,,
BMT886889B,,
BMT886882B,,
BMT886889B,,
BMT886903B,,
BMT886903B,,
BMT886945B,,
BMT124490375,,
BMT886889B,,
BMT886924B,,
BMT124490375,,
BMT886931B,,
BMT886924B,,
BMT886952B,,
BMT886931B,,
BMT886980B,,
BMT124491929,,
BMT886987B,,
BMT886980B,,
BMT886994B,,
BMT886987B,,
BMT124490382,,
BMT124490389,,
BMT161811566,,
BMT161811567,,
BMT161811565,,
BMT161811566,,
BMT879714B,,
BMT879721B,,
BMT879721B,,
BMT879735B,,
BMT879735B,,
BMT124490935,,
BMT124490935,,
BMT879770B,,
BMT879770B,,
BMT879784B,,
BMT879784B,,
BMT887631B,,
BMT880092B,,
BMT172041918,,
BMT880106B,,
BMT880092B,,
BMT172041908,,
BMT880106B,,
BMT171789045,,
BMT879308B,,
BMT171789044,,
BMT171789045,,
BMT171789044,,
BMT880323B,,
BMT171789044,,
BMT880337B,,
BMT880337B,,
BMT171789046,,
BMT171789043,,
BMT171789044,,
BMT880351B,,
BMT124490634,,
BMT880358B,,
BMT172041911,,
BMT880358B,,
BMT172041910,,
BMT172041911,,
BMT876935B,,
BMT172041911,,
BMT880351B,,
BMT172041911,,
BMT880372B,,
BMT880589B,,
BMT158152111,,
BMT880596B,,
BMT880589B,,
BMT880610B,,
BMT880596B,,
BMT880624B,,
BMT880610B,,
BMT158152112,,
BMT878076B,,
BMT158152109,,
BMT880624B,,
BMT158152109,,
BMT158152112,,
BMT880855B,,
BMT158152114,,
BMT158152113,,
BMT880855B,,
BMT880890B,,
BMT880897B,,
BMT880897B,,
BMT158152116,,
BMT172041917,,
BMT880295B,,
BMT172041909,,
BMT172041917,,
BMT172041907,,
BMT172041908,,
BMT172041907,,
BMT172041909,,
BMT172041907,,
BMT881009B,,
BMT881093B,,
BMT124490788,,
BMT124490774,,
BMT881107B,,
BMT124490774,,
BMT6576964B,,
BMT881107B,,
BMT124490781,,
BMT881226B,,
BMT124490830,,
BMT881233B,,
BMT881226B,,
BMT881240B,,
BMT124490823,,
BMT881247B,,
BMT881233B,,
BMT124490823,,
BMT881247B,,
BMT124490823,,
BMT124490837,,
BMT124490823,,
BMT881268B,,
BMT124490914,,
BMT881779B,,
BMT908694B,,
BMT908701B,,
BMT908701B,,
BMT908722B,,
BMT908722B,,
BMT124489815,,
BMT166742718,,
BMT166742719,,
BMT166742718,,
BMT890221B,,
BMT166742718,,
BMT124491747,,
BMT890221B,,
BMT889808B,,
BMT890228B,,
BMT166742718,,
BMT124492181,,
BMT124492188,,
BMT166742710,,
BMT890228B,,
BMT158206812,,
BMT890466B,,
BMT890466B,,
BMT890473B,,
BMT890473B,,
BMT158206813,,
BMT158206813,,
BMT787006B,,
BMT890494B,,
BMT890501B,,
BMT890508B,,
BMT124491362,,
BMT124491376,,
BMT890501B,,
BMT890522B,,
BMT124491369,,
BMT124491369,,
BMT124491376,,
BMT124491369,,
BMT890543B,,
BMT124491369,,
BMT890550B,,
BMT890543B,,
BMT124491383,,
BMT890550B,,
BMT890592B,,
BMT124491383,,
BMT890564B,,
BMT890564B,,
BMT890599B,,
BMT890571B,,
BMT891187B,,
BMT890599B,,
BMT890571B,,
BMT890851B,,
BMT124491523,,
BMT124491551,,
BMT889745B,,
BMT124491551,,
BMT890879B,,
BMT124491551,,
BMT124491565,,
BMT890872B,,
BMT124491551,,
BMT148693126,,
BMT148693127,,
BMT891040B,,
BMT884418B,,
BMT170634847,,
BMT891040B,,
BMT891082B,,
BMT170634847,,
BMT891187B,,
BMT891194B,,
BMT891194B,,
BMT124491390,,
BMT166742708,,
BMT124491397,,
BMT166742709,,
BMT166742710,,
BMT166742709,,
BMT891222B,,
BMT166742709,,
BMT891236B,,
BMT891222B,,
BMT166742708,,
BMT891229B,,
BMT166742709,,
BMT891236B,,
BMT166742711,,
BMT166742711,,
BMT124491719,,
BMT124491271,,
BMT891418B,,
BMT124491425,,
BMT891439B,,
BMT124491271,,
BMT167948593,,
BMT891439B,,
BMT891446B,,
BMT891446B,,
BMT891768B,,
BMT167948593,,
BMT891474B,,
BMT891495B,,
BMT891474B,,
BMT891502B,,
BMT891495B,,
BMT891698B,,
BMT891705B,,
BMT124491432,,
BMT891705B,,
BMT124491432,,
BMT891726B,,
BMT891726B,,
BMT891733B,,
BMT891733B,,
BMT891740B,,
BMT148268554,,
BMT782708B,,
BMT870705B,,
BMT9012238B,,
BMT9012238B,,
BMT171789051,,
BMT171789051,,
BMT171789052,,
BMT890242B,,
BMT890249B,,
BMT890249B,,
BMT890263B,,
BMT890263B,,
BMT9161130B,,
BMT9161130B,,
BMT892860B,,
BMT9161130B,,
BMT166742721,,
BMT9161130B,,
BMT787223B,,
BMT171601968,,
BMT171601969,,
BMT875696B,,
BMT867744B,,
BMT875696B,,
BMT875689B,,
BMT876578B,,
BMT888121B,,
BMT876592B,,
BMT172041915,,
BMT876599B,,
BMT172041914,,
BMT172041914,,
BMT876592B,,
BMT172041914,,
BMT876613B,,
BMT172041914,,
BMT876620B,,
BMT876620B,,
BMT1042856B,,
BMT876893B,,
BMT124490774,,
BMT124490767,,
BMT876893B,,
BMT876914B,,
BMT124490669,,
BMT876928B,,
BMT876914B,,
BMT876935B,,
BMT876949B,,
BMT172041913,,
BMT876928B,,
BMT876956B,,
BMT876949B,,
BMT876956B,,
BMT172041912,,
BMT172041912,,
BMT172041913,,
BMT172041912,,
BMT876970B,,
BMT172041912,,
BMT876977B,,
BMT876977B,,
BMT876984B,,
BMT876984B,,
BMT876599B,,
BMT876998B,,
BMT172041907,,
BMT172041906,,
BMT876998B,,
BMT877012B,,
BMT882066B,,
BMT877019B,,
BMT124490550,,
BMT161811569,,
BMT877012B,,
BMT161811568,,
BMT877019B,,
BMT161811568,,
BMT161811569,,
BMT161811568,,
BMT161811570,,
BMT161811570,,
BMT124490571,,
BMT124491089,,
BMT877068B,,
BMT161811567,,
BMT161811568,,
BMT161811567,,
BMT124490536,,
BMT161811567,,
BMT124490543,,
BMT161812488,,
BMT885286B,,
BMT877068B,,
BMT877075B,,
BMT877075B,,
BMT124491096,,
BMT877439B,,
BMT877453B,,
BMT877453B,,
BMT124490991,,
BMT878027B,,
BMT878013B,,
BMT878048B,,
BMT878027B,,
BMT878062B,,
BMT878048B,,
BMT878069B,,
BMT878062B,,
BMT2065591B,,
BMT888611B,,
BMT167948591,,
BMT124491257,,
BMT167948591,,
BMT124491264,,
BMT167948591,,
BMT891418B,,
BMT124491313,,
BMT884523B,,
BMT884523B,,
BMT884530B,,
BMT884530B,,
BMT886511B,,
BMT124492405,,
BMT784892B,,
BMT124490809,,
BMT124490816,,
BMT124490809,,
BMT881240B,,
BMT124490809,,
BMT1041687B,,
BMT1041701B,,
BMT124490809,,
BMT1041715B,,
BMT1041701B,,
BMT124490795,,
BMT1041715B,,
BMT1041729B,,
BMT124490795,,
BMT124490781,,
BMT1041729B,,
BMT124490781,,
BMT1041743B,,
BMT1041743B,,
BMT1041750B,,
BMT1041750B,,
BMT1041757B,,
BMT1041757B,,
BMT876578B,,
BMT1042205B,,
BMT124491439,,
BMT124491831,,
BMT883221B,,
BMT1042296B,,
BMT124491831,,
BMT124491824,,
BMT1042296B,,
BMT1042856B,,
BMT172041916,,
BMT2283914B,,
BMT872420B,,
BMT3705971B,,
BMT879287B,,
BMT893924B,,
BMT894596B,,
BMT124492342,,
BMT894113B,,
BMT124492342,,
BMT894120B,,
BMT124492342,,
BMT894127B,,
BMT894113B,,
BMT124492356,,
BMT124492335,,
BMT894120B,,
BMT124492335,,
BMT894148B,,
BMT124492328,,
BMT894148B,,
BMT894162B,,
BMT2215587B,,
BMT154377501,,
BMT889633B,,
BMT154377501,,
BMT124491509,,
BMT154377501,,
BMT148268536,,
BMT154377504,,
BMT154377505,,
BMT154377503,,
BMT890851B,,
BMT154377503,,
BMT154377504,,
BMT154377503,,
BMT894316B,,
BMT894491B,,
BMT170045499,,
BMT170045499,,
BMT894512B,,
BMT894512B,,
BMT170045500,,
BMT170045500,,
BMT889304B,,
BMT170045500,,
BMT124490235,,
BMT170045500,,
BMT894533B,,
BMT154377500,,
BMT894540B,,
BMT894540B,,
BMT894162B,,
BMT894547B,,
BMT893273B,,
BMT894554B,,
BMT894547B,,
BMT157619604,,
BMT894554B,,
BMT157619604,,
BMT157619606,,
BMT157619604,,
BMT894582B,,
BMT157619606,,
BMT124490025,,
BMT894582B,,
BMT891922B,,
BMT894589B,,
BMT157619604,,
BMT894596B,,
BMT157619602,,
BMT895779B,,
BMT895800B,,
BMT895800B,,
BMT895828B,,
BMT895814B,,
BMT905383B,,
BMT895828B,,
BMT124489759,,
BMT124489759,,
BMT895863B,,
BMT895849B,,
BMT895814B,,
BMT895856B,,
BMT895849B,,
BMT895863B,,
BMT124489766,,
BMT124489773,,
BMT895856B,,
BMT124489766,,
BMT124489773,,
BMT124489766,,
BMT2043114,,
BMT931276B,,
BMT906174B,,
BMT124489738,,
BMT931276B,,
BMT931290B,,
BMT124489731,,
BMT931297B,,
BMT931290B,,
BMT124489724,,
BMT931297B,,
BMT931311B,,
BMT124489724,,
BMT931318B,,
BMT931311B,,
BMT931325B,,
BMT931318B,,
BMT931332B,,
BMT931325B,,
BMT124489661,,
BMT927559B,,
BMT2215587B,,
BMT154377501,,
BMT872938B,,
BMT872931B,,
BMT872945B,,
BMT872938B,,
BMT872945B,,
BMT881744B,,
BMT873519B,,
BMT124490718,,
BMT873526B,,
BMT868192B,,
BMT124490711,,
BMT873519B,,
BMT124490711,,
BMT873526B,,
BMT124490711,,
BMT873540B,,
BMT124490704,,
BMT124490711,,
BMT873568B,,
BMT124490690,,
BMT905299B,,
BMT918662B,,
BMT905306B,,
BMT905299B,,
BMT905313B,,
BMT905306B,,
BMT905334B,,
BMT905313B,,
BMT905362B,,
BMT905334B,,
BMT905383B,,
BMT905362B,,
BMT906125B,,
BMT925165B,,
BMT906132B,,
BMT906125B,,
BMT124489745,,
BMT906132B,,
BMT906146B,,
BMT124489745,,
BMT906153B,,
BMT906146B,,
BMT906160B,,
BMT906153B,,
BMT906167B,,
BMT906160B,,
BMT906174B,,
BMT906167B,,
BMT124491537,,
BMT124491544,,
BMT124491544,,
BMT890872B,,
BMT787055B,,
BMT158206814,,
BMT160792355,,
BMT787251B,,
BMT787244B,,
BMT787272B,,
BMT787251B,,
BMT787244B,,
BMT159301798,,
BMT892881B,,
BMT787272B,,
BMT787279B,,
BMT787279B,,
BMT160792356,,
BMT160792356,,
BMT160792357,,
BMT160792357,,
BMT124492216,,
BMT160792357,,
BMT2043352,,
BMT788126B,,
BMT788133B,,
BMT788133B,,
BMT788140B,,
BMT788140B,,
BMT788147B,,
BMT788147B,,
BMT124491481,,
BMT788203B,,
BMT166742716,,
BMT161812492,,
BMT161812493,,
BMT867744B,,
BMT867751B,,
BMT867751B,,
BMT124490907,,
BMT868157B,,
BMT124490746,,
BMT868164B,,
BMT868178B,,
BMT868164B,,
BMT124490739,,
BMT124490732,,
BMT868157B,,
BMT124490725,,
BMT124490732,,
BMT124490725,,
BMT868178B,,
BMT868192B,,
BMT124490725,,
BMT869228B,,
BMT869235B,,
BMT869235B,,
BMT869249B,,
BMT869242B,,
BMT869228B,,
BMT869249B,,
BMT124490893,,
BMT869263B,,
BMT869242B,,
BMT158393530,,
BMT158393529,,
BMT158393530,,
BMT869284B,,
BMT869284B,,
BMT869298B,,
BMT869291B,,
BMT158393529,,
BMT869298B,,
BMT869305B,,
BMT869305B,,
BMT878496B,,
BMT869319B,,
BMT869291B,,
BMT158152115,,
BMT869319B,,
BMT869431B,,
BMT171789053,,
BMT869445B,,
BMT869431B,,
BMT171789052,,
BMT869445B,,
BMT918620B,,
BMT783408B,,
BMT918627B,,
BMT918620B,,
BMT124489780,,
BMT918627B,,
BMT918641B,,
BMT124489780,,
BMT918662B,,
BMT918641B,,
BMT1076421B,,
BMT124491117,,
BMT124491117,,
BMT1076435B,,
BMT1076435B,,
BMT883074B,,
BMT158152106,,
BMT887134B,,
BMT124491908,,
BMT886994B,,
BMT887029B,,
BMT124491915,,
BMT124491901,,
BMT124491908,,
BMT124491901,,
BMT887029B,,
BMT124491901,,
BMT887043B,,
BMT887043B,,
BMT124491922,,
BMT887057B,,
BMT124491901,,
BMT124491894,,
BMT887057B,,
BMT124492055,,
BMT883585B,,
BMT887092B,,
BMT158152107,,
BMT887099B,,
BMT158152109,,
BMT158152107,,
BMT158152108,,
BMT887113B,,
BMT887092B,,
BMT158152108,,
BMT887099B,,
BMT158152108,,
BMT887127B,,
BMT158152108,,
BMT887141B,,
BMT887134B,,
BMT887113B,,
BMT887141B,,
BMT887155B,,
BMT887155B,,
BMT1063758B,,
BMT887183B,,
BMT887190B,,
BMT124491852,,
BMT887190B,,
BMT148824513,,
BMT885419B,,
BMT148824513,,
BMT124490494,,
BMT167948588,,
BMT886133B,,
BMT887512B,,
BMT2189659B,,
BMT887519B,,
BMT887512B,,
BMT887526B,,
BMT2189638B,,
BMT887533B,,
BMT887519B,,
BMT887554B,,
BMT167948589,,
BMT167948589,,
BMT887575B,,
BMT887575B,,
BMT167948590,,
BMT167948590,,
BMT887610B,,
BMT167948590,,
BMT2189666B,,
BMT887610B,,
BMT884467B,,
BMT887631B,,
BMT887638B,,
BMT887638B,,
BMT124490942,,
BMT124490942,,
BMT887694B,,
BMT887694B,,
BMT887701B,,
BMT887701B,,
BMT882535B,,
BMT887827B,,
BMT886952B,,
BMT887834B,,
BMT124490354,,
BMT124490361,,
BMT887827B,,
BMT124490347,,
BMT887834B,,
BMT124490347,,
BMT124490361,,
BMT124490347,,
BMT887862B,,
BMT124490340,,
BMT124490347,,
BMT887862B,,
BMT124490368,,
BMT170634849,,
BMT124490256,,
BMT124491110,,
BMT887911B,,
BMT887911B,,
BMT1076421B,,
BMT2170451B,,
BMT170175417,,
BMT891740B,,
BMT1042205B,,
BMT891768B,,
BMT891698B,,
BMT157619596,,
BMT891852B,,
BMT891824B,,
BMT124489899,,
BMT167708023,,
BMT891824B,,
BMT891838B,,
BMT167708023,,
BMT891845B,,
BMT891838B,,
BMT891852B,,
BMT889297B,,
BMT891852B,,
BMT891803B,,
BMT891852B,,
BMT891810B,,
BMT925158B,,
BMT925144B,,
BMT925158B,,
BMT925151B,,
BMT925158B,,
BMT925179B,,
BMT925165B,,
BMT925158B,,
BMT925179B,,
BMT124489752,,
BMT124489752,,
BMT925214B,,
BMT925214B,,
BMT895779B,,
BMT927209B,,
BMT927265B,,
BMT927223B,,
BMT927209B,,
BMT927230B,,
BMT927223B,,
BMT124489717,,
BMT927230B,,
BMT927244B,,
BMT124489717,,
BMT927251B,,
BMT927244B,,
BMT927258B,,
BMT927251B,,
BMT927265B,,
BMT931332B,,
BMT927314B,,
BMT927258B,,
BMT927321B,,
BMT927314B,,
BMT927384B,,
BMT927321B,,
BMT927391B,,
BMT927384B,,
BMT927398B,,
BMT927391B,,
BMT927405B,,
BMT927398B,,
BMT927412B,,
BMT927405B,,
BMT927419B,,
BMT927412B,,
BMT927426B,,
BMT927419B,,
BMT927433B,,
BMT927426B,,
BMT927440B,,
BMT927433B,,
BMT927447B,,
BMT927440B,,
BMT124489710,,
BMT927447B,,
BMT927461B,,
BMT124489710,,
BMT927468B,,
BMT927461B,,
BMT927482B,,
BMT927468B,,
BMT124489703,,
BMT927482B,,
BMT927496B,,
BMT124489696,,
BMT927503B,,
BMT927496B,,
BMT927517B,,
BMT927503B,,
BMT927524B,,
BMT927517B,,
BMT927538B,,
BMT927524B,,
BMT1063751B,,
BMT158152110,,
BMT1063758B,,
BMT883760B,,
BMT1063758B,,
BMT1063751B,,
BMT1063758B,,
BMT1063765B,,
BMT148693128,,
BMT888618B,,
BMT148693128,,
BMT2065640B,,
BMT2065640B,,
BMT148693130,,
BMT2189638B,,
BMT2189645B,,
BMT2189645B,,
BMT887554B,,
BMT2189659B,,
BMT886105B,,
BMT2189666B,,
BMT887533B,,
