BMT135613914,,
BMT135613921,,
BMT135613921,,
BMT135613928,,
BMT135613921,,
BMT135613935,,
BMT172373674,,
BMT172373677,,
BMT172373677,,
BMT172373678,,
BMT172373677,,
BMT172373679,,
BMT154738181,,
BMT7117644B,,
BMT7117644B,,
BMT154738184,,
BMT113779542,,
BMT113779563,,
BMT160241884,,
BMT160241886,,
BMT172373662,,
BMT172373665,,
BMT835040B,,
BMT169163847,,
BMT835033B,,
BMT169163847,,
BMT169163847,,
BMT832065B,,
BMT832065B,,
BMT832086B,,
BMT832086B,,
BMT169163850,,
BMT172298552,,
BMT8224624B,,
BMT8224624B,,
BMT172298559,,
BMT164047373,,
BMT164047374,,
BMT164070250,,
BMT164070251,,
BMT168422662,,
BMT168422663,,
BMT168422663,,
BMT98396825,,
BMT168422663,,
BMT168422664,,
BMT161731654,,
BMT161731656,,
BMT172596182,,
BMT8975265B,,
BMT8975265B,,
BMT8975267B,,
BMT8975267B,,
BMT8975271B,,
BMT8975271B,,
BMT172596184,,
BMT172373654,,
BMT8997824B,,
BMT8997824B,,
BMT172373657,,
BMT172373657,,
BMT172373658,,
BMT159534659,,
BMT159534661,,
BMT159534661,,
BMT159534662,,
BMT167011601,,
BMT829776B,,
BMT829776B,,
BMT829783B,,
BMT829783B,,
BMT167011602,,
BMT167011602,,
BMT829804B,,
BMT829804B,,
BMT829811B,,
BMT829811B,,
BMT829818B,,
BMT829818B,,
BMT833003B,,
BMT166229272,,
BMT3022568B,,
BMT172829681,,
BMT172829684,,
BMT172829684,,
BMT172829685,,
BMT172829684,,
BMT9070321B,,
BMT9070321B,,
BMT172829686,,
BMT829902B,,
BMT829930B,,
BMT829930B,,
BMT165174967,,
BMT152224150,,
BMT152224152,,
BMT830028B,,
BMT152224150,,
BMT172503399,,
BMT3066136B,,
BMT831904B,,
BMT836027B,,
BMT164575809,,
BMT831904B,,
BMT164575809,,
BMT831918B,,
BMT164575809,,
BMT831925B,,
BMT831925B,,
BMT832667B,,
BMT7069673B,,
BMT98398246,,
BMT98398246,,
BMT98398253,,
BMT98398239,,
BMT7069813B,,
BMT7069813B,,
BMT7069673B,,
BMT98398183,,
BMT98398190,,
BMT98398183,,
BMT98398197,,
BMT172134566,,
BMT148993287,,
BMT171340761,,
BMT171340762,,
BMT161732147,,
BMT8839759B,,
BMT8839759B,,
BMT161732148,,
BMT161732148,,
BMT161732149,,
BMT161732148,,
BMT8839788B,,
BMT8839788B,,
BMT161732150,,
BMT172829680,,
BMT8843336B,,
BMT8843336B,,
BMT172829682,,
BMT170938859,,
BMT170938860,,
BMT170938860,,
BMT170938861,,
BMT170938860,,
BMT8878641B,,
BMT8878641B,,
BMT170938862,,
BMT166240872,,
BMT8895490B,,
BMT8895490B,,
BMT166240874,,
BMT172373669,,
BMT172373671,,
BMT172373671,,
BMT172373672,,
BMT167011601,,
BMT2333607B,,
BMT2333607B,,
BMT2333614B,,
BMT2333614B,,
BMT167011603,,
BMT172831110,,
BMT9043273B,,
BMT9043273B,,
BMT9043274B,,
BMT9043274B,,
BMT9043275B,,
BMT9043275B,,
BMT172831112,,
BMT163852736,,
BMT163852738,,
BMT169419532,,
BMT169419534,,
BMT171710373,,
BMT171710374,,
BMT172830295,,
BMT172830297,,
BMT172830297,,
BMT172830298,,
BMT172830297,,
BMT172830299,,
BMT98398134,,
BMT98398141,,
BMT172596174,,
BMT830602B,,
BMT830602B,,
BMT830609B,,
BMT3154497B,,
BMT166240038,,
BMT166240038,,
BMT166240039,,
BMT166240038,,
BMT9083667B,,
BMT9083667B,,
BMT166240040,,
BMT166240040,,
BMT166240041,,
BMT161251405,,
BMT161251406,,
BMT161251406,,
BMT9083687B,,
BMT9083687B,,
BMT161251407,,
BMT830609B,,
BMT172596175,,
BMT172596186,,
BMT8982817B,,
BMT8982817B,,
BMT8982818B,,
BMT8982818B,,
BMT8982820B,,
BMT8982820B,,
BMT8982825B,,
BMT8982825B,,
BMT9086371B,,
BMT9086371B,,
BMT172596189,,
BMT162957010,,
BMT162957011,,
BMT162846880,,
BMT162846881,,
BMT162846881,,
BMT6891026B,,
BMT6891026B,,
BMT162846882,,
BMT162846882,,
BMT6891061B,,
BMT6891061B,,
BMT162846883,,
BMT162846883,,
BMT6891082B,,
BMT6891082B,,
BMT162846885,,
BMT162846883,,
BMT162846886,,
BMT156582196,,
BMT7128746B,,
BMT7128746B,,
BMT156582198,,
BMT172829689,,
BMT172829690,,
BMT172829685,,
BMT7129306B,,
BMT7129306B,,
BMT7129376B,,
BMT7129376B,,
BMT172829688,,
BMT98399016,,
BMT7366795B,,
BMT7366795B,,
BMT98399030,,
BMT98399037,,
BMT98399044,,
BMT3048517B,,
BMT98396650,,
BMT98396650,,
BMT98396657,,
BMT98396650,,
BMT7568423B,,
BMT7568423B,,
BMT98396664,,
BMT98396664,,
BMT98396671,,
BMT168231695,,
BMT7924926B,,
BMT7924926B,,
BMT168231697,,
BMT168231697,,
BMT168231698,,
BMT172596177,,
BMT834312B,,
BMT834312B,,
BMT7997047B,,
BMT7997047B,,
BMT7997068B,,
BMT7997068B,,
BMT7997138B,,
BMT7997138B,,
BMT172596178,,
BMT165174966,,
BMT157833762,,
BMT159883902,,
BMT829181B,,
BMT829181B,,
BMT829188B,,
BMT829188B,,
BMT829195B,,
BMT829195B,,
BMT7671925B,,
BMT7671925B,,
BMT159883903,,
BMT159883903,,
BMT8993362B,,
BMT8993362B,,
BMT159883904,,
BMT159883903,,
BMT8993390B,,
BMT8993390B,,
BMT8993392B,,
BMT8993392B,,
BMT8993398B,,
BMT8993398B,,
BMT159883905,,
BMT166240865,,
BMT166240866,,
BMT831729B,,
BMT834529B,,
BMT161108896,,
BMT835299B,,
BMT98391582,,
BMT831729B,,
BMT98391582,,
BMT98391596,,
BMT98391582,,
BMT831757B,,
BMT98391568,,
BMT98391582,,
BMT831757B,,
BMT98391603,,
BMT831785B,,
BMT831792B,,
BMT831792B,,
BMT831799B,,
BMT831799B,,
BMT98398988,,
BMT98398988,,
BMT831827B,,
BMT831827B,,
BMT831834B,,
BMT831834B,,
BMT831841B,,
BMT172155931,,
BMT7220012B,,
BMT7220012B,,
BMT172155932,,
BMT172155932,,
BMT172155933,,
BMT113779542,,
BMT7220271B,,
BMT7220271B,,
BMT113779556,,
BMT98392814,,
BMT98392828,,
BMT98393038,,
BMT98393045,,
BMT98393045,,
BMT98393052,,
BMT98397378,,
BMT7228811B,,
BMT7228811B,,
BMT7228818B,,
BMT7228818B,,
BMT98397385,,
BMT3048405B,,
BMT172266444,,
BMT172266444,,
BMT172266446,,
BMT172266444,,
BMT3623469B,,
BMT3623469B,,
BMT172266447,,
BMT172829693,,
BMT172829695,,
BMT172830292,,
BMT172830293,,
BMT172373682,,
BMT8735633B,,
BMT8735633B,,
BMT172373690,,
BMT835019B,,
BMT8837438B,,
BMT8837438B,,
BMT835012B,,
BMT835047B,,
BMT8837513B,,
BMT835040B,,
BMT8837513B,,
BMT163925262,,
BMT163925264,,
BMT163925264,,
BMT163925265,,
BMT172596183,,
BMT172596185,,
BMT172596185,,
BMT8804224B,,
BMT8804224B,,
BMT172596186,,
BMT833409B,,
BMT166110279,,
BMT166110279,,
BMT833423B,,
BMT159534474,,
BMT159534476,,
BMT159534476,,
BMT159534477,,
BMT835250B,,
BMT161108898,,
BMT161108898,,
BMT98391624,,
BMT161108898,,
BMT3228081B,,
BMT3228081B,,
BMT161108899,,
BMT830553B,,
BMT172596174,,
BMT168231687,,
BMT168231689,,
BMT168231689,,
BMT168231690,,
BMT168231690,,
BMT162755856,,
BMT170938780,,
BMT170938781,,
BMT166686769,,
BMT166686771,,
BMT171683029,,
BMT162772642,,
BMT162772642,,
BMT171683030,,
BMT163405995,,
BMT9116497B,,
BMT9116497B,,
BMT9116500B,,
BMT9116500B,,
BMT9116508B,,
BMT9116508B,,
BMT9116510B,,
BMT9116510B,,
BMT9116512B,,
BMT9116512B,,
BMT163405996,,
BMT832667B,,
BMT164575811,,
BMT162846882,,
BMT9118416B,,
BMT9118416B,,
BMT162846884,,
BMT172829693,,
BMT171700936,,
BMT172503051,,
BMT172503052,,
BMT170938781,,
BMT170938782,,
BMT170938781,,
BMT7057192B,,
BMT7057192B,,
BMT170938783,,
BMT171701418,,
BMT171701419,,
BMT171701419,,
BMT171701420,,
BMT171701419,,
BMT171701421,,
BMT163852750,,
BMT7698371B,,
BMT7698371B,,
BMT163852752,,
BMT159038749,,
BMT159038750,,
BMT159038750,,
BMT98398099,,
BMT159038750,,
BMT159038751,,
BMT833479B,,
BMT833472B,,
BMT833472B,,
BMT833164B,,
BMT833164B,,
BMT152224147,,
BMT153604308,,
BMT153604310,,
BMT167972383,,
BMT8872954B,,
BMT8872954B,,
BMT3028049B,,
BMT162302675,,
BMT162302678,,
BMT162302678,,
BMT162302679,,
BMT829538B,,
BMT165174961,,
BMT165174959,,
BMT829538B,,
BMT829559B,,
BMT165174959,,
BMT165174958,,
BMT829559B,,
BMT165174958,,
BMT829566B,,
BMT165174958,,
BMT829580B,,
BMT829580B,,
BMT165174960,,
BMT165174957,,
BMT165174958,,
BMT829594B,,
BMT98391778,,
BMT829601B,,
BMT2236832B,,
BMT829608B,,
BMT829601B,,
BMT829615B,,
BMT829608B,,
BMT829622B,,
BMT829615B,,
BMT829629B,,
BMT829622B,,
BMT161731655,,
BMT829629B,,
BMT829643B,,
BMT161731655,,
BMT829650B,,
BMT829643B,,
BMT161732146,,
BMT833304B,,
BMT161731653,,
BMT156092613,,
BMT161731653,,
BMT829678B,,
BMT161731653,,
BMT161731654,,
BMT829678B,,
BMT829685B,,
BMT829685B,,
BMT829692B,,
BMT829692B,,
BMT161731651,,
BMT161731651,,
BMT833346B,,
BMT829755B,,
BMT161731656,,
BMT829755B,,
BMT98398736,,
BMT167011600,,
BMT167011601,,
BMT169163845,,
BMT832191B,,
BMT832205B,,
BMT832212B,,
BMT832212B,,
BMT169163845,,
BMT832219B,,
BMT832205B,,
BMT2061916B,,
BMT163824141,,
BMT163824141,,
BMT163824142,,
BMT163824141,,
BMT9114881B,,
BMT9114881B,,
BMT9114887B,,
BMT9114887B,,
BMT163824143,,
BMT162302674,,
BMT162302676,,
BMT832163B,,
BMT835061B,,
BMT832170B,,
BMT832163B,,
BMT832184B,,
BMT832177B,,
BMT832191B,,
BMT832184B,,
BMT833346B,,
BMT161731650,,
BMT161731650,,
BMT161731652,,
BMT161731650,,
BMT833360B,,
BMT833360B,,
BMT161731649,,
BMT98398666,,
BMT833374B,,
BMT833374B,,
BMT834739B,,
BMT98391820,,
BMT833402B,,
BMT833402B,,
BMT833409B,,
BMT833423B,,
BMT3746676B,,
BMT833437B,,
BMT833444B,,
BMT833444B,,
BMT833451B,,
BMT833451B,,
BMT833458B,,
BMT833458B,,
BMT166110280,,
BMT172134568,,
BMT172134572,,
BMT152224145,,
BMT152224146,,
BMT152224145,,
BMT833479B,,
BMT152224145,,
BMT152224148,,
BMT152224144,,
BMT152224145,,
BMT833521B,,
BMT152224144,,
BMT833542B,,
BMT833521B,,
BMT152224142,,
BMT833542B,,
BMT152224141,,
BMT152224142,,
BMT152224141,,
BMT833584B,,
BMT833577B,,
BMT152224141,,
BMT833584B,,
BMT152224143,,
BMT152224140,,
BMT833577B,,
BMT171266166,,
BMT171266168,,
BMT835565B,,
BMT834473B,,
BMT835572B,,
BMT835565B,,
BMT835579B,,
BMT835572B,,
BMT167782232,,
BMT835579B,,
BMT167782232,,
BMT167782234,,
BMT167782230,,
BMT167782232,,
BMT167782230,,
BMT977161B,,
BMT169163851,,
BMT98391456,,
BMT169163851,,
BMT98391463,,
BMT169163851,,
BMT169163852,,
BMT835719B,,
BMT169163851,,
BMT835726B,,
BMT835719B,,
BMT835733B,,
BMT169163852,,
BMT835733B,,
BMT835740B,,
BMT835740B,,
BMT835754B,,
BMT835747B,,
BMT835726B,,
BMT835754B,,
BMT1061924B,,
BMT835761B,,
BMT835768B,,
BMT835768B,,
BMT835670B,,
BMT835768B,,
BMT835775B,,
BMT835768B,,
BMT835782B,,
BMT835782B,,
BMT835796B,,
BMT171683054,,
BMT2281597B,,
BMT832177B,,
BMT169163846,,
BMT162957011,,
BMT162957012,,
BMT162957011,,
BMT162957013,,
BMT162957013,,
BMT162957014,,
BMT166240034,,
BMT166240036,,
BMT166062029,,
BMT162971180,,
BMT167972379,,
BMT3026782B,,
BMT948181B,,
BMT9121344B,,
BMT9121344B,,
BMT164070263,,
BMT833003B,,
BMT833010B,,
BMT833017B,,
BMT833010B,,
BMT167011604,,
BMT833017B,,
BMT167011604,,
BMT833038B,,
BMT833038B,,
BMT833052B,,
BMT833059B,,
BMT833052B,,
BMT833066B,,
BMT833059B,,
BMT167011605,,
BMT833066B,,
BMT167011605,,
BMT833080B,,
BMT167011605,,
BMT98398792,,
BMT167011605,,
BMT833094B,,
BMT833080B,,
BMT167011606,,
BMT172596172,,
BMT835082B,,
BMT834347B,,
BMT976090B,,
BMT834354B,,
BMT834347B,,
BMT834389B,,
BMT834354B,,
BMT834403B,,
BMT834389B,,
BMT167782233,,
BMT834403B,,
BMT167782233,,
BMT834445B,,
BMT834452B,,
BMT834445B,,
BMT834466B,,
BMT834452B,,
BMT834473B,,
BMT834466B,,
BMT834515B,,
BMT98391589,,
BMT834522B,,
BMT834515B,,
BMT834529B,,
BMT834522B,,
BMT834620B,,
BMT834627B,,
BMT835796B,,
BMT98398645,,
BMT166110282,,
BMT835894B,,
BMT166110282,,
BMT2193719B,,
BMT835894B,,
BMT835908B,,
BMT835908B,,
BMT835915B,,
BMT835915B,,
BMT166110283,,
BMT166110285,,
BMT166110286,,
BMT166110285,,
BMT835936B,,
BMT835936B,,
BMT835943B,,
BMT835943B,,
BMT835950B,,
BMT835950B,,
BMT834620B,,
BMT164575810,,
BMT164575812,,
BMT164575810,,
BMT164575813,,
BMT836020B,,
BMT164575810,,
BMT836027B,,
BMT836020B,,
BMT167011606,,
BMT167011609,,
BMT167012237,,
BMT167012238,,
BMT167012238,,
BMT9227473B,,
BMT9227473B,,
BMT167012239,,
BMT167012238,,
BMT9227676B,,
BMT9227676B,,
BMT9227678B,,
BMT9227678B,,
BMT9227679B,,
BMT113779528,,
BMT113779535,,
BMT113779535,,
BMT113779542,,
BMT113779542,,
BMT113779549,,
BMT172176057,,
BMT6926012B,,
BMT6926012B,,
BMT6926019B,,
BMT6926019B,,
BMT172176059,,
BMT171885474,,
BMT171885475,,
BMT171885475,,
BMT171885476,,
BMT171885475,,
BMT171885477,,
BMT98397399,,
BMT7624822B,,
BMT7624822B,,
BMT98397406,,
BMT163852744,,
BMT163852746,,
BMT163852746,,
BMT163852747,,
BMT163852746,,
BMT163852748,,
BMT172176060,,
BMT172176063,,
BMT172831173,,
BMT98394354,,
BMT172373701,,
BMT3039564B,,
BMT172373699,,
BMT3039557B,,
BMT172373689,,
BMT172373691,,
BMT98392058,,
BMT166062039,,
BMT98398204,,
BMT3401037B,,
BMT98392058,,
BMT166062040,,
BMT166686766,,
BMT166686767,,
BMT172373693,,
BMT172373694,,
BMT172373706,,
BMT3594853B,,
BMT831120B,,
BMT831127B,,
BMT831127B,,
BMT831134B,,
BMT831134B,,
BMT98398995,,
BMT170938864,,
BMT9095386B,,
BMT9095386B,,
BMT170938867,,
BMT172155932,,
BMT172155934,,
BMT171887100,,
BMT171887097,,
BMT171887097,,
BMT9369385B,,
BMT9369385B,,
BMT9369386B,,
BMT9369386B,,
BMT9369405B,,
BMT9369405B,,
BMT171887095,,
BMT171887098,,
BMT171887095,,
BMT171887095,,
BMT9369418B,,
BMT9369418B,,
BMT9369432B,,
BMT9369432B,,
BMT171887094,,
BMT171887094,,
BMT171887096,,
BMT171887094,,
BMT9369445B,,
BMT171887093,,
BMT9369445B,,
BMT171887093,,
BMT171884574,,
BMT171884583,,
BMT171884584,,
BMT171884584,,
BMT171884586,,
BMT171887092,,
BMT9369504B,,
BMT9369504B,,
BMT9369510B,,
BMT9369510B,,
BMT171885025,,
BMT3257089B,,
BMT9369517B,,
BMT9369517B,,
BMT3257096B,,
BMT172176080,,
BMT172176073,,
BMT172176073,,
BMT9369526B,,
BMT9369526B,,
BMT1980380B,,
BMT171878939,,
BMT171878904,,
BMT834627B,,
BMT834634B,,
BMT834634B,,
BMT98398575,,
BMT98398624,,
BMT834655B,,
BMT834655B,,
BMT98398631,,
BMT98398631,,
BMT98398638,,
BMT98398631,,
BMT834669B,,
BMT98398631,,
BMT2102705,,
BMT834669B,,
BMT835761B,,
BMT834697B,,
BMT152224140,,
BMT152224139,,
BMT834697B,,
BMT834711B,,
BMT152224139,,
BMT834739B,,
BMT834753B,,
BMT152224138,,
BMT834711B,,
BMT834753B,,
BMT98398659,,
BMT152224137,,
BMT152224138,,
BMT98398659,,
BMT98398673,,
BMT98398659,,
BMT834774B,,
BMT834774B,,
BMT834781B,,
BMT834781B,,
BMT977154B,,
BMT166119464,,
BMT8885092B,,
BMT8885092B,,
BMT832303B,,
BMT832303B,,
BMT832282B,,
BMT832282B,,
BMT3656593B,,
BMT3656593B,,
BMT2117027B,,
BMT2117027B,,
BMT166112531,,
BMT166119532,,
BMT166119533,,
BMT166240043,,
BMT166240044,,
BMT166240859,,
BMT166240860,,
BMT166240860,,
BMT98398281,,
BMT166240860,,
BMT9201325B,,
BMT9201325B,,
BMT9201327B,,
BMT9201327B,,
BMT166240861,,
BMT167787533,,
BMT167787535,,
BMT172503374,,
BMT172503422,,
BMT172831118,,
BMT169419660,,
BMT171266817,,
BMT171266815,,
BMT171266807,,
BMT9276411B,,
BMT169642448,,
BMT9306859B,,
BMT9306859B,,
BMT9306861B,,
BMT9306861B,,
BMT9306866B,,
BMT9306866B,,
BMT169642449,,
BMT172469039,,
BMT172469041,,
BMT172469041,,
BMT3016030B,,
BMT172469041,,
BMT172469043,,
BMT167782236,,
BMT829594B,,
BMT976006B,,
BMT167782236,,
BMT976020B,,
BMT976006B,,
BMT976027B,,
BMT976020B,,
BMT167782235,,
BMT976027B,,
BMT167782235,,
BMT167782237,,
BMT976069B,,
BMT167782235,,
BMT976090B,,
BMT976069B,,
BMT166110280,,
BMT976391B,,
BMT166110280,,
BMT166110281,,
BMT166110280,,
BMT976419B,,
BMT166110281,,
BMT976412B,,
BMT165174965,,
BMT829104B,,
BMT829104B,,
BMT829111B,,
BMT829111B,,
BMT829125B,,
BMT829125B,,
BMT165174969,,
BMT172596179,,
BMT172596180,,
BMT172596179,,
BMT835166B,,
BMT835166B,,
BMT8804200B,,
BMT8804200B,,
BMT8804199B,,
BMT8804199B,,
BMT8804202B,,
BMT8804202B,,
BMT8804201B,,
BMT8804201B,,
BMT8804214B,,
BMT8804214B,,
BMT8804215B,,
BMT8804215B,,
BMT172596181,,
BMT172596181,,
BMT8804218B,,
BMT8804218B,,
BMT8804226B,,
BMT8804226B,,
BMT8804227B,,
BMT8804227B,,
BMT8804228B,,
BMT8804228B,,
BMT172596182,,
BMT172596182,,
BMT172596183,,
BMT166240872,,
BMT166240873,,
BMT166240873,,
BMT166240875,,
BMT166240873,,
BMT2533100B,,
BMT171266803,,
BMT171266804,,
BMT171266804,,
BMT171266805,,
BMT171266804,,
BMT171266806,,
BMT98398050,,
BMT1986295B,,
BMT829013B,,
BMT165174970,,
BMT829020B,,
BMT829013B,,
BMT829027B,,
BMT829020B,,
BMT165174962,,
BMT829027B,,
BMT154990100,,
BMT98391890,,
BMT829048B,,
BMT98391869,,
BMT829055B,,
BMT829048B,,
BMT829062B,,
BMT829055B,,
BMT165174968,,
BMT829062B,,
BMT829076B,,
BMT165174968,,
BMT829083B,,
BMT829076B,,
BMT165174965,,
BMT829083B,,
BMT833948B,,
BMT835495B,,
BMT163824141,,
BMT9139172B,,
BMT9139172B,,
BMT163824144,,
BMT833955B,,
BMT833948B,,
BMT166119461,,
BMT166119462,,
BMT166110283,,
BMT166110285,,
BMT833969B,,
BMT833955B,,
BMT833976B,,
BMT833969B,,
BMT163852740,,
BMT163852742,,
BMT166119463,,
BMT833976B,,
BMT166119462,,
BMT166119463,,
BMT166119462,,
BMT833997B,,
BMT833997B,,
BMT834004B,,
BMT834004B,,
BMT834011B,,
BMT834011B,,
BMT834018B,,
BMT834018B,,
BMT166119464,,
BMT172009538,,
BMT172830302,,
BMT167011606,,
BMT167011608,,
BMT9227679B,,
BMT9227708B,,
BMT9227708B,,
BMT167012240,,
BMT167012240,,
BMT9227713B,,
BMT9227713B,,
BMT9227714B,,
BMT9227714B,,
BMT9227716B,,
BMT9227716B,,
BMT9227728B,,
BMT9227728B,,
BMT9227729B,,
BMT9227729B,,
BMT9227732B,,
BMT9227732B,,
BMT9227733B,,
BMT9227733B,,
BMT9227750B,,
BMT9227750B,,
BMT9227752B,,
BMT9227752B,,
BMT9227756B,,
BMT9227756B,,
BMT9227760B,,
BMT9227760B,,
BMT167012241,,
BMT169753256,,
BMT9306855B,,
BMT9306855B,,
BMT169641911,,
BMT172830097,,
BMT172830098,,
BMT172830082,,
BMT172830314,,
BMT172831109,,
BMT172831110,,
BMT172831125,,
BMT172831126,,
BMT172831127,,
BMT172831128,,
BMT167787532,,
BMT167787533,,
BMT98391477,,
BMT1061882B,,
BMT98399065,,
BMT98399072,,
BMT1061875B,,
BMT169163854,,
BMT1061882B,,
BMT169163853,,
BMT1061889B,,
BMT1061896B,,
BMT1061896B,,
BMT169163855,,
BMT169163853,,
BMT1061875B,,
BMT169163853,,
BMT1061889B,,
BMT169163853,,
BMT1061910B,,
BMT1061924B,,
BMT98391477,,
BMT166240035,,
BMT2281534B,,
BMT172831153,,
BMT172831155,,
BMT172831153,,
BMT1986988B,,
BMT1986988B,,
BMT3047810B,,
BMT172831156,,
BMT172831157,,
BMT172831156,,
BMT172831158,,
BMT172831158,,
BMT172831159,,
BMT172831158,,
BMT172831160,,
BMT172831158,,
BMT172831161,,
BMT172831162,,
BMT172831166,,
BMT166240030,,
BMT166240031,,
BMT166240030,,
BMT1987030B,,
BMT1987030B,,
BMT3053214B,,
BMT166240034,,
BMT166240035,,
BMT171710374,,
BMT171710375,,
BMT171710374,,
BMT3056336B,,
BMT166686767,,
BMT166686768,,
BMT166686767,,
BMT3055160B,,
BMT1987058B,,
BMT166686769,,
BMT166686772,,
BMT166686775,,
BMT166686772,,
BMT3055244B,,
BMT172503054,,
BMT172503055,,
BMT172503054,,
BMT172503056,,
BMT172503056,,
BMT172503057,,
BMT172503056,,
BMT172503058,,
BMT172503061,,
BMT172503063,,
BMT1987093B,,
BMT1987100B,,
BMT1987100B,,
BMT3054670B,,
BMT172134563,,
BMT1987114B,,
BMT172134558,,
BMT3054677B,,
BMT1987114B,,
BMT172134564,,
BMT1987121B,,
BMT172503065,,
BMT171701406,,
BMT172503067,,
BMT172503371,,
BMT172503373,,
BMT172503371,,
BMT172503374,,
BMT172503371,,
BMT3051044B,,
BMT172503375,,
BMT172503376,,
BMT172503375,,
BMT172503377,,
BMT172503375,,
BMT3051058B,,
BMT172503380,,
BMT3050911B,,
BMT172503380,,
BMT98394802,,
BMT1987156B,,
BMT172503385,,
BMT1987163B,,
BMT3050918B,,
BMT172503384,,
BMT172503387,,
BMT172503384,,
BMT172503388,,
BMT172503388,,
BMT172503389,,
BMT172503388,,
BMT3051002B,,
BMT172503390,,
BMT172503391,,
BMT172503389,,
BMT172503394,,
BMT172503389,,
BMT172503395,,
BMT172503395,,
BMT172503396,,
BMT172503395,,
BMT3050932B,,
BMT172503396,,
BMT172503413,,
BMT172503397,,
BMT172503398,,
BMT172503397,,
BMT1987219B,,
BMT172503397,,
BMT172503400,,
BMT1987219B,,
BMT172503399,,
BMT172503400,,
BMT172503401,,
BMT172503400,,
BMT172503402,,
BMT172503400,,
BMT172503403,,
BMT172503402,,
BMT172503410,,
BMT172503402,,
BMT98394991,,
BMT98394991,,
BMT172503411,,
BMT172155935,,
BMT172155936,,
BMT172503391,,
BMT172503392,,
BMT172503391,,
BMT3051016B,,
BMT172134564,,
BMT172134565,,
BMT172134564,,
BMT172134566,,
BMT172134564,,
BMT3054747B,,
BMT172134566,,
BMT172134568,,
BMT172134566,,
BMT3054838B,,
BMT172134568,,
BMT172134570,,
BMT172134568,,
BMT172134571,,
BMT172134571,,
BMT172134573,,
BMT172134571,,
BMT172134574,,
BMT159534474,,
BMT159534475,,
BMT98395292,,
BMT98395299,,
BMT98395292,,
BMT98395306,,
BMT98395306,,
BMT98395313,,
BMT98395306,,
BMT98395320,,
BMT98395320,,
BMT98395327,,
BMT98395320,,
BMT3054208B,,
BMT98395334,,
BMT98395341,,
BMT98395334,,
BMT98395348,,
BMT98395334,,
BMT98395355,,
BMT98395348,,
BMT98395362,,
BMT98392366,,
BMT162769656,,
BMT163824138,,
BMT163824139,,
BMT98392366,,
BMT2371232B,,
BMT171683030,,
BMT171683031,,
BMT171683030,,
BMT171683032,,
BMT171683031,,
BMT171683034,,
BMT171683031,,
BMT171683035,,
BMT171683031,,
BMT153603798,,
BMT1987359B,,
BMT153604308,,
BMT171683035,,
BMT171683036,,
BMT171683035,,
BMT3053396B,,
BMT98392513,,
BMT1987387B,,
BMT98393059,,
BMT3053389B,,
BMT98393066,,
BMT98393073,,
BMT98393066,,
BMT3053410B,,
BMT1987387B,,
BMT171683037,,
BMT98392968,,
BMT98392975,,
BMT98392534,,
BMT3053277B,,
BMT98392534,,
BMT171683040,,
BMT98392975,,
BMT98392982,,
BMT98392555,,
BMT2828738B,,
BMT156370965,,
BMT2829151B,,
BMT1987415B,,
BMT2828731B,,
BMT171683041,,
BMT171683042,,
BMT171683041,,
BMT2828857B,,
BMT171683043,,
BMT171683044,,
BMT171683043,,
BMT2828766B,,
BMT171683045,,
BMT2828745B,,
BMT171683045,,
BMT2828752B,,
BMT171683046,,
BMT171683058,,
BMT171683046,,
BMT171683059,,
BMT1987450B,,
BMT1987457B,,
BMT1987457B,,
BMT171683047,,
BMT171683047,,
BMT171683048,,
BMT171683047,,
BMT171683049,,
BMT171683047,,
BMT3050197B,,
BMT171683049,,
BMT3050113B,,
BMT171683049,,
BMT3050134B,,
BMT1987478B,,
BMT1987485B,,
BMT1987485B,,
BMT98392625,,
BMT98392625,,
BMT3050176B,,
BMT98392807,,
BMT3133581B,,
BMT1987499B,,
BMT98392632,,
BMT98392632,,
BMT2877815B,,
BMT98392716,,
BMT3050848B,,
BMT98392632,,
BMT171683053,,
BMT1987513B,,
BMT3050855B,,
BMT1987520B,,
BMT98392723,,
BMT98392730,,
BMT3047705B,,
BMT162899908,,
BMT162899909,,
BMT3639212B,,
BMT162899909,,
BMT162899909,,
BMT162899911,,
BMT829118B,,
BMT165174965,,
BMT829132B,,
BMT165174963,,
BMT829139B,,
BMT829118B,,
BMT165174963,,
BMT829139B,,
BMT165174963,,
BMT165174966,,
BMT165174963,,
BMT829167B,,
BMT829167B,,
BMT829902B,,
BMT160233887,,
BMT160233889,,
BMT165174961,,
BMT165174962,,
BMT165174961,,
BMT829132B,,
BMT165174961,,
BMT165174964,,
BMT834123B,,
BMT98391526,,
BMT834130B,,
BMT834123B,,
BMT98391519,,
BMT834130B,,
BMT98391512,,
BMT98391519,,
BMT164047374,,
BMT9144035B,,
BMT9144035B,,
BMT9144036B,,
BMT9144036B,,
BMT164047375,,
BMT172596185,,
BMT8971529B,,
BMT8971529B,,
BMT172596187,,
BMT172596187,,
BMT172596188,,
BMT172596176,,
BMT172596179,,
BMT834235B,,
BMT172596176,,
BMT834249B,,
BMT834235B,,
BMT834263B,,
BMT834249B,,
BMT172596175,,
BMT834284B,,
BMT172596175,,
BMT172596177,,
BMT834284B,,
BMT834263B,,
BMT166062039,,
BMT166062041,,
BMT172503059,,
BMT9376570B,,
BMT9376570B,,
BMT172503062,,
BMT172503061,,
BMT172503064,,
BMT172503064,,
BMT172503068,,
BMT172503061,,
BMT9376572B,,
BMT9376572B,,
BMT1987093B,,
BMT3054663B,,
BMT9376573B,,
BMT9376573B,,
BMT172134558,,
BMT172176066,,
BMT9377249B,,
BMT9377249B,,
BMT1985469B,,
BMT172175876,,
BMT9377276B,,
BMT9377276B,,
BMT172176069,,
BMT171884585,,
BMT3261954B,,
BMT172298566,,
BMT172298567,,
BMT172176075,,
BMT3257026B,,
BMT172176075,,
BMT172176078,,
BMT98391400,,
BMT98391407,,
BMT166062022,,
BMT166062023,,
BMT166062023,,
BMT166062024,,
BMT166062023,,
BMT2990214B,,
BMT166062023,,
BMT3286720B,,
BMT166062024,,
BMT166062027,,
BMT166062024,,
BMT98391939,,
BMT976412B,,
BMT976433B,,
BMT976419B,,
BMT976440B,,
BMT976433B,,
BMT834907B,,
BMT976440B,,
BMT166110282,,
BMT976902B,,
BMT98391694,,
BMT976909B,,
BMT167782228,,
BMT98391687,,
BMT98391680,,
BMT976923B,,
BMT976902B,,
BMT98391680,,
BMT976923B,,
BMT98391680,,
BMT976937B,,
BMT98391680,,
BMT976951B,,
BMT976937B,,
BMT98391666,,
BMT161108904,,
BMT161108901,,
BMT98391701,,
BMT976951B,,
BMT976965B,,
BMT98391708,,
BMT977154B,,
BMT98398652,,
BMT977161B,,
BMT977168B,,
BMT977168B,,
BMT977182B,,
BMT977182B,,
BMT167782229,,
BMT167782229,,
BMT976909B,,
BMT167782229,,
BMT98391736,,
BMT167782229,,
BMT167782231,,
BMT161108902,,
BMT161108903,,
BMT977518B,,
BMT977539B,,
BMT161108901,,
BMT977504B,,
BMT161108901,,
BMT977518B,,
BMT161108901,,
BMT977532B,,
BMT977532B,,
BMT161108905,,
BMT161108900,,
BMT977539B,,
BMT161108900,,
BMT3526631B,,
BMT977763B,,
BMT976965B,,
BMT977791B,,
BMT831785B,,
BMT977791B,,
BMT977777B,,
BMT977791B,,
BMT977784B,,
BMT977798B,,
BMT977763B,,
BMT98398981,,
BMT977791B,,
BMT98398946,,
BMT98398974,,
BMT98398939,,
BMT977798B,,
BMT98398939,,
BMT98398946,,
BMT98398939,,
BMT98398953,,
BMT98398939,,
BMT98398960,,
BMT98398967,,
BMT98398960,,
BMT978141B,,
BMT98399002,,
BMT98399009,,
BMT978141B,,
BMT98399009,,
BMT978162B,,
BMT978162B,,
BMT978169B,,
BMT978169B,,
BMT978225B,,
BMT978225B,,
BMT98399016,,
BMT98399016,,
BMT98399023,,
BMT160233885,,
BMT160233886,,
BMT160233890,,
BMT2239198B,,
BMT160233886,,
BMT160233887,,
BMT160233892,,
BMT2082349B,,
BMT172830310,,
BMT172830312,,
BMT160233884,,
BMT160233885,,
BMT171878944,,
BMT171878942,,
BMT166062027,,
BMT1984881B,,
BMT166062027,,
BMT166062029,,
BMT166062027,,
BMT3026558B,,
BMT1984881B,,
BMT166062028,,
BMT1984895B,,
BMT3026516B,,
BMT166062030,,
BMT98391974,,
BMT166062030,,
BMT166062031,,
BMT98391974,,
BMT3025914B,,
BMT166240513,,
BMT3026110B,,
BMT166240514,,
BMT166240515,,
BMT166240514,,
BMT166240516,,
BMT166062033,,
BMT2371057B,,
BMT166062033,,
BMT3025963B,,
BMT166062033,,
BMT3025977B,,
BMT98392016,,
BMT98392030,,
BMT98392016,,
BMT3025543B,,
BMT98398225,,
BMT3732445B,,
BMT169753255,,
BMT3025606B,,
BMT166062036,,
BMT166062037,,
BMT166062036,,
BMT166062038,,
BMT166062036,,
BMT1984951B,,
BMT1984951B,,
BMT1984958B,,
BMT1984958B,,
BMT98392058,,
BMT98395565,,
BMT3025242B,,
BMT98395565,,
BMT3025410B,,
BMT98398176,,
BMT1984979B,,
BMT98395572,,
BMT3025228B,,
BMT1984979B,,
BMT3025249B,,
BMT1984986B,,
BMT98395586,,
BMT98395586,,
BMT3016163B,,
BMT98395586,,
BMT3016170B,,
BMT1985000B,,
BMT3732452B,,
BMT159534654,,
BMT3016121B,,
BMT172469038,,
BMT172469039,,
BMT98395614,,
BMT3015743B,,
BMT172469039,,
BMT172469040,,
BMT115288210,,
BMT3015694B,,
BMT98398099,,
BMT159038752,,
BMT98398120,,
BMT98398127,,
BMT98398099,,
BMT3015638B,,
BMT159534664,,
BMT159534665,,
BMT159534655,,
BMT159534656,,
BMT159534655,,
BMT3047264B,,
BMT159534665,,
BMT159534666,,
BMT159534665,,
BMT159534667,,
BMT98395649,,
BMT3047173B,,
BMT98398043,,
BMT3047187B,,
BMT159534660,,
BMT159534663,,
BMT159534660,,
BMT3046214B,,
BMT168231686,,
BMT98395691,,
BMT98395691,,
BMT168231687,,
BMT171266165,,
BMT2996794B,,
BMT168231687,,
BMT3046207B,,
BMT168231687,,
BMT168231688,,
BMT168231690,,
BMT168231691,,
BMT98397896,,
BMT1985105B,,
BMT98395705,,
BMT3039578B,,
BMT1985105B,,
BMT3031486B,,
BMT98395719,,
BMT168231692,,
BMT172373648,,
BMT3039466B,,
BMT172373649,,
BMT172373650,,
BMT172373649,,
BMT3039480B,,
BMT168231692,,
BMT98395733,,
BMT168231692,,
BMT168231693,,
BMT98395782,,
BMT3039158B,,
BMT168231693,,
BMT168231694,,
BMT168231693,,
BMT1985147B,,
BMT1985147B,,
BMT98395754,,
BMT168231695,,
BMT168231696,,
BMT1985161B,,
BMT132291042,,
BMT154738178,,
BMT154738180,,
BMT154738178,,
BMT154738181,,
BMT154738181,,
BMT3039228B,,
BMT154738181,,
BMT3039249B,,
BMT154738183,,
BMT154738185,,
BMT154738183,,
BMT154738186,,
BMT154738186,,
BMT154738187,,
BMT154738186,,
BMT98395943,,
BMT154738186,,
BMT154738188,,
BMT98396139,,
BMT98396146,,
BMT98395957,,
BMT154738190,,
BMT98397413,,
BMT3049273B,,
BMT98397420,,
BMT98397427,,
BMT98397420,,
BMT98397434,,
BMT98395985,,
BMT154738192,,
BMT168422646,,
BMT168422647,,
BMT154738192,,
BMT154738193,,
BMT154738192,,
BMT98396006,,
BMT168422648,,
BMT3048902B,,
BMT168422649,,
BMT168422650,,
BMT168422649,,
BMT3049021B,,
BMT168422649,,
BMT168422652,,
BMT168422654,,
BMT3039305B,,
BMT168422654,,
BMT168422656,,
BMT1985280B,,
BMT168422655,,
BMT168422655,,
BMT1985294B,,
BMT168422655,,
BMT3254926B,,
BMT1985294B,,
BMT2367536B,,
BMT168422658,,
BMT168422659,,
BMT168422658,,
BMT3254996B,,
BMT1985315B,,
BMT98396790,,
BMT98397392,,
BMT98397399,,
BMT98396790,,
BMT3255059B,,
BMT171051416,,
BMT171051417,,
BMT172176055,,
BMT172176056,,
BMT1985350B,,
BMT98396860,,
BMT98396860,,
BMT1985364B,,
BMT1985364B,,
BMT98396874,,
BMT171623683,,
BMT3255500B,,
BMT98396874,,
BMT3255850B,,
BMT172176060,,
BMT172176061,,
BMT172176060,,
BMT3255969B,,
BMT171623684,,
BMT171623685,,
BMT171623684,,
BMT171623686,,
BMT171623685,,
BMT171623687,,
BMT171623685,,
BMT1985399B,,
BMT171623685,,
BMT2985545B,,
BMT1985399B,,
BMT3255689B,,
BMT171623688,,
BMT171623690,,
BMT171623688,,
BMT171623691,,
BMT171623691,,
BMT171623692,,
BMT171623691,,
BMT2836809B,,
BMT171623694,,
BMT2836522B,,
BMT171623694,,
BMT2836571B,,
BMT1985427B,,
BMT2836550B,,
BMT172176062,,
BMT172176064,,
BMT172176062,,
BMT3256011B,,
BMT1985441B,,
BMT3256074B,,
BMT167787531,,
BMT167787532,,
BMT167786325,,
BMT3256249B,,
BMT172176066,,
BMT172176067,,
BMT172176067,,
BMT172176070,,
BMT172176067,,
BMT2367571B,,
BMT172176067,,
BMT3256928B,,
BMT1985469B,,
BMT172175876,,
BMT172298539,,
BMT172298540,,
BMT172298539,,
BMT172298541,,
BMT172298540,,
BMT172298544,,
BMT172298540,,
BMT172298545,,
BMT172298544,,
BMT172298566,,
BMT172298546,,
BMT172298548,,
BMT172298546,,
BMT172298549,,
BMT172298548,,
BMT172298550,,
BMT172298548,,
BMT172298551,,
BMT172298550,,
BMT172298560,,
BMT172298550,,
BMT2367564B,,
BMT172298550,,
BMT2469750B,,
BMT172298551,,
BMT2791484B,,
BMT172298551,,
BMT2791526B,,
BMT172298552,,
BMT172298558,,
BMT1985532B,,
BMT3256697B,,
BMT1985539B,,
BMT1985546B,,
BMT1985546B,,
BMT172298553,,
BMT172298553,,
BMT172298554,,
BMT172298553,,
BMT172298555,,
BMT172298553,,
BMT2998292B,,
BMT172298562,,
BMT172298563,,
BMT172298562,,
BMT2469743B,,
BMT172298562,,
BMT172298565,,
BMT172176072,,
BMT1980380B,,
BMT172176072,,
BMT172176074,,
BMT172176074,,
BMT172176075,,
BMT172176074,,
BMT172176076,,
BMT1985581B,,
BMT172176077,,
BMT172176077,,
BMT172176079,,
BMT98396006,,
BMT154738194,,
BMT148824853,,
BMT3048692B,,
BMT1985609B,,
BMT148824854,,
BMT165256160,,
BMT1985623B,,
BMT1985623B,,
BMT165256161,,
BMT165256161,,
BMT165256162,,
BMT165256161,,
BMT165256163,,
BMT152772606,,
BMT98396048,,
BMT152772606,,
BMT3048328B,,
BMT172266441,,
BMT3048370B,,
BMT172266442,,
BMT172266443,,
BMT165256166,,
BMT165256170,,
BMT165256166,,
BMT165256171,,
BMT98397434,,
BMT98397441,,
BMT98397434,,
BMT98397448,,
BMT98396146,,
BMT98396153,,
BMT98396146,,
BMT98396160,,
BMT98396167,,
BMT98396181,,
BMT98396167,,
BMT3049336B,,
BMT98396608,,
BMT1985763B,,
BMT98396195,,
BMT98396223,,
BMT1985763B,,
BMT98396615,,
BMT98396223,,
BMT98396230,,
BMT98396223,,
BMT98396237,,
BMT153793061,,
BMT153793062,,
BMT98396237,,
BMT3049560B,,
BMT160241883,,
BMT160241884,,
BMT162302673,,
BMT162302674,,
BMT98396244,,
BMT98396251,,
BMT162302674,,
BMT3049574B,,
BMT98396251,,
BMT98396258,,
BMT98396251,,
BMT98396265,,
BMT98396258,,
BMT98396272,,
BMT98396258,,
BMT98396279,,
BMT98396279,,
BMT98396286,,
BMT98396279,,
BMT98396293,,
BMT98396293,,
BMT98396300,,
BMT162302675,,
BMT1985861B,,
BMT1985861B,,
BMT3049588B,,
BMT162302677,,
BMT162302680,,
BMT162302677,,
BMT162302681,,
BMT162302680,,
BMT162302682,,
BMT162302680,,
BMT3049595B,,
BMT1985896B,,
BMT162302683,,
BMT162302683,,
BMT162302684,,
BMT162302683,,
BMT162302685,,
BMT162302683,,
BMT3772814B,,
BMT160241887,,
BMT160241889,,
BMT160241887,,
BMT3324674B,,
BMT137586766,,
BMT3048300B,,
BMT160241890,,
BMT152868157,,
BMT152868157,,
BMT160241891,,
BMT164070251,,
BMT164070252,,
BMT164070251,,
BMT3048251B,,
BMT1985980B,,
BMT164070253,,
BMT164070253,,
BMT164070254,,
BMT164070253,,
BMT153314039,,
BMT164070253,,
BMT164070255,,
BMT153314050,,
BMT1986008B,,
BMT153314039,,
BMT164070258,,
BMT1986008B,,
BMT153314051,,
BMT164070258,,
BMT164070259,,
BMT164070258,,
BMT2958889B,,
BMT164070259,,
BMT948181B,,
BMT164070259,,
BMT164070264,,
BMT153314051,,
BMT153314052,,
BMT153314051,,
BMT153314053,,
BMT153314051,,
BMT153314054,,
BMT98396615,,
BMT98396622,,
BMT98396615,,
BMT98396629,,
BMT98396615,,
BMT98396636,,
BMT132291042,,
BMT132291049,,
BMT132291042,,
BMT1986092B,,
BMT1986092B,,
BMT132291056,,
BMT98395789,,
BMT98395796,,
BMT98395789,,
BMT1986106B,,
BMT1986106B,,
BMT98395803,,
BMT98395803,,
BMT3039102B,,
BMT98395803,,
BMT3039137B,,
BMT1986120B,,
BMT98395810,,
BMT98395817,,
BMT98395824,,
BMT98395817,,
BMT3039116B,,
BMT98395824,,
BMT98395838,,
BMT172373651,,
BMT172373652,,
BMT172373651,,
BMT172373653,,
BMT172373654,,
BMT172373656,,
BMT172373654,,
BMT98397546,,
BMT98397546,,
BMT3039508B,,
BMT170938863,,
BMT3515018B,,
BMT98397546,,
BMT3526673B,,
BMT172373659,,
BMT172373661,,
BMT172373659,,
BMT172373662,,
BMT172373659,,
BMT3519575B,,
BMT172373662,,
BMT172373664,,
BMT172373664,,
BMT172373666,,
BMT172373664,,
BMT172373667,,
BMT172373666,,
BMT172373705,,
BMT172373666,,
BMT3039536B,,
BMT172373667,,
BMT172373668,,
BMT172373667,,
BMT172373669,,
BMT1986204B,,
BMT172373670,,
BMT172373674,,
BMT172373676,,
BMT172373678,,
BMT172373680,,
BMT172373678,,
BMT172373681,,
BMT172373678,,
BMT172373682,,
BMT172373678,,
BMT1986267B,,
BMT172373676,,
BMT172373692,,
BMT172373676,,
BMT3039550B,,
BMT153940563,,
BMT172373696,,
BMT172373696,,
BMT172373697,,
BMT172373696,,
BMT172373698,,
BMT172373702,,
BMT172373703,,
BMT172373702,,
BMT172373704,,
BMT172373682,,
BMT172373689,,
BMT1986267B,,
BMT172373683,,
BMT1986274B,,
BMT172373686,,
BMT1986281B,,
BMT172373706,,
BMT98397931,,
BMT3031535B,,
BMT98397910,,
BMT3031780B,,
BMT1986295B,,
BMT98398057,,
BMT1986302B,,
BMT3015981B,,
BMT1986316B,,
BMT98398232,,
BMT1986323B,,
BMT1986330B,,
BMT1986330B,,
BMT1986337B,,
BMT98398281,,
BMT166240862,,
BMT162846879,,
BMT3026425B,,
BMT166240862,,
BMT2227200B,,
BMT166240863,,
BMT166240864,,
BMT166240863,,
BMT166240865,,
BMT166240866,,
BMT2814444B,,
BMT166240866,,
BMT3490035B,,
BMT166240867,,
BMT166240869,,
BMT166240867,,
BMT3026222B,,
BMT166240867,,
BMT3222817B,,
BMT1986393B,,
BMT3027125B,,
BMT167972380,,
BMT3027251B,,
BMT167972380,,
BMT167972382,,
BMT98395523,,
BMT1987660B,,
BMT98392100,,
BMT2169394B,,
BMT1986414B,,
BMT167972381,,
BMT1986414B,,
BMT3027223B,,
BMT167972381,,
BMT167972383,,
BMT167972381,,
BMT3027391B,,
BMT167972383,,
BMT167972385,,
BMT1986435B,,
BMT3028147B,,
BMT167972386,,
BMT167972387,,
BMT167972386,,
BMT167972388,,
BMT167972386,,
BMT3024990B,,
BMT167972388,,
BMT167972392,,
BMT167972388,,
BMT1987639B,,
BMT167972389,,
BMT167972390,,
BMT167972389,,
BMT167972391,,
BMT167972389,,
BMT3023345B,,
BMT162769642,,
BMT98392261,,
BMT98392261,,
BMT162769643,,
BMT98395453,,
BMT3023387B,,
BMT162769643,,
BMT162769644,,
BMT162769643,,
BMT1986491B,,
BMT98395460,,
BMT98395467,,
BMT98395460,,
BMT98395474,,
BMT1986491B,,
BMT98392282,,
BMT166229271,,
BMT166229272,,
BMT98392282,,
BMT98392289,,
BMT98392282,,
BMT3023282B,,
BMT98392401,,
BMT98392408,,
BMT98392401,,
BMT98392415,,
BMT162769645,,
BMT162769646,,
BMT162769645,,
BMT162769647,,
BMT162769647,,
BMT162769648,,
BMT162769647,,
BMT162769649,,
BMT162769650,,
BMT162769652,,
BMT162769650,,
BMT135596708,,
BMT162769652,,
BMT162769653,,
BMT162769652,,
BMT3053935B,,
BMT172829678,,
BMT172829679,,
BMT172829678,,
BMT172829680,,
BMT172829685,,
BMT172829687,,
BMT172829685,,
BMT1986554B,,
BMT1986554B,,
BMT1986561B,,
BMT1986561B,,
BMT98393192,,
BMT98395278,,
BMT98395285,,
BMT98393192,,
BMT3054257B,,
BMT135607572,,
BMT172829689,,
BMT159534473,,
BMT3054327B,,
BMT1986582B,,
BMT159534474,,
BMT135610225,,
BMT135610232,,
BMT135609889,,
BMT3054369B,,
BMT172829691,,
BMT172829692,,
BMT172829691,,
BMT3054502B,,
BMT172829691,,
BMT135612787,,
BMT135610232,,
BMT135610239,,
BMT135610232,,
BMT135610246,,
BMT172829693,,
BMT2371225B,,
BMT172503052,,
BMT172503053,,
BMT172503052,,
BMT3054579B,,
BMT172830293,,
BMT172830294,,
BMT172830293,,
BMT172830295,,
BMT172830295,,
BMT172830296,,
BMT172009538,,
BMT172830301,,
BMT172009553,,
BMT172009554,,
BMT172009538,,
BMT172830298,,
BMT172830301,,
BMT172830303,,
BMT172830301,,
BMT172830304,,
BMT172830304,,
BMT172830305,,
BMT172830304,,
BMT2533709B,,
BMT172830304,,
BMT3055076B,,
BMT166686765,,
BMT166686766,,
BMT98393402,,
BMT172830307,,
BMT172830307,,
BMT172830308,,
BMT172830307,,
BMT172830309,,
BMT172830309,,
BMT172830310,,
BMT172830309,,
BMT172830311,,
BMT98393451,,
BMT172830082,,
BMT171710371,,
BMT171710372,,
BMT172831111,,
BMT172831113,,
BMT172831111,,
BMT3056322B,,
BMT172831114,,
BMT172831115,,
BMT172831114,,
BMT172830627,,
BMT172831116,,
BMT172831117,,
BMT172831116,,
BMT3052514B,,
BMT172831116,,
BMT172831119,,
BMT1986736B,,
BMT172831118,,
BMT172831118,,
BMT172831122,,
BMT171266815,,
BMT171266816,,
BMT171266815,,
BMT98393619,,
BMT172298556,,
BMT9115113B,,
BMT9115113B,,
BMT9115114B,,
BMT9115114B,,
BMT172298557,,
BMT834907B,,
BMT834914B,,
BMT834914B,,
BMT166110287,,
BMT165174964,,
BMT829510B,,
BMT829510B,,
BMT829503B,,
BMT829503B,,
BMT164531793,,
BMT165174971,,
BMT165174972,,
BMT165174972,,
BMT9156900B,,
BMT9156900B,,
BMT9156901B,,
BMT9156901B,,
BMT165174973,,
BMT165174972,,
BMT9156886B,,
BMT9156886B,,
BMT9156887B,,
BMT9156887B,,
BMT9156889B,,
BMT9156889B,,
BMT9156892B,,
BMT9156892B,,
BMT9157224B,,
BMT834963B,,
BMT835747B,,
BMT9157224B,,
BMT165174974,,
BMT165174974,,
BMT9157230B,,
BMT9157230B,,
BMT9157231B,,
BMT9157231B,,
BMT9157232B,,
BMT9157232B,,
BMT165174975,,
BMT172503370,,
BMT172503371,,
BMT172503370,,
BMT172503372,,
BMT834970B,,
BMT834963B,,
BMT834970B,,
BMT834977B,,
BMT834984B,,
BMT834977B,,
BMT834991B,,
BMT834984B,,
BMT169163849,,
BMT834991B,,
BMT835005B,,
BMT169163849,,
BMT835012B,,
BMT835005B,,
BMT835026B,,
BMT835019B,,
BMT835033B,,
BMT835026B,,
BMT835054B,,
BMT835047B,,
BMT835061B,,
BMT835054B,,
BMT835082B,,
BMT835096B,,
BMT835096B,,
BMT835110B,,
BMT835110B,,
BMT835117B,,
BMT835117B,,
BMT172596173,,
BMT9300585B,,
BMT9276411B,,
BMT172831117,,
BMT2836242B,,
BMT172373684,,
BMT3039431B,,
BMT159534475,,
BMT2533653B,,
BMT168231696,,
BMT168231699,,
BMT168231696,,
BMT98395775,,
BMT154738176,,
BMT2184409B,,
BMT2184409B,,
BMT132290804,,
BMT132291035,,
BMT3039172B,,
BMT132290804,,
BMT154738177,,
BMT98395754,,
BMT168231695,,
BMT98397455,,
BMT98397462,,
BMT98397462,,
BMT98397469,,
BMT98397462,,
BMT3479990B,,
BMT157435810,,
BMT157435811,,
BMT2227200B,,
BMT2227207B,,
BMT98393619,,
BMT3046011B,,
BMT169419531,,
BMT169419532,,
BMT171266813,,
BMT171266814,,
BMT171266813,,
BMT2834156B,,
BMT169419533,,
BMT169419535,,
BMT169419533,,
BMT1986778B,,
BMT1986778B,,
BMT3046067B,,
BMT1986785B,,
BMT2834170B,,
BMT171266809,,
BMT162955893,,
BMT171266809,,
BMT3136738B,,
BMT162955893,,
BMT171266807,,
BMT172831123,,
BMT172831124,,
BMT172831123,,
BMT172831125,,
BMT172831125,,
BMT159503811,,
BMT172831129,,
BMT172831130,,
BMT172831129,,
BMT172831131,,
BMT163852731,,
BMT163852732,,
BMT163852731,,
BMT3052199B,,
BMT163852733,,
BMT163852734,,
BMT163852733,,
BMT163852735,,
BMT163852735,,
BMT163852736,,
BMT163852735,,
BMT163852737,,
BMT163852738,,
BMT163852739,,
BMT163852738,,
BMT1986862B,,
BMT1986862B,,
BMT1986869B,,
BMT1986869B,,
BMT3052143B,,
BMT163852740,,
BMT163852741,,
BMT163852740,,
BMT98393850,,
BMT172831131,,
BMT172831132,,
BMT172831131,,
BMT172831133,,
BMT172831132,,
BMT2835934B,,
BMT172831132,,
BMT2836235B,,
BMT172831135,,
BMT172831136,,
BMT172831135,,
BMT172831137,,
BMT172831135,,
BMT172831138,,
BMT172831136,,
BMT172831173,,
BMT172831136,,
BMT172831174,,
BMT172831140,,
BMT172831143,,
BMT172831140,,
BMT172831144,,
BMT159502197,,
BMT3052976B,,
BMT166240027,,
BMT3052997B,,
BMT166240028,,
BMT166240029,,
BMT166240028,,
BMT3053151B,,
BMT98394151,,
BMT172831148,,
BMT167391430,,
BMT167391431,,
BMT172831148,,
BMT172831149,,
BMT172831148,,
BMT3052941B,,
BMT172831150,,
BMT1986967B,,
BMT172831150,,
BMT172831152,,
BMT1986967B,,
BMT3052430B,,
BMT2193705B,,
BMT2193726B,,
BMT2193712B,,
BMT2193705B,,
BMT2193719B,,
BMT2193712B,,
BMT2193726B,,
BMT166110284,,
BMT2236832B,,
BMT2236839B,,
BMT2236839B,,
BMT2236846B,,
BMT831841B,,
BMT831120B,,
BMT164199718,,
BMT831862B,,
BMT831862B,,
BMT831869B,,
BMT831869B,,
BMT831876B,,
BMT831876B,,
BMT831883B,,
BMT831883B,,
BMT164199719,,
BMT98391505,,
BMT164575808,,
BMT164575808,,
BMT164575809,,
BMT833094B,,
BMT167011607,,
BMT152224149,,
BMT830028B,,
BMT152224149,,
BMT833143B,,
BMT152224149,,
BMT152224151,,
BMT152224146,,
BMT152224149,,
BMT833297B,,
BMT1987681B,,
BMT833304B,,
BMT833297B,,
BMT172596173,,
BMT835145B,,
BMT835145B,,
BMT830553B,,
BMT98391624,,
BMT161108900,,
BMT98399051,,
BMT98399058,,
BMT835257B,,
BMT835250B,,
BMT835264B,,
BMT835257B,,
BMT835271B,,
BMT835264B,,
BMT161108897,,
BMT835271B,,
BMT835292B,,
BMT161108897,,
BMT835299B,,
BMT835292B,,
BMT98392723,,
BMT3050841B,,
BMT835495B,,
BMT166119465,,
BMT3498967B,,
BMT167391433,,
BMT167391433,,
BMT167391434,,
BMT167391433,,
BMT9240185B,,
BMT9240185B,,
BMT167391435,,
BMT1986337B,,
BMT168198530,,
BMT168198530,,
BMT169753256,,
BMT168198535,,
BMT9265545B,,
BMT9265545B,,
BMT9265547B,,
BMT9265547B,,
BMT9265550B,,
BMT9265550B,,
BMT9265554B,,
BMT9265554B,,
BMT9265558B,,
BMT9265558B,,
BMT9265559B,,
BMT9265559B,,
BMT9265566B,,
BMT9265566B,,
BMT168198536,,
BMT172469042,,
BMT172469045,,
BMT171051418,,
BMT171051419,,
BMT171683050,,
BMT171683051,,
BMT168422660,,
BMT3255143B,,
BMT168422661,,
BMT168422662,,
BMT171623693,,
BMT171623694,,
BMT98392765,,
BMT98392772,,
BMT171340762,,
BMT3054887B,,
BMT172831167,,
BMT172831169,,
BMT172831167,,
BMT172831170,,
BMT172831170,,
BMT172831171,,
BMT172831170,,
BMT172831172,,
BMT172503059,,
BMT172503061,,
BMT135621019,,
BMT135621026,,
BMT98394354,,
BMT2281184B,,
BMT98392730,,
BMT98392744,,
BMT98392737,,
BMT98392751,,
BMT98392737,,
BMT98392758,,
BMT98392737,,
BMT98392765,,
BMT98392772,,
BMT98392779,,
BMT98392772,,
BMT98392786,,
BMT98392786,,
BMT98392793,,
BMT98392786,,
BMT3047544B,,
BMT1987576B,,
BMT98392856,,
BMT98392856,,
BMT156370966,,
BMT160233883,,
BMT2828451B,,
BMT156370966,,
BMT156370967,,
BMT156370966,,
BMT2265833B,,
BMT156370966,,
BMT2265847B,,
BMT156370901,,
BMT1987611B,,
BMT156370901,,
BMT2830964B,,
BMT1987611B,,
BMT1987618B,,
BMT1987618B,,
BMT156370970,,
BMT98393073,,
BMT98393087,,
BMT98393073,,
BMT2371246B,,
BMT98393073,,
BMT3053438B,,
BMT166229273,,
BMT166229274,,
BMT1987639B,,
BMT167972393,,
BMT1987646B,,
BMT167972394,,
BMT167972397,,
BMT167972398,,
BMT167972397,,
BMT167972399,,
BMT1987660B,,
BMT3028231B,,
BMT167972399,,
BMT167972400,,
BMT167972399,,
BMT167972401,,
BMT167972401,,
BMT167972402,,
BMT167972401,,
BMT167972403,,
BMT1987681B,,
BMT161732147,,
BMT163824139,,
BMT163824140,,
BMT163824139,,
BMT2061916B,,
BMT166240029,,
BMT166240048,,
BMT166240029,,
BMT166240049,,
BMT163852743,,
BMT163852744,,
BMT163852743,,
BMT163852745,,
BMT161731654,,
BMT829650B,,
BMT171884587,,
BMT171884588,,
BMT171884587,,
BMT171884589,,
BMT2174308B,,
BMT162769655,,
BMT162769654,,
BMT98392366,,
BMT162769654,,
BMT2174308B,,
BMT2367536B,,
BMT168422657,,
BMT2367564B,,
BMT172298561,,
BMT2367571B,,
BMT172176071,,
BMT2367578B,,
BMT171878946,,
BMT172503376,,
BMT172503414,,
BMT172503376,,
BMT172503415,,
BMT172503415,,
BMT172503416,,
BMT172503415,,
BMT172503417,,
BMT154738188,,
BMT98395957,,
BMT154738188,,
BMT154738189,,
BMT2958889B,,
BMT164070260,,
BMT164070260,,
BMT164070261,,
BMT135621026,,
BMT3294868B,,
BMT171683037,,
BMT171683038,,
BMT171683037,,
BMT98392534,,
BMT172009554,,
BMT172009555,,
BMT172009554,,
BMT172009556,,
BMT172830298,,
BMT172830300,,
BMT172503403,,
BMT172503404,,
BMT172503403,,
BMT172503405,,
BMT172503405,,
BMT172503406,,
BMT172503405,,
BMT172503407,,
BMT172503406,,
BMT172503408,,
BMT172503406,,
BMT172503409,,
BMT98392394,,
BMT98392401,,
BMT171878941,,
BMT150291374,,
BMT171878941,,
BMT171878943,,
BMT2243818B,,
BMT3656600B,,
BMT2265833B,,
BMT156370968,,
BMT2265847B,,
BMT156370969,,
BMT172373694,,
BMT153940563,,
BMT172373694,,
BMT172373695,,
BMT98394669,,
BMT171701406,,
BMT172134712,,
BMT172134713,,
BMT98398127,,
BMT2312530B,,
BMT2312530B,,
BMT98398134,,
BMT169163844,,
BMT832219B,,
BMT2500942B,,
BMT161108902,,
BMT2533100B,,
BMT166240876,,
BMT2533653B,,
BMT159534478,,
BMT172831137,,
BMT172831139,,
BMT172831137,,
BMT3052626B,,
BMT172830627,,
BMT172831116,,
BMT172830633,,
BMT172830634,,
BMT172830634,,
BMT172830635,,
BMT2533709B,,
BMT2533716B,,
BMT2533716B,,
BMT172830306,,
BMT172503417,,
BMT172503418,,
BMT172831146,,
BMT98394151,,
BMT172831146,,
BMT2533849B,,
BMT2533849B,,
BMT172831147,,
BMT172831143,,
BMT172831167,,
BMT172831143,,
BMT172831168,,
BMT166240032,,
BMT2534066B,,
BMT166240032,,
BMT3053228B,,
BMT2534066B,,
BMT2534073B,,
BMT2534073B,,
BMT166240033,,
BMT166240033,,
BMT166240045,,
BMT166240045,,
BMT2534094B,,
BMT166240045,,
BMT2859384B,,
BMT2534094B,,
BMT166240046,,
BMT171266167,,
BMT171266169,,
BMT171266167,,
BMT156869446,,
BMT171266166,,
BMT171266167,,
BMT2996794B,,
BMT171266166,,
BMT172298538,,
BMT172298539,,
BMT172175876,,
BMT172176068,,
BMT2998292B,,
BMT172298556,,
BMT98394354,,
BMT2281548B,,
BMT2281184B,,
BMT172831175,,
BMT172373698,,
BMT172373699,,
BMT172373698,,
BMT172373700,,
BMT172373683,,
BMT172373684,,
BMT172373683,,
BMT172373685,,
BMT156582184,,
BMT166240871,,
BMT156582192,,
BMT2281394B,,
BMT2281394B,,
BMT156582193,,
BMT156582193,,
BMT156582194,,
BMT156582193,,
BMT156582195,,
BMT156582193,,
BMT3687575B,,
BMT171340763,,
BMT171340764,,
BMT2281534B,,
BMT166240037,,
BMT166240037,,
BMT3154497B,,
BMT2281548B,,
BMT172831176,,
BMT2281597B,,
BMT2281604B,,
BMT2281604B,,
BMT98392667,,
BMT98392667,,
BMT171683056,,
BMT98392702,,
BMT3568414B,,
BMT171683056,,
BMT171683057,,
BMT171884589,,
BMT171884590,,
BMT171884589,,
BMT2300805B,,
BMT2300805B,,
BMT171884591,,
BMT167972393,,
BMT1987646B,,
BMT167972393,,
BMT167972395,,
BMT98396160,,
BMT98396167,,
BMT98396160,,
BMT98396174,,
BMT2549907B,,
BMT159534658,,
BMT172503065,,
BMT98394669,,
BMT172503065,,
BMT2939709B,,
BMT2828451B,,
BMT160233884,,
BMT2828724B,,
BMT1987576B,,
BMT2828731B,,
BMT2828724B,,
BMT2828738B,,
BMT171683041,,
BMT2828745B,,
BMT171683046,,
BMT2828752B,,
BMT3050050B,,
BMT2828759B,,
BMT171683045,,
BMT2828766B,,
BMT2828759B,,
BMT2828857B,,
BMT171683043,,
BMT160233888,,
BMT160233890,,
BMT160233888,,
BMT3154112B,,
BMT160233887,,
BMT160233888,,
BMT2829151B,,
BMT2829158B,,
BMT2829158B,,
BMT2829172B,,
BMT2829172B,,
BMT1987415B,,
BMT2829200B,,
BMT98392555,,
BMT2829207B,,
BMT2829200B,,
BMT2829214B,,
BMT2829207B,,
BMT2829235B,,
BMT2829214B,,
BMT163852732,,
BMT163852749,,
BMT163852732,,
BMT163852750,,
BMT3015638B,,
BMT159038753,,
BMT3015694B,,
BMT3015708B,,
BMT3015708B,,
BMT3047278B,,
BMT3015715B,,
BMT115288210,,
BMT171623695,,
BMT171623699,,
BMT2082349B,,
BMT160233893,,
BMT160233893,,
BMT160233894,,
BMT160233893,,
BMT160233895,,
BMT2169394B,,
BMT167972397,,
BMT2169394B,,
BMT2169380B,,
BMT2239184B,,
BMT160233892,,
BMT2239191B,,
BMT2239184B,,
BMT2239198B,,
BMT2239191B,,
BMT2307021B,,
BMT2307028B,,
BMT2307028B,,
BMT2307049B,,
BMT2307049B,,
BMT166229276,,
BMT165256163,,
BMT152772606,,
BMT165256163,,
BMT165256164,,
BMT168422651,,
BMT168422653,,
BMT168422651,,
BMT3049238B,,
BMT2830964B,,
BMT2831874B,,
BMT2831874B,,
BMT156370971,,
BMT2834121B,,
BMT1986785B,,
BMT2834128B,,
BMT2834121B,,
BMT171266811,,
BMT2834128B,,
BMT171266811,,
BMT171266812,,
BMT2834142B,,
BMT171266811,,
BMT2834156B,,
BMT2834142B,,
BMT2834170B,,
BMT171266809,,
BMT171266807,,
BMT171266808,,
BMT2877801B,,
BMT1987513B,,
BMT2877815B,,
BMT2877801B,,
BMT172134713,,
BMT172134714,,
BMT172134713,,
BMT2929426B,,
BMT2929426B,,
BMT172134715,,
BMT172134715,,
BMT172134716,,
BMT98395558,,
BMT3025361B,,
BMT166062039,,
BMT98392065,,
BMT3023261B,,
BMT162769645,,
BMT3023268B,,
BMT3023261B,,
BMT3023275B,,
BMT3023268B,,
BMT3023282B,,
BMT3023289B,,
BMT3023289B,,
BMT3023275B,,
BMT3023338B,,
BMT3023436B,,
BMT3023345B,,
BMT3023359B,,
BMT3023359B,,
BMT98392219,,
BMT3023387B,,
BMT3023394B,,
BMT3023394B,,
BMT3023338B,,
BMT3023436B,,
BMT98395460,,
BMT3024990B,,
BMT167972389,,
BMT3025228B,,
BMT1984986B,,
BMT3025235B,,
BMT98395572,,
BMT3025242B,,
BMT3025235B,,
BMT3025249B,,
BMT98398183,,
BMT3025361B,,
BMT3025368B,,
BMT3025368B,,
BMT3025375B,,
BMT3025375B,,
BMT3025403B,,
BMT3025382B,,
BMT98395565,,
BMT3025403B,,
BMT3025382B,,
BMT3025410B,,
BMT98395579,,
BMT169163846,,
BMT832170B,,
BMT9215163B,,
BMT169163848,,
BMT169163846,,
BMT9215162B,,
BMT9215162B,,
BMT9215163B,,
BMT172831137,,
BMT172831141,,
BMT172831141,,
BMT172831142,,
BMT166686770,,
BMT166686773,,
BMT166686773,,
BMT166686774,,
BMT172831119,,
BMT172831121,,
BMT171051417,,
BMT9271134B,,
BMT9271134B,,
BMT171051418,,
BMT171266804,,
BMT9301302B,,
BMT9301302B,,
BMT9300585B,,
BMT171701406,,
BMT171320931,,
BMT172503369,,
BMT172503370,,
BMT171340763,,
BMT171340765,,
BMT171340765,,
BMT171340766,,
BMT171340765,,
BMT9354478B,,
BMT9354478B,,
BMT171340767,,
BMT172266443,,
BMT172266445,,
BMT172373671,,
BMT172373673,,
BMT166240869,,
BMT166240872,,
BMT98395285,,
BMT3054152B,,
BMT2051906B,,
BMT172298543,,
BMT154738190,,
BMT154738191,,
BMT154738190,,
BMT3048881B,,
BMT172298541,,
BMT172298542,,
BMT172298541,,
BMT2051906B,,
BMT2371057B,,
BMT3025984B,,
BMT2371225B,,
BMT3054509B,,
BMT2371232B,,
BMT162769657,,
BMT2371246B,,
BMT98393094,,
BMT98396643,,
BMT3048496B,,
BMT159534656,,
BMT2489497B,,
BMT159534656,,
BMT2549907B,,
BMT2489497B,,
BMT2489504B,,
BMT2489504B,,
BMT98395649,,
BMT2814444B,,
BMT166240867,,
BMT2859384B,,
BMT2859391B,,
BMT2859391B,,
BMT2859398B,,
BMT2859398B,,
BMT2859405B,,
BMT2859405B,,
BMT166240047,,
BMT161249582,,
BMT166240032,,
BMT161251404,,
BMT161251405,,
BMT3046011B,,
BMT171266813,,
BMT169419532,,
BMT169419533,,
BMT3046067B,,
BMT169419536,,
BMT3046193B,,
BMT98395705,,
BMT3046200B,,
BMT3046193B,,
BMT3046207B,,
BMT3046200B,,
BMT3046214B,,
BMT98395677,,
BMT3047173B,,
BMT159534659,,
BMT159534659,,
BMT159534660,,
BMT3047187B,,
BMT3047194B,,
BMT3047194B,,
BMT98398050,,
BMT3047264B,,
BMT159534657,,
BMT164070260,,
BMT164070262,,
BMT3050841B,,
BMT98392730,,
BMT3050848B,,
BMT1987520B,,
BMT3050855B,,
BMT171683052,,
BMT172503385,,
BMT172503386,,
BMT3050911B,,
BMT1987163B,,
BMT3050918B,,
BMT172503384,,
BMT3050932B,,
BMT3050946B,,
BMT3050946B,,
BMT3050960B,,
BMT3050960B,,
BMT172503397,,
BMT3050995B,,
BMT172503390,,
BMT3051002B,,
BMT3050995B,,
BMT3051016B,,
BMT172503393,,
BMT3051030B,,
BMT172503421,,
BMT172503374,,
BMT3051030B,,
BMT3051044B,,
BMT172503375,,
BMT3051058B,,
BMT172503378,,
BMT3052143B,,
BMT3052150B,,
BMT3052150B,,
BMT163852740,,
BMT3052199B,,
BMT163852733,,
BMT163852729,,
BMT163852730,,
BMT3052430B,,
BMT172831151,,
BMT3052493B,,
BMT3052521B,,
BMT3052514B,,
BMT3052493B,,
BMT3052521B,,
BMT1986736B,,
BMT3052626B,,
BMT172831140,,
BMT3052941B,,
BMT172831150,,
BMT3052976B,,
BMT3052990B,,
BMT3052990B,,
BMT172831146,,
BMT3052997B,,
BMT3053004B,,
BMT3053004B,,
BMT3053011B,,
BMT3053011B,,
BMT166240028,,
BMT3053151B,,
BMT166240030,,
BMT3053214B,,
BMT161249582,,
BMT3053228B,,
BMT166240034,,
BMT3053277B,,
BMT171683039,,
BMT3053319B,,
BMT2829235B,,
BMT3053326B,,
BMT3053319B,,
BMT171683040,,
BMT3053326B,,
BMT3053389B,,
BMT98393066,,
BMT3053396B,,
BMT98392513,,
BMT3053410B,,
BMT98393080,,
BMT3053438B,,
BMT3053459B,,
BMT3053459B,,
BMT98393101,,
BMT153604307,,
BMT3053641B,,
BMT3053641B,,
BMT1987359B,,
BMT153604308,,
BMT153604309,,
BMT171683032,,
BMT171683033,,
BMT3053935B,,
BMT3053942B,,
BMT3053942B,,
BMT162769654,,
BMT172829677,,
BMT3053991B,,
BMT3053991B,,
BMT3053998B,,
BMT3053998B,,
BMT3054005B,,
BMT3054005B,,
BMT172829678,,
BMT172829680,,
BMT172829681,,
BMT3054152B,,
BMT3054159B,,
BMT3054159B,,
BMT98395292,,
BMT2227207B,,
BMT166240863,,
BMT166229274,,
BMT166229275,,
BMT166229274,,
BMT2307021B,,
BMT166229274,,
BMT166229277,,
BMT2469743B,,
BMT172298564,,
BMT2469750B,,
BMT172298562,,
BMT2791484B,,
BMT172298552,,
BMT2791526B,,
BMT1985532B,,
BMT172298545,,
BMT172298546,,
BMT172298545,,
BMT172298547,,
BMT2835934B,,
BMT172831134,,
BMT172831128,,
BMT172831129,,
BMT163852730,,
BMT163852731,,
BMT2836235B,,
BMT172831135,,
BMT2836242B,,
BMT2836256B,,
BMT2836256B,,
BMT2836263B,,
BMT2836263B,,
BMT172831123,,
BMT2836522B,,
BMT2836529B,,
BMT2836529B,,
BMT171623695,,
BMT2836550B,,
BMT171623696,,
BMT171623696,,
BMT171623697,,
BMT171623696,,
BMT3325199B,,
BMT2836571B,,
BMT1985427B,,
BMT2836809B,,
BMT171623693,,
BMT98393101,,
BMT98393108,,
BMT164070255,,
BMT164070256,,
BMT164070255,,
BMT164070257,,
BMT172503058,,
BMT172503059,,
BMT172503058,,
BMT2881070B,,
BMT2881070B,,
BMT2881077B,,
BMT2881077B,,
BMT2881084B,,
BMT2881084B,,
BMT172503060,,
BMT163852750,,
BMT163852751,,
BMT172829681,,
BMT172829683,,
BMT172503377,,
BMT172503379,,
BMT172503379,,
BMT172503380,,
BMT172503379,,
BMT3325157B,,
BMT3022568B,,
BMT166229273,,
BMT3023044B,,
BMT3023051B,,
BMT3023051B,,
BMT98395334,,
BMT3066136B,,
BMT172503412,,
BMT172831144,,
BMT159502197,,
BMT172831144,,
BMT3066157B,,
BMT3066157B,,
BMT3678321B,,
BMT3255059B,,
BMT168422660,,
BMT3255143B,,
BMT168422661,,
BMT172176057,,
BMT1985350B,,
BMT3255206B,,
BMT172176057,,
BMT172176056,,
BMT3255206B,,
BMT172176056,,
BMT172176058,,
BMT3255500B,,
BMT171623684,,
BMT3255689B,,
BMT3255696B,,
BMT3255696B,,
BMT171623688,,
BMT3255850B,,
BMT172176060,,
BMT172176061,,
BMT172176081,,
BMT3255969B,,
BMT172176062,,
BMT2236846B,,
BMT2236853B,,
BMT2236853B,,
BMT161731657,,
BMT2990214B,,
BMT166062025,,
BMT98392982,,
BMT98392989,,
BMT113779521,,
BMT113779528,,
BMT172830312,,
BMT98393451,,
BMT172830312,,
BMT172830313,,
BMT3039039B,,
BMT1986120B,,
BMT3039074B,,
BMT3039039B,,
BMT3039102B,,
BMT3039074B,,
BMT3039116B,,
BMT98395831,,
BMT3039123B,,
BMT98395817,,
BMT3039137B,,
BMT3039123B,,
BMT3039144B,,
BMT98395789,,
BMT3039151B,,
BMT3039144B,,
BMT3039158B,,
BMT3039151B,,
BMT3039172B,,
BMT1985161B,,
BMT154738177,,
BMT154738178,,
BMT154738177,,
BMT154738179,,
BMT3039228B,,
BMT154738182,,
BMT3039249B,,
BMT3039256B,,
BMT3039256B,,
BMT3039263B,,
BMT3039263B,,
BMT3039270B,,
BMT3039270B,,
BMT154738183,,
BMT3039284B,,
BMT168422654,,
BMT3039305B,,
BMT3039333B,,
BMT3039333B,,
BMT3039347B,,
BMT3039347B,,
BMT3039368B,,
BMT3039368B,,
BMT1985280B,,
BMT3039431B,,
BMT1986274B,,
BMT3039459B,,
BMT172373649,,
BMT3039466B,,
BMT3039459B,,
BMT3039480B,,
BMT3039487B,,
BMT3039487B,,
BMT172373651,,
BMT3039508B,,
BMT172373659,,
BMT3039529B,,
BMT1986281B,,
BMT3039536B,,
BMT3039529B,,
BMT172373669,,
BMT1986204B,,
BMT3039550B,,
BMT172373693,,
BMT3039557B,,
BMT172373701,,
BMT3039564B,,
BMT172373702,,
BMT3039578B,,
BMT98395719,,
BMT3136738B,,
BMT171266810,,
BMT172155936,,
BMT172155937,,
BMT172155936,,
BMT172155938,,
BMT3324674B,,
BMT137586766,,
BMT156869446,,
BMT3432824B,,
BMT3432824B,,
BMT3432831B,,
BMT3432831B,,
BMT3432838B,,
BMT3432838B,,
BMT3432845B,,
BMT3432845B,,
BMT3432852B,,
BMT3432852B,,
BMT3432859B,,
BMT3432859B,,
BMT3432866B,,
BMT3432866B,,
BMT171266170,,
BMT172503418,,
BMT3433013B,,
BMT172503418,,
BMT3433027B,,
BMT3047278B,,
BMT159534655,,
BMT3047544B,,
BMT98392800,,
BMT3047705B,,
BMT98392737,,
BMT3047712B,,
BMT172831162,,
BMT172831160,,
BMT3047712B,,
BMT172831160,,
BMT172831163,,
BMT172831151,,
BMT172831153,,
BMT172831151,,
BMT172831154,,
BMT3047803B,,
BMT172831156,,
BMT3047810B,,
BMT3047803B,,
BMT3048251B,,
BMT1985980B,,
BMT3048300B,,
BMT160241890,,
BMT3048328B,,
BMT165256165,,
BMT165256165,,
BMT165256166,,
BMT165256165,,
BMT3623483B,,
BMT3048370B,,
BMT3048377B,,
BMT3048377B,,
BMT172266442,,
BMT172266443,,
BMT3048405B,,
BMT3048496B,,
BMT3048510B,,
BMT3048510B,,
BMT3048517B,,
BMT3048692B,,
BMT1985609B,,
BMT3048881B,,
BMT98395985,,
BMT168422647,,
BMT168422648,,
BMT3048902B,,
BMT168422649,,
BMT3049021B,,
BMT3049042B,,
BMT3049042B,,
BMT168422651,,
BMT3049238B,,
BMT3039284B,,
BMT3049273B,,
BMT2243818B,,
BMT3049336B,,
BMT3049350B,,
BMT3049350B,,
BMT98396188,,
BMT98396188,,
BMT98396195,,
BMT98396188,,
BMT3623637B,,
BMT160241882,,
BMT3049518B,,
BMT3049518B,,
BMT3049546B,,
BMT3049532B,,
BMT160241883,,
BMT3049539B,,
BMT3049532B,,
BMT3049546B,,
BMT3049539B,,
BMT3049560B,,
BMT3049567B,,
BMT3049567B,,
BMT98396244,,
BMT3049574B,,
BMT3049581B,,
BMT3049581B,,
BMT162302675,,
BMT3049588B,,
BMT162302677,,
BMT3049595B,,
BMT1985896B,,
BMT3050050B,,
BMT1987450B,,
BMT160241884,,
BMT160241885,,
BMT3050113B,,
BMT171683054,,
BMT3050134B,,
BMT171683055,,
BMT3050176B,,
BMT3050183B,,
BMT3050183B,,
BMT3050190B,,
BMT3050190B,,
BMT1987499B,,
BMT3050197B,,
BMT171683050,,
BMT171683050,,
BMT1987478B,,
BMT3286720B,,
BMT166062026,,
BMT3479990B,,
BMT98397476,,
BMT98393850,,
BMT163852743,,
BMT164100927,,
BMT164100928,,
BMT3015743B,,
BMT3015715B,,
BMT3015974B,,
BMT172469044,,
BMT3015981B,,
BMT172469042,,
BMT172469042,,
BMT3016002B,,
BMT3016002B,,
BMT3015974B,,
BMT3016016B,,
BMT1986302B,,
BMT3016030B,,
BMT3016016B,,
BMT3016121B,,
BMT98395614,,
BMT3016128B,,
BMT1985000B,,
BMT3016135B,,
BMT3016128B,,
BMT3016142B,,
BMT3016135B,,
BMT3016149B,,
BMT3016142B,,
BMT3016163B,,
BMT98395593,,
BMT3016170B,,
BMT3016149B,,
BMT3056322B,,
BMT172831114,,
BMT172831119,,
BMT172831120,,
BMT3056336B,,
BMT171710376,,
BMT171710372,,
BMT171710373,,
BMT172830098,,
BMT172830099,,
BMT172830098,,
BMT172830100,,
BMT172831110,,
BMT172831111,,
BMT3154112B,,
BMT3154119B,,
BMT3154119B,,
BMT160233891,,
BMT166240039,,
BMT166240042,,
BMT166240039,,
BMT166240043,,
BMT3254912B,,
BMT168422658,,
BMT3254919B,,
BMT3254912B,,
BMT3254926B,,
BMT3254919B,,
BMT3254996B,,
BMT1985315B,,
BMT3294868B,,
BMT3294875B,,
BMT3294875B,,
BMT135621033,,
BMT3401037B,,
BMT98398211,,
BMT98398211,,
BMT3734062B,,
BMT3401051B,,
BMT3401065B,,
BMT3401065B,,
BMT98398218,,
BMT3490035B,,
BMT166240868,,
BMT3639212B,,
BMT3639226B,,
BMT3639226B,,
BMT162899910,,
BMT3054208B,,
BMT3054215B,,
BMT3054215B,,
BMT3023044B,,
BMT3054257B,,
BMT135607572,,
BMT172829689,,
BMT3054320B,,
BMT3054320B,,
BMT135609889,,
BMT3054327B,,
BMT1986582B,,
BMT3054369B,,
BMT3054376B,,
BMT3054376B,,
BMT172829691,,
BMT3054502B,,
BMT172829693,,
BMT3054509B,,
BMT172829694,,
BMT3054579B,,
BMT172503054,,
BMT3054670B,,
BMT3054663B,,
BMT3054677B,,
BMT1987121B,,
BMT3054747B,,
BMT172134567,,
BMT3054838B,,
BMT172134569,,
BMT3054887B,,
BMT171340763,,
BMT3055076B,,
BMT98393402,,
BMT3055160B,,
BMT3055174B,,
BMT3055174B,,
BMT1987058B,,
BMT166686769,,
BMT166686770,,
BMT166686770,,
BMT166686772,,
BMT3055244B,,
BMT166686776,,
BMT171623699,,
BMT171623700,,
BMT171623699,,
BMT171623701,,
BMT3151557B,,
BMT98397917,,
BMT172176065,,
BMT172176066,,
BMT3256004B,,
BMT1985441B,,
BMT3256011B,,
BMT3256004B,,
BMT3256074B,,
BMT167786325,,
BMT167787533,,
BMT167787534,,
BMT3256249B,,
BMT172176065,,
BMT3256697B,,
BMT1985539B,,
BMT3256921B,,
BMT172176072,,
BMT3256928B,,
BMT3256921B,,
BMT3257026B,,
BMT1985581B,,
BMT3257096B,,
BMT171886772,,
BMT3260211B,,
BMT3260218B,,
BMT3260218B,,
BMT3260225B,,
BMT3260225B,,
BMT163925262,,
BMT163925262,,
BMT1980338B,,
BMT3260281B,,
BMT1980387B,,
BMT160241885,,
BMT160241887,,
BMT160241885,,
BMT3300979B,,
BMT3300979B,,
BMT160241888,,
BMT3451591B,,
BMT172373688,,
BMT172373686,,
BMT172373687,,
BMT172373686,,
BMT3451591B,,
BMT167391431,,
BMT167391432,,
BMT167391431,,
BMT3498960B,,
BMT3498960B,,
BMT3498967B,,
BMT3594853B,,
BMT172373707,,
BMT172373707,,
BMT3594867B,,
BMT3594867B,,
BMT3594874B,,
BMT3594874B,,
BMT172373708,,
BMT172373708,,
BMT3594895B,,
BMT3594895B,,
BMT172373709,,
BMT171878942,,
BMT171878945,,
BMT171878942,,
BMT171878941,,
BMT171878942,,
BMT2367578B,,
BMT150291374,,
BMT171878940,,
BMT150291374,,
BMT171878939,,
BMT163925261,,
BMT3260211B,,
BMT1980338B,,
BMT3260281B,,
BMT171887098,,
BMT171887099,,
BMT171887093,,
BMT171887092,,
BMT171885025,,
BMT3257089B,,
BMT1980387B,,
BMT1980394B,,
BMT1980394B,,
BMT3260393B,,
BMT98395474,,
BMT98395481,,
BMT98395474,,
BMT98395488,,
BMT98395481,,
BMT98395509,,
BMT98395481,,
BMT98395516,,
BMT98392415,,
BMT98392422,,
BMT98392415,,
BMT98392429,,
BMT98392429,,
BMT98392436,,
BMT98392429,,
BMT98392443,,
BMT172373653,,
BMT172373654,,
BMT172373653,,
BMT2842192B,,
BMT2842192B,,
BMT172373655,,
BMT2939709B,,
BMT2939716B,,
BMT2939716B,,
BMT172503066,,
BMT98391960,,
BMT1984895B,,
BMT98398470,,
BMT98398477,,
BMT98398477,,
BMT98398484,,
BMT98398477,,
BMT98398491,,
BMT2985545B,,
BMT171623689,,
BMT162769649,,
BMT2986553B,,
BMT162769649,,
BMT3678328B,,
BMT2986553B,,
BMT162769650,,
BMT172373670,,
BMT172373674,,
BMT172373670,,
BMT172373675,,
BMT3031486B,,
BMT98397903,,
BMT98397903,,
BMT98397910,,
BMT98397903,,
BMT3151557B,,
BMT3031535B,,
BMT98397938,,
BMT3031780B,,
BMT98397924,,
BMT3260393B,,
BMT163925263,,
BMT171884584,,
BMT171884585,,
BMT3261954B,,
BMT171884587,,
BMT171266812,,
BMT3412489B,,
BMT171266812,,
BMT171266819,,
BMT3412489B,,
BMT3412496B,,
BMT3412496B,,
BMT3412503B,,
BMT3412503B,,
BMT3412510B,,
BMT3412510B,,
BMT3412517B,,
BMT3412517B,,
BMT171266818,,
BMT3732445B,,
BMT3025760B,,
BMT3732452B,,
BMT98395600,,
BMT3734062B,,
BMT3401051B,,
BMT3025543B,,
BMT166062036,,
BMT3025606B,,
BMT1986323B,,
BMT3025760B,,
BMT1986316B,,
BMT3025858B,,
BMT166062033,,
BMT3025900B,,
BMT3025858B,,
BMT98391995,,
BMT3025900B,,
BMT3025914B,,
BMT98391995,,
BMT3025963B,,
BMT3025970B,,
BMT3025970B,,
BMT98392016,,
BMT3025977B,,
BMT3026012B,,
BMT3025984B,,
BMT166062034,,
BMT3026005B,,
BMT166062035,,
BMT3026012B,,
BMT3026005B,,
BMT3026110B,,
BMT3026355B,,
BMT3026187B,,
BMT156582184,,
BMT3026222B,,
BMT3026187B,,
BMT3026355B,,
BMT166240514,,
BMT3026425B,,
BMT162846880,,
BMT166062031,,
BMT166062032,,
BMT3026516B,,
BMT166062030,,
BMT3026558B,,
BMT98391960,,
BMT3026782B,,
BMT1986393B,,
BMT3027125B,,
BMT167972380,,
BMT3027223B,,
BMT3027300B,,
BMT3027251B,,
BMT1986414B,,
BMT167972396,,
BMT3027279B,,
BMT3027279B,,
BMT98392100,,
BMT3027391B,,
BMT167972384,,
BMT3028049B,,
BMT3028056B,,
BMT3028056B,,
BMT3028070B,,
BMT3028070B,,
BMT3028091B,,
BMT3028091B,,
BMT3028119B,,
BMT3028119B,,
BMT3028133B,,
BMT3028133B,,
BMT1986435B,,
BMT3028147B,,
BMT164047093,,
BMT164047093,,
BMT167972386,,
BMT3028231B,,
BMT3028245B,,
BMT3028245B,,
BMT3028259B,,
BMT3028259B,,
BMT3028266B,,
BMT3028266B,,
BMT98395530,,
BMT98395530,,
BMT98395537,,
BMT98395362,,
BMT98395369,,
BMT98395369,,
BMT98395376,,
BMT98395369,,
BMT3474215B,,
BMT98395376,,
BMT98395390,,
BMT98395376,,
BMT98395397,,
BMT172831163,,
BMT172831164,,
BMT172831163,,
BMT172831165,,
BMT3222817B,,
BMT166240870,,
BMT172831134,,
BMT172831177,,
BMT172831134,,
BMT172831178,,
BMT3656600B,,
BMT3656607B,,
BMT3656607B,,
BMT98397420,,
BMT3746676B,,
BMT833437B,,
BMT98397938,,
BMT98397945,,
BMT98397938,,
BMT98397952,,
BMT98394802,,
BMT1987156B,,
BMT172155929,,
BMT3128814B,,
BMT3128814B,,
BMT163947888,,
BMT163947888,,
BMT172155930,,
BMT3133581B,,
BMT3133588B,,
BMT3133588B,,
BMT3133595B,,
BMT3133595B,,
BMT3133602B,,
BMT3133602B,,
BMT3133609B,,
BMT3133609B,,
BMT98392814,,
BMT98392814,,
BMT98392821,,
BMT98392821,,
BMT3133630B,,
BMT98392821,,
BMT98392842,,
BMT3133630B,,
BMT3133637B,,
BMT3133637B,,
BMT98392835,,
BMT3325157B,,
BMT172503381,,
BMT172503381,,
BMT172503382,,
BMT172503381,,
BMT172503383,,
BMT3325199B,,
BMT171623698,,
BMT3515018B,,
BMT3515025B,,
BMT3515025B,,
BMT3515032B,,
BMT3515032B,,
BMT170938864,,
BMT170938864,,
BMT170938865,,
BMT170938864,,
BMT170938866,,
BMT3568414B,,
BMT3568421B,,
BMT3568421B,,
BMT98392709,,
BMT3433013B,,
BMT172503419,,
BMT3433027B,,
BMT172503420,,
BMT3474215B,,
BMT3474222B,,
BMT3474222B,,
BMT3474229B,,
BMT3474229B,,
BMT98395383,,
BMT3519547B,,
BMT172373663,,
BMT3519575B,,
BMT3519547B,,
BMT98395488,,
BMT98395495,,
BMT98395488,,
BMT3569352B,,
BMT3569352B,,
BMT98395502,,
BMT3772814B,,
BMT3772821B,,
BMT3772821B,,
BMT162302686,,
BMT164100928,,
BMT164100929,,
BMT164100928,,
BMT164100930,,
BMT3526631B,,
BMT2500942B,,
BMT3526673B,,
BMT172373660,,
BMT3623483B,,
BMT3623490B,,
BMT3623490B,,
BMT165256167,,
BMT165256167,,
BMT165256168,,
BMT165256167,,
BMT165256169,,
BMT3623637B,,
BMT98396202,,
BMT98396202,,
BMT98396209,,
BMT98396202,,
BMT3623658B,,
BMT3623658B,,
BMT3623665B,,
BMT3623665B,,
BMT3623672B,,
BMT3623672B,,
BMT98396216,,
BMT3678321B,,
BMT172831145,,
BMT3678328B,,
BMT162769651,,
BMT156582196,,
BMT156582197,,
BMT3687575B,,
BMT156582196,,
